UNITID,GRRTTOT,GRRTM,GRRTW,GRRTAN,GRRTAP,GRRTAS,GRRTNH,GRRTBK,GRRTHS,GRRTWH,GRRT2M,GRRTUN,GRRTNR,TRRTTOT,GBA4RTT,GBA5RTT,GBA6RTT,GBA6RTM,GBA6RTW,GBA6RTAN,GBA6RTAP,GBA6RTAS,GBA6RTNH,GBA6RTBK,GBA6RTHS,GBA6RTWH,GBA6RT2M,GBA6RTUN,GBA6RTNR,GBATRRT,PGGRRTT,PGBA6RT,SSGRRTT,SSBA6RT,NRGRRTT,NRBA6RT
100654,29,22,33,50,67,50,100,28,38,21,21,43,56,31,15,25,29,22,33,50,67,50,100,28,38,21,21,43,56,31,29,29,30,30,27,27
100663,63,57,66,67,87,87,,55,47,63,55,56,82,20,43,59,62,57,66,67,87,87,,55,47,63,55,56,82,20,54,53,55,55,72,72
100690,40,33,50,,,,,40,,,,,,20,40,40,40,33,50,,,,,40,,,,,,20,40,40,,,,
100706,62,58,68,64,72,74,0,43,62,63,53,,85,20,41,57,62,58,68,64,72,74,0,43,62,63,53,,85,20,49,49,55,55,70,70
100724,30,24,34,0,67,100,0,29,60,38,25,29,71,33,13,25,30,24,34,0,67,100,0,29,60,38,25,29,71,33,28,28,39,39,0,0
100751,74,71,76,74,67,66,83,62,64,76,72,79,73,18,56,71,74,71,76,74,67,66,83,62,64,76,72,79,73,18,59,59,72,72,78,78
100760,24,22,25,,0,0,,25,33,25,17,0,,24,,,,,,,,,,,,,,,,,23,,,,25,
100830,36,27,41,50,31,33,0,34,20,37,30,67,47,29,14,29,36,27,41,50,31,33,0,34,20,37,30,67,47,29,31,31,45,45,40,40
100858,79,76,82,81,77,77,50,68,72,81,76,75,69,13,57,76,79,76,82,81,77,77,50,68,72,81,76,75,69,13,67,67,79,79,82,82
100937,64,53,77,100,50,50,,31,80,71,20,0,,26,56,63,64,53,77,100,50,50,,31,80,71,20,0,,26,48,48,67,67,71,71
101028,36,46,30,,100,100,,29,58,42,11,34,,20,,,,,,,,,,,,,,,,,28,,50,,47,
101116,15,50,0,,,,,13,,33,,0,,,0,0,0,0,0,,,,,0,,0,,0,,,0,0,50,0,50,0
101143,29,33,26,0,,,,27,31,30,23,32,,26,,,,,,,,,,,,,,,,,25,,50,,34,
101161,26,26,27,29,20,20,,22,26,29,26,18,0,24,,,,,,,,,,,,,,,,,24,,,,29,
101189,38,34,41,,50,100,0,24,40,45,38,0,38,36,20,33,37,33,40,,0,,0,24,40,43,38,0,38,36,30,30,44,40,51,50
101240,32,40,26,0,100,100,,25,45,33,32,100,20,11,,,,,,,,,,,,,,,,,30,,,,36,
101277,56,,,,,,,,,,,,,,,,,,,,,,,,,,,,,,84,,100,,0,
101286,27,30,24,,,,,18,35,30,13,30,0,24,,,,,,,,,,,,,,,,,24,,,,30,
101295,48,53,46,29,33,33,,32,52,49,52,33,67,14,,,,,,,,,,,,,,,,,42,,53,,55,
101301,39,45,35,,,,,44,100,21,50,,,8,,,,,,,,,,,,,,,,,42,,,,29,
101365,25,100,14,,,,,29,0,,,,,,0,0,0,,0,,,,,0,,,,,,,29,0,0,,,
101435,47,39,55,,0,0,0,41,33,53,32,25,0,,39,46,47,39,55,,0,0,0,41,33,53,32,25,0,,41,41,51,51,52,52
101453,50,50,,,,,,,,50,,,,,50,50,50,50,,,,,,,,50,,,,,,,,,50,50
101462,11,12,11,,0,0,,7,0,24,,,,8,,,,,,,,,,,,,,,,,4,,,,38,
101471,9,,,,,,,,,,,,,,,,,,,,,,,,,,,,,,21,,,,7,
101480,51,46,55,60,50,60,33,30,40,57,42,0,57,25,32,46,51,46,55,60,50,60,33,30,40,57,42,0,57,25,40,40,50,50,62,62
101505,23,23,24,25,33,35,0,19,18,25,18,,,37,,,,,,,,,,,,,,,,,26,,21,,20,
101514,41,45,38,37,50,46,60,25,41,44,37,44,25,19,,,,,,,,,,,,,,,,,36,,85,,41,
101569,26,31,23,50,50,50,,21,39,40,56,0,0,17,,,,,,,,,,,,,,,,,25,,,,33,
101587,38,33,41,0,50,50,,33,13,47,25,50,,37,20,34,37,33,39,0,50,50,,32,13,45,22,50,,39,34,33,46,42,42,42
101602,43,46,41,0,,,,28,0,51,48,,,15,,,,,,,,,,,,,,,,,100,,,,23,
101648,31,31,34,25,20,21,0,45,17,31,13,,,57,,,,,,,,,,,,,,,,,39,,46,,26,
101675,26,19,34,,,,,24,17,53,50,0,,,16,19,26,19,34,,,,,24,17,53,50,0,,,20,20,80,80,90,90
101693,56,47,61,60,67,67,,31,0,63,44,38,50,,42,52,56,47,61,60,67,67,,31,0,63,44,38,50,,52,52,59,59,,
101709,49,42,54,100,67,67,,36,53,50,60,33,63,29,34,45,49,42,54,100,67,67,,36,53,50,60,33,63,29,48,48,42,42,53,53
101736,33,40,27,40,33,33,,23,31,34,40,50,0,13,,,,,,,,,,,,,,,,,29,,24,,41,
101879,54,47,58,40,44,50,0,37,49,60,57,25,18,29,33,50,54,47,58,40,44,50,0,37,49,60,57,25,18,29,43,43,55,55,67,67
101897,49,44,52,33,80,80,,75,68,46,45,13,,9,,,,,,,,,,,,,,,,,43,,50,,61,
101912,49,36,57,,50,0,100,53,36,,0,28,68,1,31,46,50,37,58,,50,0,100,54,36,,0,29,68,1,37,38,57,58,62,63
101994,55,58,50,,,,,60,,58,0,0,,,,,,,,,,,,,,,,,,,63,,,,47,
102030,23,28,19,50,33,33,,23,0,30,11,19,0,27,,,,,,,,,,,,,,,,,14,,,,44,
102049,80,75,82,100,67,75,0,57,75,81,88,86,67,,72,80,80,75,82,100,67,75,0,57,75,81,88,86,67,,64,64,87,87,81,81
102058,24,30,19,,,,,23,100,0,,,,14,4,11,11,14,8,,,,,12,0,0,,,,16,28,13,0,0,0,0
102067,21,28,16,17,0,0,,13,40,27,5,,100,21,,,,,,,,,,,,,,,,,14,,,,29,
102076,49,55,44,33,67,75,50,33,49,49,50,25,100,17,,,,,,,,,,,,,,,,,43,,50,,55,
102094,53,47,56,56,68,68,75,45,50,55,51,64,55,27,33,47,52,47,55,56,68,68,75,44,49,54,51,64,55,27,46,45,52,51,60,59
102234,56,52,58,100,83,75,100,33,82,62,20,48,64,33,47,54,56,52,58,100,83,75,100,33,82,62,20,48,64,33,44,44,50,50,75,75
102270,41,26,51,100,,,,43,,20,,30,,11,32,41,41,26,51,100,,,,43,,20,,30,,11,43,43,25,25,42,42
102298,65,66,64,,,,,69,29,50,0,33,100,,59,59,65,66,64,,,,,69,29,50,0,33,100,,77,77,0,0,0,0
102313,17,21,12,,,,,14,33,15,0,38,,11,,,,,,,,,,,,,,,,,17,,,,14,
102368,47,40,51,43,50,56,0,33,49,52,59,44,47,28,28,42,46,39,50,43,50,56,0,33,50,51,51,41,47,29,39,37,44,45,56,56
102377,57,50,61,67,100,100,,58,40,75,100,40,,,31,50,57,50,61,67,100,100,,58,40,75,100,40,,,69,69,87,87,16,16
102429,44,48,40,0,100,100,,24,35,46,42,36,,28,,,,,,,,,,,,,,,,,40,,,,47,
102553,29,27,31,9,29,31,15,29,23,35,18,32,42,22,15,24,28,27,30,4,31,33,13,29,20,34,20,24,43,25,21,21,28,23,33,33
102580,100,100,100,,,,,,,100,,,100,,100,100,100,,100,,,,,,,100,,,,,100,100,,,100,
102614,32,30,34,16,45,48,0,8,33,37,24,43,73,19,21,30,33,30,36,14,53,57,0,20,27,36,22,38,67,22,24,25,28,34,37,36
102632,31,25,36,8,25,29,0,0,36,40,30,22,0,18,26,30,33,25,37,0,50,50,,,50,35,43,30,0,23,28,37,29,33,33,31
102669,47,67,42,50,0,0,,,50,53,50,33,,34,19,38,41,50,38,38,0,0,,,50,53,0,33,,34,38,38,78,56,29,29
102711,86,,,,,,,,,,,,,,,,,,,,,,,,,,,,,,100,,100,,82,
102845,58,54,59,46,64,75,64,49,58,62,54,54,50,0,1,1,1,2,0,1,1,0,1,0,0,1,1,1,0,0,56,0,69,1,52,1
103501,65,53,67,50,73,74,50,52,47,78,57,67,,,,,,,,,,,,,,,,,,,66,,75,,60,
103741,75,,,,,,,,,,,,,,,,,,,,,,,,,,,,,,77,,60,,79,
103893,54,62,52,38,45,29,75,29,57,58,56,50,88,1,,,,,,,,,,,,,,,,,55,,85,,50,
103909,53,38,55,52,100,100,,42,51,69,,47,33,1,,,,,,,,,,,,,,,,,52,,80,,49,
103927,62,69,61,43,0,0,,53,63,67,100,50,100,0,,,,,,,,,,,,,,,,,66,,56,,58,
103954,38,,,,,,,,,,,,,8,,,,,,,,,,,,,,,,,36,,0,,100,
103963,51,52,46,47,50,33,100,40,54,56,38,50,,,,,,,,,,,,,,,,,,,48,,88,,51,
104090,49,40,51,45,60,50,100,15,63,42,0,60,,2,33,67,67,100,50,,,,,,100,50,,,,,49,67,50,100,45,50
104151,68,65,70,50,78,79,62,54,61,70,68,50,80,18,55,65,68,65,70,50,78,79,62,54,61,70,68,50,80,18,59,59,63,63,75,75
104160,25,20,30,0,0,0,,14,27,13,0,31,75,3,,,,,,,,,,,,,,,,,28,,0,,19,
104179,66,62,69,33,74,75,71,42,62,70,61,52,66,18,51,62,66,62,69,33,74,75,71,42,62,70,61,52,66,18,58,58,59,59,71,71
104346,23,26,22,29,38,33,50,33,24,20,24,20,50,18,,,,,,,,,,,,,,,,,26,,50,,21,
104391,76,,,,,,,,,,,,,,,,,,,,,,,,,,,,,,100,,100,,36,
104425,30,30,30,33,50,67,0,23,30,29,40,0,33,16,,,,,,,,,,,,,,,,,18,,14,,55,
104443,47,,,,,,,,,,,,,,,,,,,,,,,,,,,,,,44,,,,100,
104568,80,,,,,,,,,,,,,1,,,,,,,,,,,,,,,,,78,,90,,81,
104577,36,34,37,31,50,100,0,15,37,35,20,64,100,8,,,,,,,,,,,,,,,,,34,,,,38,
104586,70,68,76,100,60,65,33,80,60,71,83,73,62,,47,66,70,68,76,100,60,65,33,80,60,71,83,73,62,,61,61,64,64,76,76
104708,14,12,17,6,18,15,60,13,11,19,14,15,15,26,,,,,,,,,,,,,,,,,13,,13,,17,
104717,43,40,45,7,49,50,46,35,41,47,36,39,55,,37,41,43,40,45,7,49,50,46,35,41,47,36,39,55,,37,37,40,40,52,52
105145,20,21,18,0,33,38,0,9,20,19,29,17,,36,,,,,,,,,,,,,,,,,21,,17,,17,
105154,21,22,21,17,35,34,50,16,20,21,26,33,29,21,,,,,,,,,,,,,,,,,16,,17,,25,
105206,30,43,19,0,50,50,,0,37,28,0,50,,13,,,,,,,,,,,,,,,,,28,,50,,32,
105215,69,70,59,43,40,0,100,91,62,70,74,71,,1,,,,,,,,,,,,,,,,,64,,78,,74,
105297,5,0,11,5,,,,,,,,,,18,,,,,,,,,,,,,,,,,6,,,,0,
105330,57,51,60,37,61,62,53,37,54,60,55,61,58,,45,55,57,51,60,37,61,62,53,37,54,60,55,61,58,,50,50,54,54,64,64
105349,8,8,9,11,,,,,0,8,,0,,17,,,,,,,,,,,,,,,,,6,,,,14,
105428,18,14,20,15,40,33,100,25,15,22,50,0,,23,,,,,,,,,,,,,,,,,18,,0,,20,
105525,21,22,21,8,24,24,,18,21,24,15,25,38,18,,,,,,,,,,,,,,,,,16,,23,,27,
105534,73,55,76,38,100,100,,50,75,73,73,52,,0,,,,,,,,,,,,,,,,,71,,88,,74,
105543,59,68,58,56,100,100,100,33,63,47,62,100,,,,,,,,,,,,,,,,,,,62,,67,,47,
105589,36,33,37,0,,,,50,0,45,56,0,,39,30,36,36,33,37,0,,,,50,0,45,56,0,,39,40,40,30,30,33,33
105659,75,75,63,73,79,67,100,63,77,76,67,79,,,,,,,,,,,,,,,,,,,71,,84,,75,
105668,4,4,4,0,0,0,,0,0,10,0,0,,38,,,,,,,,,,,,,,,,,3,,0,,8,
105677,91,,,,,,,,,,,,,,,,,,,,,,,,,,,,,,94,,93,,82,
105747,24,21,26,18,22,19,50,15,20,26,18,40,43,27,,,,,,,,,,,,,,,,,24,,40,,23,
105792,23,22,24,0,50,50,,15,20,36,30,50,0,21,,,,,,,,,,,,,,,,,17,,0,,31,
105899,41,35,50,0,0,0,,8,43,51,20,100,29,8,34,41,41,35,50,0,0,0,,8,43,51,20,100,29,8,29,29,44,44,53,53
106041,63,64,52,67,82,93,71,53,69,71,63,51,,0,,,,,,,,,,,,,,,,,60,,71,,63,
106148,32,31,34,21,40,50,33,13,23,38,38,27,100,20,,,,,,,,,,,,,,,,,25,,13,,43,
106245,41,31,49,,69,69,,36,46,41,43,,53,27,25,37,39,29,47,,67,67,,34,42,39,41,,53,27,39,37,21,16,53,51
106306,8,7,12,,,,,3,0,82,,,0,21,1,1,3,0,12,,,,,3,0,,,,0,23,1,1,0,0,80,75
106315,35,,,,,,,,,,,,,,,,,,,,,,,,,,,,,,55,,,,0,
106324,70,,,,,,,,,,,,,,,,,,,,,,,,,,,,,,100,,100,,22,
106342,56,47,68,100,100,100,100,40,69,53,88,,,,44,54,56,47,68,100,100,100,100,40,69,53,88,,,,61,61,29,29,61,61
106351,50,,,,,,,,,,,,,,,,,,,,,,,,,,,,,,50,,,,,
106397,70,64,75,53,71,73,0,47,66,72,64,65,80,,55,68,70,64,75,53,71,73,0,47,66,72,64,65,80,,58,58,65,65,75,75
106412,40,33,44,50,100,100,,40,33,29,33,,33,25,24,36,40,33,44,50,100,100,,40,33,29,33,,33,25,39,40,28,28,48,48
106449,38,43,35,,50,38,100,7,26,41,41,0,,13,,,,,,,,,,,,,,,,,35,,55,,41,
106458,55,50,59,50,63,63,,45,60,57,40,10,55,26,41,50,53,48,56,50,63,63,,44,50,55,41,10,55,26,45,43,52,50,65,63
106467,49,47,50,15,67,63,100,21,39,53,53,,39,19,32,41,43,41,45,13,43,42,50,19,35,48,46,,35,20,42,35,44,40,61,56
106485,43,43,44,67,,,,25,47,52,35,,50,12,24,31,35,34,36,0,,,,21,33,41,25,,0,12,39,30,52,33,53,46
106494,23,,,,,,,,,,,,,,,,,,,,,,,,,,,,,,23,,,,,
106546,67,,67,,,,,,,67,,,,,,,,,,,,,,,,,,,,,50,,,,100,
106625,34,39,30,,,,,80,21,34,14,43,,11,,,,,,,,,,,,,,,,,26,,38,,46,
106704,53,50,55,29,59,58,100,36,48,58,44,50,63,26,40,51,53,50,55,29,59,58,100,36,48,58,44,50,63,26,39,39,54,53,67,67
106713,35,26,52,25,0,0,0,16,57,46,,0,0,38,32,40,43,29,63,25,0,0,,23,50,52,,,0,33,26,32,38,50,51,54
106795,48,57,39,,100,100,,24,54,55,42,,,,,,,,,,,,,,,,,,,,49,,,,45,
106810,26,19,32,,,,,20,,27,,0,,51,17,33,33,27,37,,,,,33,,33,,,,47,24,27,28,45,29,25
106883,47,47,47,0,0,,0,51,100,45,50,0,,5,,,,,,,,,,,,,,,,,49,,,,38,
106908,51,,,,,,,,,,,,,,,,,,,,,,,,,,,,,,57,,88,,38,
106980,36,33,38,57,58,58,,24,38,37,,9,,11,,,,,,,,,,,,,,,,,34,,21,,42,
106999,56,54,57,,100,100,,33,40,58,43,,100,11,,,,,,,,,,,,,,,,,53,,89,,58,
107044,71,65,75,67,83,83,,49,65,72,63,,90,15,55,69,71,65,75,67,83,83,,49,65,72,63,,90,15,58,58,69,69,77,77
107071,38,33,42,100,33,33,,30,31,41,35,0,100,18,29,37,39,32,45,100,50,50,,31,36,41,38,0,100,17,35,35,22,24,47,47
107080,69,61,77,60,79,79,,47,48,75,58,80,,,62,69,69,61,77,60,79,79,,47,48,75,58,80,,,61,61,70,70,76,76
107099,25,,,,,,,,,,,,,,,,,,,,,,,,,,,,,,29,,,,0,
107141,67,61,72,33,67,67,,40,60,68,61,71,79,20,60,66,67,61,72,33,67,67,,40,60,68,61,71,79,20,59,59,73,73,69,69
107220,69,,,,,,,,,,,,,,,,,,,,,,,,,,,,,,70,,87,,52,
107293,70,,,,,,,,,,,,,,,,,,,,,,,,,,,,,,74,,83,,25,
107318,50,40,57,,,,,46,100,50,,,,18,,,,,,,,,,,,,,,,,46,,,,59,
107327,21,26,16,,,,,17,29,21,40,,,19,,,,,,,,,,,,,,,,,18,,,,27,
107442,29,,,,,,,,,,,,,,,,,,,,,,,,,,,,,,33,,,,20,
107460,29,32,27,100,0,0,,0,25,32,0,22,,17,,,,,,,,,,,,,,,,,27,,8,,35,
107488,73,,,,,,,,,,,,,1,,,,,,,,,,,,,,,,,8,,,,97,
107512,70,63,76,33,100,100,,42,71,74,77,,70,,62,69,70,63,76,33,100,100,,40,70,74,91,,70,,63,64,59,58,79,79
107521,35,47,29,,100,100,,0,0,34,43,,,10,,,,,,,,,,,,,,,,,43,,0,,21,
107549,44,39,46,,,,,50,50,43,,,,,,,,,,,,,,,,,,,,,48,,100,,28,
107558,52,48,55,33,50,50,,57,57,41,60,50,78,24,41,48,52,48,55,33,50,50,,57,57,41,60,50,78,24,45,45,45,45,62,62
107585,47,47,47,,75,100,0,29,55,46,47,100,,6,,,,,,,,,,,,,,,,,47,,40,,47,
107600,32,22,38,,100,,100,31,0,,50,,80,,19,30,32,22,38,,100,,100,31,0,,50,,80,,31,31,38,38,39,39
107619,52,52,51,,,,,40,100,58,50,,,6,,,,,,,,,,,,,,,,,46,,,,73,
107637,18,19,17,,100,100,,9,17,30,,,,10,,,,,,,,,,,,,,,,,15,,0,,29,
107655,14,,,,,,,,,,,,,,,,,,,,,,,,,,,,,,25,,0,,0,
107664,33,31,34,100,33,33,,20,43,39,44,19,13,12,,,,,,,,,,,,,,,,,29,,33,,40,
107725,49,56,47,,,,,36,65,51,0,,,5,,,,,,,,,,,,,,,,,43,,,,64,
107743,60,54,65,67,50,50,,0,64,61,60,50,62,6,,,,,,,,,,,,,,,,,57,,50,,67,
107789,72,,,,,,,,,,,,,,,,,,,,,,,,,,,,,,68,,59,,94,
107831,38,,,,,,,,,,,,,,,,,,,,,,,,,,,,,,40,,,,0,
107840,7,9,5,,,,,8,0,0,,,,,,,,,,,,,,,,,,,,,8,,0,,,
107877,36,24,59,0,,,,13,9,47,14,,20,42,26,34,35,24,56,0,,,,13,9,46,14,,20,42,30,29,39,39,45,42
107974,25,30,21,,,,,21,38,27,0,,0,12,,,,,,,,,,,,,,,,,28,,0,,20,
107983,46,41,51,57,50,44,100,32,48,51,88,,50,30,30,39,41,36,46,43,40,33,100,28,39,45,88,,50,30,42,36,40,38,55,49
107992,61,64,57,,,,,57,70,65,60,,,1,,,,,,,,,,,,,,,,,52,,44,,81,
108065,64,,,,,,,,,,,,,,,,,,,,,,,,,,,,,,75,,,,0,
108092,37,31,42,20,52,52,50,13,32,39,31,,50,9,3,25,36,29,40,21,55,57,0,13,29,38,31,,60,8,34,32,34,30,43,44
108232,40,33,46,33,38,42,0,31,34,38,42,30,56,19,8,26,37,31,42,33,32,35,0,22,32,31,33,27,56,19,29,24,35,27,49,48
108667,34,36,31,0,51,52,0,14,28,20,0,67,57,14,,,,,,,,,,,,,,,,,31,,,,35,
108807,27,26,29,0,38,39,0,25,25,37,43,27,100,3,,,,,,,,,,,,,,,,,26,,,,29,
108852,76,64,91,,,,,75,80,79,0,,100,,,,,,,,,,,,,,,,,,69,,100,,67,
108977,84,,,,,,,,,,,,,,,,,,,,,,,,,,,,,,79,,100,,100,
109040,72,80,71,100,92,92,,43,75,63,69,0,,0,,,,,,,,,,,,,,,,,71,,78,,86,
109208,33,33,32,33,40,42,9,21,25,36,30,44,33,9,,,,,,,,,,,,,,,,,31,,0,,34,
109350,31,29,32,33,47,47,,14,30,33,55,50,50,7,,,,,,,,,,,,,,,,,29,,18,,34,
109651,83,76,87,,92,92,,67,88,67,63,,78,,39,75,83,76,87,,92,92,,67,88,67,63,,78,,92,92,78,78,80,80
109721,92,,,,,,,,,,,,,,,,,,,,,,,,,,,,,,100,,,,28,
109730,84,,,,,,,,,,,,,,,,,,,,,,,,,,,,,,84,,,,,
109785,64,61,66,67,71,75,42,53,57,68,77,89,48,,49,63,64,61,66,67,71,75,42,53,57,68,77,89,48,,55,55,69,69,69,69
109819,23,22,23,17,31,32,0,8,21,32,29,0,42,8,0,0,0,0,,,,,,,0,0,,,,,21,0,,,25,0
109907,33,25,37,50,0,0,0,17,36,37,31,100,,11,,,,,,,,,,,,,,,,,31,,0,,40,
109934,60,69,59,,100,100,,64,58,36,89,,,5,,,,,,,,,,,,,,,,,61,,83,,50,
110060,18,15,27,,18,20,0,20,7,50,,,40,2,8,14,19,15,67,,22,29,0,20,7,50,,,40,3,0,0,0,0,24,27
110097,69,64,71,,72,72,67,47,59,72,72,77,72,,55,67,69,64,71,,72,72,67,47,59,72,72,77,72,,63,63,71,71,72,72
110194,84,,,,,,,,,,,,,,,,,,,,,,,,,,,,,,81,,90,,96,
110219,24,26,22,50,0,0,,14,24,24,29,32,,1,15,15,15,27,0,,0,0,,17,,0,50,20,,5,23,12,63,0,18,50
110246,32,35,30,23,35,36,0,28,29,34,30,42,43,9,,,,,,,,,,,,,,,,,35,,75,,29,
110334,38,36,40,0,58,65,0,0,31,45,41,40,80,11,,,,,,,,,,,,,,,,,37,,100,,39,
110361,60,57,61,33,67,69,57,41,51,71,56,52,46,30,43,57,60,57,61,33,67,69,57,41,51,71,56,52,46,30,53,53,63,63,65,65
110370,63,66,62,100,66,66,,47,64,57,50,67,69,,45,60,63,66,62,100,66,66,,47,64,57,50,67,69,,60,60,68,68,63,63
110404,93,94,93,,92,92,,67,90,96,94,,100,3,79,90,93,94,93,,92,92,,67,90,96,94,,100,3,93,93,100,100,93,93
110413,74,67,79,100,72,70,100,65,70,77,82,92,67,22,66,74,74,67,79,100,72,70,100,65,70,77,82,92,67,22,71,71,70,70,78,78
110422,85,82,88,88,86,86,71,80,80,86,88,85,79,1,61,82,85,82,88,88,86,86,71,80,80,86,88,85,79,1,80,80,84,84,87,87
110468,22,25,20,,50,50,,0,0,,,,25,44,22,22,22,25,20,,50,50,,0,0,,,,25,44,0,0,,,33,33
110486,49,39,56,0,62,62,50,40,49,47,43,56,57,2,28,43,49,39,56,0,62,62,50,40,49,47,43,56,57,2,47,47,49,49,56,56
110495,58,53,61,0,66,65,71,43,57,62,54,63,51,2,26,51,58,53,61,0,66,65,71,43,57,62,54,63,51,2,59,59,53,53,57,57
110510,55,51,57,33,66,67,40,34,54,55,63,70,52,1,24,46,55,51,57,33,66,67,40,34,54,55,63,70,52,1,53,53,58,58,57,57
110529,67,64,70,0,77,77,25,53,61,73,71,72,65,2,29,58,67,64,70,0,77,77,25,53,61,73,71,72,65,2,62,62,69,69,71,71
110538,64,59,68,55,69,68,100,46,59,70,61,60,65,4,33,58,64,59,68,55,69,68,100,46,59,70,61,60,65,4,57,57,67,67,69,69
110547,47,41,50,0,61,61,67,35,48,56,34,54,39,3,18,39,47,41,50,0,61,61,67,35,48,56,34,54,39,3,46,46,52,52,49,49
110556,55,48,59,50,52,52,33,40,53,67,52,61,55,2,25,47,55,48,59,50,52,52,33,40,53,67,52,61,55,2,51,51,59,59,64,64
110565,69,63,73,50,78,78,100,57,65,75,76,67,58,2,36,61,69,63,73,50,78,78,100,57,65,75,76,67,58,2,67,67,72,72,72,72
110574,46,39,49,0,61,61,50,35,42,56,46,46,43,4,18,38,46,39,49,0,61,61,50,35,42,56,46,46,43,4,42,42,42,42,51,51
110583,70,64,74,33,76,76,77,59,67,76,66,63,66,2,38,64,70,64,74,33,76,76,77,59,67,76,66,63,66,2,66,66,70,70,75,75
110592,53,46,58,33,69,69,0,40,51,55,54,37,47,2,21,44,53,46,58,33,69,69,0,40,51,55,54,37,47,2,52,52,46,46,56,56
110608,56,48,63,60,66,66,67,47,52,74,57,59,49,6,25,49,56,48,63,60,66,66,67,47,52,74,57,59,49,6,53,53,65,65,62,62
110617,56,49,61,63,61,61,50,45,54,61,54,48,48,3,26,48,56,49,61,63,61,61,50,45,54,61,54,48,48,3,53,53,56,56,61,61
110635,93,92,94,33,96,96,90,88,87,92,92,96,92,,81,91,93,92,94,33,96,96,90,88,87,92,92,96,92,,88,88,91,91,94,94
110644,85,82,87,90,90,90,83,70,80,86,86,86,84,,69,83,85,82,87,90,90,90,83,70,80,86,86,86,84,,81,81,87,87,87,87
110653,86,83,88,75,91,91,75,78,80,83,89,89,87,8,73,85,86,83,88,75,91,91,75,78,80,83,89,89,87,8,84,84,85,85,88,88
110662,93,90,94,82,97,97,85,86,89,94,91,89,92,3,86,92,93,90,94,82,97,97,85,86,89,94,91,89,92,3,90,90,93,93,94,94
110671,77,74,78,33,83,83,75,75,73,75,75,65,63,13,65,74,77,74,78,33,83,83,75,75,73,75,75,65,63,13,76,76,78,78,77,77
110680,88,86,89,100,93,93,91,86,78,88,89,84,89,,75,86,88,86,89,100,93,93,91,86,78,88,89,84,89,,83,83,89,89,91,91
110705,86,84,87,75,89,89,64,86,79,89,91,89,84,,73,84,86,84,87,75,89,89,64,86,79,89,91,89,84,,82,82,83,83,88,88
110714,74,71,78,0,79,79,71,74,71,73,75,84,76,5,61,72,74,71,78,0,79,79,71,74,71,73,75,84,76,5,70,70,75,75,77,77
110875,83,,,,,,,,,,,,,,,,,,,,,,,,,,,,,,73,,100,,100,
111054,83,,,,,,,,,,,,,,,,,,,,,,,,,,,,,,92,,100,,63,
111081,64,62,66,,70,70,,57,55,55,73,100,80,19,43,62,64,62,66,,70,70,,57,55,55,73,100,80,19,72,72,67,67,58,58
111188,67,71,51,,68,68,,33,58,75,62,67,,4,50,63,67,71,51,,68,68,,33,58,75,62,67,,4,67,67,62,62,69,69
111434,49,48,51,,62,58,100,,41,62,50,,67,12,,,,,,,,,,,,,,,,,51,,,,48,
111461,44,41,47,50,59,59,43,22,39,52,46,67,44,10,,,,,,,,,,,,,,,,,42,,50,,45,
111513,78,,,,,,,,,,,,,,,,,,,,,,,,,,,,,,78,,100,,77,
111638,63,78,53,,62,62,,38,55,85,,,,,,,,,,,,,,,,,,,,,58,,74,,78,
111708,86,,,,,,,,,,,,,,,,,,,,,,,,,,,,,,77,,90,,100,
111717,79,,,,,,,,,,,,,,,,,,,,,,,,,,,,,,71,,100,,100,
111726,90,,,,,,,,,,,,,,,,,,,,,,,,,,,,,,88,,,,95,
111744,66,,,,,,,,,,,,,,,,,,,,,,,,,,,,,,63,,100,,100,
111762,68,,,,,,,,,,,,,,,,,,,,,,,,,,,,,,64,,,,73,
111799,73,,,,,,,,,,,,,,,,,,,,,,,,,,,,,,76,,,,72,
111887,29,27,31,50,51,52,30,31,26,30,35,19,40,10,,,,,,,,,,,,,,,,,29,,0,,29,
111896,26,20,41,0,33,43,20,15,24,38,13,,0,8,,,,,,,,,,,,,,,,,26,,100,,26,
111920,41,39,43,25,53,54,47,24,35,49,42,40,44,10,,,,,,,,,,,,,,,,,47,,,,39,
111939,32,28,35,0,38,37,40,18,29,45,28,38,33,9,,,,,,,,,,,,,,,,,33,,,,31,
111948,80,76,83,,80,81,40,83,83,81,79,79,69,,71,79,80,76,83,,78,79,40,83,84,81,79,79,69,,77,77,80,80,82,81
111966,50,33,54,,,,,38,80,,,33,,,44,50,50,33,54,,,,,38,80,,,33,,,54,54,,,33,33
112075,63,53,68,,76,77,67,50,56,64,70,100,42,,54,62,63,53,68,,76,77,67,50,56,64,70,100,42,,69,69,61,61,59,59
112084,24,19,30,0,33,0,50,0,15,33,50,50,0,45,16,24,24,19,30,0,33,0,50,0,15,33,50,50,0,45,100,100,100,100,5,5
112172,44,42,46,0,70,69,100,19,41,53,57,0,26,8,,,,,,,,,,,,,,,,,45,,,,44,
112181,88,,,,,,,,,,,,,,,,,,,,,,,,,,,,,,97,,,,83,
112190,40,38,42,,55,56,17,24,25,32,35,38,43,8,,,,,,,,,,,,,,,,,48,,100,,36,
112260,95,94,97,,95,95,,92,93,96,96,100,93,,82,94,95,94,97,,95,95,,92,93,96,96,100,93,,97,97,97,97,94,94
112288,49,,,,,,,,,,,,,,,,,,,,,,,,,,,,,,49,,40,,50,
112367,87,,,,,,,,,,,,,,,,,,,,,,,,,,,,,,100,,,,86,
112385,28,25,29,,34,36,0,33,24,29,20,33,0,19,,,,,,,,,,,,,,,,,36,,,,20,
112394,35,25,58,,31,31,,50,50,31,0,75,0,2,27,33,35,25,58,,31,31,,50,50,31,0,75,0,2,33,33,38,38,33,33
112455,58,,,,,,,,,,,,,,,,,,,,,,,,,,,,,,52,,50,,100,
112561,30,38,24,0,67,67,,100,28,30,,0,,8,,,,,,,,,,,,,,,,,32,,,,30,
112570,48,42,54,,50,50,,59,39,55,29,,25,,39,45,47,39,53,,50,50,,59,33,55,17,,25,,52,49,52,52,36,36
112686,32,24,38,,,,,27,35,,0,0,,7,,,,,,,,,,,,,,,,,37,,,,21,
112826,33,30,35,,54,54,,14,29,42,63,17,0,8,,,,,,,,,,,,,,,,,43,,,,29,
113096,33,30,35,100,40,42,28,17,28,34,31,40,33,8,,,,,,,,,,,,,,,,,32,,100,,33,
113111,37,33,39,,51,52,0,29,32,43,28,45,,12,,,,,,,,,,,,,,,,,43,,,,34,
113193,44,45,44,50,53,56,0,38,36,50,37,13,50,15,,,,,,,,,,,,,,,,,37,,,,47,
113218,34,29,38,50,43,67,0,31,31,35,36,33,,8,,,,,,,,,,,,,,,,,32,,,,35,
113236,35,32,38,0,48,48,20,26,30,35,24,27,38,14,,,,,,,,,,,,,,,,,37,,50,,33,
113333,68,67,68,60,79,79,31,52,54,68,64,71,68,7,,,,,,,,,,,,,,,,,71,,58,,67,
113449,85,,,,,,,,,,,,,,,,,,,,,,,,,,,,,,76,,63,,100,
113573,29,27,30,0,41,42,0,16,27,36,42,50,45,4,,,,,,,,,,,,,,,,,32,,,,26,
113582,50,,50,,,,,,,50,,,,,50,50,50,,50,,,,,,,50,,,,,0,0,100,100,,
113634,46,46,45,0,60,60,60,20,39,47,44,36,71,12,,,,,,,,,,,,,,,,,48,,,,45,
113698,76,63,80,,86,86,100,75,75,78,56,40,0,16,61,73,76,63,80,,86,86,100,75,75,78,56,40,0,16,75,75,80,80,74,74
113856,33,30,36,0,66,66,,36,27,59,56,43,70,7,,,,,,,,,,,,,,,,,33,,,,34,
113980,37,32,42,33,59,60,13,24,31,50,47,27,40,10,,,,,,,,,,,,,,,,,34,,50,,39,
114123,65,50,67,100,40,50,0,63,67,68,20,,,1,,,,,,,,,,,,,,,,,65,,56,,68,
114266,43,37,47,,59,59,50,63,33,53,41,26,0,7,,,,,,,,,,,,,,,,,51,,,,37,
114354,67,46,71,0,74,74,67,48,70,68,60,78,60,3,,,,,,,,,,,,,,,,,59,,70,,73,
114433,47,39,56,20,38,50,36,37,45,54,,0,33,19,10,40,40,0,50,,,,,,0,44,,,,10,44,33,40,,51,43
114460,81,,,,,,,,,,,,,,,,,,,,,,,,,,,,,,100,,100,,29,
114637,100,,,,,,,,,,,,,,,,,,,,,,,,,,,,,,,,,,100,
114716,60,58,62,,71,72,50,41,42,64,49,25,72,8,,,,,,,,,,,,,,,,,57,,100,,60,
114761,65,,,,,,,,,,,,,,,,,,,,,,,,,,,,,,38,,,,100,
114789,28,28,28,18,30,30,0,14,29,31,24,32,,5,,,,,,,,,,,,,,,,,28,,0,,29,
114813,56,47,61,50,50,50,,85,46,71,,55,60,39,44,54,56,47,61,50,50,50,,85,46,71,,55,60,39,45,45,57,57,72,72
114859,34,29,38,50,57,58,0,23,29,36,35,18,60,8,,,,,,,,,,,,,,,,,31,,43,,36,
114938,44,42,45,100,60,63,0,75,44,41,27,50,,7,,,,,,,,,,,,,,,,,45,,,,43,
114947,28,,,,,,,,,,,,,,,,,,,,,,,,,,,,,,100,,100,,24,
115001,33,31,35,0,51,51,0,33,23,39,23,23,41,9,,,,,,,,,,,,,,,,,35,,0,,32,
115010,59,61,59,,69,69,,29,64,43,50,,,0,,,,,,,,,,,,,,,,,65,,77,,46,
115126,45,41,48,100,58,58,33,37,33,55,38,41,52,8,,,,,,,,,,,,,,,,,47,,100,,43,
115296,32,30,33,0,37,36,100,22,28,37,26,23,45,9,,,,,,,,,,,,,,,,,34,,100,,30,
115357,80,,,,,,,,,,,,,,,,,,,,,,,,,,,,,,63,,100,,100,
115393,30,30,30,0,35,38,0,0,29,21,33,31,0,5,,,,,,,,,,,,,,,,,31,,,,29,
115409,94,95,92,,100,100,100,92,98,93,91,100,79,5,78,92,94,95,92,,100,100,100,92,98,93,91,100,79,5,97,97,90,90,94,94
115658,86,,,,,,,,,,,,,,,,,,,,,,,,,,,,,,85,,,,100,
115755,47,39,51,42,56,62,25,33,41,55,49,41,50,7,24,41,47,39,51,42,56,62,25,33,41,55,49,41,50,7,38,38,52,52,58,58
115773,50,67,33,,,,,50,67,,,0,,17,100,100,100,100,,,,,,100,,,,,,,40,100,100,,,
115861,46,42,50,,0,0,0,50,46,52,0,43,,5,,,,,,,,,,,,,,,,,46,,,,47,
115931,77,82,68,100,70,80,50,57,78,81,100,77,,,,,,,,,,,,,,,,,,,75,,91,,72,
116226,88,,88,,100,100,,,50,100,,,,,100,100,100,,100,,100,100,,,,100,,,,,100,100,100,100,75,
116439,58,54,61,,67,67,50,31,40,62,56,71,63,10,,,,,,,,,,,,,,,,,55,,,,58,
116563,75,0,82,,67,67,,0,100,100,,,,,,,,,,,,,,,,,,,,,100,,50,,50,
116846,31,0,44,,,,,,,25,,33,,69,31,31,31,0,44,,,,,,,25,,33,,69,33,33,50,50,25,25
117052,42,46,40,50,57,57,,27,41,48,30,67,,8,,,,,,,,,,,,,,,,,40,,,,45,
117104,57,56,57,33,,,,25,53,66,43,100,,5,33,49,51,48,53,33,,,,33,52,59,33,,,3,59,51,21,0,75,80
117140,65,58,71,,62,65,40,55,68,63,81,43,54,,55,63,65,58,71,,62,65,40,55,68,63,81,43,54,,63,63,71,71,60,60
117168,63,68,62,,82,82,,0,78,57,50,,0,,47,60,63,68,62,,82,82,,0,78,57,50,,0,,56,56,65,65,67,67
117195,42,36,48,,20,20,,33,49,44,0,20,0,6,,,,,,,,,,,,,,,,,45,,,,40,
117247,36,35,37,,53,53,50,15,31,42,33,0,38,12,,,,,,,,,,,,,,,,,39,,,,34,
117274,29,25,36,33,0,0,,0,38,32,17,0,50,12,,,,,,,,,,,,,,,,,50,,0,,24,
117283,60,50,64,,,,,,60,,,,,,,,,,,,,,,,,,,,,,,,,,60,
117557,75,67,100,,,,,50,,,,,100,,50,75,75,67,100,,,,,50,,,,,100,,,,,,75,75
117627,68,68,68,50,70,76,29,58,69,63,61,,81,16,4,60,60,60,59,0,64,70,0,52,61,56,36,,73,20,67,63,70,48,69,59
117645,27,27,27,0,36,37,27,19,25,40,25,33,50,10,,,,,,,,,,,,,,,,,25,,50,,29,
117690,36,35,36,,46,49,0,24,36,33,33,67,,9,,,,,,,,,,,,,,,,,44,,,,30,
117706,41,36,46,,55,56,0,31,34,51,44,62,50,11,,,,,,,,,,,,,,,,,46,,,,38,
117715,34,27,36,,0,0,,36,32,0,50,50,,12,,,,,,,,,,,,,,,,,39,,,,29,
117724,27,26,30,,33,33,,32,26,50,25,63,0,9,,,,,,,,,,,,,,,,,32,,,,21,
117733,41,39,43,,53,53,,43,37,50,38,28,67,8,,,,,,,,,,,,,,,,,41,,,,41,
117751,64,59,67,,50,50,,50,61,68,69,33,0,8,44,52,64,59,67,,50,50,,50,61,68,69,33,0,8,71,71,78,78,28,28
117788,24,24,24,0,30,30,,28,22,28,27,17,30,12,,,,,,,,,,,,,,,,,27,,100,,20,
117867,31,28,32,,44,44,,20,30,33,50,40,100,7,,,,,,,,,,,,,,,,,33,,,,29,
117894,39,35,42,,51,53,17,27,34,40,46,56,100,8,,,,,,,,,,,,,,,,,37,,,,40,
117946,80,78,81,,85,85,67,70,85,81,78,,67,,71,79,80,78,81,,85,85,67,70,85,81,78,,67,,77,77,80,80,80,80
117955,75,,,,,,,,,,,,,,,,,,,,,,,,,,,,,,82,,50,,57,
118198,74,74,73,100,73,75,60,54,76,78,74,,,,,,,,,,,,,,,,,,,,59,,80,,85,
118347,36,32,41,,69,69,,14,35,36,38,50,25,17,,,,,,,,,,,,,,,,,42,,,,34,
118684,31,41,23,,33,33,,0,27,37,50,0,,8,,,,,,,,,,,,,,,,,30,,,,32,
118693,51,49,55,100,59,60,57,53,45,44,46,60,64,,31,49,51,49,55,100,59,60,57,53,45,44,46,60,64,,66,66,32,32,45,45
118718,29,29,29,20,40,40,,17,28,34,17,33,50,5,,,,,,,,,,,,,,,,,30,,,,28,
118772,21,19,23,0,13,13,0,28,20,29,13,33,0,19,,,,,,,,,,,,,,,,,30,,,,19,
118912,41,39,43,25,50,55,0,37,38,42,47,71,42,10,96,96,96,92,100,0,100,100,,,100,100,100,,,,35,100,100,100,45,89
118930,53,51,54,,64,65,0,40,38,62,45,33,75,4,,,,,,,,,,,,,,,,,45,,,,56,
118958,60,,,,,,,,,,,,,,,,,,,,,,,,,,,,,,56,,,,64,
118976,26,23,29,9,35,36,27,17,22,32,,0,60,11,0,0,0,0,0,,,,,,0,0,,,,,25,0,,,27,0
118994,45,,,,,,,,,,,,,11,,,,,,,,,,,,,,,,,47,,22,,46,
119067,30,29,31,,17,18,0,0,28,39,40,0,0,14,,,,,,,,,,,,,,,,,32,,,,29,
119137,39,35,42,100,54,54,33,23,36,40,35,71,33,14,,,,,,,,,,,,,,,,,40,,,,39,
119164,39,38,40,100,58,59,29,40,33,41,37,33,48,7,,,,,,,,,,,,,,,,,38,,,,40,
119173,53,44,54,,56,56,,52,54,43,33,56,,34,40,52,55,40,56,,57,57,,53,56,44,33,60,,34,49,50,57,58,67,67
119216,36,35,37,20,47,46,67,34,31,44,41,37,,9,,,,,,,,,,,,,,,,,39,,,,35,
119270,46,42,58,0,54,45,100,27,43,44,21,45,56,,18,41,44,26,67,,75,75,,,0,0,0,,50,,36,25,65,,49,47
119331,32,30,33,0,51,52,0,21,28,29,31,30,0,13,,,,,,,,,,,,,,,,,36,,0,,30,
119553,70,,,,,,,,,,,,,,,,,,,,,,,,,,,,,,72,,84,,52,
119605,50,67,33,,0,0,,100,50,0,,,100,50,60,60,60,67,50,,0,0,,100,100,0,,,100,40,33,33,100,100,50,100
119775,51,40,61,100,33,33,,0,31,60,0,,68,,8,49,51,40,61,100,33,33,,0,31,60,0,,68,,33,33,80,80,57,57
119951,62,,,,,,,,,,,,,,,,,,,,,,,,,,,,,,56,,100,,76,
120069,65,,,,,,,,,,,,,1,,,,,,,,,,,,,,,,,65,,80,,58,
120078,65,62,66,50,76,79,70,40,54,68,69,70,,0,,,,,,,,,,,,,,,,,62,,81,,68,
120087,62,,,,,,,,,,,,,,,,,,,,,,,,,,,,,,63,,43,,66,
120184,32,20,38,,58,65,0,9,36,16,33,0,33,52,32,32,32,20,38,,58,65,0,9,36,16,33,0,33,52,35,35,30,30,24,24
120254,85,81,88,,94,95,50,82,84,84,80,75,89,11,72,83,85,81,88,,94,95,50,82,84,84,80,75,89,11,92,92,86,86,83,83
120290,55,59,51,0,67,68,46,20,35,60,57,71,42,10,,,,,,,,,,,,,,,,,63,,100,,52,
120342,45,45,45,33,59,59,75,15,32,50,47,50,53,13,,,,,,,,,,,,,,,,,47,,20,,45,
120403,61,56,63,50,68,68,,45,50,51,73,53,70,,52,59,61,56,63,50,68,68,,45,50,51,73,53,70,,64,64,58,58,59,59
120421,33,29,36,,33,36,0,29,33,40,18,0,,3,,,,,,,,,,,,,,,,,35,,,,28,
120537,46,36,54,33,29,29,,40,41,61,50,0,,29,46,46,46,36,54,33,29,29,,40,41,61,50,0,,29,36,36,100,100,34,34
120661,71,65,73,67,86,88,67,63,78,86,0,69,,,,,,,,,,,,,,,,,,,70,,86,,63,
120838,100,100,100,,,,,,,,,,100,,100,100,100,100,100,,,,,,,,,,100,,,,,,100,100
120865,51,51,52,50,50,50,,37,52,44,65,47,90,29,39,50,52,51,52,,54,54,,38,50,46,57,50,90,28,45,41,51,45,58,63
120883,68,61,73,60,79,79,100,45,58,64,70,67,55,,45,60,66,60,71,60,74,74,100,45,58,64,67,64,55,,66,64,66,64,70,68
120953,14,9,25,0,,,,0,13,33,,,,6,,,,,,,,,,,,,,,,,25,,,,11,
120971,34,33,35,50,47,50,0,37,29,36,37,35,72,9,,,,,,,,,,,,,,,,,34,,0,,34,
121044,41,40,43,,60,60,25,22,30,45,38,31,56,9,,,,,,,,,,,,,,,,,42,,,,40,
121150,85,80,88,60,87,87,100,89,80,86,89,100,80,,75,84,85,80,88,60,87,87,100,89,80,86,89,100,80,,85,85,87,87,84,84
121257,83,84,82,0,88,87,100,78,87,84,94,75,73,,60,81,83,84,82,0,88,87,100,78,87,84,94,75,73,,94,94,86,86,80,80
121309,74,69,76,67,72,77,25,86,67,76,78,0,67,21,68,73,74,69,76,67,72,77,25,86,67,76,78,0,67,21,66,66,75,75,76,76
121345,93,92,95,50,96,95,100,97,87,94,97,89,96,,71,93,93,92,95,50,96,95,100,97,87,94,97,89,96,,94,94,100,100,93,93
121363,29,31,28,50,50,50,,,29,31,20,,,4,,,,,,,,,,,,,,,,,34,,,,20,
121433,64,,,,,,,,,,,,,,,,,,,,,,,,,,,,,,59,,,,73,
121619,32,28,35,20,56,57,0,53,29,38,18,15,60,7,,,,,,,,,,,,,,,,,34,,0,,29,
121637,78,,,,,,,,,,,,,,,,,,,,,,,,,,,,,,82,,,,70,
121691,71,65,75,50,67,70,33,53,68,79,75,65,39,2,61,69,71,65,75,50,67,70,33,53,68,79,75,65,39,2,69,69,58,58,100,100
121707,25,25,25,20,8,10,0,0,20,31,25,19,,13,,,,,,,,,,,,,,,,,28,,0,,23,
121859,89,,,,,,,,,,,,,,,,,,,,,,,,,,,,,,87,,100,,88,
121868,91,,,,,,,,,,,,,,,,,,,,,,,,,,,,,,90,,89,,93,
121886,27,27,27,0,53,53,,13,25,35,38,25,50,9,,,,,,,,,,,,,,,,,28,,,,25,
121901,32,32,32,0,38,40,10,27,29,42,45,58,60,9,,,,,,,,,,,,,,,,,28,,,,36,
122180,31,34,29,20,43,44,38,22,25,35,36,42,29,10,,,,,,,,,,,,,,,,,31,,14,,32,
122205,42,41,43,100,48,48,40,29,39,42,46,30,48,12,,,,,,,,,,,,,,,,,38,,100,,43,
122339,24,24,25,,25,25,,14,23,37,36,50,,15,,,,,,,,,,,,,,,,,25,,100,,23,
122375,34,29,38,0,52,52,50,17,28,40,29,29,45,13,,,,,,,,,,,,,,,,,31,,57,,36,
122384,48,43,54,,64,65,40,50,33,49,44,13,50,14,,,,,,,,,,,,,,,,,59,,,,45,
122409,78,74,82,81,82,83,75,79,76,79,78,81,73,1,57,75,78,74,82,81,82,83,75,79,76,79,78,81,73,1,74,74,78,78,80,80
122436,82,78,84,,82,82,100,68,79,83,79,86,88,,72,80,82,78,84,,82,82,100,68,79,83,79,86,88,,73,73,80,80,84,84
122506,52,41,67,0,100,100,,17,100,43,67,,63,,46,51,52,41,67,0,100,100,,17,100,43,67,,63,,50,50,46,46,56,56
122597,50,46,52,18,63,63,38,42,45,51,46,54,51,6,27,44,50,46,52,18,63,63,38,42,45,51,46,54,51,6,48,48,49,49,54,54
122612,71,67,74,67,79,81,44,63,71,67,66,83,71,19,64,70,71,67,74,67,79,81,44,63,71,67,66,83,71,19,71,71,73,73,70,70
122658,32,29,35,0,43,43,35,26,27,39,35,0,25,8,,,,,,,,,,,,,,,,,36,,,,30,
122685,34,40,32,0,41,46,25,26,35,36,36,17,,1,,,,,,,,,,,,,,,,,34,,54,,29,
122694,48,50,47,50,63,83,0,27,49,49,33,47,100,1,,,,,,,,,,,,,,,,,48,,61,,43,
122728,61,60,61,60,42,45,0,50,52,66,,50,90,24,46,58,61,60,61,60,42,45,0,50,52,66,,50,90,24,49,49,59,59,75,75
122746,32,25,37,,49,51,0,56,30,34,29,25,9,9,,,,,,,,,,,,,,,,,38,,,,29,
122755,65,61,68,50,75,75,70,44,55,63,66,58,71,5,30,58,65,61,68,50,75,75,70,44,55,63,66,58,71,5,60,60,62,62,69,69
122791,57,55,59,,60,60,56,50,50,63,73,40,47,12,,,,,,,,,,,,,,,,,62,,,,55,
122889,36,30,40,33,47,46,50,39,28,41,38,23,42,17,,,,,,,,,,,,,,,,,35,,19,,36,
122931,88,87,90,100,92,93,75,87,90,87,86,93,92,,83,87,88,87,90,100,92,93,75,87,90,87,86,93,92,,94,94,89,89,88,88
122977,36,33,39,33,44,44,33,20,27,42,32,21,47,16,0,0,0,0,0,,0,0,,,0,0,0,,,,30,0,33,,39,0
123013,34,37,32,33,57,57,,25,25,40,35,50,45,9,,,,,,,,,,,,,,,,,32,,,,35,
123165,87,,87,,97,97,100,86,90,83,92,100,82,,68,84,87,,87,,97,97,100,86,90,83,92,100,82,,85,85,89,89,87,87
123217,33,31,34,50,39,39,,30,33,35,22,28,0,4,,,,,,,,,,,,,,,,,33,,,,32,
123280,33,0,100,,,,,,,33,,,,67,0,0,0,0,,,,,,,,0,,,,100,50,,,,0,0
123299,29,30,28,21,36,42,0,11,27,30,25,62,,12,,,,,,,,,,,,,,,,,26,,20,,34,
123341,38,37,39,20,50,51,29,15,37,38,39,43,50,13,,,,,,,,,,,,,,,,,39,,0,,38,
123350,84,,,,,,,,,,,,,,,,,,,,,,,,,,,,,,86,,,,67,
123457,42,26,52,0,60,60,,0,26,59,50,20,50,,34,42,42,26,52,0,60,60,,0,26,59,50,20,50,,46,46,32,32,44,44
123484,30,26,33,50,,,,20,32,28,20,50,100,16,,,,,,,,,,,,,,,,,29,,0,,32,
123493,68,,,,,,,,,,,,,,,,,,,,,,,,,,,,,,100,,2,,,
123509,41,41,42,,52,53,27,22,32,44,35,43,38,10,,,,,,,,,,,,,,,,,45,,,,40,
123527,22,19,24,50,39,44,0,13,22,25,7,20,0,8,,,,,,,,,,,,,,,,,30,,,,17,
123554,69,65,72,67,71,76,53,54,68,72,67,71,53,24,61,68,69,65,72,67,71,76,53,54,68,72,67,71,53,24,64,64,72,72,71,71
123563,34,31,36,0,48,48,50,24,31,33,30,25,,11,,,,,,,,,,,,,,,,,39,,,,31,
123572,61,55,63,33,56,59,25,48,55,67,66,50,58,7,42,58,61,55,63,33,56,59,25,48,55,67,66,50,58,7,55,55,62,62,64,64
123642,33,0,38,,,,,,33,50,0,,,,,,,,,,,,,,,,,,,,40,,50,,0,
123651,56,50,58,,80,78,83,30,52,65,43,48,60,,52,55,56,50,58,,80,78,83,30,53,65,43,48,60,,49,49,59,59,67,68
123679,80,72,82,64,76,76,80,81,100,79,,82,100,,,,,,,,,,,,,,,,,,80,,79,,81,
123800,31,29,33,,37,39,0,47,30,32,28,18,,9,,,,,,,,,,,,,,,,,31,,50,,32,
123952,70,85,59,,100,100,,,50,60,,,70,,0,63,70,85,59,,100,100,,,50,60,,,70,,100,100,50,50,67,67
123961,92,90,94,71,95,95,88,86,92,91,91,100,92,,77,90,92,90,94,71,95,95,88,86,92,91,91,100,92,,92,92,92,92,92,92
124113,34,35,33,0,38,43,0,0,34,36,40,0,,9,,,,,,,,,,,,,,,,,30,,,,40,
124292,82,76,89,,100,100,100,100,75,83,75,,100,15,80,82,82,76,89,,100,100,100,100,75,83,75,,100,15,81,81,78,78,85,85
124487,0,0,0,0,,,,,,0,,,,,0,0,0,0,,,,,,,,0,,,,,0,,0,0,,
124681,60,,,,,,,,,,,,,2,,,,,,,,,,,,,,,,,58,,78,,86,
124706,73,71,74,75,89,92,83,65,81,71,,69,100,,,,,,,,,,,,,,,,,,74,,76,,61,
124937,76,68,79,100,76,78,63,77,83,82,,74,,,,,,,,,,,,,,,,,,,76,,81,,69,
125028,43,38,46,50,51,55,0,18,41,47,60,27,20,4,,,,,,,,,,,,,,,,,40,,0,,45,
125082,74,,,,,,,,,,,,,,,,,,,,,,,,,,,,,,71,,,,79,
125091,32,29,34,,50,58,0,20,29,45,35,33,100,8,,,,,,,,,,,,,,,,,33,,,,31,
125170,41,42,41,,64,63,100,48,28,45,29,33,39,18,,,,,,,,,,,,,,,,,53,,,,36,
125231,0,,0,,,,,0,,,,,,,0,0,0,,0,,,,,0,,,,,,,0,0,,,,
125310,76,,,,,,,,,,,,,,,,,,,,,,,,,,,,,,74,,100,,100,
125462,42,33,50,,50,0,100,33,43,43,67,0,25,7,,,,,,,,,,,,,,,,,43,,,,40,
125471,21,19,24,,38,42,25,11,25,39,12,26,28,14,,,,,,,,,,,,,,,,,22,,0,,21,
125499,52,47,57,0,70,71,0,53,43,54,60,57,100,11,,,,,,,,,,,,,,,,,53,,,,52,
125532,52,39,53,57,53,67,20,39,49,59,50,57,100,1,,,,,,,,,,,,,,,,,51,,47,,83,
125727,70,75,67,0,77,81,0,78,69,70,77,56,67,,68,70,70,75,67,0,77,81,0,78,69,70,77,56,67,,62,62,74,74,69,69
125763,63,54,71,100,67,69,33,45,67,55,73,,60,27,55,61,63,54,71,100,67,69,33,45,67,55,73,,60,27,59,59,61,61,71,71
125897,55,44,63,0,70,70,,14,55,60,100,,33,,30,50,55,44,63,0,70,70,,14,55,60,100,,33,,55,55,59,59,53,53
126076,20,20,,,,,,,,20,,,0,69,20,20,20,20,,,,,,,,20,,,0,69,16,16,,,23,23
126119,32,34,31,33,33,33,,60,30,29,52,38,,9,,,,,,,,,,,,,,,,,33,,,,31,
126182,32,28,36,13,25,0,33,33,28,42,5,30,,45,16,25,27,26,28,0,25,0,33,30,23,36,5,32,,45,29,23,30,27,37,33
126207,35,38,32,33,43,50,0,0,32,40,0,67,,9,,,,,,,,,,,,,,,,,32,,15,,39,
126289,27,27,27,67,21,25,0,50,19,27,17,35,50,41,,,,,,,,,,,,,,,,,22,,26,,29,
126359,61,50,62,0,50,50,,0,53,69,80,,,14,,,,,,,,,,,,,,,,,45,,40,,69,
126562,47,43,51,67,67,68,33,47,42,45,38,50,63,30,28,44,47,43,51,67,67,68,33,47,42,45,38,50,63,30,46,46,40,40,51,51
126580,45,43,48,29,44,43,50,26,41,48,46,64,69,34,28,42,45,43,48,29,44,43,50,26,41,48,46,64,69,34,37,37,47,47,50,50
126605,69,70,64,100,86,75,100,50,76,68,44,69,,31,,,,,,,,,,,,,,,,,65,,74,,70,
126614,75,72,79,33,80,80,67,60,72,76,74,57,74,15,58,73,75,72,79,33,80,80,67,60,72,76,74,57,74,15,69,69,73,73,77,77
126669,55,51,58,0,71,71,,33,44,58,40,67,,,49,55,56,50,59,0,71,71,,40,45,58,40,67,,,51,51,50,50,59,60
126678,86,85,86,33,88,87,100,77,80,88,82,100,86,9,77,86,86,85,86,33,88,87,100,77,80,88,82,100,86,9,78,78,83,83,88,88
126687,69,66,70,50,68,64,80,56,76,69,100,72,100,,,,,,,,,,,,,,,,,,75,,76,,36,
126711,26,28,23,67,25,33,0,0,25,26,38,7,,26,3,11,14,18,7,,,,,,14,15,0,0,,33,36,36,30,0,20,5
126748,26,24,27,0,,,,17,11,32,20,,67,30,,,,,,,,,,,,,,,,,33,,16,,23,
126775,80,80,80,80,80,80,,58,82,81,71,94,74,15,66,78,80,80,80,80,80,80,,58,82,81,71,94,74,15,73,73,76,76,83,83
126784,82,81,100,100,100,100,,,60,84,,80,,,,,,,,,,,,,,,,,,,70,,84,,100,
126818,67,64,70,52,61,60,75,60,58,70,59,61,62,16,47,64,67,64,70,52,61,60,75,60,58,70,59,61,62,16,57,57,63,63,72,72
126827,18,19,17,0,29,50,0,16,,18,12,18,100,,11,12,13,17,11,0,33,67,0,9,,12,14,16,100,,17,12,35,21,18,17
126863,29,22,34,100,33,33,,21,27,33,7,60,20,24,,,,,,,,,,,,,,,,,29,,31,,27,
126915,96,,,,,,,,,,,,,,,,,,,,,,,,,,,,,,100,,100,,75,
126942,16,12,19,10,22,22,,11,16,14,25,24,16,26,,,,,,,,,,,,,,,,,14,,13,,20,
126951,69,71,54,79,71,73,67,57,69,70,63,79,0,,,,,,,,,,,,,,,,,,66,,79,,72,
127060,78,72,83,67,87,88,50,75,73,79,75,68,82,,69,77,78,72,83,67,87,88,50,75,73,79,75,68,82,,74,74,79,79,79,79
127158,88,,,,,,,,,,,,,,,,,,,,,,,,,,,,,,95,,,,77,
127185,43,40,45,31,44,43,50,0,35,50,43,73,33,32,30,40,43,40,45,31,44,43,50,0,35,50,43,73,33,32,32,32,40,40,52,52
127200,30,29,32,27,44,44,,15,25,33,23,39,15,3,,,,,,,,,,,,,,,,,29,,30,,31,
127316,84,,,,,,,,,,,,,3,,,,,,,,,,,,,,,,,81,,80,,91,
127389,41,32,49,50,0,,0,0,39,48,33,,50,29,,,,,,,,,,,,,,,,,42,,50,,39,
127556,42,37,46,25,31,30,33,16,38,45,32,41,35,27,28,43,47,40,53,100,35,32,50,28,44,50,35,62,38,25,34,41,40,46,48,52
127565,30,27,33,17,31,33,0,19,28,35,21,27,25,30,13,24,30,27,33,17,31,33,0,19,28,35,21,27,25,30,28,28,29,29,32,32
127617,46,52,40,0,,,,100,31,51,67,75,100,13,,,,,,,,,,,,,,,,,44,,0,,51,
127653,46,22,54,,0,,0,50,50,47,67,25,,14,19,43,46,22,54,,0,,0,50,50,47,67,25,,14,47,47,60,60,38,38
127732,54,48,59,0,50,50,,25,48,56,50,50,90,11,,,,,,,,,,,,,,,,,50,,36,,62,
127741,51,44,55,43,60,62,40,37,46,56,40,27,33,33,37,49,51,44,55,43,60,62,40,37,46,56,40,27,33,33,46,46,53,53,56,56
127778,37,42,32,0,0,0,,29,32,45,57,,50,37,,,,,,,,,,,,,,,,,37,,55,,34,
127820,23,22,23,0,24,21,38,7,17,29,22,15,11,25,,,,,,,,,,,,,,,,,21,,26,,26,
127884,37,40,35,33,43,40,50,25,39,36,13,60,0,17,,,,,,,,,,,,,,,,,36,,50,,37,
127909,37,39,34,100,20,20,,55,25,41,52,42,25,16,,,,,,,,,,,,,,,,,23,,25,,46,
127918,61,61,61,100,66,66,,33,55,66,62,47,75,,51,60,61,61,61,100,67,67,,33,54,66,60,47,75,,53,53,55,55,70,69
127945,37,37,36,33,50,50,,0,42,35,100,25,,29,24,35,37,37,36,33,50,50,,0,42,35,100,25,,29,24,24,57,57,47,47
127954,92,,92,,,,,100,86,100,,,,,,,,,,,,,,,,,,,,,86,,100,,100,
128106,38,31,45,0,36,43,25,35,36,43,23,27,36,36,22,34,38,31,45,0,36,43,25,35,36,43,23,27,36,36,30,30,44,44,46,46
128151,58,50,67,100,81,80,100,62,52,60,50,67,71,,,,,,,,,,,,,,,,,,84,,,,52,
128179,45,45,43,50,57,57,,28,35,50,,25,,,,,,,,,,,,,,,,,,,43,,60,,44,
128188,55,52,56,49,88,80,100,24,51,59,100,67,,,,,,,,,,,,,,,,,,,53,,74,,50,
128258,56,52,61,100,,,,30,50,61,67,69,69,6,,,,,,,,,,,,,,,,,48,,77,,65,
128328,88,87,91,80,88,90,78,77,87,90,85,89,100,,86,88,88,87,91,80,88,90,78,77,87,90,85,89,100,,,,,,88,88
128337,70,,,,,,,,,,,,,,,,,,,,,,,,,,,,,,71,,100,,50,
128391,51,43,62,0,33,50,0,30,34,56,40,50,0,,32,46,51,43,62,0,33,50,0,30,34,56,40,50,0,,44,44,56,56,53,53
128498,46,41,49,100,100,100,,33,38,54,67,43,,,38,46,46,41,49,100,100,100,,32,40,53,67,43,,,38,37,69,69,50,50
128586,57,57,,,,,,,,57,,,,29,0,0,0,0,,,,,,,,0,,,,29,75,0,,,33,0
128744,48,44,50,0,71,71,,44,38,68,100,,47,31,36,44,46,44,47,0,71,71,,42,37,63,100,,47,31,41,39,62,60,56,54
128771,49,47,51,0,61,61,,36,40,54,46,60,42,28,28,43,49,47,51,0,61,61,,36,40,54,46,60,42,28,42,42,52,52,55,55
128896,77,,,,,,,,,,,,,,,,,,,,,,,,,,,,,,82,,100,,0,
128902,84,78,87,,75,75,,81,68,87,95,100,66,15,76,83,84,78,87,,75,75,,81,68,87,95,100,66,15,78,78,89,89,83,83
129002,43,,,,,,,,,,,,,,,,,,,,,,,,,,,,,,41,,100,,33,
129020,84,80,87,100,87,87,67,73,81,87,79,90,77,8,76,83,84,80,87,100,88,88,67,73,81,87,79,90,77,8,79,79,86,86,84,84
129154,58,60,58,,,,,25,40,71,,100,,,,,,,,,,,,,,,,,,,52,,78,,50,
129181,60,60,64,50,83,83,,49,60,68,64,57,,,,,,,,,,,,,,,,,,,54,,75,,67,
129215,58,53,61,,71,75,0,53,50,59,47,78,71,,47,55,58,52,61,,71,75,0,53,50,59,47,78,71,,52,52,53,53,67,67
129242,84,81,86,100,85,85,,88,82,85,76,78,76,13,81,83,84,81,86,100,85,85,,88,82,85,76,78,76,13,83,83,82,82,85,85
129349,66,,,,,,,,,,,,,,,,,,,,,,,,,,,,,,61,,75,,69,
129367,19,19,19,10,24,24,0,11,14,24,19,19,17,13,,,,,,,,,,,,,,,,,15,,20,,22,
129482,56,36,58,100,100,100,,55,52,68,41,100,,,,,,,,,,,,,,,,,,,54,,68,,77,
129525,58,54,62,0,62,62,,42,49,67,53,52,53,29,53,60,61,57,65,,64,64,,44,52,69,54,51,54,28,46,49,64,66,67,69
129534,100,100,100,100,,,,,,100,,,100,,20,20,40,0,100,100,,,,,,33,,,0,,100,100,100,100,100,0
129774,44,40,50,,33,33,,38,39,49,67,0,,39,39,43,44,40,51,,33,33,,36,39,49,67,0,,40,44,44,34,34,50,51
129923,54,68,43,,67,80,0,43,48,70,40,58,,,,,,,,,,,,,,,,,,,49,,75,,67,
129932,70,,,,,,,,,,,,,,,,,,,,,,,,,,,,,,67,,91,,,
129941,59,57,61,56,66,67,0,46,50,65,100,49,55,,50,59,59,57,61,56,66,67,0,46,50,65,100,49,55,,51,51,63,63,63,62
130110,57,67,50,,0,0,,,,67,,,,,57,57,57,67,50,,0,0,,,,67,,,,,50,50,33,33,100,100
130174,49,,,,,,,,,,,,,,,,,,,,,,,,,,,,,,53,,100,,23,
130183,35,30,41,0,0,0,,21,33,32,54,35,38,,29,33,35,30,40,0,0,0,,19,30,34,52,36,38,,26,25,35,35,51,50
130226,77,74,79,100,77,77,,60,67,80,78,74,52,17,73,77,77,74,79,100,77,77,,60,67,80,78,74,52,17,67,67,79,79,80,80
130253,74,68,78,100,70,75,33,68,67,77,65,71,70,,68,74,74,68,78,100,70,75,33,68,67,77,65,71,70,,67,67,74,74,77,77
130314,70,,70,50,86,86,,57,64,71,67,78,,26,57,70,70,,70,50,86,86,,57,64,71,67,78,,26,67,67,78,78,66,66
130493,48,40,53,40,53,53,,39,39,55,35,43,100,30,30,44,48,40,53,40,53,53,,39,39,55,35,43,100,30,41,41,50,50,54,54
130590,83,79,86,100,86,86,,89,84,83,76,100,77,9,78,82,83,79,86,100,86,86,,89,84,83,76,100,77,9,87,87,86,86,81,81
130624,88,86,92,100,76,75,100,94,89,89,96,0,60,,83,87,88,86,92,100,76,75,100,94,89,89,96,0,60,,,,,,88,88
130697,92,91,92,0,92,92,,94,94,90,90,92,94,5,81,91,92,91,92,0,92,92,,94,94,90,90,92,94,5,90,90,90,90,92,92
130776,50,43,58,,50,50,,41,43,54,75,48,100,29,33,46,50,43,58,,50,50,,40,43,53,75,48,100,29,47,47,51,51,54,53
130794,96,96,96,100,98,98,,97,95,95,97,100,97,,66,94,96,96,96,100,98,98,,97,95,95,97,100,97,,93,93,95,95,97,97
130873,69,,,,,,,,,,,,,,,,,,,,,,,,,,,,,,75,,84,,63,
130907,19,20,19,20,20,17,50,11,18,23,14,23,42,4,,,,,,,,,,,,,,,,,16,,12,,26,
130934,39,31,42,100,100,100,100,36,34,42,43,0,71,10,28,37,39,31,42,100,100,100,100,36,34,42,43,0,71,10,35,35,36,36,59,59
130943,79,72,84,33,83,83,0,71,76,81,69,72,75,,72,79,81,74,85,33,84,84,,74,78,82,72,73,75,,66,69,81,81,81,83
130989,59,50,66,,100,100,,52,50,66,60,,46,13,48,57,57,49,64,,100,100,,44,48,68,60,,46,14,49,45,64,63,69,69
131061,44,,,,,,,,,,,,,,,,,,,,,,,,,,,,,,44,,43,,45,
131113,23,17,28,50,0,,0,14,20,32,7,0,25,25,12,19,23,18,28,50,0,,0,15,21,32,7,0,25,25,23,23,37,37,20,21
131159,78,75,81,50,78,77,100,78,76,81,71,81,68,,72,78,78,75,81,50,78,77,100,78,76,81,71,81,68,,78,78,83,83,76,76
131283,81,76,85,,71,71,,74,72,86,73,75,63,,75,80,81,76,85,,71,71,,74,72,86,73,75,63,,76,76,78,78,84,84
131399,26,27,26,0,25,25,,19,42,67,14,17,42,18,23,35,40,37,42,0,0,0,,34,49,83,20,25,58,17,17,26,42,64,35,47
131450,47,36,53,25,64,67,50,31,43,54,36,37,71,15,17,40,47,36,53,25,64,67,50,31,43,54,36,37,71,15,39,39,68,68,59,59
131469,85,82,87,100,86,86,100,82,82,86,87,85,85,,79,85,85,82,87,100,86,86,100,82,82,86,87,85,85,,83,83,86,86,85,85
131496,94,93,95,,94,94,100,91,94,95,92,97,95,,87,93,94,93,95,,94,94,100,91,94,95,92,97,95,,92,92,95,95,95,95
131520,69,63,71,,76,63,89,68,67,56,,,88,22,60,67,69,63,71,,76,63,89,68,67,56,,,88,22,63,63,64,64,79,79
131803,0,0,,,,,,,,,,,0,,0,0,0,0,,,,,,,,,,,0,,,,,,0,0
131830,50,0,100,,,,,,,,0,,100,,,,,,,,,,,,,,,,,,100,,,,0,
131876,44,,44,0,50,50,,29,61,0,0,50,100,23,35,43,44,,44,0,50,50,,29,61,0,0,50,100,23,35,35,40,40,68,68
132374,56,53,59,,63,61,100,55,57,57,44,,,,,,,,,,,,,,,,,,,,56,,,,56,
132408,69,60,79,,,,,50,,77,,25,,,45,50,53,53,53,,,,,50,,57,,25,,,56,58,75,75,100,30
132471,37,31,39,0,31,27,50,32,43,30,25,0,51,41,18,33,37,31,39,0,31,27,50,32,43,30,25,0,51,41,34,34,34,34,44,44
132602,28,24,30,0,0,0,,28,23,75,21,27,100,13,14,24,28,24,30,0,0,0,,28,23,75,21,27,100,13,28,28,33,33,17,17
132657,53,48,57,0,88,88,,53,54,51,40,50,59,12,45,51,53,48,57,0,88,88,,53,54,51,40,50,59,12,58,58,53,53,51,51
132675,82,,,,,,,,,,,,,,,,,,,,,,,,,,,,,,100,,,,73,
132693,51,48,55,25,58,58,50,38,49,56,38,40,29,16,,,,,,,,,,,,,,,,,46,,51,,56,
132709,36,30,41,0,47,48,43,33,36,37,43,33,41,21,,,,,,,,,,,,,,,,,35,,39,,39,
132842,60,0,64,,,,,50,63,,,33,100,,60,60,60,0,64,,,,,50,63,,,33,100,,58,58,,,67,67
132851,44,43,45,50,65,65,,33,40,47,33,57,54,17,,,,,,,,,,,,,,,,,40,,41,,50,
132879,24,21,29,,,,,10,36,27,0,0,,22,7,24,24,21,29,,,,,10,36,27,0,0,,22,20,20,,,33,33
132903,75,71,79,22,81,81,80,73,74,76,71,62,65,10,50,70,75,71,79,22,81,81,80,73,74,76,71,62,65,10,72,72,71,71,78,78
132976,72,,,,,,,,,,,,,,,,,,,,,,,,,,,,,,73,,,,72,
133021,61,55,66,25,83,100,50,54,50,64,50,83,50,20,,,,,,,,,,,,,,,,,55,,,,67,
133155,99,,,,,,,,,,,,,,,,,,,,,,,,,,,,,,100,,,,94,
133386,41,36,46,33,56,54,100,26,38,46,41,38,50,15,,,,,,,,,,,,,,,,,39,,,,43,
133465,21,100,15,,,,,50,17,0,,,,,0,10,10,,10,,,,,33,0,0,,,,,27,13,0,0,0,
133492,68,70,67,50,53,53,,79,73,67,72,50,82,,58,66,68,70,67,50,53,53,,79,73,67,72,50,82,,66,66,64,64,71,71
133508,39,33,42,50,46,48,33,35,38,39,39,40,45,22,,,,,,,,,,,,,,,,,37,,41,,41,
133526,28,26,30,,100,100,,28,20,10,0,86,,29,15,26,28,26,30,,100,100,,28,20,10,0,86,,29,23,23,38,38,73,73
133553,67,65,75,67,65,67,40,53,58,73,71,53,57,,39,63,68,66,74,100,66,67,50,53,59,73,73,55,58,,61,61,69,69,71,71
133650,52,42,58,,33,33,,53,47,24,51,,11,23,27,47,52,42,58,,33,33,,53,47,24,51,,11,23,50,50,58,58,55,55
133669,64,58,69,67,73,73,100,64,66,63,59,66,66,24,50,62,64,58,69,67,73,73,100,64,66,63,59,66,66,24,66,66,62,62,64,64
133702,32,30,35,0,40,41,0,21,30,38,29,62,17,21,,,,,,,,,,,,,,,,,30,,28,,35,
133711,56,50,58,0,80,80,,31,40,60,43,61,62,,48,55,56,50,58,0,80,80,,31,40,60,43,61,62,,55,55,52,52,59,59
133809,51,44,57,0,0,,0,25,28,61,17,0,,,46,48,48,55,41,0,0,,0,33,30,55,0,0,,,38,31,58,63,57,53
133845,49,45,49,0,80,100,0,43,50,66,33,48,,,,,,,,,,,,,,,,,,,49,,60,,30,
133854,63,48,66,100,50,50,,62,0,50,,65,,,,,,,,,,,,,,,,,,,63,,75,,56,
133863,65,61,65,100,75,67,100,61,71,61,50,66,,,,,,,,,,,,,,,,,,,64,,85,,30,
133872,36,42,34,0,25,25,,37,26,64,0,,,55,34,34,34,40,33,0,25,25,,35,24,62,,,,59,30,29,30,38,56,50
133881,65,62,74,25,63,68,25,54,56,66,73,62,75,,48,63,65,62,74,25,63,68,25,54,56,66,73,62,75,,61,61,63,63,68,68
133951,74,70,77,100,85,86,50,69,76,67,55,25,65,14,59,70,74,70,77,100,85,86,50,69,76,67,55,25,65,14,74,74,72,72,74,74
133960,41,40,42,,100,100,100,44,50,33,60,50,0,23,,,,,,,,,,,,,,,,,48,,67,,33,
133979,30,29,31,,,,,28,26,33,50,8,71,13,9,22,28,26,28,,,,,26,26,33,50,8,62,13,14,14,,,70,61
133997,46,50,43,100,0,0,,48,45,80,0,45,,3,,,,,,,,,,,,,,,,,44,,73,,80,
134024,77,,,,,,,,,,,,,5,,,,,,,,,,,,,,,,,70,,89,,92,
134079,69,66,71,70,86,86,,41,59,73,0,58,67,,64,69,69,66,71,70,86,86,,41,59,73,0,58,67,,62,62,76,76,70,70
134097,83,80,85,100,79,79,75,80,82,84,81,78,74,6,73,82,83,80,85,100,79,79,75,80,82,84,81,78,74,6,80,80,82,82,84,84
134130,92,89,93,75,94,94,100,83,91,93,90,92,85,5,76,90,91,89,93,75,94,94,100,83,91,92,89,92,85,5,88,87,89,89,93,93
134228,94,,,,,,,,,,,,,,,,,,,,,,,,,,,,,,100,,,,0,
134237,50,47,59,45,74,77,46,38,57,53,43,48,100,2,50,50,50,47,59,43,75,78,50,39,57,53,43,48,100,1,48,48,62,62,49,48
134291,51,50,54,0,25,0,100,45,59,53,54,,,,,,,,,,,,,,,,,,,,62,,,,49,
134307,27,,,,,,,,,,,,,2,,,,,,,,,,,,,,,,,33,,,,8,
134343,45,39,50,20,55,55,,39,51,45,45,37,50,18,,,,,,,,,,,,,,,,,39,,50,,50,
134422,100,,100,,,,,100,,100,,,,,,,,,,,,,,,,,,,,,,,,,100,
134495,33,34,32,18,48,50,29,23,33,37,33,49,38,11,,,,,,,,,,,,,,,,,27,,31,,42,
134510,61,53,69,,,,,50,,65,,,33,4,50,61,67,63,70,,,,,100,,71,,,33,,80,89,33,100,40,38
134529,72,,,,,,,,,,,,,,,,,,,,,,,,,,,,,,71,,80,,,
134574,77,,,,,,,,,,,,,,,,,,,,,,,,,,,,,,80,,63,,,
134608,42,39,46,0,68,74,33,35,43,47,29,36,21,13,,,,,,,,,,,,,,,,,40,,36,,47,
134714,58,,,,,,,,,,,,,,,,,,,,,,,,,,,,,,55,,100,,60,
134945,57,47,65,,64,60,100,49,63,60,48,,68,30,45,56,57,47,65,,64,60,100,49,63,60,48,,68,30,49,49,58,58,68,68
135081,55,49,58,43,68,68,67,42,52,60,71,71,71,2,41,46,49,44,54,38,75,83,50,41,48,50,71,50,68,4,52,44,63,52,59,59
135142,97,,,,,,,,,,,,,,,,,,,,,,,,,,,,,,100,,100,,93,
135160,57,53,59,100,60,60,,41,52,61,50,29,0,12,,,,,,,,,,,,,,,,,52,,31,,65,
135179,68,,,,,,,,,,,,,,,,,,,,,,,,,,,,,,41,,,,84,
135188,45,38,50,0,46,48,0,29,49,45,50,45,50,24,,,,,,,,,,,,,,,,,40,,29,,50,
135267,82,83,80,,86,83,100,75,84,82,100,,75,,,,,,,,,,,,,,,,,,84,,,,81,
135276,55,,,,,,,,,,,,,,,,,,,,,,,,,,,,,,74,,,,48,
135294,41,24,62,,0,0,0,38,48,50,,0,47,3,,,,,,,,,,,,,,,,,56,,,,31,
135337,61,,,,,,,,,,,,,,,,,,,,,,,,,,,,,,56,,75,,82,
135364,0,0,,,,,,,,0,,,,100,0,0,0,0,,,,,,,,0,,,,100,0,0,,,,
135391,35,32,37,0,49,55,17,27,31,37,33,21,40,24,,,,,,,,,,,,,,,,,29,,34,,41,
135407,79,77,81,33,83,80,100,69,82,79,70,,85,,,,,,,,,,,,,,,,,,77,,,,79,
135522,83,,,,,,,,,,,,,,,,,,,,,,,,,,,,,,53,,,,97,
135559,72,,,,,,,,,,,,,,,,,,,,,,,,,,,,,,67,,100,,,
135647,30,37,0,,,,,36,10,100,,,100,9,,,,,,,,,,,,,,,,,0,,,,54,
135717,45,39,49,13,59,63,17,36,45,46,56,50,52,16,,,,,,,,,,,,,,,,,43,,39,,49,
135726,84,82,87,80,91,92,50,82,86,85,89,81,80,,73,83,84,82,87,80,91,92,50,82,86,85,89,81,80,,79,79,82,82,85,85
135735,47,45,62,33,60,62,50,44,48,47,47,,60,,,,,,,,,,,,,,,,,,41,,,,52,
136109,84,,,,,,,,,,,,,,,,,,,,,,,,,,,,,,77,,100,,89,
136145,63,64,63,,,,,29,50,75,0,,100,13,,,,,,,,,,,,,,,,,56,,,,74,
136172,68,64,71,80,72,72,100,66,66,68,71,,56,8,49,60,63,60,65,80,68,68,100,61,59,63,62,,56,8,69,63,61,57,69,64
136215,64,63,65,100,81,81,100,48,58,64,62,73,63,26,58,63,64,63,65,100,81,81,100,48,58,64,62,73,63,26,59,59,62,62,71,71
136233,43,37,48,50,50,58,42,35,30,46,39,38,55,22,,,,,,,,,,,,,,,,,39,,43,,46,
136303,66,,,,,,,,,,,,,12,,,,,,,,,,,,,,,,,73,,,,62,
136330,59,52,63,0,73,67,100,33,55,63,40,43,80,,49,58,59,52,63,0,73,67,100,31,55,63,40,43,80,,52,52,58,58,65,65
136358,41,35,48,33,48,50,0,38,42,42,35,45,48,21,,,,,,,,,,,,,,,,,40,,41,,43,
136400,43,38,47,0,51,55,25,23,40,47,33,52,0,22,,,,,,,,,,,,,,,,,39,,38,,48,
136473,42,38,45,20,55,57,0,25,38,47,33,61,50,17,,,,,,,,,,,,,,,,,35,,44,,49,
136491,58,59,56,,57,64,33,51,63,60,36,,50,,,,,,,,,,,,,,,,,,43,,50,,78,
136516,34,30,37,20,55,55,,19,33,38,45,50,30,23,,,,,,,,,,,,,,,,,29,,,,43,
136659,68,63,76,100,50,50,,60,67,67,100,,,,,,,,,,,,,,,,,,,,74,,,,65,
136765,85,,,,,,,,,,,,,,,,,,,,,,,,,,,,,,95,,,,0,
136774,71,66,73,,85,85,,50,63,73,68,44,78,,59,69,71,66,73,,85,85,,50,63,73,68,44,78,,62,62,75,75,73,73
136826,34,8,64,0,0,0,0,30,39,16,60,,78,,,,,,,,,,,,,,,,,,0,,,,70,
136950,77,74,79,,85,85,,70,80,78,80,58,72,,70,76,77,74,79,,85,85,,70,80,78,80,58,72,,73,73,75,75,79,79
137023,77,,,,,,,,,,,,,,,,,,,,,,,,,,,,,,73,,,,79,
137032,49,49,48,0,67,67,,34,47,54,47,56,49,31,40,47,49,49,48,0,67,67,,34,47,54,47,56,49,31,46,46,,,52,52
137078,37,36,39,13,41,42,40,20,39,40,34,56,38,18,,,,,,,,,,,,,,,,,33,,35,,44,
137087,53,49,59,100,58,56,67,51,52,56,33,,50,,,,,,,,,,,,,,,,,,0,,0,,94,
137096,52,50,54,33,65,65,,31,53,55,55,83,47,23,,,,,,,,,,,,,,,,,44,,52,,58,
137120,51,48,56,0,67,67,,50,40,55,44,,67,10,,,,,,,,,,,,,,,,,52,,0,,51,
137209,42,37,47,33,54,52,100,30,37,46,39,54,50,20,,,,,,,,,,,,,,,,,40,,39,,44,
137245,70,63,75,61,57,56,67,71,68,71,64,,,,,,,,,,,,,,,,,,,,57,,,,74,
137272,100,100,,,,,,,100,100,,,100,,100,100,100,100,,,,,,,100,100,,,100,,100,100,,,100,100
137281,46,41,50,,50,57,0,34,51,47,40,43,50,23,,,,,,,,,,,,,,,,,42,,67,,48,
137315,51,50,52,,60,60,,31,58,50,43,,25,13,,,,,,,,,,,,,,,,,49,,,,55,
137351,75,72,77,50,84,84,25,75,73,73,74,76,81,10,63,72,75,72,77,50,84,84,25,75,73,73,74,76,81,10,73,73,72,72,77,77
137476,43,47,41,,0,0,,30,48,57,50,33,47,40,35,42,43,47,41,,0,0,,30,48,57,50,33,47,40,40,40,46,46,47,47
137546,63,62,64,33,54,52,100,47,58,66,61,63,83,,57,62,63,62,64,33,54,52,100,47,58,66,61,63,83,,56,56,61,61,68,68
137564,43,32,53,13,44,40,67,26,38,48,0,58,85,28,38,47,49,37,58,50,53,50,67,28,46,53,,64,85,31,38,43,59,51,44,54
137591,61,,,,,,,,,,,,,,,,,,,,,,,,,,,,,,47,,88,,,
137713,65,59,69,,,,,81,69,59,75,,,,,,,,,,,,,,,,,,,,65,,,,65,
137759,37,36,38,25,45,45,,23,38,44,35,59,100,31,,,,,,,,,,,,,,,,,31,,30,,43,
137777,59,59,,,,,,,,59,,,,12,59,59,59,59,,,,,,,,59,,,,12,71,71,,,50,50
137847,62,59,64,50,62,60,80,51,52,65,72,58,56,,52,61,62,59,64,50,62,60,80,51,52,65,72,58,56,,50,50,65,65,66,66
137856,73,,,,,,,,,,,,,1,,,,,,,,,,,,,,,,,80,,,,67,
137865,52,,,,,,,,,,,,,,,,,,,,,,,,,,,,,,52,,,,54,
137953,44,37,55,,,,,30,0,56,50,0,50,2,23,33,33,19,53,,,,,13,0,42,50,0,50,2,51,39,13,14,44,25
137962,0,0,0,,,,,0,0,0,,0,,37,0,0,0,0,0,,,,,0,0,0,,0,,32,0,0,0,0,0,0
138187,44,39,48,26,54,55,38,32,39,46,40,76,53,19,,,,,,,,,,,,,,,,,41,,39,,49,
138275,35,27,53,100,67,67,,24,35,46,25,,31,,27,30,30,22,50,100,67,67,,17,36,41,25,,31,,32,26,36,34,46,43
138284,42,,,,,,,,,,,,,1,,,,,,,,,,,,,,,,,70,,,,0,
138293,26,22,38,,40,50,33,20,22,24,,100,40,,14,23,25,22,36,,40,50,33,20,22,22,,100,40,,25,25,34,34,19,14
138309,51,40,53,100,33,40,0,38,45,62,50,47,,,,,,,,,,,,,,,,,,,51,,57,,42,
138354,62,55,68,43,69,70,50,64,53,63,60,25,75,6,47,58,62,55,68,43,69,70,50,64,53,63,60,25,75,6,58,58,58,58,65,65
138372,77,73,79,,60,75,0,74,81,79,,,,,,,,,,,,,,,,,,,,,79,,,,75,
138479,62,62,61,40,83,82,100,55,64,67,73,,,,,,,,,,,,,,,,,,,,59,,,,63,
138488,68,61,70,,95,94,100,55,75,64,75,,,,,,,,,,,,,,,,,,,,53,,,,71,
138497,50,46,60,0,0,0,0,38,51,52,52,,,,,,,,,,,,,,,,,,,,57,,,,49,
138558,29,28,30,0,0,0,,12,26,32,40,0,17,41,16,26,28,27,29,0,0,0,,22,25,29,33,,0,36,23,25,28,35,38,30
138600,71,,71,,87,86,100,74,70,66,78,42,82,,61,69,71,,71,,87,86,100,74,70,66,78,42,82,,63,63,76,76,78,78
138655,39,38,42,,30,30,,38,41,44,,,,,,,,,,,,,,,,,,,,,35,,60,,62,
138664,43,27,48,,0,0,,47,29,100,,,,,,,,,,,,,,,,,,,,,52,,50,,11,
138682,34,30,36,,0,0,,33,44,40,0,,,10,,,,,,,,,,,,,,,,,37,,35,,15,
138716,23,16,26,33,0,0,,23,17,25,38,14,0,43,14,25,29,21,34,,0,0,,31,11,21,31,18,0,41,22,27,28,37,26,36
138761,27,31,23,,0,0,,15,43,33,17,0,67,43,0,0,0,0,,,,,,0,,,,,,100,20,0,30,,42,
138822,71,,,,,,,,,,,,,1,,,,,,,,,,,,,,,,,65,,90,,94,
138840,41,67,26,,100,,100,40,45,33,40,,,10,,,,,,,,,,,,,,,,,37,,25,,62,
138868,40,43,37,33,0,0,0,28,75,40,75,46,88,,26,28,51,46,61,100,0,0,0,36,88,47,100,63,100,,44,47,41,44,39,54
138901,14,8,18,0,0,,0,14,22,0,50,0,0,30,0,0,0,0,0,,,,,0,,,,0,,27,15,0,0,,14,0
138938,58,,,,,,,,,,,,,,,,,,,,,,,,,,,,,,52,,,,100,
138947,48,39,50,0,,,,48,,,,47,11,9,34,46,48,39,50,0,,,,48,,,,47,11,9,46,46,53,53,55,55
138956,31,45,17,,50,67,0,26,31,34,29,100,,14,,,,,,,,,,,,,,,,,26,,,,38,
139144,74,72,76,100,58,61,0,80,74,74,79,0,75,,68,72,74,72,76,100,58,61,0,80,74,74,79,0,75,,76,76,69,69,75,75
139153,17,0,25,,0,0,,33,,,,0,,,0,17,17,0,25,,0,0,,33,,,,0,,,0,0,,,50,50
139199,35,33,35,100,43,43,,29,54,40,0,20,100,40,28,35,37,36,37,100,43,43,,31,54,42,0,20,100,40,32,34,29,30,46,46
139205,23,14,38,,0,,0,13,17,41,0,7,100,45,11,19,20,12,32,,0,,0,11,17,33,0,7,100,45,18,16,35,29,,
139250,26,21,28,,30,43,0,18,23,28,21,21,62,38,15,24,26,20,29,,38,60,0,19,18,29,24,10,60,37,20,19,24,27,33,34
139278,30,41,23,0,10,11,0,19,31,37,18,100,,14,,,,,,,,,,,,,,,,,26,,20,,35,
139311,35,23,43,,52,52,,34,54,26,21,20,40,29,15,29,35,22,43,,55,55,,34,53,24,24,20,40,29,35,35,40,38,35,35
139357,21,27,18,,50,50,,20,9,21,27,,,14,,,,,,,,,,,,,,,,,18,,,,27,
139366,42,37,45,0,31,28,100,38,39,45,33,100,53,32,22,37,42,37,45,0,35,32,100,38,39,46,35,100,54,31,36,36,50,51,48,48
139384,34,46,26,0,0,0,,20,38,36,26,,33,7,,,,,,,,,,,,,,,,,30,,100,,46,
139393,72,69,74,,67,67,,80,75,72,53,,100,22,62,70,71,67,74,,67,67,,80,75,72,53,,71,22,68,68,73,73,74,72
139463,30,23,35,25,31,36,0,20,29,31,20,29,33,29,14,26,31,22,39,50,50,50,,20,35,29,50,100,25,28,28,31,24,27,32,31
139506,63,,,,,,,,,,,,,,,,,,,,,,,,,,,,,,57,,100,,,
139579,23,13,29,,,,,23,0,14,,100,,5,0,0,0,0,0,,,,,0,,0,,,,11,20,0,100,,0,
139621,14,10,17,100,0,0,0,9,14,19,18,25,0,54,4,4,4,0,7,,0,0,,0,0,8,,,,46,12,5,15,0,18,0
139630,35,31,41,0,0,0,0,36,13,36,25,,57,49,29,37,37,32,44,0,0,,0,35,14,39,29,,57,46,30,29,23,21,49,63
139658,92,90,93,33,96,96,100,91,87,90,94,90,94,,83,90,92,90,93,33,96,96,100,91,87,90,94,90,94,,90,90,90,90,93,93
139700,21,17,25,0,13,10,33,18,23,22,13,0,8,36,0,0,0,0,,,,,,,0,,,,,,21,,22,,21,0
139719,45,38,50,,0,0,,46,36,30,25,50,100,28,18,39,45,38,50,,0,0,,46,36,30,25,50,100,28,45,45,41,41,53,53
139755,92,91,94,,96,96,0,82,93,92,91,93,95,4,57,90,92,91,94,,96,96,0,82,93,92,91,93,95,4,85,85,92,92,94,94
139764,32,27,35,0,20,20,,28,35,33,50,,29,50,20,29,32,27,35,0,20,20,,28,35,33,50,,29,50,31,31,22,22,37,37
139861,62,55,65,100,55,58,0,63,56,63,50,33,40,33,50,61,62,55,65,100,55,58,0,63,56,63,50,33,40,33,64,64,55,55,63,63
139931,52,44,59,24,57,59,38,49,45,54,50,24,64,29,34,49,53,45,60,24,57,59,43,50,46,54,51,24,69,29,46,47,53,53,57,57
139940,54,49,57,67,59,59,0,53,55,52,51,44,54,23,34,49,54,49,57,67,59,59,0,53,55,52,51,44,53,23,53,53,50,50,56,56
139959,88,85,90,100,83,83,0,84,87,90,89,82,77,8,72,86,88,85,90,100,83,83,0,84,87,90,88,82,77,8,86,86,88,88,89,88
139968,17,14,19,,0,0,,11,23,27,15,40,100,49,7,15,16,19,14,,,,,11,0,24,25,50,,48,14,9,22,27,26,30
139986,51,53,50,,100,100,,41,46,65,38,,,6,,,,,,,,,,,,,,,,,46,,46,,61,
139995,62,68,58,,,,,63,100,55,,,,,,,,,,,,,,,,,,,,,71,,100,,30,
140003,41,40,41,,100,100,,31,67,25,,,,,,,,,,,,,,,,,,,,,40,,50,,,
140012,27,32,20,,43,43,,15,33,34,13,25,40,18,,,,,,,,,,,,,,,,,26,,22,,29,
140234,42,31,54,,,,,25,75,45,55,0,,41,35,41,42,31,54,,,,,25,75,45,55,0,,41,40,40,39,39,47,47
140243,36,39,34,50,0,0,,24,45,35,25,,20,9,,,,,,,,,,,,,,,,,33,,,,38,
140252,32,33,31,0,50,50,,16,13,39,,,50,16,20,29,32,33,31,0,50,50,,16,13,39,,,50,16,26,26,42,42,39,39
140331,39,36,42,,59,63,0,33,43,40,30,,33,11,,,,,,,,,,,,,,,,,36,,,,41,
140340,29,50,22,,100,100,100,17,,50,0,100,,,23,31,31,50,22,,100,100,100,20,,0,,,,,26,25,0,0,67,67
140447,74,69,79,67,84,84,,73,67,76,61,63,80,17,72,74,74,69,79,67,84,84,,73,67,76,61,63,80,17,66,66,59,59,89,89
140553,53,53,,,,,,51,100,100,65,50,100,20,36,48,53,53,,,,,,51,100,100,65,50,100,20,46,46,59,59,63,63
140571,100,,100,,,,,100,,,,,,,50,100,100,,100,,,,,100,,,,,,,100,100,100,100,,
140678,37,46,28,0,0,0,,36,31,40,0,0,,9,,,,,,,,,,,,,,,,,27,,,,48,
140696,54,47,58,29,44,47,0,47,57,61,100,80,39,,46,52,53,45,58,29,44,47,0,46,57,59,100,80,39,,47,47,58,58,60,56
140720,22,22,21,,,,,22,17,,0,50,,52,6,16,22,22,21,,,,,22,17,,0,50,,52,21,21,100,100,0,0
140818,41,37,44,0,0,0,,27,42,44,11,72,,45,29,39,40,35,43,0,0,0,,27,42,43,0,72,,45,37,36,42,40,48,47
140872,36,29,44,0,50,50,,23,45,40,20,34,,,28,34,36,29,45,0,50,50,,23,45,40,20,34,,,31,31,29,30,46,45
140942,37,40,34,0,33,0,50,24,48,47,43,,50,9,,,,,,,,,,,,,,,,,31,,,,44,
140951,70,66,73,53,77,78,56,58,72,71,100,72,77,15,53,68,70,66,73,53,77,78,56,58,72,71,100,72,77,15,64,64,70,70,73,73
140960,25,20,29,25,,,,26,26,15,15,33,29,41,17,25,27,22,30,0,,,,29,25,12,14,43,27,42,26,28,21,21,25,28
140988,37,26,48,,33,50,0,19,12,49,80,0,0,,27,34,36,26,47,,33,50,0,18,12,48,80,0,0,,36,34,39,37,38,38
141006,59,64,47,,100,100,100,52,54,62,33,,100,5,,,,,,,,,,,,,,,,,62,,,,55,
141060,76,,76,58,,,,77,,100,,,60,13,68,74,76,,76,58,,,,77,,100,,,60,13,67,67,84,84,84,84
141167,28,19,37,,0,0,0,33,20,36,,19,,,26,29,29,19,41,,0,0,0,33,20,39,,20,,,22,22,22,24,33,35
141185,46,45,47,,60,60,,24,27,53,17,0,25,,34,44,45,43,46,,60,60,,24,20,53,17,0,0,,41,38,46,46,61,62
141237,41,29,53,,,,,15,27,47,,13,43,,33,39,41,29,53,,,,,15,27,47,,13,43,,36,36,37,37,52,52
141255,44,51,39,,,,,45,50,43,25,,,9,,,,,,,,,,,,,,,,,46,,,,40,
141264,42,32,47,67,55,58,33,39,41,44,38,100,62,38,24,38,42,32,47,80,55,58,33,38,41,44,38,100,62,38,37,36,43,43,50,50
141325,61,,61,0,,,,59,0,60,80,,83,,55,61,61,,61,0,,,,59,0,60,80,,83,,56,56,20,20,71,71
141334,43,32,49,40,26,23,100,42,41,45,40,33,38,33,25,39,43,32,49,40,26,23,100,42,41,45,40,33,38,33,41,41,41,41,46,46
141361,46,42,48,,33,0,100,41,43,48,50,50,18,,42,46,46,42,48,,33,0,100,41,43,48,50,50,18,,46,46,47,47,45,45
141486,58,54,60,,64,62,65,33,63,68,58,38,100,,51,60,63,62,63,,62,59,65,33,63,68,58,60,100,,42,46,69,69,72,72
141565,42,41,42,0,47,50,38,67,37,40,40,25,62,,25,37,42,41,42,0,47,50,38,67,37,40,40,25,62,,39,39,45,45,43,43
141574,63,60,64,0,77,77,65,44,52,53,55,50,55,,40,58,63,60,64,0,77,77,65,44,52,53,55,50,55,,60,60,59,59,65,65
141608,82,,,,,,,,,,,,,,,,,,,,,,,,,,,,,,79,,100,,89,
141644,41,38,42,0,41,42,30,22,39,52,32,29,61,41,30,40,41,38,42,0,41,42,30,22,38,52,32,29,61,42,29,29,43,43,49,49
141680,35,34,36,100,40,43,18,25,35,14,30,0,,11,,,,,,,,,,,,,,,,,41,,0,,30,
141796,20,13,25,,28,31,0,13,17,3,11,,38,15,,,,,,,,,,,,,,,,,23,,8,,19,
141802,29,33,26,,37,38,25,,21,47,21,,0,9,,,,,,,,,,,,,,,,,22,,,,33,
141811,32,29,34,,44,46,25,13,20,30,26,,100,10,,,,,,,,,,,,,,,,,29,,0,,33,
141839,27,28,27,0,38,41,20,0,20,26,19,100,25,11,13,13,13,20,0,,50,100,0,,,0,0,,0,13,28,25,20,,27,0
141981,47,43,48,,57,61,27,20,31,25,44,,,22,23,42,47,43,48,,57,61,27,20,31,25,44,,,22,47,47,50,50,46,46
141990,29,21,34,,32,36,22,17,29,32,29,,,7,,,,,,,,,,,,,,,,,36,,33,,26,
142054,58,60,58,50,0,0,,50,71,50,,60,,,,,,,,,,,,,,,,,,,54,,73,,62,
142090,48,45,50,0,,,,,0,54,0,,,7,14,19,19,44,0,0,,,,,0,22,0,,,10,42,30,20,0,70,17
142115,62,59,64,20,70,70,73,50,58,63,62,56,50,17,40,57,61,58,63,20,69,68,73,50,58,62,61,56,50,17,53,52,60,59,67,67
142179,35,33,37,100,33,33,,0,42,32,,50,,17,,,,,,,,,,,,,,,,,29,,47,,42,
142276,38,37,39,13,52,69,22,14,32,39,36,47,57,20,24,31,35,32,38,17,48,62,25,18,30,36,28,27,57,22,32,27,23,27,51,47
142285,61,55,66,33,48,50,43,53,54,64,65,51,44,18,41,58,61,55,66,33,48,50,43,53,54,64,65,51,44,18,57,57,59,59,66,66
142294,64,62,66,,40,67,0,17,57,64,73,,90,16,57,64,64,62,66,,40,67,0,17,57,64,73,,90,16,59,59,64,64,68,68
142328,45,43,46,15,50,50,,40,43,47,36,29,43,22,23,35,37,29,40,29,0,0,,20,33,37,42,17,60,23,38,32,47,37,53,43
142407,83,,,,,,,,,,,,,2,,,,,,,,,,,,,,,,,89,,67,,71,
142443,36,37,34,13,25,17,50,29,32,38,22,43,40,17,,,,,,,,,,,,,,,,,32,,27,,40,
142461,60,57,62,0,100,100,,0,42,63,55,67,100,,48,60,63,61,65,0,100,100,,,45,66,60,67,100,,38,42,59,63,85,86
142489,67,,,,,,,,,,,,,6,,,,,,,,,,,,,,,,,67,,,,67,
142522,55,47,60,25,44,55,10,56,43,57,47,47,55,17,21,38,51,45,56,33,39,45,17,50,38,53,44,36,52,17,55,51,44,42,56,52
142559,35,33,37,17,47,53,0,53,25,38,58,33,43,15,,,,,,,,,,,,,,,,,35,,25,,36,
142887,45,33,50,,0,0,,14,31,75,33,,,15,40,45,45,33,50,,0,0,,14,31,75,33,,,15,32,32,67,67,67,67
143048,64,61,65,50,67,66,100,35,45,63,50,68,80,23,39,58,64,61,65,50,67,66,100,35,45,63,50,68,80,23,50,50,57,57,70,70
143084,79,75,83,,59,60,50,68,74,83,63,50,80,,73,79,79,75,83,,59,60,50,68,74,83,63,50,80,,73,73,79,79,82,82
143118,58,51,64,75,82,81,100,48,60,60,59,43,67,,46,54,58,51,64,75,82,81,100,48,60,60,59,43,67,,59,59,54,54,61,61
143215,37,38,36,,50,50,50,17,41,42,16,39,43,16,,,,,,,,,,,,,,,,,31,,31,,40,
143279,43,38,47,0,38,38,,38,30,47,27,0,,18,,,,,,,,,,,,,,,,,34,,29,,52,
143288,52,51,53,0,100,100,,29,40,59,0,0,67,,43,52,52,51,53,0,100,100,,29,40,59,0,0,67,,44,44,61,61,68,68
143358,72,69,75,,68,68,,55,63,78,50,82,46,,57,71,72,69,75,,68,68,,55,63,78,50,82,46,,64,64,76,76,76,76
143376,62,,,,,,,,,,,,,,,,,,,,,,,,,,,,,,43,,100,,91,
143464,22,,,,,,,,,,,,,,,,,,,,,,,,,,,,,,21,,100,,0,
143473,71,,,,,,,,,,,,,,,,,,,,,,,,,,,,,,60,,100,,,
143482,58,,,,,,,,,,,,,,,,,,,,,,,,,,,,,,57,,60,,,
143491,53,,,,,,,,,,,,,,,,,,,,,,,,,,,,,,88,,20,,0,
143552,86,,,,,,,,,,,,,,,,,,,,,,,,,,,,,,80,,100,,100,
143613,37,39,35,0,,,,17,38,37,63,33,,17,,,,,,,,,,,,,,,,,30,,100,,41,
144005,17,13,19,,,,,13,43,25,0,14,38,40,7,13,17,13,19,,,,,13,43,25,0,14,38,40,12,12,18,18,36,36
144050,95,94,96,100,98,98,,92,91,95,88,97,98,2,86,93,95,94,96,100,98,98,,92,91,95,88,97,98,2,92,92,93,93,95,95
144157,26,34,13,,100,100,,18,40,100,0,,100,15,,,,,,,,,,,,,,,,,25,,0,,31,
144166,14,13,15,0,13,13,,9,16,25,0,,50,17,,,,,,,,,,,,,,,,,13,,50,,18,
144175,20,27,11,,,,,15,35,0,0,,0,20,,,,,,,,,,,,,,,,,19,,,,20,
144184,31,33,31,,50,50,,29,22,43,25,,43,23,,,,,,,,,,,,,,,,,29,,,,35,
144193,28,26,30,,0,0,,14,28,70,50,0,,19,,,,,,,,,,,,,,,,,25,,0,,33,
144209,29,21,34,,26,27,0,17,31,35,50,0,38,14,,,,,,,,,,,,,,,,,26,,0,,32,
144218,33,29,37,,33,33,,16,32,39,39,50,14,13,,,,,,,,,,,,,,,,,28,,0,,38,
144281,48,45,51,50,59,58,100,44,43,51,32,53,55,31,39,41,48,45,51,50,59,58,100,44,43,51,32,53,55,31,42,42,55,55,50,50
144351,47,39,53,,67,73,0,29,42,60,17,50,0,35,35,46,46,39,52,,67,73,0,27,41,59,17,50,0,35,44,44,43,43,62,57
144564,38,42,35,0,20,20,,22,14,42,33,57,0,16,,,,,,,,,,,,,,,,,36,,67,,38,
144740,70,65,74,100,77,77,50,59,61,75,69,58,63,16,56,68,70,65,74,100,77,77,50,59,61,75,69,58,63,16,64,64,74,74,73,73
144795,60,,,,,,,,,,,,,,,,,,,,,,,,,,,,,,58,,70,,59,
144865,24,23,26,0,26,26,,19,25,25,16,25,32,30,,,,,,,,,,,,,,,,,22,,31,,25,
144883,23,19,26,,100,100,,14,30,75,0,,21,,11,11,14,11,16,,60,60,,9,15,50,0,,14,,18,15,13,0,59,12
144892,45,40,49,33,75,75,,29,36,60,32,41,46,32,29,43,45,40,49,33,75,75,,29,36,60,32,41,46,32,39,39,49,49,54,54
144944,41,40,42,43,50,50,,24,33,42,38,44,67,19,,,,,,,,,,,,,,,,,36,,56,,43,
144962,65,55,72,0,79,79,,27,68,69,57,62,,24,50,63,65,55,72,0,79,79,,27,68,69,57,62,,24,53,53,77,77,70,70
144971,41,25,61,,,,,20,0,48,25,50,0,42,32,39,39,25,57,,,,,20,0,45,25,50,0,42,31,29,55,55,47,44
145099,77,,,,,,,,,,,,,,,,,,,,,,,,,,,,,,78,,64,,87,
145239,44,50,43,,100,100,,0,29,63,,,,,,,,,,,,,,,,,,,,,33,,50,,75,
145309,86,,,,,,,,,,,,,,,,,,,,,,,,,,,,,,100,,100,,0,
145336,20,19,20,,25,25,,11,53,47,0,0,100,39,13,18,20,19,20,,25,25,,11,53,47,0,0,100,39,8,8,75,75,23,23
145354,50,0,67,,,,,,,50,,,,,,,,,,,,,,,,,,,,,0,,100,,,
145372,51,42,66,0,,,,28,38,61,80,33,33,,46,51,51,42,66,0,,,,28,38,61,80,33,33,,45,45,56,56,59,59
145406,76,,,,,,,,,,,,,,,,,,,,,,,,,,,,,,77,,83,,50,
145433,71,,,,,,,,,,,,,,,,,,,,,,,,,,,,,,0,,50,,100,
145497,73,83,70,,,,,,0,76,,,,15,65,73,73,83,70,,,,,,0,76,,,,15,86,86,50,50,71,71
145521,46,43,48,0,50,100,0,25,14,53,0,60,0,17,,,,,,,,,,,,,,,,,41,,17,,55,
145600,60,58,62,50,73,73,50,48,53,63,58,25,72,,40,56,60,58,62,50,73,73,50,48,53,63,58,25,72,,57,57,67,67,65,65
145619,51,43,58,67,72,72,,39,43,54,,39,,1,38,48,51,43,58,67,72,72,,39,43,54,,39,,1,46,46,56,56,54,54
145637,85,83,87,100,89,89,100,65,76,89,80,82,86,,73,83,85,83,87,100,89,89,100,65,76,89,80,82,86,,77,77,85,85,88,88
145646,83,82,83,,79,79,,70,86,85,100,60,61,1,78,82,83,82,83,,79,79,,70,86,85,100,60,61,1,74,74,89,89,82,82
145682,40,41,40,,56,56,,6,33,44,29,,50,20,,,,,,,,,,,,,,,,,32,,45,,44,
145691,61,60,62,,100,100,,53,50,62,50,0,86,,55,61,61,60,62,,100,100,,53,50,62,50,0,86,,57,57,66,66,63,63
145707,62,58,65,,50,50,,44,25,63,80,,,6,,,,,,,,,,,,,,,,,49,,67,,73,
145725,72,70,77,100,87,87,,50,60,76,70,69,65,15,35,67,72,70,77,100,87,87,,50,60,76,70,69,65,15,66,66,74,74,76,76
145813,66,59,71,25,71,69,100,44,56,72,61,67,56,,51,64,66,59,71,25,71,69,100,44,56,72,61,67,56,,53,53,73,73,72,72
145831,45,38,50,,50,50,,33,39,47,29,47,,18,,,,,,,,,,,,,,,,,34,,60,,50,
146205,41,36,46,67,60,50,100,16,60,43,0,41,,17,,,,,,,,,,,,,,,,,34,,,,46,
146278,46,46,46,,20,0,33,29,31,49,30,0,,14,,,,,,,,,,,,,,,,,35,,40,,59,
146296,21,22,19,0,40,40,,8,18,23,29,0,,28,,,,,,,,,,,,,,,,,15,,17,,24,
146339,53,42,69,,100,100,,40,60,50,57,53,33,30,43,52,53,42,69,,100,100,,40,60,50,57,53,33,30,52,52,49,49,58,58
146348,38,38,38,,50,50,,16,30,44,42,,100,16,,,,,,,,,,,,,,,,,29,,,,45,
146366,49,43,53,100,100,100,,33,44,51,28,0,0,14,,,,,,,,,,,,,,,,,32,,,,58,
146418,38,37,40,25,33,50,0,25,35,42,27,100,,16,,,,,,,,,,,,,,,,,37,,50,,39,
146427,68,65,69,,89,86,100,58,52,66,59,100,83,24,52,66,68,65,69,,89,86,100,58,52,66,59,100,83,24,58,58,71,71,73,73
146454,64,,,,,,,,,,,,,,,,,,,,,,,,,,,,,,100,,100,,50,
146472,38,33,44,100,47,47,,23,37,41,22,47,100,19,,,,,,,,,,,,,,,,,37,,14,,39,
146481,70,68,72,100,68,68,,60,63,70,86,68,88,23,64,70,70,68,72,100,68,68,,60,63,70,86,68,88,23,69,69,71,71,72,72
146506,54,53,54,,50,50,,18,32,56,53,50,,15,,,,,,,,,,,,,,,,,41,,80,,60,
146603,48,47,48,,50,50,,29,37,49,42,58,,18,,,,,,,,,,,,,,,,,37,,48,,54,
146612,63,59,66,0,75,75,,41,56,67,45,0,50,22,48,60,62,59,65,0,74,74,,41,56,66,45,0,50,23,54,54,66,65,67,67
146667,58,61,55,,,,,100,0,56,50,,100,,42,52,54,60,45,,,,,100,0,52,50,,100,,39,34,93,92,66,59
146685,43,40,45,40,22,13,100,26,26,47,33,32,,17,,,,,,,,,,,,,,,,,39,,33,,46,
146700,65,68,59,0,94,92,100,47,77,72,56,69,,,,,,,,,,,,,,,,,,,62,,79,,76,
146719,77,75,78,67,75,75,78,59,74,79,77,82,84,16,69,74,76,74,76,67,75,75,78,60,69,79,75,76,66,16,64,68,79,79,83,78
146807,70,,,,,,,,,,,,,,,,,,,,,,,,,,,,,,67,,,,75,
146816,6,0,7,,,,,10,8,0,0,,,,,,,,,,,,,,,,,,,,10,,0,,0,
147004,39,39,40,50,44,44,,8,36,41,33,50,,18,,,,,,,,,,,,,,,,,31,,50,,42,
147013,60,59,60,50,50,50,,42,77,63,36,67,65,,50,59,60,59,60,50,50,50,,42,77,63,36,67,65,,49,49,58,58,69,69
147129,75,,75,,,,,,,75,,,,,75,75,75,,75,,,,,,,75,,,,,100,100,100,100,0,0
147244,59,49,69,,67,63,100,30,43,71,48,67,29,,49,58,59,49,69,,67,63,100,30,43,71,48,67,29,,33,33,62,62,89,89
147341,60,55,67,,50,50,,33,44,73,55,58,38,,50,57,57,53,61,,50,50,,33,40,68,45,54,38,,49,49,66,66,69,59
147369,62,60,64,,33,33,,75,41,57,56,80,79,,40,57,63,61,64,,33,33,,75,41,58,56,80,79,,51,51,59,59,69,71
147378,33,30,36,0,26,26,,23,28,37,31,34,0,23,,,,,,,,,,,,,,,,,33,,25,,34,
147396,67,71,0,,,,,33,0,74,,0,,6,,,,,,,,,,,,,,,,,48,,100,,100,
147411,28,20,36,0,25,25,,19,30,25,40,29,,15,,,,,,,,,,,,,,,,,34,,0,,22,
147536,37,30,41,,20,20,,20,40,63,67,38,,9,29,36,37,30,41,,20,20,,20,40,63,67,38,,9,33,33,,,55,55
147642,57,,,,,,,,,,,,,,,,,,,,,,,,,,,,,,60,,0,,63,
147660,71,65,76,,79,77,100,36,72,73,61,76,76,,64,70,71,65,76,,79,77,100,36,72,73,61,76,76,,67,67,70,70,75,75
147679,56,48,61,0,57,63,25,31,51,67,46,62,55,,42,54,56,48,61,0,57,63,25,31,51,67,46,62,55,,53,53,51,51,65,65
147703,50,44,54,67,74,73,100,32,37,62,53,85,67,,33,47,50,44,54,67,74,73,100,32,37,62,53,85,67,,38,38,60,60,63,63
147767,96,95,96,100,99,99,,93,95,95,96,98,97,,88,95,96,95,96,100,99,99,,93,95,95,96,98,97,,96,96,93,93,96,96
147776,17,14,19,0,41,41,,5,15,38,17,22,50,,4,12,17,14,19,0,41,41,,5,15,38,17,22,50,,26,26,17,17,9,9
147800,31,31,32,,29,29,0,28,30,34,13,35,,29,,,,,,,,,,,,,,,,,28,,0,,33,
147819,85,,,,,,,,,,,,,,,,,,,,,,,,,,,,,,81,,83,,100,
147828,60,55,65,0,67,67,,33,38,67,71,,25,,52,59,60,55,65,0,67,67,,33,38,67,71,,25,,53,53,62,62,67,67
147916,33,31,36,0,35,35,,11,24,40,20,14,20,26,,,,,,,,,,,,,,,,,23,,36,,39,
148007,19,22,17,0,,,,19,11,32,33,0,20,24,,,,,,,,,,,,,,,,,22,,,,17,
148016,76,76,76,,100,100,100,50,,77,50,50,75,,55,75,76,76,76,,100,100,100,50,,77,50,50,75,,,,,,76,76
148098,92,,,,,,,,,,,,,,,,,,,,,,,,,,,,,,90,,94,,,
148131,43,36,55,100,,,,23,33,49,,39,25,,31,40,43,36,55,100,,,,23,33,49,,39,25,,33,33,42,42,55,55
148256,60,59,61,25,0,0,,43,50,63,,50,,12,,,,,,,,,,,,,,,,,47,,,,71,
148292,47,54,40,,60,60,,17,50,51,0,67,,20,,,,,,,,,,,,,,,,,32,,60,,56,
148380,40,40,39,0,14,14,,22,41,44,23,36,0,17,,,,,,,,,,,,,,,,,41,,28,,39,
148405,38,26,57,,50,50,,19,29,44,29,60,67,24,5,38,38,26,57,,50,50,,19,29,44,29,60,67,24,29,29,44,44,65,65
148487,41,37,45,50,52,58,0,21,43,51,50,21,77,28,37,43,46,40,49,50,57,67,0,24,42,54,50,17,75,27,34,38,53,55,49,53
148496,62,54,67,0,70,70,,35,63,70,60,40,,23,49,61,62,54,67,0,70,70,,35,63,70,60,40,,23,56,56,71,71,70,70
148584,65,57,70,,0,0,,50,53,73,71,,60,,47,62,65,57,70,,0,0,,50,53,73,71,,60,,58,58,64,64,72,72
148627,59,52,63,0,90,89,100,38,51,73,67,55,,28,48,57,59,52,63,0,90,89,100,38,51,73,67,55,,28,53,53,69,69,58,58
148654,61,53,68,100,40,40,,35,63,69,73,100,63,,43,59,61,53,70,100,25,25,,26,61,71,73,100,71,,51,49,71,73,69,69
148672,51,51,52,,67,67,,27,53,54,20,0,,20,,,,,,,,,,,,,,,,,50,,17,,55,
148821,44,49,40,67,,,,34,38,47,,33,,14,,,,,,,,,,,,,,,,,37,,,,53,
148876,28,24,29,,30,33,0,0,29,,,0,25,,0,6,6,0,6,,,,,,6,,,,0,,31,0,,,10,25
148937,51,50,52,100,67,67,,0,40,52,33,0,,16,,,,,,,,,,,,,,,,,50,,,,52,
148991,43,44,42,,,,,29,40,46,50,,,19,,,,,,,,,,,,,,,,,41,,38,,49,
149204,67,,,,,,,,,,,,,,,,,,,,,,,,,,,,,,58,,80,,88,
149222,56,54,58,25,62,65,0,34,47,66,49,50,36,,40,51,54,51,57,25,55,58,0,34,45,63,48,50,38,,43,42,63,62,70,65
149231,55,50,59,0,57,57,,36,46,60,52,36,83,28,33,49,53,48,57,0,54,54,,36,46,58,52,36,83,28,44,44,53,51,65,62
149310,68,63,72,,,,,100,100,,,,61,,,,,,,,,,,,,,,,,,100,,100,,52,
149329,8,8,,,,,,,,8,,,,92,0,8,8,8,,,,,,,,8,,,,92,0,0,,,10,10
149365,24,28,21,,57,57,,12,37,31,38,0,50,29,,,,,,,,,,,,,,,,,20,,,,29,
149505,64,65,63,,33,33,,62,53,83,,100,11,,51,61,64,65,63,,33,33,,62,53,83,,100,11,,47,47,67,67,100,100
149514,46,37,63,50,50,100,0,11,29,59,100,45,20,38,36,42,46,37,63,50,50,100,0,11,29,59,100,45,20,38,37,37,61,61,49,49
149532,29,24,34,33,29,29,,21,26,36,40,17,33,19,,,,,,,,,,,,,,,,,27,,67,,31,
149550,60,,,,,,,,,,,,,,,,,,,,,,,,,,,,,,33,,93,,77,
149639,47,38,57,,0,,0,0,40,57,100,,,,47,47,47,38,57,,0,,0,0,40,57,100,,,,44,44,0,0,75,75
149727,41,40,42,,33,33,,24,36,45,52,50,,21,,,,,,,,,,,,,,,,,33,,67,,43,
149772,45,41,48,0,71,71,,25,38,65,42,40,22,32,31,41,45,41,48,0,71,71,,25,38,65,42,40,22,32,35,35,61,61,64,64
149781,87,83,89,0,85,85,,53,81,89,83,75,93,11,82,86,87,83,89,0,85,85,,53,81,89,83,75,93,11,83,83,84,84,89,89
149842,46,42,49,33,52,52,,39,41,47,43,58,33,18,,,,,,,,,,,,,,,,,44,,17,,47,
150066,49,37,60,50,71,67,100,13,38,57,0,,63,32,42,48,49,37,60,50,71,67,100,13,38,57,0,,63,32,40,40,54,54,59,59
150136,63,61,65,100,63,65,33,54,57,65,65,56,56,23,51,61,63,60,64,100,63,65,33,53,56,64,64,56,56,23,55,54,63,62,71,71
150145,57,51,62,,0,0,,20,32,64,71,100,50,26,51,56,57,51,61,,0,0,,20,35,63,71,0,50,25,45,43,69,68,66,67
150163,80,80,80,50,84,84,,67,81,81,72,80,57,15,72,78,79,79,79,50,81,81,,66,81,80,70,75,57,16,71,69,78,75,83,83
150172,30,24,35,,0,0,,33,7,43,0,,100,,21,30,31,26,36,,0,0,,35,7,43,0,,100,,24,24,25,25,41,42
150251,0,,0,0,,,,0,0,0,,0,,,,,,,,,,,,,,,,,,,0,,0,,0,
150303,65,,,,,,,,,,,,,,,,,,,,,,,,,,,,,,58,,67,,100,
150400,80,75,85,50,78,78,,77,72,83,58,90,78,,73,78,80,75,85,50,78,78,,77,72,83,58,90,78,,73,73,86,86,81,81
150428,80,,,,,,,,,,,,,,,,,,,,,,,,,,,,,,75,,83,,100,
150455,68,58,77,,77,77,,63,80,66,35,83,83,,61,66,68,58,77,,77,77,,63,80,66,35,83,83,,64,64,58,58,77,77
150534,71,67,74,0,92,92,,35,64,73,67,71,78,19,60,69,71,67,74,0,92,92,,35,64,72,67,67,78,20,63,63,71,71,75,75
150604,63,58,68,100,0,0,,43,50,67,27,100,,25,61,63,63,58,68,100,0,0,,43,50,67,27,100,,25,53,53,60,60,79,79
150668,60,54,65,0,50,40,100,38,50,71,50,50,75,,48,59,60,54,65,0,50,40,100,38,50,71,50,50,75,,45,45,67,67,75,75
150677,70,68,71,,0,0,,63,44,74,55,100,25,,68,70,70,68,71,,0,0,,63,44,73,55,100,25,,64,63,74,74,74,74
150756,64,57,70,100,71,60,100,50,50,68,57,52,56,,59,63,64,57,70,100,71,60,100,50,50,68,57,52,56,,57,57,54,54,75,75
150765,70,,,,,,,,,,,,,,,,,,,,,,,,,,,,,,80,,77,,13,
150774,29,28,31,100,0,0,,60,46,28,22,8,33,65,24,26,27,26,28,100,0,0,,60,38,25,22,8,33,65,35,35,27,27,28,22
150853,59,,,,,,,,,,,,,,,,,,,,,,,,,,,,,,50,,100,,67,
150941,68,68,68,,0,0,,33,57,70,75,,88,15,61,68,68,68,68,,0,0,,33,57,70,75,,88,15,51,51,74,74,84,84
150987,37,39,35,15,47,46,67,24,30,39,32,35,,10,,,,,,,,,,,,,,,,,32,,36,,41,
151102,32,35,31,0,40,40,0,18,26,35,27,,41,,21,29,32,34,31,0,37,38,0,18,27,34,26,,41,,27,27,32,31,39,39
151111,54,50,57,50,74,74,50,46,47,55,42,40,69,22,39,51,54,50,57,50,75,75,50,46,47,55,41,44,69,22,48,48,54,53,59,59
151263,56,53,58,0,55,58,0,40,42,60,53,54,58,28,45,54,56,52,58,0,55,58,0,40,43,60,53,52,56,27,49,48,56,57,66,66
151290,31,36,27,0,100,100,,12,27,45,41,36,73,2,21,32,35,39,31,,100,100,,13,30,46,42,50,73,2,22,25,43,43,53,57
151306,52,50,53,0,52,52,,29,48,54,38,67,79,28,38,49,52,50,53,0,52,52,,28,48,53,38,67,79,28,42,42,56,56,59,59
151324,41,37,44,50,58,61,0,23,33,50,30,18,53,,30,39,41,37,44,50,58,61,0,23,33,50,30,18,53,,30,30,75,75,54,54
151333,45,38,49,100,63,71,0,39,33,46,33,25,57,24,31,41,44,38,48,100,63,71,0,39,31,45,33,25,57,24,40,40,56,56,45,44
151342,36,31,39,33,58,58,,18,33,38,39,60,36,25,20,32,36,31,39,33,58,58,,17,34,38,39,75,40,25,32,32,36,36,42,42
151351,81,78,84,100,84,84,100,68,78,82,76,81,81,10,71,80,81,78,84,100,84,84,100,68,78,82,76,81,81,10,73,73,78,78,84,84
151360,37,38,36,50,66,66,,15,31,45,11,0,33,27,22,33,36,38,35,50,68,68,,15,31,44,6,0,33,27,29,28,50,49,42,42
151379,33,30,35,,29,29,,9,27,38,23,25,0,26,26,31,33,30,35,,29,29,,9,27,37,23,25,0,26,28,28,28,28,42,42
151388,45,40,49,0,0,0,,33,60,47,21,,0,24,33,43,45,40,49,0,0,0,,33,60,47,21,,0,24,38,38,47,47,54,54
151467,69,59,74,,71,83,0,0,42,85,80,0,,,,,,,,,,,,,,,,,,,66,,80,,70,
151564,14,,,,,,,,,,,,,,,,,,,,,,,,,,,,,,,,,,14,
151607,67,,,,,,,,,,,,,,,,,,,,,,,,,,,,,,67,,,,,
151661,53,53,55,50,90,90,,35,60,58,34,56,0,,,,,,,,,,,,,,,,,,46,,70,,62,
151777,45,41,48,,17,17,,20,24,54,36,32,50,,37,44,45,41,48,,17,17,,20,24,54,36,32,50,,37,37,50,50,58,58
151786,61,54,67,,64,70,0,36,50,64,54,71,100,28,43,58,61,54,67,,64,70,0,36,50,64,54,71,100,28,57,57,51,51,72,72
151801,66,58,72,0,88,86,100,32,56,69,54,82,67,,58,65,66,57,71,0,88,86,100,32,53,68,54,82,67,,56,55,66,65,74,74
151810,33,25,43,,,,,33,,50,,,0,,27,33,33,25,43,,,,,33,,50,,,0,,29,29,100,100,,
151962,56,50,59,,,,,86,100,48,,54,,,,,,,,,,,,,,,,,,,61,,64,,36,
152044,100,100,100,,100,100,,100,100,100,,,,,,,,,,,,,,,,,,,,,100,,,,,
152080,97,97,97,100,96,96,100,92,97,97,96,100,97,,93,97,97,97,97,100,96,96,100,92,97,97,96,100,97,,95,95,97,97,97,97
152099,70,72,69,,50,50,,43,60,76,100,60,83,5,55,65,68,69,68,,50,50,,43,40,74,100,67,83,5,51,46,82,82,85,85
152150,67,,,,,,,,,,,,,,,,,,,,,,,,,,,,,,80,,,,40,
152275,60,,,,,,,,,,,,,4,,,,,,,,,,,,,,,,,58,,,,64,
152309,59,,,,,,,,,,,,,3,,,,,,,,,,,,,,,,,50,,67,,86,
152318,82,81,83,,90,90,,72,85,81,81,100,83,,68,80,82,81,83,,90,90,,72,85,81,81,100,83,,84,84,78,78,83,83
152336,61,55,64,,50,50,,44,52,64,33,56,83,,50,59,60,55,63,,57,57,,42,52,63,33,56,83,,53,52,60,58,72,74
152381,52,71,50,,33,0,50,33,50,54,50,50,,,48,52,53,71,50,,33,0,50,33,50,55,50,50,,,49,49,50,52,67,67
152390,77,,77,0,71,71,,75,76,78,50,80,33,14,71,76,77,,77,0,71,71,,75,76,78,50,80,33,14,74,74,82,82,73,73
152497,50,0,53,,,,,,,50,,,,25,,,,,,,,,,,,,,,,,50,,40,,56,
152530,77,73,79,,84,82,100,67,76,76,,,81,,69,76,77,73,79,,84,82,100,67,76,76,,,81,,70,70,75,75,81,81
152567,68,61,80,100,83,83,,32,65,68,89,71,100,24,56,66,67,60,79,100,83,83,,26,65,67,89,57,100,24,63,62,69,68,71,70
152600,67,61,73,0,75,75,,44,65,72,41,79,44,,58,66,67,61,73,0,75,75,,44,65,72,41,79,44,,60,60,66,66,74,74
152628,17,,,,,,,,,,,,,,,,,,,,,,,,,,,,,,20,,,,0,
152637,35,36,33,0,25,25,,13,26,42,23,29,50,24,24,26,29,23,42,0,,,,33,50,30,,0,,35,27,30,41,0,46,36
152673,77,77,,,100,100,,71,60,80,100,0,63,17,71,76,77,77,,,100,100,,71,60,80,100,0,63,17,77,77,78,78,76,76
152992,49,44,56,50,86,83,100,13,44,53,33,,71,,35,48,49,44,56,50,86,83,100,13,44,53,33,,71,,37,37,59,59,61,61
153001,47,46,49,0,0,0,0,17,33,56,0,32,0,,35,45,47,46,49,0,0,0,0,17,33,56,0,32,0,,47,47,50,50,44,44
153074,77,,,,,,,,,,,,,,,,,,,,,,,,,,,,,,71,,100,,79,
153083,81,,,,,,,,,,,,,,,,,,,,,,,,,,,,,,83,,100,,63,
153108,69,66,73,100,67,60,100,14,55,73,50,50,,14,59,69,69,66,73,100,67,60,100,14,55,73,50,50,,14,56,56,75,75,77,77
153126,55,48,59,0,0,0,0,33,44,61,50,25,100,38,44,55,55,48,59,0,0,0,0,33,44,61,50,25,100,38,46,46,60,60,63,63
153144,59,56,61,0,81,81,,40,42,64,31,80,100,18,50,58,59,56,61,0,81,81,,40,42,64,31,80,100,18,47,47,58,58,74,74
153162,72,68,75,67,50,50,,68,61,73,80,83,85,19,67,71,72,68,75,67,50,50,,68,61,73,80,83,85,19,71,71,69,69,73,73
153214,34,35,33,50,36,36,0,9,24,37,28,34,17,15,,,,,,,,,,,,,,,,,30,,34,,37,
153241,100,100,,,100,100,,,,,,,100,,100,100,100,100,,,100,100,,,,,,,100,,100,100,,,100,100
153250,65,61,71,50,100,100,,8,55,67,38,82,73,,63,67,67,64,72,50,100,100,,8,55,69,43,87,76,,61,62,61,61,68,72
153269,77,77,78,0,79,79,,64,68,80,62,33,67,,68,77,77,76,77,0,75,75,,63,68,80,61,33,64,,66,68,81,79,79,78
153278,41,35,53,0,50,50,50,21,19,60,42,16,36,35,32,39,41,35,53,0,50,50,50,21,19,60,42,16,36,35,31,31,58,58,49,49
153296,43,35,55,0,0,0,0,20,43,57,38,43,40,27,,,,,,,,,,,,,,,,,34,,50,,53,
153302,82,79,85,100,20,20,,67,100,93,40,,,,33,37,41,48,33,0,0,0,,33,50,51,0,,,,81,38,82,45,82,41
153311,34,36,33,0,47,47,,34,27,37,21,33,,15,,,,,,,,,,,,,,,,,28,,24,,40,
153320,61,58,64,,67,67,,0,0,63,83,,0,11,36,46,48,50,46,,50,50,,0,,49,80,,0,14,61,48,69,57,58,44
153366,38,33,45,0,43,67,25,15,23,51,28,50,71,4,30,37,38,33,45,0,43,67,25,15,23,51,28,50,71,4,28,28,44,44,57,57
153375,56,48,63,0,29,33,0,33,48,62,44,50,40,32,46,54,56,48,63,0,29,33,0,33,48,62,44,50,40,32,55,55,55,55,58,58
153384,87,83,92,,93,93,,64,91,91,80,78,86,,74,86,87,83,92,,93,93,,64,91,91,80,78,86,,85,85,88,88,88,88
153427,80,81,80,100,100,100,,0,83,83,100,,,,100,100,100,100,,,100,100,,,100,100,,,,,71,100,100,100,100,100
153445,31,34,29,0,43,33,100,5,30,34,17,,67,11,,,,,,,,,,,,,,,,,27,,37,,34,
153463,69,,69,,,,,,100,64,100,,,,,,,,,,,,,,,,,,,,75,,100,,0,
153472,40,37,45,0,13,14,0,35,24,45,41,17,48,12,,,,,,,,,,,,,,,,,35,,53,,45,
153524,44,45,42,0,62,63,60,23,43,49,37,45,64,,,,,,,,,,,,,,,,,,42,,48,,45,
153533,26,26,25,14,0,0,0,48,31,24,100,62,0,16,,,,,,,,,,,,,,,,,1,,10,,39,
153597,80,50,83,,,,,75,100,73,100,,,,,,,,,,,,,,,,,,,,77,,,,86,
153603,75,73,78,67,76,77,50,53,63,77,70,80,70,17,54,73,75,73,78,67,76,77,50,53,63,77,70,80,70,17,68,68,71,71,79,79
153630,40,38,44,22,74,67,100,22,24,49,50,36,,19,,,,,,,,,,,,,,,,,33,,50,,45,
153658,73,72,74,75,80,80,67,53,67,74,66,71,77,19,57,71,73,72,74,75,80,80,67,53,67,74,66,71,77,19,60,60,68,68,78,78
153737,40,41,40,25,29,29,,18,26,45,36,30,55,10,,,,,,,,,,,,,,,,,32,,42,,47,
153746,100,100,100,,,,,,100,100,,,,,,,,,,,,,,,,,,,,,100,,100,,100,
153764,64,,64,,,,,0,50,89,0,,,,,,,,,,,,,,,,,,,,38,,100,,100,
153773,71,100,68,,,,,40,100,70,,,,,,,,,,,,,,,,,,,,,100,,100,,33,
153782,100,,100,,,,,,,100,,,,,,,,,,,,,,,,,,,,,100,,,,,
153825,70,66,75,,75,75,,50,69,71,40,56,88,,49,67,70,66,75,,75,75,,50,69,71,40,56,88,,66,66,72,72,71,71
153834,75,68,80,0,90,88,100,38,57,77,62,,78,17,63,73,75,68,80,0,90,88,100,38,57,77,62,,78,17,67,67,72,72,81,81
153861,18,11,25,0,,,,20,0,25,,,0,,18,18,18,11,25,0,,,,20,0,25,,,0,,23,23,0,0,0,0
153922,37,34,41,0,17,20,0,25,34,40,50,43,67,15,,,,,,,,,,,,,,,,,37,,33,,38,
153977,49,40,50,,67,67,,50,,46,50,,,,45,55,55,50,55,,67,67,,0,,56,50,,,,50,55,54,50,25,100
154004,53,45,62,0,43,60,0,27,29,62,25,39,40,14,42,52,53,45,62,0,43,60,0,27,29,62,25,39,40,14,46,46,51,51,63,63
154013,56,52,58,67,20,0,50,38,67,60,100,18,40,,52,56,56,52,58,67,20,0,50,38,67,60,100,18,40,,46,46,60,60,62,62
154022,9,9,9,3,18,33,10,6,12,10,6,8,17,20,2,6,8,8,8,3,17,36,5,6,11,9,6,9,17,20,10,9,7,8,7,8
154059,55,56,54,67,67,67,,21,54,57,47,,56,13,,,,,,,,,,,,,,,,,50,,50,,60,
154095,69,64,72,44,63,65,0,35,59,71,60,71,65,20,45,65,69,64,72,44,63,65,0,35,59,71,60,71,65,20,59,59,66,66,74,74
154101,64,57,70,0,43,43,,11,23,69,33,60,71,24,57,63,64,57,70,0,43,43,,11,23,69,33,60,71,24,45,45,65,65,73,73
154110,48,55,39,,0,0,0,10,18,51,33,45,,2,,,,,,,,,,,,,,,,,43,,62,,51,
154129,55,60,43,0,,,,0,32,59,67,33,,7,,,,,,,,,,,,,,,,,58,,46,,55,
154174,0,,0,,,,,0,,,,,,,,,,,,,,,,,,,,,,,0,,,,,
154208,27,,27,,,,,0,75,11,,0,,,,,,,,,,,,,,,,,,,9,,50,,100,
154235,63,56,68,,67,63,100,26,55,69,52,41,38,30,54,62,63,56,68,,67,63,100,26,55,69,52,41,38,30,49,49,63,63,73,73
154262,33,0,50,,,,,,100,0,,,,67,,,,,,,,,,,,,,,,,50,,0,,,
154332,67,50,71,,,,,75,50,67,50,,,,,,,,,,,,,,,,,,,,77,,100,,25,
154350,66,61,71,0,67,67,,67,56,66,67,69,100,,53,65,66,61,71,0,67,67,,67,56,66,67,69,100,,56,56,69,69,69,69
154378,43,40,47,47,0,0,,37,34,49,0,47,35,18,,,,,,,,,,,,,,,,,30,,0,,56,
154396,53,50,57,50,33,33,,19,44,59,22,100,100,18,,,,,,,,,,,,,,,,,50,,53,,57,
154448,58,,,,,,,,,,,,,,,,,,,,,,,,,,,,,,46,,86,,73,
154457,64,,64,100,,,,,50,75,,,,,,,,,,,,,,,,,,,,,67,,,,50,
154466,67,100,63,,,,,,33,72,,,,,,,,,,,,,,,,,,,,,64,,83,,0,
154493,41,37,48,,80,75,100,16,25,50,40,,25,,29,39,42,37,49,,80,75,100,19,26,50,33,,29,,36,39,38,39,53,51
154518,29,24,36,0,100,100,,12,19,33,20,0,100,14,14,24,25,20,32,0,100,100,,12,10,29,20,0,100,15,14,15,29,30,51,38
154527,67,60,73,,67,67,,46,56,69,58,44,78,8,54,66,67,60,73,,67,67,,46,56,69,58,44,78,8,53,53,73,73,74,74
154545,51,,,,,,,,,,,,,,,,,,,,,,,,,,,,,,53,,40,,,
154572,40,44,37,50,46,46,,48,39,38,34,57,66,10,,,,,,,,,,,,,,,,,37,,33,,44,
154590,29,24,43,0,25,0,50,13,21,44,0,25,50,,22,28,29,24,43,0,25,0,50,13,21,44,0,25,50,,20,20,42,42,44,44
154642,39,34,43,50,25,25,,36,44,40,,0,,29,,,,,,,,,,,,,,,,,38,,33,,40,
154688,59,51,67,50,100,100,,39,63,66,24,,17,29,47,59,59,51,67,50,100,100,,39,63,66,24,,17,29,51,51,69,69,61,61
154697,43,45,41,25,14,17,0,47,34,48,32,100,,21,,,,,,,,,,,,,,,,,41,,56,,43,
154712,65,50,78,50,67,67,,18,50,70,,59,50,24,57,65,65,50,78,50,67,67,,18,50,70,,59,50,24,80,80,65,65,59,59
154721,29,15,50,25,50,50,,14,35,28,43,,42,,24,28,29,15,50,25,50,50,,14,35,28,43,,42,,21,21,36,36,40,40
154749,43,33,53,0,60,60,,29,7,57,0,,0,,28,37,43,33,53,0,60,60,,29,7,57,0,,0,,40,40,45,45,45,45
154800,30,27,32,0,30,31,0,19,25,35,,25,55,23,,,,,,,,,,,,,,,,,27,,25,,34,
154855,23,24,22,0,0,0,0,9,24,26,9,0,86,46,22,25,26,27,24,0,0,0,,11,23,31,9,,83,47,19,22,13,15,41,42
154907,46,50,42,0,50,50,,6,40,46,56,83,83,16,,,,,,,,,,,,,,,,,40,,27,,54,
154925,42,38,46,35,0,0,,27,44,53,36,0,47,26,,,,,,,,,,,,,,,,,41,,14,,44,
154934,57,52,60,50,,,,50,64,61,20,0,55,16,,,,,,,,,,,,,,,,,56,,57,,59,
154952,47,46,49,67,71,67,100,13,46,50,47,40,48,20,,,,,,,,,,,,,,,,,39,,31,,55,
154998,31,23,40,0,60,60,,10,39,36,21,50,50,27,,,,,,,,,,,,,,,,,23,,57,,39,
155007,38,27,41,,38,38,,14,42,0,100,,,16,,,,,,,,,,,,,,,,,40,,0,,37,
155025,54,50,57,33,0,0,,50,48,58,30,71,67,9,39,51,54,50,57,33,0,0,,50,48,58,30,71,67,9,45,45,59,59,61,61
155052,68,73,57,50,,,,50,75,66,100,,,5,,,,,,,,,,,,,,,,,95,,83,,24,
155061,48,43,52,0,60,75,0,21,35,53,44,0,,,33,44,48,43,52,0,60,75,0,21,35,53,43,0,,,37,37,49,50,57,57
155070,55,45,61,0,,,,60,0,65,,,0,17,31,38,38,27,44,0,,,,40,0,45,,,0,17,50,35,50,50,71,43
155089,61,58,64,0,33,33,,33,50,66,67,63,,16,52,60,61,58,64,0,33,33,,33,50,66,67,63,,16,56,56,69,69,60,60
155098,34,30,39,33,,,,15,42,42,33,,,29,,,,,,,,,,,,,,,,,28,,33,,45,
155104,41,36,47,67,58,63,50,20,44,44,50,30,56,23,,,,,,,,,,,,,,,,,38,,38,,44,
155140,43,40,44,43,,,,,,,,,,28,,,,,,,,,,,,,,,,,20,,,,77,
155159,74,,,,,,,,,,,,,,,,,,,,,,,,,,,,,,65,,,,83,
155177,57,51,64,,50,50,,50,50,61,60,,55,6,46,54,54,100,50,,,,,,67,50,100,,0,8,56,83,51,0,63,40
155186,39,38,39,30,30,33,0,46,23,41,23,43,,32,,,,,,,,,,,,,,,,,29,,93,,46,
155195,45,47,44,29,33,33,,23,37,51,29,46,55,19,,,,,,,,,,,,,,,,,38,,46,,51,
155201,34,30,41,25,83,50,100,28,35,38,33,17,38,28,,,,,,,,,,,,,,,,,34,,67,,30,
155210,29,29,30,0,31,34,0,29,23,32,28,31,16,23,,,,,,,,,,,,,,,,,26,,26,,31,
155283,57,50,58,80,100,100,,53,58,62,100,54,,,,,,,,,,,,,,,,,,,58,,80,,9,
155292,38,40,36,50,10,13,0,44,35,41,27,57,21,18,,,,,,,,,,,,,,,,,15,,50,,64,
155308,29,29,25,0,100,100,,58,17,13,,,0,29,14,14,14,14,,,,,,29,,0,,,0,43,13,22,0,0,44,0
155317,69,66,71,28,74,74,67,45,59,72,58,50,74,23,54,66,69,66,71,28,74,74,67,45,59,72,58,50,74,23,56,56,65,65,75,75
155335,54,44,59,67,67,67,,38,48,57,50,0,40,,38,45,55,46,59,67,67,67,,38,48,58,50,0,40,,42,41,52,52,66,69
155353,57,,,,,,,,,,,,,,,,,,,,,,,,,,,,,,53,,100,,100,
155399,70,67,74,64,73,75,0,46,57,73,61,64,56,18,47,67,70,67,74,64,71,73,0,46,57,73,61,64,56,18,59,59,65,64,76,76
155414,38,32,49,100,0,,0,19,31,44,40,50,33,49,34,38,38,32,49,100,0,,0,19,31,44,40,50,33,49,37,37,38,38,43,43
155423,63,,,,,,,,,,,,,7,,,,,,,,,,,,,,,,,58,,100,,63,
155450,29,19,34,13,0,,0,35,28,28,42,0,100,27,,,,,,,,,,,,,,,,,28,,25,,31,
155487,66,67,60,,,,,40,88,63,100,,,8,,,,,,,,,,,,,,,,,64,,77,,63,
155496,55,53,58,,50,50,,0,29,88,,6,,,34,41,41,34,48,,100,100,,0,29,69,,0,,,45,40,50,25,66,48
155511,52,47,62,75,33,33,,41,59,54,,38,50,,44,52,52,47,62,75,33,33,,41,59,54,,38,50,,42,42,57,57,60,60
155520,46,30,62,0,50,50,,27,34,52,46,38,80,,37,46,46,30,61,0,50,50,,23,34,52,46,38,80,,36,36,45,45,66,64
155566,39,35,42,50,,,,17,37,43,40,,22,26,,,,,,,,,,,,,,,,,37,,36,,40,
155593,75,76,75,100,,,,100,100,74,67,,,,,,,,,,,,,,,,,,,,69,,67,,90,
155618,77,82,63,50,100,,100,67,88,79,64,,80,7,,,,,,,,,,,,,,,,,78,,81,,69,
155627,29,27,31,25,0,,0,31,44,30,8,17,,,23,27,29,27,31,25,0,,0,31,44,30,8,17,,,32,32,33,33,13,13
155681,58,57,58,20,54,50,67,43,52,61,46,33,100,26,34,49,54,50,58,20,54,50,67,41,47,57,43,33,100,26,46,43,50,50,71,66
155715,43,39,50,0,67,67,,18,42,47,60,40,20,20,,,,,,,,,,,,,,,,,43,,33,,45,
155812,44,40,52,50,25,33,0,53,36,44,50,50,100,40,36,43,44,40,52,50,25,33,0,53,36,44,50,50,100,40,47,47,28,28,57,57
155830,72,71,73,,100,,100,67,73,76,40,0,,4,,,,,,,,,,,,,,,,,74,,75,,69,
155858,46,34,57,50,20,25,0,47,45,53,60,0,29,10,,,,,,,,,,,,,,,,,46,,100,,46,
155900,34,29,42,0,0,0,,32,48,33,40,29,33,49,30,33,34,29,42,0,0,0,,32,48,33,40,29,33,49,31,31,31,31,43,43
155937,29,23,45,22,33,20,100,15,19,39,,0,0,49,19,29,29,23,45,22,33,20,100,15,19,39,,0,0,49,22,22,35,35,39,39
155973,33,22,46,0,0,,0,9,32,40,29,,50,,32,33,33,22,46,0,0,,0,9,32,40,29,,50,,22,22,59,59,31,31
156082,53,47,57,29,67,80,0,28,50,56,46,58,70,27,26,40,45,40,50,29,60,75,0,24,43,48,35,55,64,28,40,31,61,52,60,56
156107,36,41,25,0,42,45,0,27,33,37,27,50,83,14,,,,,,,,,,,,,,,,,30,,48,,40,
156125,51,48,55,67,61,63,0,32,43,57,32,42,50,28,31,48,51,48,54,67,61,63,0,32,43,57,32,42,50,28,46,46,55,55,56,56
156134,41,,,,,,,,,,,,,1,,,,,,,,,,,,,,,,,42,,75,,29,
156189,26,29,24,,,,,0,0,27,0,0,,28,18,26,26,29,24,,,,,0,0,27,0,0,,28,21,21,19,19,39,39
156213,65,62,67,0,67,67,,70,50,66,50,80,71,22,57,64,65,62,67,0,67,67,,70,50,66,50,80,71,22,59,59,70,70,66,66
156231,59,65,53,,50,67,0,0,50,61,50,0,,6,,,,,,,,,,,,,,,,,57,,67,,62,
156286,68,66,69,100,79,79,,56,53,68,71,81,100,22,59,67,68,66,69,100,79,79,,56,53,68,71,81,100,22,57,57,71,71,74,74
156295,62,56,67,0,80,78,100,64,71,56,58,100,96,18,41,61,62,56,67,0,80,78,100,64,71,56,58,100,96,18,59,59,50,50,92,92
156310,66,,,,,,,,,,,,,,,,,,,,,,,,,,,,,,60,,100,,68,
156338,52,53,52,,50,67,0,42,59,53,27,,,7,,,,,,,,,,,,,,,,,53,,64,,51,
156356,46,43,48,,0,0,,45,67,43,50,54,0,,36,45,45,40,47,,,,,43,50,43,50,55,0,,38,40,42,38,64,59
156365,47,35,58,100,25,50,0,21,24,57,17,56,30,,40,46,46,33,59,100,25,50,0,21,24,56,18,38,30,,49,49,66,64,21,21
156392,38,36,40,50,53,53,,30,37,39,34,50,,13,,,,,,,,,,,,,,,,,35,,34,,42,
156408,85,80,90,,94,94,,71,89,85,86,80,87,,81,85,85,80,90,,94,94,,71,89,85,86,80,87,,76,76,82,82,88,88
156417,33,33,33,,,,,,,33,,,,17,25,50,50,100,33,,,,,,,50,,,,25,25,50,,,50,50
156426,74,,,,,,,,,,,,,,,,,,,,,,,,,,,,,,65,,67,,92,
156471,63,75,62,,60,60,,42,80,69,46,60,,,38,41,41,50,39,,,,,0,100,43,0,100,,,63,50,69,44,50,0
156541,46,37,56,,,,,50,,63,,45,50,26,30,36,44,34,55,,,,,50,,50,,44,50,26,42,40,59,57,44,42
156620,50,45,53,40,50,41,100,33,48,52,40,29,67,2,40,52,55,51,58,50,64,55,100,39,54,56,48,29,67,1,40,46,54,57,61,65
156648,50,59,42,25,50,60,0,28,39,52,32,50,,9,,,,,,,,,,,,,,,,,47,,48,,53,
156745,48,43,51,,100,100,,34,25,50,35,65,0,,42,47,48,43,51,,100,100,,34,25,50,35,65,0,,39,39,53,53,54,54
156754,53,,,,,,,,,,,,,,,,,,,,,,,,,,,,,,46,,100,,67,
156790,47,55,40,0,0,0,,0,100,48,33,100,,9,,,,,,,,,,,,,,,,,47,,50,,48,
156842,64,,,,,,,,,,,,,,,,,,,,,,,,,,,,,,54,,78,,67,
156851,44,47,44,0,100,100,,29,50,47,33,50,,12,,,,,,,,,,,,,,,,,41,,63,,46,
156860,37,33,39,,,,,26,38,39,38,0,,13,,,,,,,,,,,,,,,,,38,,0,,37,
156921,31,34,28,,36,36,,15,31,37,16,20,,16,,,,,,,,,,,,,,,,,26,,21,,37,
156967,56,,,,,,,,,,,,,,,,,,,,,,,,,,,,,,54,,67,,60,
157021,50,,50,,,,,100,0,,,100,,,,,,,,,,,,,,,,,,,50,,,,,
157030,36,25,50,,,,,0,,42,,,0,,8,17,25,14,40,,,,,0,,30,,,0,,40,30,50,0,0,0
157058,27,23,31,,0,0,,26,44,35,29,19,,27,15,22,28,26,31,,0,0,,28,38,36,20,25,,28,26,26,38,39,25,27
157076,53,41,67,,0,0,,33,38,61,,46,50,31,39,49,49,38,62,,0,0,,33,38,55,,46,50,32,40,40,61,60,70,57
157085,70,65,73,82,76,76,67,48,63,73,58,78,60,,54,67,70,65,73,82,76,76,67,48,63,73,58,78,59,,54,54,70,69,78,77
157100,34,26,52,100,,,,18,0,39,17,33,100,,29,33,34,26,52,100,,,,18,0,39,17,33,100,,27,27,50,50,41,41
157216,38,32,44,,40,25,100,29,100,41,31,36,100,,29,37,38,32,44,,40,25,100,29,100,41,31,36,100,,32,32,43,43,50,50
157289,61,58,63,100,74,75,0,51,52,63,53,100,52,,43,57,61,58,63,100,74,75,0,50,52,63,53,100,52,,49,49,61,61,69,69
157304,55,51,58,,100,100,100,25,69,55,50,0,,6,,,,,,,,,,,,,,,,,47,,80,,63,
157331,51,54,50,100,,,,0,27,53,38,50,,7,,,,,,,,,,,,,,,,,47,,86,,55,
157377,46,46,47,100,100,100,,67,77,40,33,44,100,30,46,46,46,44,47,100,100,100,,67,64,41,20,50,100,28,44,43,41,42,53,51
157386,48,46,49,0,71,67,100,30,60,48,33,100,64,,37,47,49,48,50,0,67,60,100,37,57,50,34,100,64,,40,42,46,46,61,62
157401,60,57,61,0,45,45,,40,52,62,48,66,53,,48,60,63,61,64,0,44,44,,44,50,65,58,64,53,,47,51,58,61,70,72
157438,49,59,37,100,40,40,,35,46,52,36,0,,9,,,,,,,,,,,,,,,,,42,,55,,56,
157447,48,43,52,100,52,52,50,39,42,50,32,36,53,,35,46,49,44,54,100,58,58,50,39,45,51,33,36,53,,37,38,49,50,58,59
157483,49,48,49,100,100,100,,30,48,52,21,0,,8,,,,,,,,,,,,,,,,,45,,50,,53,
157535,39,33,46,20,100,100,,30,0,40,,,50,37,29,40,41,34,52,25,100,100,,30,0,43,,,50,33,37,38,38,42,51,53
157553,38,44,34,,33,33,,100,100,39,17,0,,11,,,,,,,,,,,,,,,,,39,,40,,34,
157614,71,,,,,,,,,,,,,,,,,,,,,,,,,,,,,,65,,86,,100,
157650,47,,,,,,,,,,,,,,,,,,,,,,,,,,,,,,40,,75,,75,
157669,47,,,,,,,,,,,,,,,,,,,,,,,,,,,,,,41,,100,,,
157678,59,,,,,,,,,,,,,,,,,,,,,,,,,,,,,,51,,100,,75,
157711,40,42,39,50,100,100,,0,43,40,32,33,,9,,,,,,,,,,,,,,,,,36,,38,,51,
157739,44,39,46,50,50,50,,0,,44,25,100,,10,,,,,,,,,,,,,,,,,46,,67,,35,
157748,44,37,52,,50,0,100,0,33,47,,25,17,,40,41,41,32,53,,50,0,100,0,33,43,,25,20,,,,43,,44,41
157757,57,51,61,50,100,100,,44,18,62,80,50,0,24,46,55,57,51,61,50,100,100,,44,18,62,80,50,0,24,49,49,55,55,78,78
157793,30,22,36,,28,28,,10,,38,27,29,0,7,,,,,,,,,,,,,,,,,24,,35,,67,
157809,40,32,49,0,50,50,,24,67,43,26,20,,37,29,38,40,32,49,0,50,50,,24,67,43,26,20,,37,30,30,43,43,52,51
157818,70,67,71,100,100,100,,62,67,70,67,68,,,65,70,70,67,71,100,100,100,,62,67,70,67,68,,,64,64,67,67,77,77
157863,36,30,45,100,50,,50,20,40,39,50,0,46,34,24,34,36,30,45,100,50,,50,20,40,39,50,0,46,34,38,38,33,33,29,29
157951,54,46,59,0,69,69,67,29,36,60,37,0,72,24,42,54,56,48,61,0,70,69,80,34,39,60,39,0,72,24,39,42,54,56,67,68
158088,75,80,69,86,63,50,67,65,82,80,89,100,,3,,,,,,,,,,,,,,,,,75,,100,,69,
158246,68,,,,,,,,,,,,,,,,,,,,,,,,,,,,,,65,,75,,85,
158431,13,17,11,0,0,0,0,9,14,17,3,22,20,22,,,,,,,,,,,,,,,,,12,,13,,15,
158477,60,59,61,0,80,80,,67,55,60,50,,0,,54,59,60,59,61,0,80,80,,67,55,60,50,,0,,59,59,67,67,58,58
158538,50,,,,,,,,,,,,,,,,,,,,,,,,,,,,,,50,,,,,
158617,76,,,,,,,,,,,,,,,,,,,,,,,,,,,,,,100,,100,,0,
158662,22,24,21,0,32,35,26,14,23,31,20,40,25,15,,,,,,,,,,,,,,,,,18,,20,,36,
158778,50,,,,,,,,,,,,,,,,,,,,,,,,,,,,,,44,,100,,100,
158787,62,,,,,,,,,,,,,,,,,,,,,,,,,,,,,,71,,100,,33,
158802,45,41,46,,0,,0,47,40,100,67,40,,24,35,44,45,41,46,,0,,0,47,40,100,67,40,,24,42,42,60,60,0,0
158884,18,23,10,0,0,0,0,6,36,21,40,0,0,24,,,,,,,,,,,,,,,,,16,,20,,21,
159009,32,24,39,0,0,0,0,32,45,27,46,33,40,,9,32,32,24,39,0,0,0,0,32,45,27,46,33,40,,30,30,43,43,54,54
159027,38,,,,,,,,,,,,,,,,,,,,,,,,,,,,,,44,,33,,20,
159197,56,58,46,,0,0,,44,100,65,25,0,,,,,,,,,,,,,,,,,,,47,,72,,72,
159328,47,,,,,,,,,,,,,25,,,,,,,,,,,,,,,,,28,,,,71,
159382,36,23,44,20,33,33,,25,0,39,40,40,50,21,33,40,40,31,47,31,0,0,,23,0,45,67,50,60,20,26,29,35,35,90,96
159391,71,66,75,68,80,81,50,55,65,74,58,60,75,,46,65,68,65,70,61,77,78,50,52,62,70,56,60,75,,59,56,68,65,76,72
159407,14,14,14,0,17,17,,4,7,19,17,23,100,73,,,,,,,,,,,,,,,,,15,,9,,13,
159416,33,28,37,,56,56,,16,50,37,45,33,25,,19,29,33,28,37,,56,56,,16,50,37,45,33,25,,22,22,37,37,46,46
159513,70,,,,,,,,,,,,,,,,,,,,,,,,,,,,,,69,,,,71,
159522,87,,,,,,,,,,,,,,,,,,,,,,,,,,,,,,87,,,,,
159531,83,,,,,,,,,,,,,,,,,,,,,,,,,,,,,,83,,100,,80,
159568,41,34,54,17,100,100,,22,50,51,42,,25,32,28,40,42,34,55,20,100,100,,22,50,51,45,,25,32,59,59,73,72,29,30
159601,7,,,,,,,,,,,,,,,,,,,,,,,,,,,,,,9,,0,,0,
159647,58,52,65,56,74,77,0,43,47,61,46,54,58,27,41,53,57,52,65,56,74,77,0,43,48,60,46,54,61,26,46,45,51,49,65,65
159656,67,63,70,50,66,64,100,62,74,67,57,70,75,10,59,64,67,63,70,50,66,64,100,62,74,67,57,70,75,10,60,60,69,69,73,73
159717,52,46,56,62,43,42,50,37,56,56,22,100,63,26,34,47,51,44,55,54,43,42,50,36,55,54,22,100,63,26,37,36,41,41,65,63
159939,43,41,45,0,59,62,0,33,32,46,29,60,58,28,25,38,43,41,45,0,59,62,0,33,32,46,29,60,58,28,37,37,42,42,49,49
159948,41,38,57,,0,0,,40,,43,,44,,,9,37,41,38,57,,0,0,,40,,43,,44,,,,,,,41,41
159966,54,48,58,46,58,55,100,38,50,60,46,26,32,23,30,49,53,49,56,43,64,60,100,38,48,59,42,27,29,22,44,42,44,44,63,63
159993,51,48,52,40,69,72,0,36,46,53,51,51,83,,29,43,48,47,49,40,65,68,0,35,43,51,51,46,83,,43,41,48,42,58,56
160010,73,77,58,,33,,33,68,100,76,0,0,,6,,,,,,,,,,,,,,,,,69,,,,82,
160038,45,40,47,50,60,60,,34,51,49,48,42,27,,32,42,44,40,47,50,60,60,,35,53,48,49,45,27,,40,40,42,42,51,50
160065,36,70,30,,100,100,,25,42,41,0,0,,,26,31,37,70,31,,100,100,,27,42,42,0,0,,,33,34,55,55,30,32
160074,51,63,50,,100,100,,8,0,58,,100,,30,26,40,47,50,47,,100,100,,14,0,50,,100,,23,38,36,36,50,70,56
160117,64,,,,,,,,,,,,,,,,,,,,,,,,,,,,,,62,,75,,100,
160126,80,,,,,,,,,,,,,,,,,,,,,,,,,,,,,,80,,,,,
160199,44,,,,,,,,,,,,,,,,,,,,,,,,,,,,,,42,,,,50,
160320,74,,,,,,,,,,,,,,,,,,,,,,,,,,,,,,70,,,,82,
160409,40,40,,,,,,,14,63,,,,,33,40,40,40,,,,,,,14,63,,,,,75,75,0,0,30,30
160472,76,,,,,,,,,,,,,,,,,,,,,,,,,,,,,,77,,100,,0,
160481,25,38,17,31,29,33,25,14,26,28,25,25,13,11,,,,,,,,,,,,,,,,,21,,24,,34,
160524,36,30,38,50,100,100,,30,50,46,71,,,2,,,,,,,,,,,,,,,,,34,,67,,88,
160579,43,51,35,0,0,,0,31,38,47,60,50,50,7,,,,,,,,,,,,,,,,,38,,,,49,
160612,45,37,50,14,52,53,50,35,46,48,39,42,61,32,25,41,45,37,50,14,52,53,50,35,45,48,39,41,61,32,37,37,42,43,52,52
160621,28,26,30,50,25,17,50,28,38,35,33,0,20,,10,23,28,26,30,50,25,17,50,28,38,35,33,0,20,,25,25,41,41,44,44
160630,18,11,23,0,,,,17,,0,0,22,36,30,8,15,18,11,23,0,,,,17,,0,0,22,36,30,14,14,25,25,45,45
160649,7,7,7,0,0,0,,8,0,0,0,0,0,8,,,,,,,,,,,,,,,,,7,,0,,10,
160658,52,46,57,38,62,61,75,41,53,56,43,43,68,,27,47,52,46,57,38,62,61,75,41,53,56,43,43,68,,42,42,47,47,60,60
160667,35,43,24,0,7,0,8,23,36,42,23,71,50,10,,,,,,,,,,,,,,,,,32,,35,,47,
160755,89,87,90,60,92,94,67,75,90,90,86,86,87,4,82,88,89,87,90,60,92,94,67,75,90,90,86,86,87,4,75,75,85,85,91,91
160904,50,48,51,,60,60,,49,44,58,36,55,64,36,36,45,48,45,49,,52,52,,48,45,50,39,51,64,36,44,41,53,55,63,60
160959,69,81,67,,0,0,,50,100,70,67,75,68,12,52,66,69,81,67,,0,0,,50,100,70,67,75,68,12,60,60,65,65,78,78
160977,91,87,94,,87,91,0,93,88,90,100,50,95,7,85,89,91,87,94,,87,91,0,93,88,90,100,50,95,7,94,94,83,83,91,91
160995,34,29,38,0,,,,0,,31,100,43,,,,,,,,,,,,,,,,,,,40,,0,,26,
161004,96,94,97,100,91,91,,95,90,98,94,100,91,3,82,95,96,94,97,100,91,91,,95,90,98,94,100,91,3,95,95,97,97,96,96
161022,83,0,100,0,,,,100,,100,,,,17,,,,,,,,,,,,,,,,,100,,100,,0,
161077,28,30,25,0,100,100,100,16,0,29,18,35,0,15,,,,,,,,,,,,,,,,,26,,19,,32,
161086,90,89,92,0,80,81,0,76,87,93,100,100,88,7,82,89,90,89,92,0,80,81,0,76,87,93,100,100,88,7,91,91,90,90,90,90
161138,33,33,33,0,50,50,,,25,34,0,0,,13,,,,,,,,,,,,,,,,,29,,50,,36,
161192,48,48,47,0,100,100,,25,40,49,57,0,,7,,,,,,,,,,,,,,,,,48,,40,,49,
161208,100,100,100,,,,,100,,100,,,,,,,,,,,,,,,,,,,,,100,,100,,100,
161217,23,23,23,0,0,0,,100,0,22,31,100,,21,10,18,20,23,19,0,0,0,,100,0,18,31,100,,24,21,19,33,25,23,19
161226,53,43,57,25,100,100,,40,27,54,36,63,50,25,38,50,53,43,57,25,100,100,,40,27,54,36,63,50,25,48,48,55,55,61,61
161235,40,45,37,,,,,0,0,48,0,0,25,25,25,35,36,33,37,,,,,0,0,44,0,0,25,27,32,30,32,29,53,45
161253,56,53,60,42,52,52,,36,41,58,58,52,63,26,40,53,56,53,60,43,52,52,,36,41,58,58,52,63,26,46,46,57,57,64,64
161299,61,60,69,100,50,50,,67,43,60,,85,,7,46,59,62,60,69,100,50,50,,67,43,61,,85,,8,56,54,67,68,60,60
161341,38,36,39,50,,,,29,38,40,13,0,43,20,24,31,34,34,33,50,,,,29,33,35,13,0,43,18,27,23,39,28,57,56
161457,61,60,61,50,64,64,,22,50,62,42,63,100,31,56,63,63,63,63,100,64,64,,25,50,64,42,72,100,31,54,57,62,65,66,66
161484,33,33,33,,,,,,11,37,25,0,33,13,,,,,,,,,,,,,,,,,36,,25,,29,
161493,64,,,,,,,,,,,,,,,,,,,,,,,,,,,,,,56,,100,,73,
161509,49,44,51,,33,33,,14,29,53,100,57,,27,12,17,49,44,51,,33,33,,14,29,53,100,57,,27,39,39,56,56,53,53
161518,69,59,74,,25,25,,40,38,72,,62,,,59,68,69,59,74,,25,25,,40,38,72,,62,,,55,55,70,70,87,87
161527,86,,,,,,,,,,,,,,,,,,,,,,,,,,,,,,93,,84,,74,
161545,21,23,19,25,26,26,,16,29,21,20,14,60,17,,,,,,,,,,,,,,,,,19,,25,,24,
161554,46,39,51,0,45,45,,43,19,49,44,30,38,25,32,44,46,39,51,0,45,45,,43,19,49,44,30,38,25,43,43,46,46,51,51
161563,51,50,53,0,50,50,,54,57,57,6,17,71,,45,50,51,49,53,0,50,50,,54,57,57,6,17,71,,48,48,48,48,68,65
161572,57,57,57,75,100,100,,0,25,61,22,50,,,49,56,56,57,55,75,100,100,,0,25,61,22,40,,,44,44,64,64,66,60
161581,43,48,36,40,,,,100,50,42,100,,,14,,,,,,,,,,,,,,,,,42,,75,,42,
161688,45,45,45,,50,0,100,26,29,49,30,50,33,14,,,,,,,,,,,,,,,,,38,,42,,57,
161767,25,24,27,0,22,22,,17,16,28,32,39,33,25,,,,,,,,,,,,,,,,,22,,21,,27,
161800,53,,,,,,,,,,,,,3,,,,,,,,,,,,,,,,,48,,71,,,
161855,87,,,,,,,,,,,,,,,,,,,,,,,,,,,,,,86,,100,,,
161864,12,20,9,,17,17,,11,18,25,17,0,19,10,,,,,,,,,,,,,,,,,16,,,,9,
161873,47,50,44,0,83,83,,40,50,48,50,67,50,25,24,40,47,50,44,0,83,83,,40,50,48,50,67,50,25,47,47,50,50,46,46
162007,38,29,44,,67,60,100,37,41,43,42,48,50,28,15,32,38,29,44,,67,60,100,37,41,43,42,48,50,28,33,33,47,47,47,47
162061,47,47,43,,50,50,,47,50,59,0,30,,,28,40,47,47,43,,50,50,,47,50,59,0,30,,,42,42,59,59,42,42
162104,28,27,29,,11,11,,6,0,32,27,33,100,17,,,,,,,,,,,,,,,,,19,,20,,32,
162122,33,30,36,25,51,53,0,20,27,40,32,40,0,22,,,,,,,,,,,,,,,,,26,,40,,36,
162168,21,15,26,0,0,0,,15,25,23,33,14,0,28,,,,,,,,,,,,,,,,,22,,,,21,
162210,40,41,39,0,33,33,,37,43,60,100,35,50,,25,34,40,43,38,0,33,33,,38,41,60,100,35,50,,39,37,40,40,43,48
162283,26,21,27,0,,,,25,18,25,17,42,30,37,10,20,26,21,27,0,,,,25,18,25,17,42,30,37,27,27,33,33,10,10
162335,60,,,,,,,,,,,,,,,,,,,,,,,,,,,,,,100,,100,,0,
162371,69,,,,,,,,,,,,,,,,,,,,,,,,,,,,,,69,,83,,0,
162557,35,35,35,0,38,41,0,33,36,38,21,,14,27,,,,,,,,,,,,,,,,,39,,27,,35,
162584,52,47,58,0,50,50,,47,47,60,40,43,38,13,33,49,52,47,58,0,50,50,,47,47,60,40,43,38,13,45,45,57,57,58,58
162609,32,33,30,,,,,11,0,42,20,,,22,,,,,,,,,,,,,,,,,20,,44,,45,
162654,60,54,63,,50,52,0,58,61,62,58,50,67,,52,59,60,54,63,,50,52,0,58,61,62,58,50,67,,66,66,58,58,57,57
162690,36,38,35,33,44,44,,27,20,40,37,31,,17,,,,,,,,,,,,,,,,,34,,53,,37,
162706,38,40,37,,35,35,,26,38,40,37,63,56,22,,,,,,,,,,,,,,,,,30,,53,,41,
162760,55,48,61,100,63,63,,36,58,64,50,50,80,31,46,53,55,48,61,100,63,63,,36,58,64,50,50,80,31,48,48,50,50,71,71
162779,26,23,29,0,28,28,,20,21,32,35,18,34,22,,,,,,,,,,,,,,,,,25,,25,,27,
162830,86,,,,,,,,,,,,,,,,,,,,,,,,,,,,,,80,,88,,100,
162928,95,94,95,,97,97,50,94,93,93,93,98,92,3,87,93,95,94,95,,97,97,50,94,93,93,93,98,92,3,94,94,95,95,95,95
163028,64,66,54,67,73,78,33,56,73,73,63,63,,,,,,,,,,,,,,,,,,,60,,77,,70,
163046,80,77,83,,64,64,,73,78,82,88,100,60,17,76,80,80,77,83,,64,64,,73,78,82,88,100,60,17,73,73,79,79,83,83
163204,30,21,35,0,27,25,33,27,34,32,18,33,0,29,8,20,24,17,28,,25,29,0,29,32,18,10,25,,22,28,21,41,25,28,26
163268,71,66,76,0,77,76,100,68,65,70,70,53,69,14,48,65,70,66,74,0,74,74,100,67,65,69,70,53,67,14,68,67,67,65,73,72
163286,89,87,90,67,91,92,50,84,83,90,87,91,84,6,76,87,88,87,90,67,91,92,50,84,83,90,87,94,84,6,83,83,87,87,90,90
163295,71,68,72,0,71,71,,62,74,68,67,33,79,,52,68,71,68,72,0,71,71,,62,74,68,67,33,79,,59,59,72,72,76,76
163338,35,30,39,0,0,0,,35,37,38,34,,18,36,19,31,35,30,39,0,0,0,,35,37,38,34,,18,36,31,31,48,48,37,37
163347,39,,,,,,,,,,,,,,,,,,,,,,,,,,,,,,37,,58,,47,
163408,60,,,,,,,,,,,,,5,,,,,,,,,,,,,,,,,58,,71,,,
163426,27,26,29,25,31,31,50,21,27,31,24,0,38,22,,,,,,,,,,,,,,,,,29,,26,,26,
163453,42,36,45,50,100,100,,41,32,45,36,57,69,26,22,35,42,36,45,50,100,100,,41,32,45,36,57,69,26,38,38,40,40,53,53
163462,58,54,62,,53,50,67,47,55,67,41,25,67,36,49,57,58,54,62,,53,50,67,47,55,67,41,25,67,36,49,49,58,58,66,66
163532,44,44,,,,,,,,43,,,100,15,34,41,44,44,,,,,,,,43,,,100,15,33,33,,,46,46
163541,54,,,,,,,,,,,,,1,,,,,,,,,,,,,,,,,66,,17,,,
163578,52,,52,,67,67,,39,54,67,62,100,67,39,45,52,52,,52,,67,67,,39,54,67,62,100,67,39,48,48,51,51,76,76
163657,25,27,24,0,55,58,0,22,22,32,28,16,47,16,,,,,,,,,,,,,,,,,21,,15,,31,
163815,78,,,,,,,,,,,,,,,,,,,,,,,,,,,,,,78,,100,,0,
163851,67,64,70,54,71,71,50,60,56,70,43,75,63,23,49,65,67,64,70,54,71,71,50,60,56,70,43,75,63,23,61,61,63,63,72,72
163912,68,64,71,,50,55,0,44,52,73,82,50,100,23,58,67,68,64,71,,50,55,0,44,52,73,82,50,100,23,48,48,75,75,72,72
163976,67,70,65,,75,75,,25,64,69,71,,69,4,50,64,67,70,65,,75,75,,25,64,69,71,,69,4,60,60,59,59,84,84
164076,68,60,72,40,64,64,100,69,64,69,66,65,31,21,45,64,68,60,72,40,64,64,100,69,64,69,66,65,31,21,64,64,69,69,69,69
164155,92,91,95,100,93,93,88,78,88,94,91,100,87,,90,92,92,91,95,100,93,93,88,78,88,94,91,100,87,,,,,,92,92
164173,66,58,72,50,60,59,100,62,71,69,69,65,33,27,60,66,66,58,72,50,60,59,100,62,71,69,69,65,33,27,59,59,68,68,73,73
164216,74,72,76,67,69,69,,76,65,75,,86,67,22,66,74,74,72,76,67,69,69,,76,65,75,,86,67,22,75,75,74,74,74,74
164270,64,57,71,100,50,53,0,59,54,68,38,43,67,1,56,62,64,57,71,100,50,53,0,59,54,68,38,43,67,1,61,61,66,66,64,64
164313,27,30,25,100,36,13,100,15,13,33,16,50,0,24,,,,,,,,,,,,,,,,,14,,10,,41,
164368,66,60,77,,,,,,,,,52,68,,63,66,66,60,77,,,,,,,,,52,68,,,,,,66,66
164447,42,36,48,50,50,50,,40,39,46,27,29,71,,32,41,42,36,48,50,50,50,,40,39,46,27,29,71,,40,40,41,41,55,55
164465,93,91,96,100,94,94,,92,89,94,96,90,95,3,73,92,93,91,96,100,94,94,,92,89,94,96,90,95,3,94,94,90,90,94,94
164492,40,32,51,60,43,50,0,28,45,42,75,33,,,29,39,40,32,51,60,43,50,0,28,45,42,75,33,,,39,39,45,45,27,27
164535,50,,,,,,,,,,,,,,,,,,,,,,,,,,,,,,100,,,,0,
164562,75,70,78,100,76,76,,56,57,79,69,53,55,,71,75,75,70,78,100,76,76,,56,57,79,69,53,55,,61,61,80,80,77,77
164580,92,91,94,100,90,90,,96,97,90,94,88,94,,88,92,92,91,94,100,90,90,,96,97,90,94,88,94,,97,97,92,92,91,91
164614,44,0,67,,0,0,,,33,60,,,,11,13,13,25,0,40,,0,0,,,33,25,,,,13,50,20,,,33,33
164632,57,,57,0,43,43,,56,52,61,86,40,0,,51,56,57,,57,0,43,43,,56,52,61,86,40,0,,49,49,69,69,67,67
164739,88,85,93,,87,87,,76,83,90,89,91,84,8,79,88,88,85,93,,87,87,,76,83,90,89,91,84,8,86,86,90,90,88,88
164748,66,61,73,0,62,63,0,59,59,66,73,64,71,12,50,65,67,63,73,0,63,63,0,58,62,67,74,65,72,12,62,63,64,65,68,69
164775,23,25,21,,0,0,,9,17,26,29,25,,24,,,,,,,,,,,,,,,,,23,,27,,20,
164845,52,,,,,,,,,,,,,,,,,,,,,,,,,,,,,,44,,100,,60,
164872,38,60,25,,0,0,,0,0,29,0,,80,15,8,27,38,60,25,,0,0,,0,0,29,0,,80,15,20,20,0,0,60,60
164924,91,89,93,,90,90,,80,92,92,89,93,88,7,88,91,91,89,93,,90,90,,80,92,92,89,93,88,7,89,89,92,92,91,91
164988,90,87,92,,92,92,67,91,90,89,87,87,91,,83,88,90,87,92,,92,92,67,91,90,89,87,87,91,,90,90,91,91,90,90
165015,86,87,85,100,92,92,83,82,80,87,,76,84,7,78,85,86,87,85,100,92,92,83,82,80,87,,76,84,7,81,81,89,89,86,86
165024,55,45,62,0,48,48,,42,42,60,42,48,100,,34,51,55,45,62,0,48,48,,42,42,60,42,48,100,,49,49,59,59,58,58
165033,21,17,23,0,35,38,0,20,12,24,12,13,,7,,,,,,,,,,,,,,,,,22,,24,,17,
165060,0,,0,,,,,,,,,0,,100,,,,,,,,,,,,,,,,,0,,,,,
165112,19,17,21,0,16,16,,12,15,30,18,17,36,6,,,,,,,,,,,,,,,,,17,,,,21,
165167,13,17,0,,,,,,0,50,,,0,13,13,13,13,17,0,,,,,,0,50,,,0,13,0,0,0,0,17,17
165194,22,24,19,,36,30,100,16,18,23,12,0,,23,,,,,,,,,,,,,,,,,20,,27,,22,
165255,93,,,,,,,,,,,,,,,,,,,,,,,,,,,,,,100,,100,,87,
165334,77,73,80,,64,64,,70,71,80,76,61,86,15,71,76,77,73,80,,64,64,,70,71,80,76,61,86,15,71,71,72,72,83,83
165529,48,41,54,25,20,20,,27,33,55,39,57,25,35,43,48,48,41,54,25,20,20,,27,33,55,39,57,25,35,37,37,57,57,52,52
165556,57,,,,,,,,,,,,,,,,,,,,,,,,,,,,,,54,,74,,82,
165574,43,36,51,33,44,43,50,20,35,52,21,47,67,39,31,36,37,30,45,50,33,25,50,15,16,47,17,50,17,38,30,24,47,44,59,49
165608,71,,,,,,,,,,,,,29,,,,,,,,,,,,,,,,,60,,100,,100,
165635,84,82,100,100,100,100,,85,82,84,100,0,,,,,,,,,,,,,,,,,,,82,,89,,80,
165644,35,27,43,100,100,100,,18,30,42,13,,100,,27,32,35,27,43,100,100,100,,18,30,42,13,,100,,25,25,61,61,34,34
165662,79,79,79,,76,76,,83,81,79,76,77,78,,73,79,79,79,79,,76,76,,83,81,79,76,77,78,,75,75,79,79,81,81
165671,66,59,68,50,87,86,100,56,63,68,40,61,50,,59,65,66,59,68,50,87,86,100,56,63,68,40,61,50,,56,56,70,70,71,71
165699,75,69,79,0,90,90,,58,54,77,80,74,43,,72,75,75,69,79,0,90,90,,58,50,76,80,74,43,,65,65,79,79,76,75
165750,83,,,,,,,,,,,,,,,,,,,,,,,,,,,,,,78,,75,,100,
165802,28,27,30,,0,0,,36,31,38,0,25,35,42,23,30,31,29,33,,,,,50,45,39,0,24,35,42,25,26,31,31,37,41
165820,53,50,55,0,28,28,,52,40,57,50,60,50,29,38,50,53,50,55,0,28,28,,52,40,57,50,60,50,29,47,47,55,55,59,59
165866,50,39,57,50,47,47,,44,43,53,43,46,100,30,37,48,50,39,57,50,47,47,,44,43,53,43,46,100,30,47,47,57,57,47,47
165884,47,45,58,0,33,35,0,47,42,67,29,38,100,14,,,,,,,,,,,,,,,,,45,,40,,58,
165936,68,65,69,,53,56,0,50,54,72,40,50,75,,60,66,68,65,69,,53,56,0,50,54,72,40,50,75,,57,57,67,67,74,74
165981,22,19,25,,33,33,,20,25,22,0,33,,25,,,,,,,,,,,,,,,,,10,,29,,31,
166018,57,61,55,,60,60,,59,58,57,59,40,75,,51,57,57,61,55,,60,60,,59,58,57,59,40,75,,62,62,56,56,54,54
166027,97,97,98,100,99,99,100,97,96,98,98,96,94,0,66,94,97,97,98,100,99,99,100,97,96,98,98,96,94,0,96,96,100,100,98,98
166054,44,50,40,,,,,,100,50,,0,,56,44,44,44,50,40,,,,,,100,50,,0,,56,43,43,100,100,0,0
166124,90,88,91,50,75,75,,85,90,91,90,93,84,5,88,89,90,88,91,50,75,75,,85,90,91,90,93,84,5,89,89,92,92,88,88
166133,32,30,33,,46,46,,20,22,35,35,42,100,19,,,,,,,,,,,,,,,,,28,,35,,34,
166391,53,45,58,0,50,50,,38,43,58,33,70,45,33,49,52,53,45,58,0,50,50,,38,43,58,33,70,45,33,48,48,54,54,60,60
166452,62,56,63,,76,75,100,77,55,61,47,44,75,20,44,57,62,56,63,,76,75,100,77,55,61,47,44,75,20,53,53,68,68,64,64
166489,44,67,33,50,0,0,,,,50,,0,56,39,,,,,,,,,,,,,,,,,33,,,,47,
166498,63,,,,,,,,,,,,,,,,,,,,,,,,,,,,,,67,,100,,50,
166513,70,67,75,,73,73,50,69,64,71,62,72,59,,48,67,70,67,75,,73,73,50,69,64,72,62,72,59,,66,66,73,73,71,71
166629,83,81,86,67,84,84,50,77,77,84,81,84,82,11,76,82,83,81,86,67,84,84,50,77,78,85,81,84,82,11,78,78,84,85,85,85
166638,51,43,58,25,59,59,0,46,43,53,48,52,56,23,31,47,51,43,58,25,59,59,0,46,43,53,48,52,56,23,48,48,54,54,54,54
166647,16,19,11,,13,13,0,11,11,21,0,33,40,26,,,,,,,,,,,,,,,,,14,,10,,17,
166656,63,62,64,,63,64,33,63,52,65,56,62,67,21,49,59,64,66,64,,68,68,50,65,51,66,55,50,71,24,54,52,68,72,67,73
166674,69,60,72,0,77,76,100,48,55,72,67,100,67,,53,66,69,60,72,0,77,76,100,48,55,72,67,100,67,,57,57,77,77,74,74
166683,96,95,97,100,98,98,,95,91,96,94,97,99,,82,95,96,95,97,100,98,98,,95,91,96,94,97,99,,93,93,100,100,97,97
166692,79,78,86,67,100,100,,71,77,77,50,97,100,4,68,78,79,78,86,67,100,100,,71,77,77,50,97,100,4,82,82,80,80,78,78
166805,84,,,,,,,,,,,,,,,,,,,,,,,,,,,,,,100,,0,,67,
166823,24,23,24,50,27,27,,17,16,28,30,18,100,21,,,,,,,,,,,,,,,,,27,,29,,21,
166850,72,66,79,,62,62,,66,49,75,73,76,67,18,65,72,72,66,79,,62,62,,66,49,75,73,76,67,18,65,65,75,75,73,73
166887,23,22,24,0,21,21,,16,17,26,17,33,100,24,,,,,,,,,,,,,,,,,19,,28,,25,
166911,62,68,59,,100,100,,0,67,65,0,53,,,44,60,62,68,59,,100,100,,0,67,65,0,53,,,55,55,78,78,45,45
166939,85,,85,0,83,85,0,84,82,87,96,100,82,10,74,84,85,,85,0,83,85,0,84,82,87,96,100,82,10,81,81,87,87,86,86
166957,29,32,27,,43,43,,23,19,33,25,0,0,11,,,,,,,,,,,,,,,,,29,,36,,29,
167039,83,,,,,,,,,,,,,,,,,,,,,,,,,,,,,,80,,,,100,
167057,78,74,80,,80,80,,,,63,67,67,92,,64,76,78,74,80,,80,80,,,,63,67,67,92,,100,100,100,100,72,72
167260,64,54,87,,44,44,,39,43,70,56,,100,5,57,59,64,54,87,,44,44,,39,43,70,56,,100,5,61,61,72,72,45,45
167288,49,43,53,,83,100,0,53,50,47,38,70,,,39,48,49,43,53,,83,100,0,53,50,47,38,70,,,42,42,54,54,56,56
167297,96,95,100,,100,,100,100,100,95,100,,,,,,,,,,,,,,,,,,,,100,,89,,100,
167312,18,15,19,0,21,21,,16,10,23,18,0,,25,,,,,,,,,,,,,,,,,18,,13,,20,
167358,90,88,93,,93,93,,86,89,91,87,89,88,3,0,88,90,88,93,,93,93,,86,89,91,87,89,88,3,89,89,92,92,90,90
167376,19,18,20,0,18,18,,7,15,25,9,14,20,22,,,,,,,,,,,,,,,,,17,,26,,20,
167394,65,57,68,,67,67,,40,46,74,,63,,24,55,63,65,57,68,,67,67,,40,46,74,,63,,24,56,56,76,76,60,60
167525,17,17,16,0,21,21,,13,17,14,15,24,24,26,,,,,,,,,,,,,,,,,14,,11,,24,
167534,21,19,22,0,27,25,100,6,14,26,19,17,100,19,,,,,,,,,,,,,,,,,17,,29,,23,
167598,69,62,72,,38,38,,61,60,76,100,72,100,19,57,67,69,62,71,,38,38,,61,60,75,100,72,100,19,57,56,75,75,82,82
167631,10,7,14,,0,0,,16,6,10,0,0,0,,,,,,,,,,,,,,,,,,9,,0,,75,
167729,55,48,59,50,47,47,,42,56,59,38,24,58,,41,52,55,48,59,50,47,47,,42,56,59,38,24,58,,52,52,56,56,59,59
167783,71,,71,,80,80,,70,59,72,64,57,71,25,67,71,71,,71,,80,80,,70,59,72,64,57,71,25,63,63,71,71,80,80
167792,54,58,52,,67,64,100,53,0,49,43,36,83,24,,,,,,,,,,,,,,,,,51,,60,,53,
167835,90,100,90,100,92,92,,91,93,88,83,92,92,8,75,89,90,100,90,100,92,92,,91,93,88,83,92,92,8,92,92,89,89,89,89
167871,64,,,,,,,,,,,,,,,,,,,,,,,,,,,,,,65,,100,,53,
167899,68,61,75,67,76,75,100,48,50,72,57,68,67,,64,67,68,61,75,67,76,75,100,48,50,72,57,68,67,,51,51,73,73,77,77
167905,27,28,26,0,37,37,,26,22,35,22,18,0,14,,,,,,,,,,,,,,,,,23,,31,,33,
167987,49,43,57,,48,48,,41,36,54,49,44,67,35,35,46,49,43,57,,48,48,,41,36,54,49,44,67,35,44,44,51,51,54,54
167996,81,78,83,,54,54,,41,76,83,80,80,75,17,75,80,81,78,83,,54,54,,41,76,83,80,80,75,17,76,76,80,80,82,82
168005,60,58,62,50,73,73,,52,57,59,54,68,61,26,44,58,60,57,61,50,73,73,,52,57,59,54,67,61,26,53,53,67,67,61,61
168032,100,,,,,,,,,,,,,,,,,,,,,,,,,,,,,,100,,,,100,
168148,93,92,94,100,96,96,,92,91,94,94,90,91,5,86,92,93,92,94,100,96,96,,92,91,94,94,91,91,5,91,91,93,93,94,94
168218,91,,91,100,96,96,,92,85,91,77,100,95,0,80,90,91,,91,100,96,96,,92,85,91,77,100,95,0,86,86,91,91,93,93
168227,69,67,76,,63,63,,56,67,69,67,76,75,20,55,67,69,67,76,,63,63,,56,69,69,67,76,75,20,66,66,70,70,70,70
168254,64,62,68,50,81,83,67,39,47,68,52,92,46,25,59,63,64,62,68,50,81,83,67,39,47,68,52,92,46,25,49,49,71,71,69,69
168263,55,49,59,40,37,39,0,45,43,57,55,60,,29,44,53,55,49,59,40,37,39,0,45,43,57,55,60,,29,47,47,57,57,60,60
168281,76,76,76,,86,86,,65,75,77,68,84,62,16,69,75,76,76,76,,86,86,,65,75,77,68,84,62,16,84,84,85,85,67,67
168342,97,95,98,,97,97,,94,99,97,97,96,93,1,74,95,97,95,98,,97,97,,94,99,97,97,96,93,1,98,98,93,93,97,97
168421,88,86,92,83,95,95,,74,85,89,80,92,87,,83,88,88,86,92,83,95,95,,74,85,89,80,92,87,,81,81,92,92,88,88
168430,56,46,61,100,49,49,,27,49,60,45,53,50,27,40,53,56,46,61,100,49,49,,27,49,60,45,53,50,27,50,50,57,57,59,59
168528,56,49,63,40,50,0,100,35,53,61,55,42,74,23,44,53,53,46,60,40,50,0,100,29,47,58,55,42,74,23,44,41,59,55,67,65
168546,57,49,64,0,60,67,0,45,32,66,54,84,100,,46,56,57,49,64,0,60,67,0,45,32,66,54,84,100,,47,47,66,66,70,70
168555,69,,,,,,,,,,,,,,,,,,,,,,,,,,,,,,65,,100,,,
168573,75,,,,,,,,,,,,,,,,,,,,,,,,,,,,,,73,,86,,79,
168591,64,54,71,67,83,100,0,33,50,66,58,50,60,,51,62,64,54,71,67,83,100,0,33,50,66,58,50,60,,53,53,66,66,72,72
168607,50,49,52,50,33,33,,0,33,52,0,50,,14,33,33,33,50,0,,,,,,,33,,,,,45,0,40,100,65,
168740,66,57,75,100,70,71,0,73,59,61,69,33,68,9,50,62,66,57,75,100,70,71,0,73,59,61,69,33,68,9,60,60,62,62,69,69
168786,63,63,62,100,60,75,0,43,70,63,56,57,50,26,43,60,62,63,62,100,60,75,0,43,70,63,56,57,38,26,55,55,61,61,69,68
168847,31,40,27,,14,14,,21,21,34,19,27,,29,16,24,25,22,27,,0,0,,0,11,30,14,0,,34,26,22,42,30,37,34
168883,21,30,12,33,0,0,,0,43,20,50,0,,19,,,,,,,,,,,,,,,,,15,,67,,19,
168892,78,,,,,,,,,,,,,,,,,,,,,,,,,,,,,,75,,,,100,
169080,77,70,84,100,86,86,,69,70,78,58,75,81,13,65,75,77,70,84,100,86,86,,69,70,78,58,75,81,13,65,65,81,81,81,81
169187,100,,100,,,,,,,100,,,,,,,,,,,,,,,,,,,,,100,,,,,
169248,62,56,66,28,60,62,33,46,58,65,53,75,79,,39,58,62,56,66,28,60,62,33,46,58,65,53,75,79,,51,51,64,64,72,72
169275,15,8,18,0,0,0,0,15,13,15,50,11,,13,,,,,,,,,,,,,,,,,17,,10,,13,
169284,60,,,,,,,,,,,,,,,,,,,,,,,,,,,,,,54,,77,,100,
169327,39,41,38,,,,,17,100,48,,0,100,,31,34,34,40,29,,,,,0,100,42,,0,100,,14,8,50,43,64,60
169363,50,42,61,50,100,100,,27,55,55,36,50,0,,18,34,49,42,58,50,100,100,,27,55,54,36,25,0,,44,44,51,51,57,52
169442,70,62,75,,67,67,,54,100,69,67,83,50,9,45,66,70,62,75,,67,67,,54,100,69,67,83,50,9,67,67,75,75,65,65
169479,50,44,57,50,42,50,0,17,49,56,21,47,68,,37,48,51,45,60,50,38,43,0,13,46,57,21,50,76,,40,41,56,55,60,64
169503,83,,,,,,,,,,,,,,,,,,,,,,,,,,,,,,77,,92,,100,
169521,17,15,18,0,0,0,,8,7,18,13,20,0,22,,,,,,,,,,,,,,,,,13,,18,,20,
169576,100,,,,,,,,,,,,,,,,,,,,,,,,,,,,,,100,,100,,,
169655,64,64,62,75,71,77,50,43,71,70,57,60,,1,,,,,,,,,,,,,,,,,58,,76,,68,
169716,68,65,70,67,75,75,,47,68,72,54,85,48,21,53,66,68,65,70,67,75,75,,47,68,72,54,85,48,21,62,62,72,72,71,71
169761,38,0,40,,0,0,,37,,50,50,,,,,,,,,,,,,,,,,,,,37,,75,,29,
169798,45,40,49,44,52,53,33,29,37,53,38,40,39,,23,40,45,40,49,44,52,53,33,29,37,53,38,40,39,,37,37,45,45,56,56
169813,33,,,,,,,,,,,,,,,,,,,,,,,,,,,,,,0,,,,44,
169910,48,46,50,0,33,35,0,18,37,53,40,40,59,9,31,50,54,45,62,0,18,18,,24,58,56,50,33,56,9,37,43,54,56,59,60
169974,37,37,36,0,,,,23,33,39,40,,,20,,,,,,,,,,,,,,,,,24,,67,,45,
169983,71,67,84,,44,44,,73,68,72,55,90,80,,16,62,71,67,84,,44,44,,73,68,72,55,90,80,,59,59,78,78,71,71
169992,32,27,37,0,,,,0,0,35,67,13,100,17,,,,,,,,,,,,,,,,,31,,18,,38,
170000,43,44,42,100,0,0,,30,25,49,100,25,,,23,41,46,44,49,,0,0,,33,33,54,100,0,,,34,38,46,42,70,90
170037,62,62,61,,50,50,,38,56,62,0,,82,,56,64,66,65,66,,50,50,,38,64,67,0,,82,,45,55,69,69,75,74
170055,18,17,20,11,14,13,33,11,19,21,18,12,,25,,,,,,,,,,,,,,,,,16,,17,,20,
170082,69,64,72,50,72,73,50,48,60,70,68,75,51,13,45,64,69,64,72,50,72,73,50,48,60,70,68,75,51,13,59,59,69,69,74,74
170091,26,17,29,,100,100,,0,0,43,,,,,22,22,22,17,24,,100,100,,0,0,36,,,,,23,23,50,50,33,0
170240,11,7,13,0,9,10,0,5,13,13,7,11,10,30,,,,,,,,,,,,,,,,,9,,8,,14,
170286,85,81,89,,,,,,,,,85,,7,72,85,85,81,89,,,,,,,,,85,,7,,,,,85,85
170301,82,80,84,,58,58,,69,65,85,79,100,100,12,69,81,82,80,84,,58,58,,69,65,85,79,100,100,12,76,76,82,82,85,85
170444,17,11,22,50,45,45,,6,17,20,7,21,50,30,,,,,,,,,,,,,,,,,12,,19,,26,
170532,82,79,83,,77,77,,76,75,85,94,67,89,,72,80,82,79,83,,77,77,,76,75,85,94,67,89,,76,76,89,89,80,80
170541,23,19,26,0,18,20,0,19,13,26,25,15,13,16,,,,,,,,,,,,,,,,,21,,22,,24,
170550,26,19,30,0,33,33,,5,20,28,19,28,0,12,,,,,,,,,,,,,,,,,22,,50,,26,
170587,26,36,18,50,,,,,33,26,0,,,16,,,,,,,,,,,,,,,,,18,,0,,44,
170611,75,,,,,,,,,,,,,2,,,,,,,,,,,,,,,,,77,,75,,0,
170620,22,19,24,50,29,29,,9,17,25,27,0,,19,,,,,,,,,,,,,,,,,15,,17,,27,
170639,57,56,58,54,100,100,,50,22,57,,55,85,21,38,51,56,55,57,48,100,100,,0,29,56,,60,85,21,42,41,66,66,68,65
170657,23,22,23,0,20,20,,14,18,25,15,20,14,23,,,,,,,,,,,,,,,,,19,,38,,24,
170675,63,61,70,0,83,83,,32,40,68,45,55,64,24,25,25,62,60,70,0,83,83,,32,40,68,45,55,64,24,48,48,62,61,73,73
170736,93,,,,,,,,,,,,,,,,,,,,,,,,,,,,,,100,,75,,,
170790,16,15,17,0,15,15,,12,9,18,15,12,18,25,,,,,,,,,,,,,,,,,15,,12,,17,
170806,58,37,71,,100,100,,11,63,68,45,,50,25,39,55,58,36,71,,100,100,,8,63,68,47,,50,25,41,40,63,62,74,74
170967,41,33,51,0,0,0,,28,17,48,57,,33,,23,36,41,33,49,0,0,0,,28,17,47,57,,33,,35,33,39,39,53,53
170976,93,92,94,91,96,96,100,86,88,94,92,94,93,,82,92,93,92,94,91,96,96,100,86,88,94,92,94,93,,89,89,92,92,94,94
171012,50,50,,,,,,100,,,0,,,,,,,,,,,,,,,,,,,,50,,,,,
171100,82,80,85,83,85,85,80,65,69,85,81,86,79,10,65,80,83,80,85,83,85,85,80,65,69,86,81,85,79,10,73,73,85,85,84,85
171128,69,67,72,25,68,68,,78,57,69,71,50,78,20,34,65,69,67,72,25,68,68,,78,57,69,71,50,78,20,59,59,66,66,75,75
171137,57,53,62,25,61,60,83,41,60,57,54,67,58,27,30,50,56,53,62,25,61,60,83,41,60,57,54,67,50,27,49,49,62,62,62,62
171146,45,41,47,50,0,0,,24,35,52,24,14,60,,20,38,45,41,47,50,0,0,,24,35,52,24,14,60,,38,38,43,43,54,54
171155,18,19,17,50,0,0,,6,6,20,0,,33,14,,,,,,,,,,,,,,,,,14,,13,,24,
171225,31,21,38,33,0,0,,0,0,33,33,35,,21,,,,,,,,,,,,,,,,,31,,0,,33,
171234,27,21,30,,,,,,100,21,,29,,25,,,,,,,,,,,,,,,,,26,,0,,31,
171304,31,30,31,50,17,17,,13,26,33,27,25,11,25,,,,,,,,,,,,,,,,,28,,14,,33,
171395,24,27,22,0,100,100,,0,0,25,36,,0,22,,,,,,,,,,,,,,,,,26,,0,,25,
171456,51,49,52,27,29,33,0,28,35,53,44,56,75,,33,49,53,50,57,25,0,0,,33,33,55,48,50,75,,41,39,58,59,57,60
171483,25,24,26,14,33,33,,0,10,26,35,17,100,23,63,70,70,67,100,0,,,,,50,73,100,100,,4,20,88,27,100,29,53
171492,61,54,75,,25,25,,25,67,70,43,33,57,28,51,60,61,54,75,,25,25,,25,67,70,43,33,57,28,40,40,67,67,71,71
171535,19,20,17,0,23,23,0,10,11,20,20,19,31,25,,,,,,,,,,,,,,,,,14,,15,,22,
171571,57,53,60,25,50,50,100,36,47,61,48,41,80,26,34,51,57,53,60,25,50,50,100,36,47,61,48,41,80,26,50,50,49,49,64,64
171599,37,30,48,,67,50,100,16,21,48,18,33,67,15,28,35,37,30,48,,67,50,100,16,21,48,18,33,67,15,31,31,45,45,,
171775,68,,,,,,,,,,,,,,,,,,,,,,,,,,,,,,17,,0,,86,
171881,54,56,53,,0,0,,,100,45,0,100,100,,40,44,52,50,53,,0,0,,,100,41,0,100,100,,100,100,33,33,47,50
171988,66,,,,,,,,,,,,,,,,,,,,,,,,,,,,,,69,,44,,67,
171997,58,,,,,,,,,,,,,,,,,,,,,,,,,,,,,,56,,100,,67,
172015,56,,,,,,,,,,,,,,,,,,,,,,,,,,,,,,49,,93,,100,
172033,67,67,,,,,,,,100,,0,100,,67,67,67,67,,,,,,,,100,,0,100,,,,,,67,67
172051,54,45,59,50,55,55,,28,55,58,54,48,38,,19,46,54,45,59,50,55,55,,28,55,58,54,48,38,,43,43,58,58,61,61
172200,15,13,18,0,25,24,50,4,13,16,21,21,10,37,,,,,,,,,,,,,,,,,13,,17,,17,
172264,51,44,58,,0,0,0,41,24,59,33,75,25,24,33,48,51,44,59,,0,0,0,41,25,59,33,75,25,24,37,37,58,58,75,76
172291,32,25,36,18,,,,0,27,33,36,0,,25,,,,,,,,,,,,,,,,,27,,18,,36,
172307,27,29,26,67,50,50,,15,27,32,20,10,,18,,,,,,,,,,,,,,,,,21,,27,,36,
172334,60,59,60,0,25,25,,25,57,66,44,50,,29,43,58,59,58,60,0,25,25,,25,57,65,44,50,,29,53,52,55,55,73,73
172422,100,,,,,,,,,,,,,,,,,,,,,,,,,,,,,,100,,,,100,
172495,44,,,,,,,,,,,,,,,,,,,,,,,,,,,,,,73,,,,33,
172617,30,27,33,0,35,35,,19,24,34,20,8,55,21,,,,,,,,,,,,,,,,,23,,47,,34,
172635,23,22,25,,60,75,0,18,0,28,36,13,,20,,,,,,,,,,,,,,,,,25,,0,,22,
172644,57,53,59,25,74,75,50,31,45,62,37,56,74,23,33,51,57,53,59,25,74,75,50,31,45,62,37,56,74,23,53,53,53,53,62,62
172671,30,25,34,0,100,100,,0,17,31,100,100,,23,,,,,,,,,,,,,,,,,25,,33,,34,
172680,63,,,,,,,,,,,,,,,,,,,,,,,,,,,,,,54,,100,,63,
172699,58,53,62,30,62,66,20,44,49,62,40,45,67,25,29,51,58,53,62,30,62,66,20,44,49,62,40,45,67,25,48,48,57,57,66,66
172866,100,100,100,,100,100,,,100,100,,,,,67,67,67,80,0,,0,0,,,100,75,,,,,100,100,100,0,,
172918,61,62,57,67,100,100,,0,38,62,45,100,,12,,,,,,,,,,,,,,,,,56,,53,,66,
172954,56,60,38,0,67,80,0,33,50,58,30,100,,10,,,,,,,,,,,,,,,,,44,,50,,62,
172963,24,15,30,0,27,27,,9,30,25,35,100,100,36,,,,,,,,,,,,,,,,,22,,24,,26,
173045,52,51,53,100,52,52,,54,50,54,46,50,46,3,41,50,52,51,53,100,52,52,,54,50,54,46,50,46,3,52,52,53,53,54,54
173063,53,54,51,,71,71,,23,31,63,45,100,0,11,,,,,,,,,,,,,,,,,46,,78,,57,
173115,50,57,33,20,,,,0,0,60,17,,,19,,,,,,,,,,,,,,,,,41,,43,,65,
173124,53,46,60,11,13,13,,40,30,57,33,64,50,28,37,49,52,45,58,11,13,13,,40,30,55,33,64,50,28,41,40,57,56,60,58
173142,60,61,58,,100,100,,33,40,61,67,,50,20,43,58,60,61,58,,100,100,,33,40,61,67,,50,20,62,62,64,64,54,54
173160,75,74,76,50,75,75,,44,59,78,71,79,67,,64,74,75,73,75,50,75,75,,39,59,77,71,71,67,,69,68,74,74,81,80
173203,48,53,40,17,100,100,,0,40,50,38,67,,11,,,,,,,,,,,,,,,,,45,,53,,49,
173258,91,90,93,,86,86,,77,89,94,85,88,91,,83,90,91,90,93,,86,86,,77,89,94,85,88,91,,89,89,90,90,92,92
173300,72,65,76,33,67,67,,64,50,74,57,46,58,20,62,70,72,65,76,33,67,67,,64,50,74,57,46,58,20,63,63,70,70,79,79
173328,59,53,65,33,40,41,0,47,50,67,86,100,67,30,45,56,58,53,63,33,40,41,0,47,41,66,86,100,67,30,46,43,61,61,80,80
173416,45,49,36,100,55,55,,33,31,48,28,58,,16,,,,,,,,,,,,,,,,,44,,55,,45,
173452,71,63,81,,75,75,,50,67,73,0,,75,,46,67,71,63,81,,75,75,,50,67,73,0,,75,,77,77,71,71,67,67
173461,38,34,43,25,20,25,0,14,42,40,24,,25,21,,,,,,,,,,,,,,,,,32,,45,,41,
173559,46,49,43,33,27,30,0,13,30,52,21,63,,44,,,,,,,,,,,,,,,,,38,,53,,52,
173638,47,50,40,100,75,75,,18,29,55,43,0,0,14,,,,,,,,,,,,,,,,,41,,52,,52,
173647,76,70,80,,77,76,100,69,61,77,81,60,70,18,63,75,76,70,80,,77,76,100,69,61,77,81,60,70,18,70,70,77,77,78,78
173665,58,56,59,50,48,47,100,40,43,67,59,50,40,,48,56,58,56,59,50,48,47,100,40,43,67,59,50,40,,53,53,63,63,59,59
173708,44,46,38,0,50,50,,21,71,46,43,100,0,12,,,,,,,,,,,,,,,,,48,,46,,40,
173735,42,43,40,11,50,50,,24,45,46,29,100,33,13,,,,,,,,,,,,,,,,,35,,35,,49,
173744,57,,,,,,,,,,,,,,,,,,,,,,,,,,,,,,50,,88,,51,
173799,19,19,19,,22,22,,10,7,26,13,0,,35,,,,,,,,,,,,,,,,,16,,33,,19,
173902,90,88,92,,93,93,,96,91,89,89,0,95,3,82,89,90,88,92,,93,93,,96,91,89,89,0,95,3,93,93,88,88,91,91
173911,29,32,24,0,33,33,,20,28,32,0,33,,23,,,,,,,,,,,,,,,,,26,,25,,32,
173920,54,49,58,29,41,41,,36,48,58,44,38,45,31,33,48,54,49,57,29,41,41,,35,48,58,44,38,45,31,44,44,58,56,58,58
174020,38,27,45,,52,52,,27,0,36,0,0,20,33,19,33,38,27,45,,52,52,,27,0,36,0,0,20,33,44,44,31,31,11,11
174066,85,83,86,67,83,83,100,78,83,86,84,81,85,8,74,83,85,83,86,67,83,83,100,78,83,86,84,81,85,8,76,76,81,81,88,88
174075,50,33,65,,0,0,,18,10,61,11,100,9,34,40,49,50,33,65,,0,0,,18,10,61,11,100,9,34,44,44,56,56,53,53
174127,69,60,72,33,56,50,100,33,83,71,,78,100,12,60,68,69,60,72,33,56,50,100,33,83,71,,78,100,12,76,76,63,63,69,69
174136,17,19,15,17,17,17,,9,13,25,23,30,25,28,,,,,,,,,,,,,,,,,14,,26,,19,
174154,74,40,79,100,100,100,,57,100,86,50,57,,,33,40,40,25,45,100,100,100,,0,,50,0,33,,,65,36,60,0,100,100
174190,81,,,,,,,,,,,,,,,,,,,,,,,,,,,,,,86,,78,,73,
174233,64,65,64,44,48,47,100,47,63,66,61,50,62,26,46,62,64,65,64,44,48,47,100,47,63,66,61,50,62,26,58,58,63,63,68,68
174251,62,60,64,52,53,53,,58,32,69,62,50,17,24,47,59,62,60,64,52,53,53,,58,32,69,62,50,17,24,57,57,61,61,67,67
174321,61,,,,,,,,,,,,,,,,,,,,,,,,,,,,,,39,,91,,87,
174358,55,45,60,50,36,44,0,33,43,57,46,75,45,26,36,49,54,44,59,50,36,44,0,33,40,56,46,63,45,26,46,45,57,56,60,59
174376,16,11,21,,15,14,100,9,3,26,12,0,20,39,,,,,,,,,,,,,,,,,11,,9,,23,
174428,19,19,19,0,28,28,,15,14,21,9,33,50,35,,,,,,,,,,,,,,,,,20,,15,,18,
174437,64,60,66,,55,44,100,43,73,68,54,44,,,57,62,62,60,64,,55,44,100,43,73,66,54,44,,,49,49,67,67,77,73
174473,48,49,47,33,25,25,,44,45,50,23,0,100,16,,,,,,,,,,,,,,,,,40,,46,,57,
174491,68,61,75,0,33,33,,50,56,72,56,50,50,,60,66,67,59,73,0,33,33,,50,50,71,50,50,50,,64,62,70,69,71,70
174507,100,,100,,,,,,,100,,100,,,,,,,,,,,,,,,,,,,100,,100,,,
174525,31,20,38,0,0,0,,0,33,42,50,,,,12,12,12,29,0,0,,,,0,0,13,50,,,,29,14,0,0,100,0
174570,40,38,43,100,,,,33,17,41,50,0,,17,,,,,,,,,,,,,,,,,33,,40,,49,
174738,26,27,25,50,20,20,,9,9,34,26,0,0,26,,,,,,,,,,,,,,,,,23,,31,,28,
174747,83,,83,67,72,72,,79,66,85,,,94,,79,83,83,,83,67,72,72,,79,66,85,,,94,,74,74,85,85,87,87
174756,42,47,34,,25,25,,19,19,48,46,100,,17,,,,,,,,,,,,,,,,,34,,38,,49,
174783,47,42,51,0,38,38,,37,31,51,31,80,56,31,27,41,46,42,49,0,36,36,,37,29,50,30,80,56,31,40,39,47,45,54,53
174792,76,76,,50,89,94,0,67,62,78,,,71,,66,75,76,76,,50,89,94,0,67,62,78,,,71,,70,70,74,74,80,80
174817,68,65,70,0,70,67,100,54,54,70,0,88,75,,62,67,68,65,70,0,70,67,100,54,54,70,0,88,75,,58,58,69,69,74,74
174844,84,77,88,,85,85,100,75,75,83,83,80,90,12,79,83,84,77,88,,85,85,100,75,75,83,83,80,90,12,79,79,81,81,86,86
174862,64,54,78,0,50,50,,11,67,72,33,,100,23,56,62,63,51,78,0,50,50,,11,60,71,33,,100,23,59,58,70,69,67,64
174899,63,53,68,0,33,33,,70,42,66,41,,73,24,54,62,63,53,68,0,33,33,,70,42,66,41,,73,24,50,50,66,66,71,71
174914,75,75,75,50,82,82,,52,61,78,59,84,67,17,69,76,77,76,78,50,81,81,,56,62,79,65,90,63,16,65,69,74,74,80,80
174978,65,,,,,,,,,,,,,,,,,,,,,,,,,,,,,,54,,100,,100,
175005,65,,65,,70,70,,39,55,73,42,80,50,29,51,61,64,,64,,68,68,,39,53,72,42,80,50,30,52,51,76,75,81,81
175014,53,42,56,,38,29,100,43,38,58,60,54,,,0,0,0,0,0,,0,0,,,,0,,,,,58,0,56,0,31,0
175041,32,38,27,0,36,36,,19,31,45,40,33,25,24,,,,,,,,,,,,,,,,,26,,33,,46,
175078,44,38,49,0,30,33,0,22,36,50,31,25,20,35,29,40,43,36,48,0,20,22,0,22,36,49,23,25,20,35,36,34,50,50,48,47
175120,55,,,,,,,,,,,,,,,,,,,,,,,,,,,,,,66,,,,32,
175227,63,62,67,50,71,71,,29,39,67,63,50,,12,54,54,79,78,80,,100,100,,,100,76,,,,11,49,67,69,73,73,91
175236,45,42,48,0,33,33,,23,29,49,63,25,50,10,,,,,,,,,,,,,,,,,37,,33,,54,
175263,51,49,56,,0,0,,0,40,57,27,100,100,11,,,,,,,,,,,,,,,,,47,,52,,56,
175272,61,55,64,33,38,36,100,35,53,63,49,67,63,28,45,58,60,54,63,33,38,36,100,30,53,62,49,67,63,28,52,51,63,63,65,63
175315,21,19,23,0,16,16,,9,18,26,25,17,33,29,,,,,,,,,,,,,,,,,19,,14,,24,
175342,46,39,51,0,,,,44,43,31,,,87,,35,44,45,39,50,0,,,,44,29,31,,,87,,42,41,61,59,60,59
175421,51,41,59,,,,,42,36,60,57,25,,,37,50,51,41,59,,,,,42,38,60,57,25,,,52,52,37,37,70,70
175430,51,39,64,0,0,0,,60,100,52,25,,33,36,44,50,51,39,64,0,0,0,,60,100,52,25,,33,36,44,44,64,64,55,55
175494,75,,,,,,,,,,,,,,,,,,,,,,,,,,,,,,100,,,,61,
175519,38,31,45,50,,,,39,100,19,0,,0,13,,,,,,,,,,,,,,,,,39,,,,33,
175573,52,48,54,,33,50,0,44,61,57,33,45,,15,,,,,,,,,,,,,,,,,46,,50,,59,
175616,47,42,51,,0,0,,37,38,51,50,20,69,,31,44,47,42,51,,0,0,,37,38,51,50,20,69,,41,41,36,36,57,57
175643,39,38,41,21,33,33,,29,68,46,31,71,75,14,,,,,,,,,,,,,,,,,36,,27,,60,
175652,42,44,39,42,100,100,,31,50,50,0,69,,16,,,,,,,,,,,,,,,,,37,,7,,66,
175698,78,,,,,,,,,,,,,,,,,,,,,,,,,,,,,,86,,,,0,
175722,73,,,,,,,,,,,,,,,,,,,,,,,,,,,,,,71,,,,75,
175786,42,42,43,0,25,25,,41,52,44,46,41,,9,,,,,,,,,,,,,,,,,33,,21,,64,
175810,45,47,44,,55,55,,38,67,51,52,100,,,,,,,,,,,,,,,,,,,42,,47,,51,
175829,45,43,47,33,83,83,,30,37,52,31,71,,15,,,,,,,,,,,,,,,,,41,,54,,52,
175856,32,25,37,0,50,50,,33,17,32,35,,20,,19,30,32,25,37,0,50,50,,33,17,32,35,,20,,42,42,44,44,16,16
175883,36,42,30,57,83,83,,26,0,42,29,100,,17,,,,,,,,,,,,,,,,,35,,22,,38,
175935,44,52,39,75,50,50,,33,56,53,53,32,,,,,,,,,,,,,,,,,,,40,,44,,52,
175980,55,49,61,50,67,75,0,50,6,64,,40,57,,58,60,60,53,65,50,75,75,,50,50,64,,40,57,,46,46,63,63,58,68
176008,30,37,25,0,100,100,,24,47,42,,33,,3,,,,,,,,,,,,,,,,,30,,,,29,
176017,68,64,72,45,76,74,100,52,58,71,57,,93,,55,66,68,64,72,45,76,74,100,52,58,71,57,,93,,55,55,67,67,76,76
176035,38,29,41,20,50,50,,41,0,38,,,0,,24,35,37,29,41,20,50,50,,41,0,37,,,0,,34,34,43,39,45,45
176044,22,15,29,,0,,0,22,25,38,25,23,,,14,20,22,15,29,,0,,0,22,25,38,25,23,,,19,19,53,53,30,30
176053,63,62,64,75,83,83,,38,64,66,,,64,28,54,62,63,62,64,75,83,83,,38,64,66,,,64,28,53,53,53,53,71,71
176062,85,,,,,,,,,,,,,,,,,,,,,,,,,,,,,,80,,100,,100,
176071,47,45,49,56,58,64,0,40,45,49,48,51,,13,,,,,,,,,,,,,,,,,43,,42,,54,
176080,63,59,66,33,75,75,,41,48,71,50,50,47,,43,59,63,59,66,33,75,75,,41,48,71,50,50,47,,49,49,62,62,72,72
176169,35,32,38,50,100,100,,24,41,39,29,40,,43,,,,,,,,,,,,,,,,,12,,0,,80,
176178,42,41,44,25,23,18,50,40,42,45,17,43,,16,,,,,,,,,,,,,,,,,37,,46,,50,
176239,35,39,32,50,100,100,,31,26,38,,37,,14,,,,,,,,,,,,,,,,,34,,39,,38,
176318,27,23,30,,,,,25,,,,41,0,,24,26,27,23,30,,,,,25,,,,41,0,,25,25,57,57,50,50
176336,100,100,100,,,,,100,,100,,,,,20,20,60,100,0,,,,,100,,50,,,,,100,60,,,,
176354,40,39,41,33,100,100,,30,8,50,35,,,19,,,,,,,,,,,,,,,,,36,,,,50,
176372,51,42,55,29,63,63,,36,55,59,45,53,66,,34,47,51,42,55,29,63,63,,36,55,59,45,53,66,,41,41,55,55,62,62
176406,32,23,37,,,,,32,100,,,,,26,30,31,31,22,37,,,,,31,100,,,,,26,36,35,0,0,,
176433,100,,,,,,,,,,,,,,,,,,,,,,,,,,,,,,100,,,,,
176479,41,36,44,0,0,0,,19,50,48,0,,38,,32,40,41,36,44,0,0,0,,19,50,48,0,,38,,34,34,50,50,45,45
176628,43,33,51,100,71,83,0,31,57,43,40,,0,39,26,41,43,33,51,100,71,83,0,31,57,43,40,,0,39,39,39,56,56,38,38
176664,38,47,29,,,,,25,50,39,,,,24,24,35,35,47,24,,,,,25,50,36,,,,24,35,30,25,25,67,67
176716,75,,,,,,,,,,,,,,,,,,,,,,,,,,,,,,57,,100,,88,
176770,100,,100,,,,,,,100,,,,,0,100,100,,100,,,,,,,100,,,,,100,100,,,,
176789,53,43,65,,100,100,,0,0,61,0,,,5,35,47,47,33,63,,0,0,,0,0,59,0,,,6,60,47,50,50,43,45
176798,81,100,80,100,,,,100,100,72,,,,,,,,,,,,,,,,,,,,,100,,100,,53,
176910,41,32,48,0,,,,50,0,40,100,0,,39,21,33,33,8,50,0,,,,0,0,38,50,,,36,32,30,22,29,100,50
176947,53,52,53,0,50,50,,53,33,54,50,50,41,32,44,54,54,54,55,0,50,50,,53,33,57,50,50,41,32,50,51,54,57,55,57
176965,49,43,55,0,63,62,67,31,39,54,33,47,71,24,36,47,49,43,55,0,63,62,67,31,39,54,33,47,71,24,39,39,49,49,59,59
176983,89,,,,,,,,,,,,,,,,,,,,,,,,,,,,,,77,,,,100,
177038,33,50,0,,,,,,,50,,0,,,33,33,33,50,0,,,,,,,50,,0,,,,,,,33,33
177065,45,42,48,50,60,60,,29,42,48,43,75,60,,30,40,42,38,45,,75,75,,29,28,43,54,75,40,,40,36,42,38,54,50
177083,64,64,,,,,,,60,67,,,,,64,64,64,64,,,,,,,60,67,,,,,60,60,100,100,63,63
177117,61,,61,100,,,,67,78,58,67,,57,,38,47,47,,47,0,,,,67,13,49,67,,67,,60,47,64,33,62,53
177135,43,42,44,38,28,38,0,76,39,44,46,43,17,13,,,,,,,,,,,,,,,,,40,,41,,48,
177144,50,41,60,50,0,,0,39,36,56,20,,56,30,43,50,50,41,60,50,0,,0,39,36,56,20,,56,30,44,44,58,58,54,54
177214,66,55,72,100,86,83,100,54,71,66,76,,47,,43,64,66,55,72,100,86,83,100,54,71,66,76,,47,,60,60,65,65,71,71
177250,38,40,37,0,33,33,33,20,29,39,40,0,,17,,,,,,,,,,,,,,,,,31,,50,,44,
177302,53,52,56,30,71,80,50,38,58,58,42,29,,0,,,,,,,,,,,,,,,,,100,,100,,5,
177339,65,55,72,,60,75,0,47,62,66,62,57,100,,54,60,64,55,71,,60,75,0,47,59,66,62,57,100,,46,43,41,41,90,90
177418,57,52,61,100,67,50,100,56,,57,33,50,64,,44,55,57,52,61,100,67,50,100,56,,57,33,50,64,,53,53,47,47,69,69
177436,40,,,,,,,,,,,,,,,,,,,,,,,,,,,,,,50,,0,,,
177472,32,28,35,20,37,41,17,30,20,34,20,24,,18,,,,,,,,,,,,,,,,,29,,23,,37,
177542,44,40,49,0,100,,100,50,33,46,33,,32,30,31,39,39,40,39,0,100,,100,42,33,40,33,,32,32,41,31,23,18,58,56
177551,27,18,32,,100,100,,25,50,27,38,46,0,33,14,22,27,18,32,,100,100,,25,50,27,38,46,0,33,25,25,33,33,40,40
177588,35,,,,,,,,,,,,,,,,,,,,,,,,,,,,,,38,,,,0,
177603,70,,,,,,,,,,,,,,,,,,,,,,,,,,,,,,75,,,,50,
177676,32,34,31,0,40,40,,5,41,33,14,,0,15,,,,,,,,,,,,,,,,,22,,40,,39,
177685,76,,,,,,,,,,,,,,,,,,,,,,,,,,,,,,82,,75,,50,
177746,65,56,68,,60,60,,50,50,71,50,67,,16,53,63,65,56,68,,60,60,,50,50,71,50,67,,16,59,59,63,63,75,75
177931,100,,,,,,,,,,,,,,,,,,,,,,,,,,,,,,100,,100,,,
177940,22,18,27,100,0,,0,20,43,35,0,17,0,30,10,17,22,18,26,100,0,,0,20,43,34,0,18,0,30,22,22,26,23,22,22
177968,50,45,56,20,53,36,75,35,54,57,22,34,53,30,37,48,50,45,56,20,53,36,75,35,54,57,22,34,53,30,40,40,51,51,56,56
177977,79,78,83,80,100,100,,50,72,80,73,50,,1,,,,,,,,,,,,,,,,,76,,79,,81,
177986,0,0,0,,,,,,0,,,0,,43,0,0,0,0,0,,,,,,0,,,0,,43,0,0,0,0,0,0
177995,29,27,31,50,30,34,11,17,27,33,19,50,22,18,,,,,,,,,,,,,,,,,25,,17,,32,
178059,72,69,73,,80,80,,53,57,73,83,83,60,20,61,70,72,69,73,,80,80,,53,57,73,83,83,60,20,60,60,80,80,73,73
178077,77,,,,,,,,,,,,,,,,,,,,,,,,,,,,,,71,,100,,78,
178183,65,80,64,,75,67,100,71,57,62,100,100,,,,,,,,,,,,,,,,,,,70,,,,55,
178208,70,60,80,100,,,,,100,69,,50,,17,33,60,67,60,73,100,,,,,100,65,,50,,17,42,42,100,100,86,79
178217,42,40,44,50,100,100,,23,50,44,33,29,41,15,,,,,,,,,,,,,,,,,38,,37,,47,
178244,48,40,60,33,57,50,100,24,29,56,50,60,40,,33,47,48,40,61,33,60,50,100,24,40,56,50,60,40,,44,45,50,47,51,51
178341,38,35,41,40,37,44,0,18,41,42,21,28,70,29,23,33,35,31,38,35,39,43,0,17,38,38,21,29,60,29,30,26,31,28,54,52
178369,24,18,38,25,67,67,,6,37,28,19,25,36,37,18,24,25,18,38,33,67,67,,6,37,28,20,25,36,37,19,19,38,38,30,30
178387,40,36,42,14,60,50,100,24,37,45,29,9,0,31,24,36,40,36,42,14,60,50,100,25,39,45,29,9,0,31,31,32,36,35,52,51
178396,76,71,80,71,78,79,33,67,72,78,70,79,58,,56,73,76,71,80,71,78,79,33,67,72,78,70,79,58,,67,67,77,77,79,79
178402,56,59,54,0,83,83,,40,44,58,41,50,58,,35,51,55,56,54,0,83,83,,39,44,57,40,45,57,,47,46,56,55,63,61
178411,64,61,73,100,79,79,,42,44,65,57,78,75,,27,57,64,61,73,100,79,79,,42,44,65,57,78,75,,51,51,57,57,71,71
178420,57,48,64,,63,62,100,47,72,60,33,55,60,,36,53,57,48,64,,63,62,100,46,72,60,33,55,60,,55,54,49,49,62,62
178448,42,37,46,40,38,29,100,19,44,45,19,44,0,21,,,,,,,,,,,,,,,,,35,,,,47,
178527,48,,,,,,,,,,,,,,,,,,,,,,,,,,,,,,28,,100,,71,
178615,68,64,71,25,72,72,,54,69,69,57,80,74,,57,67,68,64,71,25,72,72,,54,69,69,57,80,74,,57,57,64,64,75,75
178624,58,52,62,0,55,50,100,41,34,62,36,67,23,24,43,55,57,51,62,0,55,50,100,41,34,61,36,67,23,24,46,46,58,58,67,66
178679,68,67,69,0,,,,50,43,71,75,50,100,15,36,55,57,60,55,0,,,,0,50,60,33,50,100,15,56,45,82,68,70,63
178697,61,66,57,50,100,100,,0,80,60,82,56,100,34,41,60,61,66,57,50,100,100,,0,80,60,82,56,100,34,62,62,,,60,60
178721,30,30,30,0,80,100,50,26,23,29,20,40,56,38,13,26,29,28,30,,80,100,50,25,24,28,14,25,56,40,28,26,28,26,35,36
178767,80,,80,,,,,50,100,100,,,,,100,100,100,,100,,,,,,,100,,,,,100,100,100,100,0,
178828,82,,,,,,,,,,,,,,,,,,,,,,,,,,,,,,100,,50,,0,
178891,51,51,47,100,50,100,0,28,33,57,45,52,,9,18,18,18,17,20,,,,,0,,33,,,,18,82,0,100,100,28,33
179043,76,72,78,63,93,93,,61,69,77,67,87,33,,69,75,76,72,78,63,93,93,,61,69,77,67,87,33,,67,67,74,74,80,80
179159,80,75,82,80,83,83,0,53,71,83,61,71,62,,73,79,80,75,82,80,83,83,0,53,71,83,61,71,62,,67,67,81,81,83,83
179195,33,,,,,,,,,,,,,,,,,,,,,,,,,,,,,,40,,,,0,
179265,75,73,77,100,90,90,,50,0,75,100,100,50,13,65,70,70,71,69,100,85,85,,50,0,69,100,0,50,13,65,65,76,76,87,68
179308,18,17,18,11,18,19,0,7,16,25,12,19,17,19,,,,,,,,,,,,,,,,,14,,12,,23,
179326,51,41,60,0,67,100,0,24,35,56,0,40,29,,51,62,64,52,74,0,67,100,0,35,55,68,0,50,33,,43,56,59,67,61,74
179344,35,29,38,0,0,0,,25,0,38,14,33,0,13,,,,,,,,,,,,,,,,,34,,50,,36,
179511,64,,,,,,,,,,,,,,,,,,,,,,,,,,,,,,67,,0,,,
179539,40,35,42,40,0,0,0,28,27,43,29,0,25,11,,,,,,,,,,,,,,,,,37,,37,,43,
179548,47,,47,0,100,100,,40,67,45,50,33,,,1,16,47,,47,0,100,100,,40,67,45,50,33,,,43,43,55,55,,
179557,56,51,59,0,58,58,,40,33,59,41,55,56,,39,53,56,51,59,0,58,58,,40,33,59,41,55,56,,43,43,56,57,66,66
179566,57,51,62,80,62,64,0,33,49,60,39,70,69,,42,54,57,51,62,80,62,64,0,33,49,60,39,70,69,,47,47,56,56,65,65
179645,35,30,37,29,100,100,,9,29,37,,36,0,10,,,,,,,,,,,,,,,,,29,,50,,44,
179715,56,54,58,0,100,,100,17,56,58,38,50,,10,,,,,,,,,,,,,,,,,55,,,,58,
179867,94,93,95,100,97,96,100,92,92,95,92,88,98,,87,93,94,93,95,100,97,96,100,92,92,95,92,88,98,,93,93,93,93,95,95
179894,61,61,61,100,57,57,,46,58,64,57,64,67,,50,60,61,61,61,100,57,57,,46,58,64,57,64,67,,49,49,68,68,71,71
179946,57,54,62,100,100,100,,40,33,58,43,63,75,,48,56,57,54,62,100,100,100,,40,33,58,43,63,75,,53,53,61,61,59,59
179955,62,62,62,,100,100,,50,86,61,60,0,100,,53,61,62,62,62,,100,100,,50,86,61,60,0,100,,48,48,55,55,73,73
179964,57,51,60,100,0,0,,40,100,57,100,44,63,4,49,56,57,51,60,100,0,0,,40,100,57,100,44,63,4,40,40,68,68,64,64
179991,94,,,,,,,,,,,,,,,,,,,,,,,,,,,,,,100,,100,,83,
180054,8,3,14,8,,,,,,0,,,,,,,,,,,,,,,,,,,,,2,,,,100,
180063,82,,,,,,,,,,,,,,,,,,,,,,,,,,,,,,92,,100,,50,
180081,29,42,11,0,,,,,0,31,0,40,,34,,,,,,,,,,,,,,,,,22,,25,,34,
180090,82,,,,,,,,,,,,,,,,,,,,,,,,,,,,,,91,,100,,71,
180106,66,55,74,,50,0,100,50,50,68,46,73,75,27,54,65,66,55,74,,50,0,100,50,50,68,46,73,75,27,54,54,69,69,70,70
180151,38,35,41,14,0,,0,50,10,41,75,0,33,27,,,,,,,,,,,,,,,,,42,,44,,34,
180179,28,26,30,18,50,60,0,11,21,30,23,50,40,20,15,25,28,25,31,20,60,75,0,14,26,29,24,100,40,22,22,19,32,36,33,33
180197,27,25,29,20,67,67,,33,13,25,20,50,,13,,,,,,,,,,,,,,,,,26,,67,,26,
180203,32,47,18,34,,,,,,0,,,,,,,,,,,,,,,,,,,,,38,,,,0,
180212,16,20,13,13,,,,0,,50,,,,,,,,,,,,,,,,,,,,,46,,,,3,
180249,32,33,32,40,50,50,,,29,33,25,0,,20,,,,,,,,,,,,,,,,,29,,41,,33,
180258,47,41,49,0,50,0,100,33,56,44,,71,,25,29,39,42,38,44,0,50,0,100,33,56,40,,57,,25,28,28,64,64,56,44
180276,41,51,29,0,,,,0,20,44,40,100,,15,,,,,,,,,,,,,,,,,38,,43,,44,
180328,11,7,13,12,,,,,0,0,,,,,,,,,,,,,,,,,,,,,24,,,,0,
180373,49,56,42,33,0,,0,100,13,55,,0,44,22,,,,,,,,,,,,,,,,,63,,69,,32,
180416,58,59,56,15,0,0,,,83,62,,56,17,22,36,53,58,59,56,15,0,0,,,83,62,,56,17,22,41,41,50,50,68,68
180461,57,54,62,26,57,56,67,14,48,59,50,73,60,22,36,54,57,54,62,26,57,56,67,14,48,59,50,73,69,23,41,41,54,54,64,64
180489,45,40,49,25,63,63,,20,31,48,38,44,45,,31,42,45,39,50,20,40,40,,27,35,48,41,42,44,,33,34,46,44,55,53
180522,42,43,41,27,0,,0,33,50,45,33,0,100,,23,31,35,37,32,29,0,,0,33,0,37,33,,100,,42,26,34,36,45,43
180595,47,42,52,0,50,100,0,0,46,49,50,100,44,,32,44,46,41,52,0,50,100,0,0,46,49,50,100,44,,39,39,45,43,56,56
180647,35,25,43,37,,,,,0,32,,,,,8,15,15,10,19,14,,,,,,20,,,,,29,6,39,20,78,50
180692,49,37,58,31,40,50,33,50,56,51,33,33,,21,35,46,49,33,61,57,33,0,50,,50,49,50,50,,29,48,48,44,40,53,53
180814,56,57,55,,,,,20,69,70,,33,,12,18,50,56,57,55,,,,,20,69,70,,33,,12,14,14,29,29,80,80
180832,75,43,82,100,50,50,,100,,78,,50,,20,52,67,67,33,71,100,50,50,,,,71,,33,,26,60,50,75,67,86,75
180878,75,60,77,,50,50,,,100,79,0,,,,56,69,71,60,72,,50,50,,,100,74,0,,,,64,67,91,91,63,25
180902,45,56,33,43,0,0,,48,41,48,0,,,16,,,,,,,,,,,,,,,,,43,,50,,45,
180948,38,34,42,20,67,100,0,25,38,40,25,0,33,38,26,38,38,34,42,20,67,100,0,25,38,40,25,0,33,38,31,31,30,30,46,46
180957,90,97,50,,100,100,,89,88,87,100,100,,,,,,,,,,,,,,,,,,,86,,100,,100,
180984,64,57,72,0,33,33,,8,55,71,56,18,33,,47,64,64,57,72,0,33,33,,8,55,71,56,18,33,,49,49,66,66,74,74
181002,81,76,84,67,79,79,83,77,73,83,68,100,76,15,73,80,80,76,83,67,78,78,83,77,73,82,67,100,73,15,63,63,79,79,85,84
181020,56,51,61,0,29,33,0,0,53,59,54,33,0,35,52,56,56,51,61,0,29,33,0,0,53,59,54,33,0,35,39,39,57,57,68,68
181127,53,48,59,0,50,50,,25,45,57,40,50,50,,47,53,53,48,59,0,50,50,,25,45,57,40,50,50,,48,48,53,53,58,58
181190,59,67,58,,100,100,,100,67,53,0,,,,,,,,,,,,,,,,,,,,50,,100,,100,
181215,60,55,64,0,60,60,,28,56,64,30,67,45,24,38,57,60,56,64,0,67,67,,23,53,65,31,67,47,22,55,55,57,57,66,66
181297,67,50,68,,,,,,100,64,50,100,,33,46,57,60,100,59,,,,,,100,55,50,100,,31,67,58,73,78,63,50
181303,25,32,18,0,10,11,0,21,14,32,19,26,,14,,,,,,,,,,,,,,,,,22,,21,,27,
181312,46,44,47,,40,67,0,56,50,44,33,0,60,17,,,,,,,,,,,,,,,,,41,,45,,50,
181330,43,40,49,,60,60,,24,48,47,7,45,0,31,35,42,43,40,49,,60,60,,24,48,47,7,45,0,31,34,34,49,49,51,51
181394,47,45,49,33,60,60,50,31,39,50,33,58,64,28,27,45,49,45,54,33,67,67,100,28,39,52,33,61,71,25,46,40,44,47,50,57
181419,17,0,30,17,,,,,,,,,,11,,,,,,,,,,,,,,,,,14,,,,25,
181446,69,67,70,,86,86,,63,61,69,56,82,67,24,58,67,69,67,70,,86,86,,63,61,69,56,82,67,24,60,60,68,68,76,76
181464,66,62,70,25,72,76,13,41,56,68,49,77,70,21,49,63,66,62,71,15,72,76,0,40,57,68,50,76,70,21,53,53,61,61,73,73
181491,55,58,52,40,71,67,100,54,40,58,50,50,33,11,,,,,,,,,,,,,,,,,49,,48,,62,
181534,38,29,45,,33,50,0,12,23,46,23,0,33,31,27,36,38,29,45,,33,50,0,12,23,46,23,0,33,31,29,29,41,41,50,50
181543,67,67,,,,,,,,67,,,,,100,100,100,100,,,,,,,,100,,,,,100,100,,,50,100
181604,59,,59,,,,,33,63,61,50,,100,33,49,57,59,,59,,,,,33,63,61,50,,100,33,48,48,27,27,74,74
181640,34,39,26,0,19,21,0,13,21,38,22,0,,16,,,,,,,,,,,,,,,,,26,,37,,39,
181738,46,37,54,,100,100,,50,38,49,13,,30,,28,42,46,38,54,,86,86,,50,39,51,13,,30,,39,40,37,42,59,56
181765,57,60,55,,,,,,57,57,0,,,2,,,,,,,,,,,,,,,,,78,,53,,45,
181783,56,51,59,0,14,25,0,12,42,61,32,67,67,29,40,54,56,51,59,0,14,25,0,12,42,61,32,67,67,29,41,41,51,51,69,69
181817,35,38,33,0,63,63,,21,31,40,,50,17,14,,,,,,,,,,,,,,,,,26,,30,,51,
181853,37,29,48,33,33,,33,19,19,53,,0,0,46,22,31,37,29,47,33,33,,33,19,17,53,,0,0,46,21,19,45,45,72,72
181880,82,,,,,,,,,,,,,,,,,,,,,,,,,,,,,,79,,91,,86,
181941,60,65,50,86,33,50,0,63,55,64,50,0,,2,,,,,,,,,,,,,,,,,55,,81,,58,
182005,18,17,18,0,22,22,22,10,17,19,17,15,51,15,,,,,,,,,,,,,,,,,16,,15,,20,
182148,58,50,59,,33,50,0,60,71,67,,0,,,,,,,,,,,,,,,,,,,64,,100,,25,
182281,50,45,54,33,60,62,32,41,45,52,46,56,78,,25,43,50,45,54,33,60,62,32,41,45,52,46,56,78,,46,46,44,44,55,55
182290,62,58,66,75,72,74,38,54,58,64,57,63,53,,42,59,62,58,66,75,72,74,38,54,58,64,57,63,53,,55,55,61,61,66,66
182306,52,59,45,50,20,50,0,0,51,55,50,58,,10,4,4,9,0,11,0,0,0,,0,0,22,0,,,13,61,8,,,47,9
182500,28,22,34,8,40,40,,23,27,28,27,29,67,11,,,,,,,,,,,,,,,,,27,,36,,29,
182564,37,37,37,56,38,43,0,11,40,35,35,29,0,9,,,,,,,,,,,,,,,,,35,,25,,39,
182634,62,65,60,50,62,62,,45,0,63,100,63,67,,52,58,58,63,56,50,54,54,,45,0,60,100,53,56,,47,45,67,63,69,63
182670,96,95,97,88,98,98,100,96,93,96,92,100,97,,84,95,96,95,97,88,98,98,100,96,93,96,92,100,97,,92,92,93,93,97,97
182704,86,,,,,,,,,,,,,,,,,,,,,,,,,,,,,,86,,,,,
182722,57,,,,,,,,,,,,,7,,,,,,,,,,,,,,,,,67,,,,50,
182795,46,42,49,25,0,0,0,45,29,48,52,38,57,40,43,45,46,42,49,25,0,0,0,45,29,48,52,38,57,40,41,41,45,45,53,53
182892,71,,,,,,,,,,,,,,,,,,,,,,,,,,,,,,100,,100,,33,
182917,53,50,55,,,,,,,53,,,,,53,53,53,50,55,,,,,,,53,,,,,56,56,100,100,40,40
182980,31,32,30,40,17,20,0,23,14,37,37,35,50,,26,32,33,33,33,40,25,33,0,25,15,38,39,36,53,,23,24,46,47,30,33
183026,45,47,43,29,33,36,14,27,43,48,42,59,88,18,38,45,48,50,46,33,23,27,0,29,42,50,39,65,87,19,36,35,64,64,47,59
183035,100,,,,,,,,,,,,,,,,,,,,,,,,,,,,,,100,,,,,
183044,76,75,78,100,79,79,,59,60,77,72,75,70,,69,76,77,75,78,100,78,78,,59,61,78,73,75,70,,71,71,77,77,80,80
183062,58,56,61,100,43,46,0,54,61,59,43,57,100,,50,57,58,56,61,100,43,46,0,54,61,59,43,57,100,,44,44,56,56,75,75
183071,65,46,80,,100,100,,50,60,67,50,60,,,51,75,75,63,81,,100,100,,50,60,79,,60,,,77,89,62,73,54,62
183080,47,44,51,33,38,40,0,35,23,50,32,39,60,15,41,46,47,44,51,33,38,40,0,35,23,50,32,39,60,15,40,40,50,50,52,52
183099,31,27,34,100,44,44,,13,17,33,21,31,,20,,,,,,,,,,,,,,,,,27,,42,,29,
183105,60,65,51,,,,,,67,58,100,100,,7,,,,,,,,,,,,,,,,,62,,58,,58,
183114,31,38,30,,0,0,,0,100,29,,100,,20,,,,,,,,,,,,,,,,,27,,25,,38,
183123,43,47,34,,0,0,,0,33,43,0,83,,17,,,,,,,,,,,,,,,,,49,,31,,41,
183132,37,38,34,0,75,75,,20,25,38,13,70,,12,,,,,,,,,,,,,,,,,24,,48,,42,
183141,30,31,29,,50,50,,60,13,35,20,,,12,,,,,,,,,,,,,,,,,28,,21,,33,
183150,30,28,31,50,67,67,,0,31,30,17,0,,21,,,,,,,,,,,,,,,,,24,,39,,30,
183202,82,,,,,,,,,,,,,,,,,,,,,,,,,,,,,,70,,71,,100,
183211,59,53,60,,50,57,0,23,44,63,36,63,,,49,58,58,53,59,,50,57,0,23,44,62,36,63,,,49,49,61,61,69,67
183239,83,78,87,100,78,75,100,40,82,84,87,78,100,,78,82,83,78,87,100,78,75,100,40,82,84,87,78,100,,82,82,83,83,84,84
183257,14,23,10,,100,100,,20,0,12,,0,,,4,8,12,14,11,,,,,0,0,14,,,,,11,11,0,0,38,33
183275,62,83,43,,,,,,0,73,,0,,15,62,62,62,83,43,,,,,,0,73,,0,,15,60,60,80,80,33,33
183488,44,60,41,100,33,50,0,39,36,71,,,,7,,,,,,,,,,,,,,,,,33,,61,,90,
183600,100,,100,,,,,,,,,,100,,,,,,,,,,,,,,,,,,,,,,100,
183655,25,25,25,,20,20,20,16,20,31,21,33,50,15,,,,,,,,,,,,,,,,,22,,24,,30,
183725,63,,,,,,,,,,,,,,,,,,,,,,,,,,,,,,60,,75,,75,
183743,24,21,27,33,31,32,0,17,20,27,10,32,42,17,,,,,,,,,,,,,,,,,21,,22,,27,
183789,45,41,47,,13,14,0,38,45,56,,49,33,18,38,41,42,36,49,,17,17,,22,45,59,,57,33,24,45,44,42,37,49,38
183822,31,28,33,50,25,0,100,25,39,50,33,21,22,38,18,28,31,28,33,50,25,0,100,25,39,50,33,21,22,38,32,32,41,41,20,20
183859,29,26,32,25,29,29,,13,23,33,15,36,11,16,,,,,,,,,,,,,,,,,23,,35,,31,
183877,38,36,39,0,48,48,100,26,34,42,33,38,30,9,,,,,,,,,,,,,,,,,34,,42,,37,
183910,59,50,66,0,57,57,,35,56,70,50,44,69,24,51,55,55,47,62,0,57,57,,33,55,67,50,44,61,24,62,62,53,53,56,47
183938,33,32,34,0,33,32,50,21,31,45,37,21,37,13,,,,,,,,,,,,,,,,,25,,38,,40,
183974,57,46,62,,50,50,,48,44,70,0,32,,28,47,54,56,44,62,,50,50,,48,44,69,0,32,,28,55,55,49,45,63,63
183983,73,,,,,,,,,,,,,,,,,,,,,,,,,,,,,,78,,11,,100,
184056,51,,,,,,,,,,,,,,,,,,,,,,,,,,,,,,49,,65,,55,
184092,54,40,55,100,33,33,,35,57,68,43,50,,,,,,,,,,,,,,,,,,,52,,94,,73,
184180,35,33,38,0,42,44,25,15,28,39,37,40,47,18,,,,,,,,,,,,,,,,,36,,39,,32,
184205,33,26,36,50,63,63,,14,26,33,47,58,,11,,,,,,,,,,,,,,,,,32,,38,,33,
184348,72,63,79,,75,75,,81,73,72,67,67,65,,67,72,72,63,79,,75,75,,81,73,72,67,67,65,,75,75,76,76,65,65
184427,76,75,83,,100,100,100,66,68,84,83,78,,,,,,,,,,,,,,,,,,,72,,86,,78,
184481,21,18,23,0,31,30,33,18,16,26,21,34,37,17,,,,,,,,,,,,,,,,,20,,,,21,
184506,66,,,,,,,,,,,,,,,,,,,,,,,,,,,,,,62,,,,100,
184603,62,54,67,,69,69,100,52,64,60,27,64,74,24,48,60,62,54,68,,69,69,100,52,67,60,29,64,74,24,58,58,61,60,72,73
184612,50,42,54,0,64,70,0,31,50,65,33,42,40,31,26,47,49,41,54,0,64,70,0,31,49,65,33,42,40,31,46,46,51,51,59,58
184694,72,63,78,100,82,82,,55,64,77,58,67,75,17,64,71,72,63,78,100,82,82,,55,64,77,58,67,75,17,65,65,71,71,81,81
184746,80,,,,,,,,,,,,,,,,,,,,,,,,,,,,,,86,,85,,56,
184773,55,47,60,,20,20,,41,53,62,50,57,75,31,39,52,55,47,60,,20,20,,41,53,62,50,57,75,31,46,46,66,66,63,63
184782,68,64,74,0,80,80,100,51,56,73,59,43,56,15,51,65,68,64,74,0,80,80,100,51,56,73,59,43,56,15,62,62,69,69,73,73
184791,33,28,37,0,47,47,50,15,25,41,17,24,100,22,,,,,,,,,,,,,,,,,28,,21,,38,
184816,54,,,,,,,,,,,,,,,,,,,,,,,,,,,,,,54,,0,,60,
184959,64,0,67,,,,,,58,70,,,,23,,,,,,,,,,,,,,,,,73,,75,,43,
184968,75,0,100,,,,,,67,100,,,,,,,,,,,,,,,,,,,,,100,,0,,,
184995,23,23,23,29,26,25,33,16,23,25,24,25,12,15,,,,,,,,,,,,,,,,,25,,43,,18,
185129,39,34,42,67,47,45,75,30,39,45,33,43,67,27,21,34,39,34,42,67,47,45,75,30,39,45,33,43,67,27,34,34,38,38,58,58
185262,43,37,48,0,58,59,25,33,42,53,35,42,44,29,24,38,43,37,48,0,58,59,25,33,42,53,35,42,44,29,40,40,49,49,47,47
185396,72,,,,,,,,,,,,,,,,,,,,,,,,,,,,,,69,,78,,80,
185466,86,,,,,,,,,,,,,,,,,,,,,,,,,,,,,,99,,100,,66,
185509,21,23,18,,18,18,,9,17,29,29,31,16,22,,,,,,,,,,,,,,,,,15,,43,,24,
185536,35,32,37,17,47,47,0,20,30,41,21,30,56,16,,,,,,,,,,,,,,,,,33,,36,,37,
185572,70,67,73,,70,70,,65,65,73,71,60,54,24,62,69,70,67,73,,70,70,,65,65,73,71,60,54,24,67,67,70,70,73,73
185590,64,60,67,75,67,67,71,58,61,70,56,62,50,22,46,61,64,60,67,75,67,67,71,58,61,70,56,62,50,22,61,61,69,69,67,67
185679,33,,33,,,,,,50,0,,,,,,,,,,,,,,,,,,,,,0,,100,,,
185721,64,58,68,,89,89,,52,62,69,,100,,4,,,,,,,,,,,,,,,,,57,,62,,74,
185767,0,,,,,,,,,,,,,,,,,,,,,,,,,,,,,,0,,,,,
185828,73,71,78,,77,77,,71,61,77,77,73,66,9,49,68,73,71,78,,77,77,,71,61,77,77,73,66,9,72,72,65,65,77,77
185873,39,36,42,,37,36,50,13,31,45,26,40,,14,,,,,,,,,,,,,,,,,36,,33,,41,
185970,65,,,,,,,,,,,,,,,,,,,,,,,,,,,,,,65,,67,,67,
186016,84,,,,,,,,,,,,,,,,,,,,,,,,,,,,,,81,,100,,86,
186034,15,14,16,,11,11,,6,15,28,0,7,,16,,,,,,,,,,,,,,,,,13,,,,18,
186052,69,67,75,,88,87,100,58,73,76,41,,,,,,,,,,,,,,,,,,,,69,,79,,63,
186131,97,96,98,100,97,97,100,98,94,98,97,95,98,,80,95,97,96,98,100,97,97,100,98,94,98,97,95,98,,97,97,100,100,97,97
186186,18,18,,,,,,,,20,,,0,63,3,17,18,18,,,,,,,,20,,,0,63,29,29,,,11,11
186201,72,69,74,50,79,79,,59,62,75,,71,84,16,59,69,72,69,74,50,79,79,,59,62,75,,71,84,16,75,75,75,75,64,64
186274,80,,,,,,,,,,,,,,,,,,,,,,,,,,,,,,75,,100,,86,
186283,63,59,66,50,60,60,,50,58,71,60,60,41,,57,63,63,59,66,50,60,60,,50,58,71,60,60,41,,56,56,69,69,65,65
186371,66,60,72,100,81,80,100,63,59,68,55,47,74,17,47,62,66,60,72,100,81,80,100,63,59,68,55,47,74,17,66,66,71,71,65,65
186380,85,83,87,100,89,89,88,78,79,85,86,80,83,7,71,83,85,83,87,100,89,89,88,78,79,85,87,82,84,7,81,81,83,83,88,88
186399,68,63,72,100,78,78,67,63,60,71,59,63,74,18,42,63,68,63,72,100,78,78,67,63,60,71,59,63,74,18,68,68,61,61,69,69
186432,63,56,68,,75,75,50,55,66,57,100,50,64,,51,61,63,56,68,,75,75,50,55,66,57,100,50,64,,64,64,63,63,61,61
186469,37,22,50,,25,25,,17,29,43,20,58,0,15,,,,,,,,,,,,,,,,,35,,100,,36,
186584,71,66,77,,73,73,100,61,68,74,69,65,71,22,65,70,71,66,77,,73,73,100,61,68,74,69,65,71,22,64,64,74,74,74,74
186593,62,,,,,,,,,,,,,,,,,,,,,,,,,,,,,,59,,63,,100,
186618,40,27,47,0,67,67,,35,51,43,25,33,0,40,34,40,40,27,47,0,67,67,,35,51,43,25,33,0,40,43,43,31,31,31,31
186645,35,30,41,0,47,49,25,16,30,41,27,38,28,21,,,,,,,,,,,,,,,,,37,,32,,35,
186867,90,89,92,100,91,91,,93,83,91,,87,78,2,69,88,90,89,92,100,91,91,,93,83,91,,87,78,2,87,87,90,90,91,91
186876,72,69,74,50,80,80,100,60,62,74,65,88,100,18,56,69,72,69,74,50,80,80,100,60,62,74,65,88,100,18,67,67,75,75,75,75
186900,10,10,,,,,,,,10,,,,90,0,0,10,10,,,,,,,,10,,,,90,11,11,,,0,0
187000,79,78,100,,100,100,,83,71,86,80,100,,,,,,,,,,,,,,,,,,,77,,80,,100,
187134,85,80,89,,84,84,75,87,82,86,71,84,100,10,76,84,85,80,89,,84,84,75,87,82,86,71,84,100,10,78,78,82,82,89,89
187198,35,35,35,100,42,38,100,34,33,43,23,30,60,11,,,,,,,,,,,,,,,,,35,,50,,34,
187444,48,46,50,0,60,60,50,33,43,60,48,33,50,26,29,44,48,46,50,0,60,60,50,33,43,60,48,33,50,26,41,41,48,48,61,61
187505,60,,,,,,,,,,,,,1,,,,,,,,,,,,,,,,,53,,79,,88,
187532,29,28,29,14,46,48,0,24,28,36,25,25,50,19,,,,,,,,,,,,,,,,,27,,32,,31,
187596,20,20,19,20,,,,50,,,,0,,,0,11,11,13,10,11,,,,,,,,,,,22,7,,,4,33
187620,16,17,14,11,0,0,0,14,16,14,11,12,24,14,,,,,,,,,,,,,,,,,15,,11,,17,
187639,41,36,43,100,67,67,,33,39,41,50,0,,12,,,,,,,,,,,,,,,,,41,,,,40,
187648,40,29,49,29,42,25,50,19,39,44,32,42,60,31,23,31,34,24,42,29,42,25,50,13,32,39,23,42,60,31,36,30,40,39,45,39
187666,28,30,26,0,0,0,,0,27,33,33,0,,11,,,,,,,,,,,,,,,,,28,,100,,26,
187745,25,19,31,20,100,100,,,14,100,50,0,,13,12,23,28,19,36,22,100,100,,,20,100,50,0,,16,19,25,,,35,33
187897,26,17,36,9,0,0,0,9,30,28,33,,22,35,16,23,26,17,36,9,0,0,0,9,30,28,33,,22,35,14,14,40,40,50,50
187903,24,27,22,0,50,60,0,36,23,23,,13,,,,,,,,,,,,,,,,,,,11,,0,,37,
187912,38,34,55,50,29,0,50,18,51,39,17,,38,33,,,,,,,,,,,,,,,,,35,,20,,41,
187958,19,20,18,16,0,0,,0,23,50,33,0,,7,,,,,,,,,,,,,,,,,16,,,,24,
187967,56,50,72,36,100,100,,0,57,60,42,100,0,31,32,52,56,50,72,36,100,100,,0,57,60,42,100,0,31,52,52,54,54,59,59
187976,30,18,35,0,,,,100,26,42,0,,,13,,,,,,,,,,,,,,,,,24,,,,32,
187985,53,48,56,24,72,73,50,34,51,58,50,39,60,,36,48,52,47,56,23,69,70,50,34,51,57,50,39,60,,47,46,38,38,58,58
187994,20,19,20,50,0,0,,0,4,33,25,0,,30,,,,,,,,,,,,,,,,,18,,,,21,
188003,31,38,28,0,0,0,,50,39,20,0,0,0,21,,,,,,,,,,,,,,,,,37,,0,,26,
188021,24,18,27,29,,,,,25,25,0,,,9,,,,,,,,,,,,,,,,,28,,,,20,
188030,52,47,56,59,59,62,0,40,50,58,44,29,57,,32,48,52,47,56,59,59,62,0,40,50,58,44,29,57,,47,47,48,48,59,59
188049,19,19,19,0,,,,,17,33,0,25,0,7,,,,,,,,,,,,,,,,,21,,0,,15,
188058,33,18,46,18,25,33,0,0,33,50,40,,100,21,9,22,22,19,26,20,50,50,,0,17,100,17,,100,17,21,17,,,76,50
188100,31,32,31,39,0,0,,0,29,33,23,0,11,9,,,,,,,,,,,,,,,,,31,,14,,33,
188137,25,28,23,20,0,0,,50,23,41,0,0,21,20,,,,,,,,,,,,,,,,,21,,,,28,
188182,27,24,29,25,,,,9,26,36,,17,50,,23,27,27,24,29,25,,,,9,26,36,,17,50,,19,19,,,39,39
188216,9,8,9,9,,,,,,,,,,16,,,,,,,,,,,,,,,,,17,,,,5,
188225,16,17,14,17,,,,,18,0,,,,4,,,,,,,,,,,,,,,,,19,,,,11,
188261,57,61,50,,,,,,65,50,,50,,8,,,,,,,,,,,,,,,,,53,,,,71,
188304,35,35,35,40,50,50,50,12,32,41,20,40,67,22,16,25,26,27,26,0,56,57,50,13,20,38,0,29,63,24,32,20,33,23,45,44
188340,40,40,41,100,52,55,0,29,31,39,75,58,100,14,22,38,43,42,50,,44,44,,41,45,35,100,45,,19,41,50,38,38,35,21
188429,69,66,70,100,76,76,0,52,60,74,74,73,51,21,59,68,69,66,71,100,76,76,0,53,61,75,74,74,51,21,62,63,72,73,72,72
188438,29,27,31,0,20,20,,19,32,31,7,,100,20,,,,,,,,,,,,,,,,,24,,41,,32,
188517,22,36,17,,0,,0,38,0,20,0,100,,2,,,,,,,,,,,,,,,,,26,,50,,0,
188526,69,76,65,,69,69,,65,33,74,100,47,86,,44,60,60,68,54,,80,80,,33,0,71,100,17,,,59,60,72,73,76,40
188641,56,47,66,100,44,44,,29,45,65,41,44,33,25,43,55,56,47,66,100,44,44,,29,45,65,41,44,33,25,46,46,61,61,70,70
188650,86,,,,,,,,,,,,,,,,,,,,,,,,,,,,,,93,,12,,67,
188678,93,92,93,,,,,100,100,85,100,,100,7,,,,,,,,,,,,,,,,,100,,,,90,
188687,29,20,33,,,,,0,25,38,,,,57,,,,,,,,,,,,,,,,,20,,100,,33,
188854,72,67,74,50,85,100,33,67,72,73,73,62,92,,58,59,59,53,61,0,67,80,0,54,64,59,52,50,75,,74,58,79,58,57,61
188890,80,,,,,,,,,,,,,,,,,,,,,,,,,,,,,,80,,84,,77,
188915,80,100,75,,,,,,,80,,,,,,,,,,,,,,,,,,,,,100,,100,,50,
188942,74,,74,,,,,,,79,,,43,,,,,,,,,,,,,,,,,,84,,,,59,
189088,73,68,76,100,80,80,,70,65,75,68,76,63,,57,71,73,68,76,100,80,80,,70,65,75,68,76,63,,79,79,74,74,69,69
189097,93,,93,100,95,95,100,89,91,93,91,100,95,3,77,93,93,,93,100,95,95,100,89,91,93,91,100,95,3,95,95,95,95,92,92
189219,94,,,,,,,,,,,,,,,,,,,,,,,,,,,,,,96,,90,,91,
189228,40,30,48,0,53,53,,40,32,52,,41,43,22,38,41,42,23,54,0,54,54,,46,27,59,,45,38,24,42,43,30,32,40,43
189255,88,,,,,,,,,,,,,,,,,,,,,,,,,,,,,,100,,100,,85,
189273,35,35,,,,,,,,35,,,,65,0,10,10,10,,,,,,,,10,,,,65,0,0,,,37,11
189282,100,,100,,,,,,,100,,,,,0,0,0,,0,,,,,,,0,,,,,,,,,100,0
189404,75,,,,,,,,,,,,,,,,,,,,,,,,,,,,,,73,,100,,,
189413,71,49,79,,,,,48,81,,,0,,6,26,26,26,11,32,,,,,5,34,,,0,,8,70,27,91,20,40,0
189468,91,,,,,,,,,,,,,,,,,,,,,,,,,,,,,,91,,97,,88,
189477,71,,,,,,,,,,,,,,,,,,,,,,,,,,,,,,83,,,,0,
189547,23,22,24,25,39,39,,8,9,33,31,3,33,31,,,,,,,,,,,,,,,,,20,,23,,26,
189565,25,23,26,0,0,0,,19,36,22,56,,,4,,,,,,,,,,,,,,,,,24,,33,,31,
189583,28,36,24,,,,,26,0,31,67,,,4,,,,,,,,,,,,,,,,,27,,20,,36,
189592,30,17,35,,,,,50,20,33,20,,,9,,,,,,,,,,,,,,,,,29,,,,50,
189705,71,70,72,33,69,71,50,56,58,75,75,69,50,21,63,70,71,70,72,33,69,71,50,56,58,75,75,69,50,21,61,61,75,75,78,78
189714,89,,,,,,,,,,,,,,,,,,,,,,,,,,,,,,83,,100,,100,
189811,42,45,41,,60,60,,38,42,50,25,75,,,,,,,,,,,,,,,,,,,38,,100,,100,
189839,34,30,37,0,100,100,,19,29,36,,33,0,16,,,,,,,,,,,,,,,,,27,,48,,40,
189857,3,3,,,,,,,,3,,,0,39,0,0,3,3,,,,,,,,3,,,0,39,4,4,,,0,0
189990,0,,,,,,,,,,,,,,,,,,,,,,,,,,,,,,0,,,,0,
190008,100,,100,,,,,,,100,,,,,,,,,,,,,,,,,,,,,,,100,,,
190044,74,72,78,100,71,71,,72,62,75,68,60,73,21,64,72,74,72,78,100,71,71,,72,62,75,68,60,73,21,66,66,78,78,74,74
190053,21,18,25,50,,,,0,0,23,0,19,50,17,,,,,,,,,,,,,,,,,15,,25,,30,
190099,91,89,92,100,87,87,,87,95,91,87,87,93,7,84,89,91,89,92,100,87,87,,87,95,91,87,87,93,7,87,87,94,94,90,90
190114,25,14,31,0,40,40,,23,19,50,75,0,0,27,19,19,21,10,28,,40,40,,25,0,50,50,0,0,28,29,28,0,0,11,0
190150,95,94,96,88,98,98,100,92,93,94,89,100,97,1,80,92,95,94,96,88,98,98,100,92,93,94,89,100,97,1,93,93,88,88,96,96
190169,34,30,36,0,38,38,,8,33,37,17,0,,14,,,,,,,,,,,,,,,,,34,,29,,34,
190239,64,,,,,,,,,,,,,,,,,,,,,,,,,,,,,,60,,0,,100,
190318,56,,,,,,,,,,,,,,,,,,,,,,,,,,,,,,51,,83,,83,
190372,80,80,81,,88,88,,63,55,81,100,94,73,1,55,76,80,80,81,,88,88,,63,55,81,100,94,73,1,77,77,78,78,82,82
190415,95,95,96,90,98,98,100,91,94,95,94,95,96,,87,94,95,95,96,90,98,98,100,91,94,95,94,95,96,,93,93,95,95,96,96
190442,33,28,36,,33,33,,11,46,36,0,29,,18,,,,,,,,,,,,,,,,,28,,17,,43,
190451,69,100,64,,0,0,,,,70,100,,,,,,,,,,,,,,,,,,,,60,,80,,67,
190503,65,58,70,50,81,79,100,41,56,70,55,40,69,14,46,49,49,48,50,0,100,100,,27,33,54,33,67,43,20,53,35,73,56,68,55
190512,72,67,79,50,78,78,0,57,65,75,64,,66,14,56,69,72,67,79,50,78,78,0,57,65,75,64,,66,14,72,72,47,47,74,74
190521,26,22,29,30,32,32,17,23,24,28,27,,39,17,,,,,,,,,,,,,,,,,29,,42,,19,
190530,18,12,23,29,30,30,0,19,16,25,19,,17,11,,,,,,,,,,,,,,,,,23,,0,,7,
190549,57,50,63,0,63,63,0,52,46,59,49,,72,22,35,52,57,50,63,0,63,63,0,52,46,59,49,,72,22,54,54,52,52,61,61
190558,33,28,38,40,46,45,75,18,26,41,42,,41,30,29,44,48,44,52,50,57,56,100,28,42,52,61,,23,24,31,45,20,35,38,52
190567,55,47,61,0,58,58,40,55,49,63,58,,57,28,28,49,55,47,61,0,58,58,40,55,49,63,58,,57,28,53,53,60,60,57,57
190585,17,18,17,50,14,14,,19,16,25,14,,24,15,,,,,,,,,,,,,,,,,18,,10,,15,
190594,61,51,67,0,66,66,50,54,57,59,62,,63,24,40,57,61,51,67,0,66,66,50,54,57,59,62,,63,24,61,61,44,44,62,62
190600,55,47,62,67,63,63,0,47,54,55,66,,69,23,41,52,55,47,62,67,63,63,0,47,54,55,66,,69,23,56,56,63,63,54,54
190619,24,18,29,29,30,31,0,17,22,29,27,,22,15,,,,,,,,,,,,,,,,,28,,21,,15,
190628,25,24,26,20,39,39,50,20,23,37,19,,36,13,,,,,,,,,,,,,,,,,27,,24,,21,
190637,49,41,55,,54,54,50,50,48,52,42,,49,19,28,44,49,41,55,,54,54,50,50,48,52,42,,49,19,50,50,35,35,47,47
190646,22,15,27,17,35,32,100,22,21,25,6,,26,25,10,18,19,10,26,0,0,0,,20,18,0,0,,60,27,24,20,17,,16,15
190655,19,18,22,8,26,26,0,16,18,22,19,,20,35,6,17,23,20,34,0,28,28,0,18,22,32,21,,30,31,21,24,13,9,17,21
190664,60,52,68,78,58,58,100,59,55,68,68,,44,20,37,55,60,52,68,78,58,58,100,59,55,68,68,,44,20,58,58,53,53,63,63
190673,23,20,26,24,29,29,25,15,22,28,25,,31,18,,,,,,,,,,,,,,,,,25,,19,,20,
190691,30,22,36,43,34,34,0,30,26,41,36,,22,39,12,25,30,22,36,43,34,34,0,30,26,41,36,,22,39,31,31,14,14,28,28
190707,50,,50,,,,,,,50,,,,,,,,,,,,,,,,,,,,,,,0,,75,
190716,57,53,58,100,52,55,0,50,33,61,20,0,50,20,36,53,57,53,58,100,52,55,0,50,33,61,20,0,50,20,52,52,65,65,55,55
190725,58,57,59,0,43,43,,50,59,63,33,50,20,,45,56,58,57,59,0,43,43,,50,59,63,33,50,20,,47,47,63,63,72,72
190752,53,53,,,,,,,,53,,,,40,13,40,53,53,,,,,,,,53,,,,40,33,33,,,67,67
190761,57,49,62,,71,77,0,56,53,52,55,71,100,,46,56,57,49,62,,71,77,0,56,53,52,55,71,100,,59,59,49,49,71,71
190840,29,27,31,33,37,37,,18,27,34,20,26,0,21,,,,,,,,,,,,,,,,,24,,32,,33,
190983,64,57,67,0,100,100,,45,36,67,100,57,50,9,59,64,64,57,67,0,100,100,,45,36,67,100,57,50,9,58,58,72,72,65,65
191083,27,28,27,22,29,29,,14,18,33,12,27,34,15,,,,,,,,,,,,,,,,,25,,35,,28,
191126,83,73,85,,88,89,50,81,81,82,77,70,92,8,,,,,,,,,,,,,,,,,79,,79,,87,
191199,28,27,29,0,20,11,100,3,23,33,32,16,,19,,,,,,,,,,,,,,,,,18,,39,,38,
191205,49,47,52,,100,100,,44,43,55,,50,25,21,39,47,48,47,50,,100,100,,42,43,54,,50,25,21,49,48,46,49,52,48
191241,80,79,81,,81,81,67,65,77,85,77,86,62,11,76,80,80,79,81,,81,81,67,65,77,85,77,86,62,11,72,72,82,82,82,82
191302,34,33,34,0,67,67,,0,26,37,9,32,42,13,,,,,,,,,,,,,,,,,25,,53,,42,
191311,27,,,,,,,,,,,,,,,,,,,,,,,,,,,,,,100,,,,24,
191339,28,27,29,0,0,0,0,10,14,35,10,56,31,19,,,,,,,,,,,,,,,,,22,,28,,38,
191515,91,88,94,,91,91,,96,86,93,85,86,93,7,81,90,91,88,94,,91,91,,96,86,93,85,86,93,7,87,87,93,93,92,92
191533,46,38,53,0,50,50,,28,35,52,17,47,83,38,38,45,46,38,53,0,50,50,,28,35,52,17,47,83,38,32,32,58,58,57,57
191612,28,22,32,33,55,55,,20,9,37,41,3,17,23,,,,,,,,,,,,,,,,,25,,39,,30,
191621,47,45,49,33,100,,100,9,17,57,45,27,,23,42,45,46,44,48,33,100,,100,9,17,55,45,27,,23,38,36,59,59,0,0
191630,73,67,78,67,53,53,,74,48,76,60,64,68,14,66,71,73,67,78,67,53,53,,74,48,76,60,64,68,14,71,71,70,70,75,75
191649,67,65,69,55,70,70,,54,65,73,50,61,51,22,57,66,67,65,69,55,70,70,,54,65,73,50,61,51,22,58,58,70,70,70,70
191676,65,64,65,0,77,77,,45,42,68,54,0,71,16,60,65,66,65,66,0,100,100,,36,60,68,58,0,71,20,61,60,63,63,76,80
191719,33,34,32,38,31,32,0,16,24,38,21,25,0,17,,,,,,,,,,,,,,,,,30,,30,,36,
191728,82,86,81,100,73,76,0,76,84,85,76,83,,,,,,,,,,,,,,,,,,,78,,93,,87,
191931,57,54,61,0,78,78,,50,49,66,22,48,53,,51,56,57,54,61,0,78,78,,50,49,66,22,48,53,,51,51,57,57,65,65
191940,83,,,,,,,,,,,,,,,,,,,,,,,,,,,,,,100,,71,,59,
191959,77,79,50,100,50,0,100,100,70,89,50,100,,,,,,,,,,,,,,,,,,,87,,100,,50,
191968,74,67,79,100,71,70,100,69,71,75,71,75,77,,68,74,74,67,79,100,71,70,100,69,71,75,71,75,77,,67,67,78,78,75,75
191986,34,33,34,25,50,67,0,15,28,36,36,0,75,15,,,,,,,,,,,,,,,,,27,,42,,41,
192004,61,43,69,33,100,,100,100,25,66,100,,,,,,,,,,,,,,,,,,,,56,,100,,77,
192022,26,20,31,0,40,40,,15,12,30,19,27,0,23,,,,,,,,,,,,,,,,,25,,24,,29,
192040,87,88,86,100,,,,,,89,,79,100,8,84,84,87,88,86,100,,,,,,89,,79,100,8,0,0,100,100,88,88
192110,90,87,95,,100,100,100,83,92,85,86,,96,5,83,87,88,84,95,,100,100,100,83,92,82,86,,92,5,89,89,89,89,91,88
192165,47,47,,,,,,,,47,,,,41,0,0,47,47,,,,,,,,47,,,,41,52,52,,,0,0
192192,49,51,48,50,67,67,,32,38,52,33,40,100,,44,48,49,51,48,50,67,67,,32,38,52,33,40,100,,37,37,62,62,61,61
192271,53,25,57,40,40,40,,45,57,59,0,75,36,,46,53,55,28,58,25,40,40,,53,56,60,,100,36,,49,51,55,56,56,57
192323,71,69,72,25,75,75,,52,61,75,53,53,63,,64,70,71,69,72,25,75,75,,52,61,75,53,53,63,,61,61,74,74,79,79
192448,55,50,58,75,66,65,100,34,42,66,50,54,57,43,44,52,53,49,56,75,63,63,100,36,44,64,42,46,57,46,49,44,54,53,63,62
192484,83,,,,,,,,,,,,,,,,,,,,,,,,,,,,,,100,,,,75,
192509,22,24,21,,23,23,,31,16,0,0,,0,,,,,,,,,,,,,,,,,,21,,,,30,
192624,28,28,,,,,,,,29,,,0,40,0,21,28,28,,,,,,,,29,,,0,40,23,23,,,42,42
192688,32,27,33,,25,25,,32,33,0,,50,,,,,,,,,,,,,,,,,,,31,,50,,,
192703,66,64,68,100,76,76,,63,60,69,50,55,69,24,52,64,66,64,68,100,76,76,,63,60,69,50,55,69,24,60,60,68,68,69,69
192712,78,73,83,,83,83,,83,100,97,75,25,80,6,72,77,78,73,83,,83,83,,83,100,97,75,25,80,6,69,69,70,70,85,85
192749,54,51,55,,18,13,33,38,45,64,50,50,70,33,48,52,54,51,55,,18,13,33,38,45,64,50,50,70,33,44,44,53,53,64,64
192785,43,,43,,0,0,,,50,40,,100,,21,25,25,50,,50,,0,0,,,,50,,100,,,0,,50,100,44,33
192819,80,76,83,,72,72,,67,72,83,76,70,59,16,72,79,80,76,83,,72,72,,67,72,83,76,70,59,16,77,77,82,82,80,80
192864,50,44,51,0,67,67,,45,48,51,45,67,41,32,43,47,50,44,51,0,67,67,,45,48,51,45,67,41,32,40,40,53,53,55,55
193016,48,45,50,0,54,56,0,56,40,57,71,53,,24,34,44,48,45,50,0,50,52,0,56,40,57,71,53,,24,46,46,48,47,56,56
193052,33,33,,,,,,,,33,,,,44,0,22,22,22,,,,,,,,22,,,,44,100,100,,,14,0
193061,75,75,,,,,,,,75,,,,25,0,25,25,25,,,,,,,,25,,,,25,67,33,,,100,0
193070,17,17,,,,,,,,17,,,,,0,17,17,17,,,,,,,,17,,,,,40,40,,,0,0
193201,27,29,26,,100,100,,11,,45,,27,,,,,,,,,,,,,,,,,,,28,,0,,,
193247,64,64,,,,,,,,67,,,0,21,0,4,4,4,,,,,,,,4,,,0,21,12,12,,,93,0
193265,92,,,,,,,,,,,,,,,,,,,,,,,,,,,,,,100,,100,,55,
193283,35,34,35,0,28,26,100,14,16,42,16,0,29,12,,,,,,,,,,,,,,,,,29,,29,,47,
193292,72,60,76,67,67,67,,64,60,78,60,33,67,,49,70,73,61,77,67,71,71,,64,62,78,60,33,67,,64,65,72,73,78,78
193308,57,51,64,33,71,75,0,56,58,68,100,,57,14,56,60,61,57,64,0,70,70,,62,61,69,100,,55,8,57,61,59,67,61,59
193326,23,23,22,33,29,30,0,8,15,28,19,18,14,15,,,,,,,,,,,,,,,,,18,,23,,28,
193353,66,63,67,0,64,70,0,48,54,70,33,92,67,28,52,65,66,63,67,0,64,70,0,48,54,70,33,92,67,28,62,62,62,62,74,74
193399,57,53,59,100,77,77,,60,51,64,69,38,100,18,47,56,57,53,59,100,77,77,,60,51,64,69,38,100,18,53,53,65,65,58,58
193478,23,22,25,11,27,28,0,17,20,30,33,20,0,20,,,,,,,,,,,,,,,,,20,,22,,26,
193584,73,71,74,33,73,73,,66,60,74,63,81,100,21,64,72,73,71,74,33,73,73,,66,60,74,63,81,100,21,66,66,77,77,73,73
193609,100,100,100,,,,,,100,,,,100,,,,,,,,,,,,,,,,,,100,,,,100,
193654,71,62,74,67,76,76,50,61,65,66,64,57,83,13,52,68,71,63,74,67,76,76,50,63,65,66,64,56,83,13,62,62,62,62,77,77
193858,63,40,65,33,91,91,,42,70,86,,,,,,,,,,,,,,,,,,,,,60,,100,,78,
193900,88,87,90,83,90,91,60,88,85,87,87,89,92,5,76,86,89,87,90,83,90,91,60,88,86,87,87,89,92,5,87,87,88,88,89,89
193946,31,30,31,17,44,29,100,11,23,35,32,,54,15,,,,,,,,,,,,,,,,,22,,40,,40,
193973,70,71,70,100,82,82,,51,72,72,59,75,72,,63,68,70,71,69,100,82,82,,51,71,71,59,75,72,,63,63,73,72,75,75
193991,87,,,,,,,,,,,,,,,,,,,,,,,,,,,,,,80,,100,,100,
194028,25,31,23,13,,,,17,0,27,0,35,,16,,,,,,,,,,,,,,,,,25,,20,,28,
194091,56,52,63,100,65,65,100,41,48,59,56,61,63,32,41,53,56,52,63,100,65,65,100,41,47,58,56,61,63,32,49,49,56,55,65,65
194116,54,0,58,,100,100,,0,50,67,50,0,67,8,40,80,80,,80,,,,,,100,100,,,67,,40,,,,63,80
194189,75,75,,,,,,,,67,,,100,25,0,0,0,0,,,,,,,,0,,,0,25,,,,,75,0
194222,25,23,26,12,31,32,0,13,20,29,20,22,67,18,,,,,,,,,,,,,,,,,22,,26,,30,
194240,23,21,25,50,42,41,50,15,21,27,15,21,,20,,,,,,,,,,,,,,,,,21,,20,,26,
194259,73,,,,,,,,,,,,,,,,,,,,,,,,,,,,,,78,,50,,,
194310,61,56,64,80,65,65,0,48,53,66,59,60,58,32,49,59,61,56,64,80,65,65,0,48,52,66,59,60,58,32,55,55,61,61,66,66
194392,53,51,57,50,100,100,100,25,38,55,0,50,,,45,49,49,46,55,33,75,67,100,14,38,51,0,50,,,46,39,61,57,56,55
194435,64,,,,,,,,,,,,,,,,,,,,,,,,,,,,,,58,,100,,100,
194499,63,68,62,,31,31,,27,91,90,88,,,6,,,,,,,,,,,,,,,,,62,,60,,89,
194569,39,33,50,,,,,0,,47,,,,22,15,31,31,25,40,,,,,0,,36,,,,23,29,27,67,50,100,
194578,73,66,76,,79,79,,56,62,73,67,60,76,5,49,70,73,65,76,,80,80,,57,60,73,67,60,76,6,61,59,76,76,75,76
194657,19,19,,,,,,,,19,,,,19,0,0,19,19,,,,,,,,19,,,,19,38,38,,,11,11
194666,97,97,,,,,,,,97,,,,,0,97,97,97,,,,,,,,97,,,,,97,97,,,100,100
194693,45,45,,,,,,,,45,,,,55,0,9,9,9,,,,,,,,9,,,,55,,,,,45,9
194718,25,25,,,,,,,,25,,,,75,0,0,25,25,,,,,,,,25,,,,75,,,,,25,25
194736,34,34,,,,,,,,34,,,,66,0,34,34,34,,,,,,,,34,,,,66,44,44,,,26,26
194763,34,34,,,,,,,,34,,,,,8,18,34,34,,,,,,,,34,,,,,69,69,,,29,29
194824,83,82,87,100,88,88,,81,74,83,80,91,86,3,71,82,83,82,87,100,88,88,,81,74,83,80,91,86,3,77,77,84,84,84,84
194958,64,62,65,,33,33,,31,73,68,45,,67,,57,64,64,62,65,,33,33,,31,73,68,45,,67,,56,56,67,67,72,72
195003,71,68,77,0,75,75,,58,63,73,65,63,63,,28,65,73,69,80,0,77,77,,64,67,74,67,83,62,,65,69,74,75,73,73
195030,84,83,86,,83,83,,71,78,84,78,88,90,2,77,84,84,83,86,,83,83,,71,78,84,78,88,90,2,77,77,83,83,87,87
195058,29,29,30,0,41,41,50,18,31,34,43,24,38,25,,,,,,,,,,,,,,,,,31,,29,,28,
195067,58,,,,,,,,,,,,,,,,,,,,,,,,,,,,,,55,,67,,88,
195128,66,67,65,100,57,57,,68,55,67,67,71,,,59,65,66,67,65,100,57,57,,68,55,67,67,71,,,58,58,75,75,73,73
195164,70,66,75,0,71,75,0,42,59,76,78,62,50,10,66,69,70,66,75,0,71,75,0,42,59,76,78,62,50,10,62,62,71,71,76,76
195173,52,49,54,40,46,55,25,36,46,64,63,63,57,29,34,49,53,49,55,40,48,55,29,36,46,64,63,63,62,28,46,47,54,56,60,59
195191,100,,100,,,,,,,,100,,,,,,,,,,,,,,,,,,,,100,,100,,,
195216,80,79,80,50,75,75,,72,80,80,82,43,82,15,71,78,80,79,80,50,75,75,,72,80,80,82,43,82,15,78,78,80,80,80,80
195234,51,44,54,0,50,47,100,38,34,59,53,65,54,33,38,49,51,44,54,0,50,47,100,38,34,58,53,65,54,33,44,44,56,56,61,61
195243,63,57,69,,50,50,,60,51,73,67,43,46,29,48,58,60,52,69,,50,50,,60,49,70,67,43,46,29,54,52,62,60,86,83
195289,50,,50,,,,,,,50,,,,,,,,,,,,,,,,,,,,,100,,,,0,
195304,70,63,73,100,71,71,,75,68,67,68,88,76,15,59,69,70,63,73,100,71,71,,75,68,67,68,88,76,15,63,63,65,65,75,75
195322,29,27,31,0,32,31,50,26,15,31,17,75,,19,,,,,,,,,,,,,,,,,27,,17,,36,
195438,0,0,,,,,,,,0,,,,67,0,0,0,0,,,,,,,,0,,,,67,0,0,,,0,0
195474,76,74,77,,71,71,,67,61,79,70,100,47,18,72,75,76,74,77,,71,71,,67,61,79,70,100,47,18,66,66,80,80,79,79
195526,82,78,84,,81,81,,79,84,83,88,73,75,12,75,81,82,78,84,,81,81,,79,84,83,88,73,75,12,79,79,78,78,83,83
195544,64,62,66,50,76,75,100,47,52,70,69,65,,23,56,63,64,62,66,50,76,75,100,47,52,70,69,65,,23,54,54,63,63,73,73
195720,74,71,77,100,57,59,0,68,62,76,72,88,100,19,64,73,74,71,77,100,57,59,0,68,62,76,72,88,100,19,69,69,73,73,82,82
195784,28,30,28,,67,80,0,13,36,38,0,50,,,,,,,,,,,,,,,,,,,24,,44,,67,
195809,68,65,71,55,70,69,100,59,67,74,63,65,67,,55,62,68,65,71,55,70,69,100,59,67,73,64,64,67,,64,64,68,68,73,73
195988,22,24,21,0,0,,0,7,21,33,33,0,100,19,,,,,,,,,,,,,,,,,21,,17,,24,
196006,53,52,54,71,43,50,0,38,30,61,36,44,64,25,28,43,45,45,46,50,40,50,0,42,23,51,9,50,100,33,47,37,57,39,64,64
196015,44,43,45,17,38,38,,31,39,52,23,50,63,28,42,49,51,51,51,,67,67,,33,48,57,17,50,0,25,40,50,54,58,47,46
196024,48,50,46,0,43,46,0,41,38,55,39,42,100,30,44,54,56,54,58,,67,67,,42,55,62,50,29,,23,41,49,56,60,61,65
196033,41,36,46,50,33,33,,14,25,52,21,100,25,31,49,53,54,47,59,100,0,0,,11,47,61,20,100,0,23,35,56,42,45,55,61
196042,57,53,63,50,61,62,33,55,52,59,67,0,50,21,41,55,59,54,66,,65,65,100,47,58,60,63,0,50,20,55,56,54,50,59,61
196051,32,32,32,0,57,50,100,15,15,43,23,50,38,35,24,32,34,34,34,,50,0,100,24,22,43,0,0,,39,26,34,38,33,43,33
196060,64,60,68,25,67,68,0,67,59,65,54,65,63,26,57,63,64,60,68,25,67,68,0,67,59,65,54,65,63,26,62,62,64,64,66,66
196079,84,78,89,100,87,87,,79,76,86,70,84,68,16,77,83,84,78,89,100,87,87,,79,76,86,70,84,68,16,79,79,84,84,86,86
196088,73,69,79,60,76,76,67,67,64,74,64,76,80,16,59,71,73,69,79,60,76,76,67,67,64,74,64,76,80,16,69,69,69,69,78,78
196097,78,76,81,50,85,85,,74,72,74,74,86,74,13,66,76,78,76,81,50,85,85,,74,72,74,74,86,74,13,80,80,75,75,77,77
196103,70,70,70,0,92,92,,25,56,72,50,79,67,23,59,68,68,66,70,0,92,92,,25,56,71,50,71,67,23,55,55,63,62,80,78
196112,59,55,71,0,50,47,100,37,42,67,59,,80,29,48,57,59,55,71,0,50,47,100,37,42,67,59,,80,29,52,52,62,62,66,66
196121,57,49,63,0,46,50,0,45,39,62,43,66,54,29,43,54,57,49,63,0,46,50,0,45,39,62,43,66,54,29,50,50,59,59,64,64
196130,36,30,41,33,39,40,0,35,25,47,26,0,26,39,25,34,36,30,41,33,39,40,0,35,25,47,26,0,26,39,34,34,34,34,42,42
196149,68,61,74,25,50,47,100,62,64,70,64,73,25,26,56,67,68,61,74,25,50,47,100,62,64,70,64,73,25,26,66,66,68,68,70,70
196158,53,48,57,40,62,64,0,32,41,61,31,35,46,31,40,52,53,48,57,40,62,64,0,32,41,61,31,35,46,31,43,43,57,57,68,68
196167,72,68,74,100,68,67,100,62,65,74,56,73,67,23,65,71,72,68,74,100,68,67,100,62,65,74,56,73,67,23,61,61,77,77,76,76
196176,69,65,71,,79,78,100,49,62,74,56,57,57,22,55,67,69,65,71,,79,78,100,49,62,74,56,57,57,22,64,64,69,69,73,73
196185,70,64,74,67,54,54,,69,65,73,43,76,80,24,61,69,70,64,74,67,54,54,,69,65,73,43,76,80,24,64,64,75,75,72,72
196194,60,58,63,50,55,55,,57,52,63,57,100,68,29,48,58,60,58,63,50,55,55,,57,52,63,57,100,68,29,55,55,63,63,65,65
196200,48,40,53,43,60,60,,32,38,56,29,63,100,29,34,46,48,40,53,43,60,60,,32,38,56,29,63,100,29,39,39,55,55,62,62
196219,62,59,64,,61,64,33,57,54,67,56,100,50,24,51,61,62,59,64,,61,64,33,57,54,67,56,100,50,24,55,55,69,69,65,65
196237,47,37,53,,48,48,,46,45,49,41,56,55,30,32,43,47,37,53,,48,48,,46,45,49,41,56,55,30,46,46,47,47,47,47
196246,59,54,62,25,48,49,0,53,46,64,52,61,70,28,44,57,59,54,62,25,48,49,0,53,46,64,52,61,70,28,53,53,61,61,66,66
196264,29,27,30,,0,0,,33,13,34,0,0,,24,12,17,22,23,22,,0,0,,28,18,24,0,0,,28,29,23,40,30,26,15
196291,75,73,88,,79,79,,71,67,77,67,57,100,18,52,71,76,74,88,,79,79,,71,68,78,67,57,100,18,69,70,78,79,75,76
196389,77,70,79,,0,0,,80,80,60,100,80,,9,,,,,,,,,,,,,,,,,91,,53,,63,
196413,81,79,84,58,75,75,100,82,77,85,71,81,76,,71,80,81,79,84,58,75,75,100,82,77,85,71,81,76,,79,79,83,83,81,81
196431,14,14,,,,,,,,14,,,,77,9,14,14,14,,,,,,,,14,,,,77,13,13,,,15,15
196440,17,17,,,,,,,,20,,,0,67,0,17,17,17,,,,,,,,20,,,0,67,20,20,,,0,0
196565,27,25,29,0,40,40,,8,26,30,32,27,100,19,,,,,,,,,,,,,,,,,28,,45,,24,
196583,10,10,,,,,,,,10,,,,90,10,10,10,10,,,,,,,,10,,,,90,0,0,,,10,10
196592,65,58,69,,75,75,,46,44,68,67,52,62,13,55,67,73,63,77,,80,80,,89,64,73,50,82,64,14,59,70,73,79,69,73
196653,19,0,20,,0,0,,8,11,26,0,,,32,,,,,,,,,,,,,,,,,16,,35,,17,
196699,31,31,31,,33,33,,11,24,36,40,50,0,17,,,,,,,,,,,,,,,,,34,,38,,28,
196866,85,83,87,50,87,87,,85,86,86,76,,85,11,75,84,85,83,87,50,87,87,,85,86,86,76,,85,11,88,88,85,85,85,85
197018,57,57,,,,,,,,59,,,10,16,1,54,57,57,,,,,,,,59,,,10,16,59,59,,,49,49
197027,81,80,83,100,81,81,,83,70,81,,80,100,3,73,78,81,80,83,100,81,81,,83,70,81,,80,100,3,79,79,67,67,81,81
197036,85,86,85,92,87,87,,75,83,89,78,67,100,,81,85,85,86,85,92,87,87,,75,83,89,78,67,100,,,,,,85,85
197045,55,52,58,0,63,63,,31,44,64,26,0,40,,43,54,55,52,58,0,63,63,,31,44,64,26,0,40,,44,44,66,66,64,64
197133,89,85,92,100,89,89,,77,83,90,91,100,92,7,81,88,89,85,92,100,89,89,,77,83,90,91,100,92,7,88,88,95,95,86,86
197142,31,15,40,0,33,33,,16,11,49,0,,,27,25,30,31,15,42,0,33,33,,14,13,56,0,,,27,27,27,53,50,27,30
197151,75,69,77,100,70,70,,63,63,65,80,57,87,10,60,72,75,69,77,100,70,70,,63,63,65,80,57,87,10,61,61,71,71,81,81
197197,68,57,75,100,81,84,0,49,60,72,69,61,61,31,63,68,68,57,75,100,81,84,0,49,60,72,69,61,61,31,66,66,72,72,67,66
197221,81,76,100,,50,50,,,,83,,,,,73,77,81,76,100,,50,50,,,,83,,,,,100,100,100,100,76,76
197230,41,35,44,0,0,0,,23,37,52,0,0,,,38,39,41,35,44,0,0,0,,23,37,52,0,0,,,41,41,36,36,45,45
197285,32,24,39,,25,33,0,45,24,33,100,33,,22,22,24,29,24,35,,0,0,,58,19,17,0,33,,33,32,29,30,25,33,33
197294,23,21,26,33,39,41,0,16,24,23,23,21,44,15,,,,,,,,,,,,,,,,,23,,14,,24,
197337,83,,,,,,,,,,,,,,,,,,,,,,,,,,,,,,88,,,,75,
197531,87,87,87,,50,50,,82,96,87,,70,100,3,,,,,,,,,,,,,,,,,100,,100,,63,
197601,33,33,,,,,,,,33,,,,30,0,33,33,33,,,,,,,,33,,,,30,39,39,,,0,0
197647,18,18,,,,,,,,21,,,0,68,0,18,18,18,,,,,,,,21,,,0,68,11,11,,,23,23
197674,18,18,,,,,,,,19,,,0,41,0,18,18,18,,,,,,,,19,,,0,41,18,18,,,18,18
197692,55,55,,,,,,,,55,,,,45,9,27,55,55,,,,,,,,55,,,,45,100,100,,,50,50
197708,84,81,86,,100,100,,,75,84,100,,82,12,79,84,85,83,86,,100,100,,,75,85,100,,82,12,83,85,84,86,84,84
197735,69,69,,,,,,,,72,,,29,25,0,68,69,69,,,,,,,,72,,,29,25,91,91,,,60,60
197744,50,50,,,,,,,,50,,,,50,0,0,0,0,,,,,,,,0,,,,50,0,0,,,56,0
197814,39,45,35,,100,100,,29,25,39,29,56,60,41,,,,,,,,,,,,,,,,,36,,,,41,
197850,35,35,35,0,50,50,,20,32,36,50,60,0,21,,,,,,,,,,,,,,,,,28,,,,38,
197869,73,72,74,50,64,65,0,67,64,75,68,71,76,18,58,71,73,72,74,50,64,65,0,67,64,75,68,71,76,18,66,66,75,75,76,76
197887,32,37,28,60,29,40,0,14,36,32,22,50,,9,,,,,,,,,,,,,,,,,30,,0,,36,
197911,52,55,50,100,67,67,,39,53,55,14,0,82,,40,51,52,55,50,100,67,67,,39,53,55,14,0,82,,44,44,51,51,69,69
197966,36,34,38,,100,100,,13,27,43,67,0,,,,,,,,,,,,,,,,,,,28,,,,45,
197984,46,40,54,,57,67,50,30,45,49,,54,31,,40,45,46,40,54,,57,67,50,30,45,49,,54,31,,36,36,40,40,56,56
197993,21,,21,0,,,,25,0,,29,4,,58,11,18,21,,21,0,,,,25,0,,29,4,,58,17,17,13,13,100,100
198011,31,31,31,36,0,,0,20,67,29,,0,,19,,,,,,,,,,,,,,,,,37,,,,17,
198039,38,35,39,,0,0,,25,59,35,,14,,17,,,,,,,,,,,,,,,,,31,,33,,48,
198066,39,31,51,67,67,67,,29,32,40,53,25,29,37,26,37,39,31,51,67,67,67,,29,32,40,53,25,29,37,38,38,50,50,32,32
198084,46,55,40,0,100,100,,32,64,48,50,0,,18,,,,,,,,,,,,,,,,,48,,,,45,
198109,45,0,50,,,,,,,45,,,,,0,0,0,0,0,,,,,,,0,,,,,25,0,50,0,67,0
198118,40,35,44,50,,,,12,42,41,67,38,60,23,,,,,,,,,,,,,,,,,37,,,,43,
198136,56,52,59,0,53,57,0,45,43,61,55,44,59,33,41,54,55,52,58,0,47,50,0,45,43,59,55,44,59,33,47,47,60,60,61,59
198154,34,34,33,50,27,33,20,22,32,36,34,24,50,0,,,,,,,,,,,,,,,,,33,,,,34,
198206,42,42,41,0,33,33,,38,60,41,43,0,,12,,,,,,,,,,,,,,,,,38,,,,45,
198215,52,46,58,,100,100,,25,67,59,44,,50,,45,52,52,46,58,,100,100,,25,67,59,44,,50,,46,46,63,63,54,54
198233,36,38,33,0,46,46,,5,47,34,30,33,,36,,,,,,,,,,,,,,,,,33,,,,38,
198251,41,47,37,0,67,67,,18,35,48,13,27,,15,,,,,,,,,,,,,,,,,35,,,,47,
198260,26,23,30,100,37,38,0,20,26,27,26,19,44,28,,,,,,,,,,,,,,,,,27,,,,26,
198303,29,20,37,25,100,100,,25,47,41,33,25,60,37,18,26,29,20,37,25,100,100,,25,47,41,33,25,60,37,26,26,35,35,40,40
198321,11,20,6,,,,,0,0,15,0,0,,,,,,,,,,,,,,,,,,,13,,,,10,
198330,42,46,38,60,24,27,0,34,48,43,50,,100,21,,,,,,,,,,,,,,,,,38,,,,46,
198367,46,45,46,0,63,63,,32,69,48,40,0,0,23,,,,,,,,,,,,,,,,,39,,,,53,
198376,42,48,37,100,75,75,,47,60,40,14,38,67,18,,,,,,,,,,,,,,,,,30,,53,,54,
198385,92,91,92,,93,97,0,88,92,92,92,100,97,,89,92,92,91,92,,93,97,0,88,92,92,92,100,97,,94,94,86,86,92,92
198419,96,95,97,78,99,99,100,91,96,97,95,96,93,1,88,95,96,95,97,78,99,99,100,91,96,97,95,96,93,1,96,96,98,98,95,95
198455,36,38,35,,14,14,,26,34,44,33,56,20,3,,,,,,,,,,,,,,,,,31,,33,,41,
198464,62,57,66,46,53,52,71,58,59,65,56,55,53,28,43,59,62,57,66,46,53,52,71,58,59,65,56,55,53,28,55,55,63,63,68,68
198491,58,67,50,,,,,43,60,71,,,,,,,,,,,,,,,,,,,,,43,,,,90,
198507,48,44,51,0,71,67,100,48,67,48,29,46,,26,30,46,48,44,51,0,71,67,100,48,67,48,29,46,,26,49,49,45,45,47,47
198516,83,79,85,100,57,57,,89,85,83,82,100,79,,78,82,83,79,85,100,57,57,,89,85,83,82,100,79,,80,80,84,84,83,83
198534,21,24,19,13,24,33,0,13,25,31,22,4,25,22,,,,,,,,,,,,,,,,,17,,27,,31,
198543,35,27,40,,25,29,0,36,41,36,27,22,0,32,21,30,35,27,40,,25,29,0,36,41,36,27,22,0,32,35,35,44,44,35,35
198552,28,34,22,50,31,31,,11,34,31,24,35,33,14,,,,,,,,,,,,,,,,,23,,38,,32,
198561,62,60,63,100,0,0,0,62,57,62,69,68,,29,50,58,60,58,61,100,0,0,0,62,57,60,58,64,,30,57,54,56,52,71,70
198570,51,52,50,0,100,100,,38,68,45,50,66,100,12,,,,,,,,,,,,,,,,,47,,,,55,
198598,41,34,50,0,0,0,,31,50,51,47,13,,,31,40,41,34,50,0,0,0,,31,50,51,47,13,,,34,34,34,34,60,60
198613,48,39,56,0,55,55,,31,38,58,40,33,,,37,44,48,39,56,0,55,55,,31,38,58,40,33,,,34,34,61,61,59,59
198622,31,34,28,50,27,28,0,18,24,41,23,39,67,18,,,,,,,,,,,,,,,,,28,,33,,36,
198640,41,40,42,,,,,40,,44,50,0,50,10,,,,,,,,,,,,,,,,,26,,,,70,
198668,44,48,42,0,100,100,,33,27,48,,38,,13,,,,,,,,,,,,,,,,,37,,,,51,
198677,40,0,50,,,,,,100,25,,,,,25,25,25,0,33,,,,,,,25,,,,,40,25,,,,
198695,70,66,73,40,75,75,,63,61,71,77,71,63,,66,69,69,66,72,40,71,71,,63,59,70,75,70,63,,69,68,74,73,69,68
198710,49,55,44,,50,50,,37,40,50,50,80,0,12,,,,,,,,,,,,,,,,,48,,,,49,
198729,39,46,35,100,,,,11,44,42,33,,0,,,,,,,,,,,,,,,,,,34,,,,64,
198756,34,25,40,0,100,100,,37,8,25,,25,,,25,32,34,25,40,0,100,100,,37,8,25,,25,,,32,32,46,46,55,55
198774,29,33,26,25,78,75,100,17,22,32,22,100,,11,,,,,,,,,,,,,,,,,23,,,,33,
198808,44,39,48,100,,,,15,45,46,17,50,60,40,40,44,44,39,48,100,,,,15,45,46,17,50,60,40,41,41,43,43,53,53
198817,28,28,28,,,,,16,56,29,50,,,7,,,,,,,,,,,,,,,,,23,,,,36,
198835,51,50,52,100,50,50,,35,56,54,39,58,62,,41,51,51,50,52,100,50,50,,35,56,54,39,58,62,,39,39,55,55,68,68
198844,56,,,,,,,,,,,,,,,,,,,,,,,,,,,,,,89,,,,25,
198862,24,16,31,,33,,33,24,0,0,18,13,100,,14,22,24,17,31,,50,,50,24,0,0,18,13,100,,23,23,22,20,60,67
198871,39,40,39,,0,0,,30,91,56,18,33,0,22,,,,,,,,,,,,,,,,,45,,15,,43,
198899,42,31,52,50,67,67,,29,43,48,26,13,54,8,35,40,42,31,52,50,67,67,,29,43,48,26,13,54,8,36,36,45,45,63,63
198905,38,78,22,,,,,33,,43,,0,,3,,,,,,,,,,,,,,,,,55,,,,8,
198914,49,45,50,,,,,0,33,51,,50,0,7,,,,,,,,,,,,,,,,,49,,,,49,
198923,57,72,41,,50,50,,0,75,62,,,0,11,,,,,,,,,,,,,,,,,40,,100,,,
198950,65,,65,50,61,63,50,64,77,64,75,67,50,26,58,63,65,,65,50,61,63,50,64,77,64,75,67,50,26,59,59,66,66,69,69
198969,40,36,45,0,67,75,50,21,24,46,50,30,88,42,26,39,40,36,44,0,67,75,50,21,24,45,50,29,88,42,26,24,47,47,59,59
198978,8,3,10,6,40,50,0,4,18,16,0,17,,,0,0,0,0,0,,,,,0,,0,,0,,,7,0,27,,12,0
198987,16,10,21,,43,43,,0,10,20,0,0,,33,,,,,,,,,,,,,,,,,11,,,,22,
199005,87,,,,,,,,,,,,,,,,,,,,,,,,,,,,,,100,,100,,40,
199023,54,45,68,,50,50,,0,100,54,50,0,100,,,,,,,,,,,,,,,,,,41,,,,87,
199032,41,36,48,0,50,67,0,27,29,49,0,43,,,28,39,41,37,48,0,50,67,0,27,29,50,0,43,,,30,30,45,45,55,61
199069,47,43,51,0,33,33,,33,50,56,27,46,46,,35,45,46,42,49,0,40,40,,33,50,55,18,46,42,,46,44,58,58,44,41
199078,33,,,,,,,,,,,,,,,,,,,,,,,,,,,,,,27,,100,,40,
199087,52,62,45,75,100,100,,48,38,55,80,,100,,,,,,,,,,,,,,,,,,50,,33,,56,
199102,55,48,60,36,60,60,,56,45,45,49,54,100,22,34,50,55,48,60,36,60,60,,56,45,45,49,54,100,22,50,50,58,58,71,71
199111,55,48,59,20,47,38,100,62,53,55,67,38,43,32,41,52,55,48,59,20,47,38,100,62,53,55,67,38,43,32,51,51,65,65,54,54
199120,92,91,93,89,96,96,67,89,92,92,92,93,87,5,86,91,92,91,93,89,96,96,67,89,92,92,92,93,87,5,90,90,93,93,93,93
199139,68,65,71,43,75,75,75,66,65,68,65,69,77,22,50,65,68,65,71,43,75,75,75,66,65,68,65,69,77,22,64,64,70,70,69,69
199148,58,51,61,42,59,59,0,62,55,55,56,57,80,27,40,54,58,51,61,42,59,59,0,62,55,55,56,57,80,27,56,56,61,61,60,60
199157,46,38,49,10,100,100,,47,35,40,43,24,100,27,27,42,46,38,49,10,100,100,,47,35,40,43,24,100,27,44,44,53,53,52,52
199184,79,76,81,100,80,80,,86,82,79,75,50,75,14,77,79,80,76,82,100,80,80,,86,82,79,75,50,75,13,73,73,81,81,81,82
199193,85,82,88,72,88,88,100,80,85,85,83,81,81,10,68,82,85,83,88,70,88,88,100,81,85,86,84,83,81,10,80,80,83,83,87,87
199209,40,31,57,67,100,100,,34,20,40,40,51,56,32,28,39,39,30,55,67,100,100,,34,20,38,40,47,53,32,35,34,41,41,53,50
199218,71,67,73,67,79,79,,68,70,72,59,73,52,23,56,68,71,67,73,67,79,79,,68,70,72,59,73,52,23,67,67,70,70,73,73
199263,47,33,55,,,,,0,67,55,,,,,,,,,,,,,,,,,,,,,50,,,,33,
199272,44,43,47,0,38,38,,44,40,51,,32,,37,35,42,44,43,47,0,38,38,,44,40,51,,32,,37,41,41,45,45,53,53
199281,45,38,50,44,29,29,,44,43,46,42,45,100,30,28,41,45,38,50,44,29,29,,44,43,46,42,45,100,30,38,38,55,55,55,55
199306,43,33,54,50,100,100,,36,36,48,27,,40,27,34,43,43,33,54,50,100,100,,36,36,48,27,,40,27,45,45,42,42,33,33
199324,42,43,41,0,,,,38,67,44,0,,,18,,,,,,,,,,,,,,,,,32,,,,50,
199333,28,34,24,20,0,0,0,15,25,42,23,0,25,20,,,,,,,,,,,,,,,,,20,,30,,41,
199412,66,59,70,75,67,67,,63,55,66,100,80,85,,60,65,66,59,70,75,67,67,,63,55,66,100,80,85,,62,62,59,59,73,73
199421,54,55,53,0,100,100,,45,49,55,50,58,0,17,,,,,,,,,,,,,,,,,50,,,,59,
199449,41,51,35,23,,,,31,54,36,20,67,,13,,,,,,,,,,,,,,,,,36,,,,54,
199458,43,46,38,,,,,21,14,57,,0,100,15,35,41,43,46,39,,,,,21,17,57,,,100,16,35,38,60,60,46,40
199467,21,33,13,,,,,14,,29,,,,29,,,,,,,,,,,,,,,,,13,,,,33,
199476,30,35,27,28,50,50,,15,50,38,,22,,18,,,,,,,,,,,,,,,,,26,,,,50,
199485,28,25,31,100,0,0,0,15,21,32,14,33,100,22,,,,,,,,,,,,,,,,,29,,,,28,
199494,30,31,29,100,43,43,,16,36,31,23,50,36,14,,,,,,,,,,,,,,,,,30,,,,30,
199582,33,16,58,,,,,35,100,0,0,27,100,,13,18,20,11,33,,,,,21,0,0,0,16,50,,19,19,10,10,94,27
199607,56,,56,0,20,20,,52,52,63,50,33,67,,51,56,56,,56,0,20,20,,52,52,63,50,33,67,,52,52,55,55,68,68
199625,52,55,50,100,50,50,,36,48,56,50,67,,13,,,,,,,,,,,,,,,,,61,,,,44,
199634,48,45,51,40,50,50,,29,38,54,47,49,,20,,,,,,,,,,,,,,,,,37,,,,55,
199643,20,19,21,0,9,0,17,21,,50,13,14,42,,12,17,20,19,21,0,9,0,17,21,,50,13,14,42,,20,20,8,8,37,37
199689,64,,,,,,,,,,,,,,,,,,,,,,,,,,,,,,55,,100,,100,
199698,27,21,43,60,0,0,,13,27,43,0,0,35,,18,23,26,20,39,60,0,0,,13,27,41,0,0,24,,34,32,27,26,0,0
199722,51,58,47,50,,,,17,67,57,60,0,,24,,,,,,,,,,,,,,,,,54,,,,48,
199731,54,42,60,83,100,100,100,0,57,52,0,,,10,,,,,,,,,,,,,,,,,62,,100,,41,
199740,72,67,79,100,,,,67,83,67,100,100,,,,,,,,,,,,,,,,,,,55,,,,88,
199759,46,54,0,100,0,0,,80,100,38,,0,,,0,44,47,55,0,100,0,0,,80,100,38,,0,,,,,,,46,47
199768,8,10,6,,0,,0,0,23,5,0,0,,38,,,,,,,,,,,,,,,,,10,,,,5,
199786,37,35,39,50,50,50,,30,27,42,0,60,50,18,,,,,,,,,,,,,,,,,31,,,,44,
199795,54,55,53,100,100,100,,0,44,55,50,,,6,,,,,,,,,,,,,,,,,52,,,,57,
199838,47,49,46,,,,,37,72,49,20,50,100,17,,,,,,,,,,,,,,,,,40,,,,54,
199847,91,88,93,100,98,98,,85,94,92,77,,86,,87,90,91,88,93,100,98,98,,85,94,92,77,,86,,87,87,87,87,92,92
199856,31,32,31,33,39,39,25,15,27,38,24,24,17,19,,,,,,,,,,,,,,,,,27,,27,,34,
199865,43,37,45,,100,100,,14,18,48,60,0,,,27,41,43,37,45,,100,100,,14,18,48,60,0,,,42,42,51,51,38,38
199892,57,60,53,100,67,67,,68,45,60,40,33,50,10,,,,,,,,,,,,,,,,,38,,,,74,
199908,36,53,23,,67,67,,17,63,30,,,,13,,,,,,,,,,,,,,,,,37,,,,33,
199926,52,55,50,,100,100,,50,36,55,38,56,50,3,,,,,,,,,,,,,,,,,49,,,,58,
199953,36,37,34,,,,,14,58,42,33,0,,41,,,,,,,,,,,,,,,,,39,,100,,24,
199962,47,41,50,,56,56,50,38,50,52,36,56,43,40,36,45,47,41,50,,56,56,50,38,50,52,36,56,43,40,39,39,50,50,57,57
199971,0,0,,,,,,0,0,,,,,14,0,0,0,0,,,,,,0,0,,,,,14,0,0,,,,
199980,68,,,,,,,,,,,,,,,,,,,,,,,,,,,,,,67,,,,71,
199999,49,41,51,50,67,100,0,50,41,36,32,41,0,31,33,45,49,41,51,50,67,100,0,50,41,36,32,41,0,31,46,46,54,54,62,62
200004,59,55,62,50,76,75,100,47,57,60,59,44,67,28,41,56,59,55,62,50,76,75,100,47,57,60,59,44,67,28,53,53,61,61,65,65
200013,58,67,56,,,,,100,0,62,100,33,,,,,,,,,,,,,,,,,,,57,,50,,100,
200022,48,53,41,40,50,50,,20,18,51,32,60,100,15,,,,,,,,,,,,,,,,,38,,48,,52,
200059,43,38,49,,0,0,,0,0,51,11,14,36,19,19,37,40,34,47,,0,0,,0,0,46,13,17,36,16,31,23,33,28,50,48
200086,17,18,17,18,,,,100,0,0,0,,,,100,100,100,,100,100,,,,,,,,,,,8,100,,,33,
200110,71,,,,,,,,,,,,,,,,,,,,,,,,,,,,,,58,,89,,67,
200156,44,35,54,,0,0,0,36,40,49,,15,35,36,31,42,44,35,54,,0,0,0,36,40,49,,15,35,36,37,37,41,41,50,50
200192,51,44,59,0,50,100,0,0,33,57,25,,60,13,,,,,,,,,,,,,,,,,40,,40,,57,
200208,9,0,17,9,,,,,,,,,,,,,,,,,,,,,,,,,,,0,,,,33,
200217,68,61,73,50,33,33,33,44,60,72,40,57,50,20,57,67,68,61,73,50,33,33,33,44,60,72,40,57,50,20,65,65,65,65,72,72
200226,40,28,54,0,0,,0,33,8,47,25,0,50,12,28,40,42,30,54,0,,,,43,8,48,25,0,50,12,23,27,50,52,49,48
200253,48,40,54,0,67,67,,23,42,49,35,0,78,28,28,42,48,40,54,0,67,67,,23,42,49,35,0,78,28,41,41,33,33,53,53
200280,63,60,67,27,74,77,0,37,59,64,58,62,55,23,42,60,63,60,67,27,74,77,0,37,59,64,58,62,55,23,53,53,60,60,67,67
200305,50,52,44,25,67,67,,15,19,55,25,50,0,,,,,,,,,,,,,,,,,,38,,60,,53,
200314,53,43,59,50,,,,33,63,52,40,,65,13,,,,,,,,,,,,,,,,,43,,50,,60,
200332,64,62,66,20,60,60,,53,47,65,53,55,76,22,45,61,64,62,66,20,60,60,,53,47,65,53,55,76,22,53,53,63,63,68,68
200341,39,34,43,0,0,0,0,25,38,44,23,0,47,12,,,,,,,,,,,,,,,,,35,,25,,42,
200466,24,38,13,23,,,,0,,50,,,,4,,,,,,,,,,,,,,,,,31,,,,0,
200484,39,41,36,33,,,,0,0,42,,,,27,21,33,43,45,40,33,,,,0,0,46,,,,26,31,36,47,50,50,50
200527,54,52,57,54,,,,,,75,,,,14,17,25,33,0,40,33,,,,,,,,,,17,51,25,,,83,50
200554,34,33,34,35,,,,0,0,33,,,,,,,,,,,,,,,,,,,,,33,,,,36,
200572,48,42,55,0,0,0,,0,35,53,40,0,67,29,36,44,48,42,55,0,0,0,,0,35,53,40,0,67,29,44,44,41,41,53,53
200590,63,100,0,,,,,100,0,67,,,,,,,,,,,,,,,,,,,,,50,,100,,100,
200785,21,0,23,,,,,21,,18,0,29,,,14,14,14,0,17,,,,,0,,17,,,,,17,17,67,0,,
200800,48,47,50,17,74,74,,22,37,55,35,53,43,25,29,49,53,51,55,25,76,76,,29,42,58,37,58,44,24,33,38,52,55,63,65
200846,10,8,11,,0,0,,0,17,10,0,,0,32,,,,,,,,,,,,,,,,,6,,9,,13,
200873,40,50,36,,,,,0,,43,,,,20,0,27,27,50,18,,,,,0,,29,,,,20,44,33,,,33,17
201034,74,,,,,,,,,,,,,,,,,,,,,,,,,,,,,,100,,100,,69,
201061,44,44,44,,,,,14,100,44,,100,,,33,44,44,44,44,,,,,14,100,44,,100,,,42,42,50,50,44,44
201098,86,,,,,,,,,,,,,,,,,,,,,,,,,,,,,,100,,100,,0,
201104,61,57,63,75,20,20,,51,36,63,33,64,50,6,49,59,61,57,63,75,20,20,,51,36,63,33,64,50,6,52,52,65,65,66,66
201131,49,,,,,,,,,,,,,,,,,,,,,,,,,,,,,,58,,25,,29,
201159,76,,,,,,,,,,,,,,,,,,,,,,,,,,,,,,100,,100,,74,
201177,52,33,54,,,,,,,48,100,,,,57,57,57,50,60,,,,,,,57,,,,,38,,38,33,73,75
201195,69,64,72,100,88,88,,48,59,72,63,,100,21,59,67,69,64,72,100,88,88,,48,59,72,63,,100,21,59,59,69,69,77,77
201283,39,40,37,0,,,,,0,40,40,0,,7,,,,,,,,,,,,,,,,,36,,100,,40,
201371,50,38,64,50,67,67,,33,33,54,60,29,,49,47,50,50,38,64,50,67,67,,33,33,54,60,29,,49,43,43,55,55,53,53
201432,10,5,14,,33,33,,3,12,12,5,0,,43,,,,,,,,,,,,,,,,,9,,7,,13,
201441,63,58,66,75,65,67,0,48,43,66,47,68,62,22,49,60,62,57,66,75,65,67,0,47,43,65,47,66,62,22,49,48,64,64,72,72
201469,21,9,23,,,,,12,20,30,25,,,,,,,,,,,,,,,,,,,,18,,0,,50,
201478,83,,,,,,,,,,,,,,,,,,,,,,,,,,,,,,100,,100,,34,
201496,87,,,,,,,,,,,,,,,,,,,,,,,,,,,,,,100,,100,,82,
201539,75,,,,,,,,,,,,,13,,,,,,,,,,,,,,,,,64,,100,,,
201548,66,58,71,,45,63,0,45,55,69,58,65,100,,59,65,66,58,71,,45,63,0,45,55,69,58,65,100,,53,53,71,71,74,74
201645,87,85,90,100,93,92,100,73,82,92,85,91,70,,72,85,87,85,90,100,93,92,100,73,82,92,85,91,70,,87,87,89,89,86,86
201654,74,73,76,100,89,89,,62,72,74,79,83,80,,65,73,74,73,76,100,89,89,,62,72,74,79,83,80,,63,63,77,77,78,78
201672,24,26,23,,67,67,,20,14,24,29,25,,18,,,,,,,,,,,,,,,,,22,,27,,28,
201681,31,,,,,,,,,,,,,,,,,,,,,,,,,,,,,,34,,33,,0,
201690,26,23,27,0,,,,23,0,25,21,27,83,36,14,22,26,23,27,0,,,,23,0,25,21,27,83,36,24,24,30,30,33,33
201803,72,,,,,,,,,,,,,,,,,,,,,,,,,,,,,,95,,100,,34,
201821,60,29,63,,50,50,,0,,63,100,0,,,52,57,59,29,62,,50,50,,0,,63,0,0,,,50,47,100,100,40,40
201885,72,68,75,80,77,77,40,55,75,73,68,68,73,,39,67,71,68,75,80,76,77,40,55,75,72,68,68,73,,60,60,68,67,78,77
201928,20,17,25,0,50,50,,9,19,25,16,13,32,17,,,,,,,,,,,,,,,,,19,,20,,22,
201946,25,24,25,0,33,33,,0,9,26,17,0,0,24,,,,,,,,,,,,,,,,,23,,25,,27,
201955,15,14,16,0,18,18,0,4,17,20,14,6,45,33,,,,,,,,,,,,,,,,,11,,19,,19,
201964,36,34,37,0,100,100,,24,0,43,18,32,,21,45,48,48,40,57,0,100,100,,21,0,54,33,0,,30,26,36,40,47,58,74
201973,25,29,21,0,67,67,,12,0,29,,0,,40,,,,,,,,,,,,,,,,,21,,30,,32,
202046,68,58,71,,83,83,,44,67,73,62,0,50,23,61,68,68,58,71,,83,83,,44,67,73,62,0,50,23,61,61,74,74,74,74
202073,69,66,73,,71,71,,50,100,61,100,,77,6,57,68,70,68,73,,71,71,,50,100,63,100,,77,6,100,100,73,73,63,65
202134,49,47,50,50,53,55,0,26,38,55,36,56,56,31,33,45,49,47,50,50,53,55,0,26,38,55,36,56,56,31,39,39,53,53,59,59
202152,78,,,,,,,,,,,,,,,,,,,,,,,,,,,,,,81,,60,,0,
202170,61,58,62,,25,25,,50,58,66,50,0,64,,55,61,61,58,62,,25,25,,50,58,66,50,0,64,,54,54,70,70,66,66
202222,25,24,26,0,31,31,0,17,24,28,17,27,13,21,,,,,,,,,,,,,,,,,22,,21,,29,
202356,29,33,25,,39,38,50,15,18,36,18,40,22,14,,,,,,,,,,,,,,,,,23,,36,,34,
202435,8,,8,,,,,9,,0,,,,,,,,,,,,,,,,,,,,,10,,,,0,
202453,69,68,80,,,,,69,100,63,,100,,4,,,,,,,,,,,,,,,,,67,,,,100,
202480,82,77,87,0,65,63,100,76,77,84,68,100,58,15,66,80,82,77,87,0,65,63,100,76,77,84,68,100,58,15,77,77,84,84,81,81
202514,37,29,51,100,,,,6,54,45,40,,50,,29,37,37,29,51,100,,,,6,54,45,40,,50,,28,28,43,43,52,52
202523,80,74,85,,88,88,,79,79,78,86,81,87,15,73,79,80,74,85,,88,88,,79,79,78,86,81,87,15,82,82,74,74,81,81
202648,31,34,30,0,33,50,0,7,0,36,29,17,,24,,,,,,,,,,,,,,,,,22,,29,,37,
202657,84,,,,,,,,,,,,,,,,,,,,,,,,,,,,,,100,,100,,81,
202763,63,55,66,0,78,88,0,35,67,64,44,0,,25,43,55,62,55,64,0,78,88,0,35,67,63,44,0,,25,53,52,65,64,68,67
202806,30,21,43,,0,0,,6,,17,100,39,80,40,31,31,31,22,43,,0,0,,6,,18,100,39,80,41,20,21,33,33,42,42
202888,89,,,,,,,,,,,,,,,,,,,,,,,,,,,,,,100,,,,83,
202903,50,48,53,0,50,50,,67,0,52,100,,0,21,32,59,64,67,60,,50,50,,100,,61,100,,,,50,54,100,100,45,75
202912,75,,75,,,,,100,,50,,,,25,,,,,,,,,,,,,,,,,,,,,75,
202949,61,,,,,,,,,,,,,,,,,,,,,,,,,,,,,,71,,67,,49,
202985,27,,,,,,,,,,,,,73,,,,,,,,,,,,,,,,,36,,0,,0,
203030,95,,,,,,,,,,,,,,,,,,,,,,,,,,,,,,100,,88,,89,
203085,50,40,64,,50,0,100,28,31,56,57,50,0,24,44,49,50,40,64,,50,0,100,28,31,56,57,50,0,24,41,41,0,0,57,57
203128,59,48,71,0,100,100,,47,60,67,22,42,100,,50,58,59,48,71,0,100,100,,47,60,67,22,42,100,,50,50,64,64,80,80
203146,87,,,,,,,,,,,,,,,,,,,,,,,,,,,,,,80,,91,,91,
203155,29,29,29,33,100,100,,10,19,37,20,22,0,5,,,,,,,,,,,,,,,,,26,,35,,32,
203234,51,,,,,,,,,,,,,,,,,,,,,,,,,,,,,,50,,63,,50,
203289,86,86,86,,,,,75,,87,100,,,,,,,,,,,,,,,,,,,,100,,40,,,
203331,30,27,31,25,33,33,33,26,28,31,28,24,0,12,,,,,,,,,,,,,,,,,13,,50,,39,
203368,76,75,78,,64,64,,59,62,78,70,50,75,,69,75,76,75,78,,64,64,,59,62,78,70,50,75,,65,65,77,77,81,81
203386,19,17,20,,0,0,,8,0,29,,21,,2,,,,,,,,,,,,,,,,,20,,16,,,
203438,56,0,63,,,,,50,0,57,50,100,,7,,,,,,,,,,,,,,,,,39,,89,,,
203447,26,27,25,0,100,100,,0,36,25,14,25,,2,0,0,0,0,0,0,0,0,,0,0,0,0,0,,2,27,0,57,0,6,0
203456,10,5,13,,,,,,0,11,0,0,,,0,0,0,0,0,,,,,,0,0,0,0,,,13,0,10,0,0,0
203465,37,37,37,0,60,50,100,9,30,40,16,29,0,1,1,2,2,3,1,0,0,0,0,0,0,2,0,7,0,1,30,1,37,1,45,3
203474,27,31,24,,,,,10,0,29,30,43,,2,1,1,1,2,0,,,,,0,0,1,0,0,,2,22,0,27,0,39,3
203483,37,36,38,,,,,33,17,39,0,40,33,2,1,1,5,9,2,,,,,0,0,6,0,0,0,3,34,6,32,0,46,9
203492,28,28,28,0,100,100,,0,0,27,67,43,0,1,1,2,2,0,3,0,0,0,,0,0,1,0,20,0,1,30,2,21,3,32,0
203517,65,60,68,33,70,69,100,58,61,67,57,70,68,1,49,62,65,60,68,33,70,69,100,58,61,67,57,70,68,1,56,56,65,65,76,76
203526,26,20,33,,33,33,,11,33,30,14,13,,0,0,0,0,1,0,,0,0,,0,0,1,0,0,,0,25,1,27,0,26,0
203535,87,82,91,,92,92,,80,92,88,100,40,92,8,67,86,87,82,91,,92,92,,80,92,88,100,40,92,8,83,83,81,81,88,88
203544,65,50,66,100,50,50,,,,64,100,67,,,57,60,60,50,61,100,50,50,,,,61,100,33,,,29,31,77,77,92,78
203580,42,27,60,0,20,20,,25,89,52,23,33,25,,32,41,42,27,60,0,20,20,,25,89,52,23,33,25,,34,34,40,40,59,59
203599,23,23,23,0,0,0,,8,25,26,12,18,,14,,,,,,,,,,,,,,,,,22,,11,,26,
203614,60,67,59,,100,,100,60,,60,,,,40,,,,,,,,,,,,,,,,,62,,65,,40,
203678,33,27,36,0,33,33,,20,25,34,29,40,,11,,,,,,,,,,,,,,,,,10,,23,,75,
203720,71,85,42,,,,,33,80,83,,100,,3,,,,,,,,,,,,,,,,,71,,100,,0,
203739,50,25,57,,,,,40,33,67,0,,,,,,,,,,,,,,,,,,,,17,,0,,80,
203748,33,28,37,0,43,44,40,14,31,36,14,38,33,15,,,,,,,,,,,,,,,,,27,,18,,40,
203757,38,30,44,,0,0,,17,48,43,0,100,0,52,38,38,38,30,44,,0,0,,17,48,43,0,100,0,52,32,32,50,50,37,37
203775,51,38,63,,100,100,,7,33,60,47,50,100,,41,50,51,38,63,,100,100,,7,33,60,47,50,100,,40,40,53,53,69,69
203845,58,49,73,0,100,100,,22,38,63,33,50,64,,48,58,58,49,73,0,100,100,,22,38,63,33,50,64,,57,57,59,59,58,58
203881,22,23,22,,100,100,,0,100,21,,0,,9,,,,,,,,,,,,,,,,,26,,0,,20,
203942,83,,,,,,,,,,,,,,,,,,,,,,,,,,,,,,75,,,,100,
203960,45,43,45,100,,,,0,17,51,50,,,16,4,17,38,67,33,,,,,0,25,44,100,,,29,50,45,38,17,44,43
204006,22,21,22,,25,25,,8,26,23,17,0,0,38,10,17,20,21,19,,25,25,,8,19,22,12,0,0,39,17,15,24,23,25,23
204015,25,23,26,100,75,67,100,15,22,25,27,0,10,36,11,20,22,21,23,100,75,67,100,20,22,21,30,0,10,37,28,26,21,18,22,19
204024,82,77,87,83,75,76,60,79,82,84,82,64,69,12,73,81,82,77,87,83,75,76,60,79,82,84,82,64,69,12,77,77,78,78,83,83
204121,96,,96,,100,100,,100,100,90,,,,,,,,,,,,,,,,,,,,,94,,100,,,
204158,87,,,,,,,,,,,,,,,,,,,,,,,,,,,,,,90,,100,,85,
204176,71,25,73,0,0,0,,90,,70,,,,,65,71,71,25,73,0,0,0,,90,,70,,,,,67,67,58,58,79,79
204185,65,58,72,0,100,100,,37,69,69,44,50,33,24,55,64,65,58,72,0,100,100,,37,69,69,44,50,33,24,54,54,67,67,75,75
204194,64,58,67,50,0,0,,0,54,67,25,50,,,55,62,64,58,67,50,0,0,,0,54,67,25,50,,,54,54,70,70,63,63
204200,55,46,62,,0,0,,39,50,60,27,,,,45,52,55,46,62,,0,0,,39,50,60,27,,,,41,41,64,64,70,70
204255,53,55,51,100,100,100,,100,,54,44,0,,17,,,,,,,,,,,,,,,,,40,,52,,68,
204264,53,38,68,,100,100,,25,33,58,26,46,56,,41,51,53,38,68,,100,100,,25,33,58,26,46,56,,44,44,59,59,63,63
204422,34,35,34,0,0,0,0,0,43,36,28,25,,12,,,,,,,,,,,,,,,,,32,,36,,38,
204431,50,,,,,,,,,,,,,13,,,,,,,,,,,,,,,,,46,,,,67,
204440,47,38,53,,,,,,38,52,50,27,,12,,,,,,,,,,,,,,,,,92,,14,,21,
204459,61,64,50,,,,,60,50,71,50,,,,,,,,,,,,,,,,,,,,68,,0,,,
204468,37,31,44,,100,100,,23,30,52,35,27,20,40,33,36,36,30,42,,100,100,,23,23,51,35,27,20,40,26,25,,,50,48
204486,54,55,49,0,25,33,0,22,62,56,,53,47,8,28,37,39,38,40,,,,,18,33,41,,37,43,18,45,28,62,47,62,45
204501,79,76,82,0,75,75,,66,73,82,79,55,86,,63,77,79,76,82,0,75,75,,66,73,82,79,55,86,,71,71,78,78,81,81
204608,71,71,74,100,,,,49,75,78,,38,,,,,,,,,,,,,,,,,,,70,,78,,68,
204617,48,43,53,,0,0,,34,40,58,38,17,33,11,40,47,49,43,54,,0,0,,32,29,60,38,17,50,11,42,41,53,56,56,58
204635,74,72,77,0,75,70,100,54,78,75,54,80,88,,59,69,70,68,73,0,71,67,100,46,75,72,38,76,50,,64,59,78,75,79,76
204662,41,38,43,,,,,0,50,41,33,50,,23,,,,,,,,,,,,,,,,,33,,41,,46,
204671,18,10,26,,0,0,,17,8,18,31,33,,61,8,11,12,8,17,,0,0,,8,8,12,13,33,,61,17,14,12,7,23,14
204680,14,12,17,50,7,7,,2,6,17,11,12,0,65,5,7,7,6,9,50,0,0,,0,0,8,11,12,0,65,10,7,16,4,18,9
204699,26,22,31,,13,13,,7,19,28,23,25,0,53,3,7,8,6,11,,0,0,,0,0,9,8,13,0,53,18,7,23,8,32,9
204705,31,28,34,0,33,33,,18,32,34,24,25,100,50,3,5,5,3,7,0,3,3,,1,4,7,6,4,0,50,24,4,33,8,37,5
204714,60,100,54,,,,,40,67,67,40,,,,,,,,,,,,,,,,,,,,48,,100,,100,
204723,69,69,71,,100,100,,73,100,59,,67,,,,,,,,,,,,,,,,,,,70,,67,,0,
204769,68,100,65,,100,100,,72,,65,,57,,,,,,,,,,,,,,,,,,,60,,33,,87,
204778,57,50,57,,67,67,,50,0,61,,50,,,,,,,,,,,,,,,,,,,53,,,,64,
204796,88,85,90,60,91,91,100,79,86,88,89,89,85,7,71,86,88,85,90,60,91,91,100,79,86,88,89,89,85,7,81,81,85,85,90,90
204802,20,15,23,,0,0,,0,0,20,40,0,,51,12,16,19,16,22,,0,0,,0,0,19,40,0,,50,22,22,17,17,18,17
204820,12,13,11,0,50,100,0,0,0,12,17,100,,40,8,10,10,11,10,0,0,,0,0,0,11,19,0,,40,13,11,11,8,12,10
204839,19,14,22,,,,,20,33,19,17,,,32,10,12,12,0,15,,,,,50,0,11,25,,,29,16,9,23,13,24,15
204848,14,11,16,,0,0,,8,17,14,19,14,0,53,8,10,11,8,13,,0,0,,17,17,11,17,0,0,53,14,11,11,13,14,11
204857,66,63,70,71,65,66,50,49,67,68,57,66,63,24,53,64,66,62,69,71,65,66,50,48,66,68,56,66,63,24,55,55,67,67,73,73
204866,18,10,22,0,,,,0,0,19,13,0,,41,12,17,18,8,23,0,,,,0,0,19,14,0,,42,11,8,14,17,26,28
204884,67,67,67,,,,,100,,65,,,,,,,,,,,,,,,,,,,,,65,,75,,67,
204893,25,50,0,,,,,,,25,,,,,,,,,,,,,,,,,,,,,0,,,,50,
204909,62,49,73,0,70,70,,32,52,71,39,50,68,27,55,60,62,49,73,0,70,70,,32,52,71,39,50,68,27,53,53,62,62,71,71
204936,69,66,71,100,69,69,,54,54,71,65,75,,22,60,68,69,66,71,100,69,69,,54,54,71,65,75,,22,66,66,68,68,73,73
204945,32,36,28,0,13,13,,15,26,37,13,25,0,11,,,,,,,,,,,,,,,,,27,,34,,35,
204963,85,,,,,,,,,,,,,,,,,,,,,,,,,,,,,,83,,100,,83,
204981,46,,,,,,,,,,,,,,,,,,,,,,,,,,,,,,25,,100,,75,
205027,35,35,,,0,0,,,25,43,,,,48,35,35,35,35,,,0,0,,,25,43,,,,48,0,0,,,44,44
205054,67,89,62,,100,100,,64,,68,,,,,,,,,,,,,,,,,,,,,61,,82,,71,
205124,53,53,,,,,,,,53,,,,47,53,53,53,53,,,,,,,,53,,,,47,60,60,,,50,50
205142,50,77,39,,,,,40,,50,75,100,,,,,,,,,,,,,,,,,,,41,,100,,75,
205179,42,51,37,0,50,50,,27,0,55,50,25,0,,,,,,,,,,,,,,,,,,38,,78,,50,
205203,32,25,38,,0,,0,10,0,37,,23,50,31,11,15,18,14,22,,,,,8,0,19,,18,25,35,26,15,62,35,23,11
205391,62,60,63,0,,,,75,0,63,33,,,,,,,,,,,,,,,,,,,,53,,68,,76,
205443,43,35,51,0,75,75,,28,20,45,36,19,0,24,35,46,47,42,53,0,100,100,,33,0,50,25,22,0,21,37,38,50,54,41,48
205470,32,29,34,33,26,27,0,20,29,36,32,30,23,19,,,,,,,,,,,,,,,,,30,,39,,33,
205841,23,24,21,50,20,21,0,7,18,27,13,22,,9,,,,,,,,,,,,,,,,,20,,23,,26,
205887,56,56,56,,,,,44,0,59,0,,,,,,,,,,,,,,,,,,,,53,,50,,73,
205957,77,80,76,0,86,86,,,77,77,75,85,60,16,68,74,75,76,75,0,71,71,,,76,76,60,77,75,15,72,74,79,78,79,74
205966,26,33,23,0,,,,0,50,25,50,100,,19,,,,,,,,,,,,,,,,,18,,9,,38,
206011,36,37,35,0,0,0,,0,80,42,,29,100,23,,,,,,,,,,,,,,,,,28,,43,,44,
206039,61,,,,,,,,,,,,,,,,,,,,,,,,,,,,,,60,,100,,25,
206048,43,37,51,,,,,30,14,53,40,38,72,31,36,42,43,37,51,,,,,30,14,53,40,38,72,31,32,32,52,52,59,59
206084,56,52,59,50,74,74,100,31,44,61,42,64,67,,35,53,58,55,60,50,76,76,100,36,44,62,43,65,68,,40,42,56,58,69,70
206172,96,,,,,,,,,,,,,,,,,,,,,,,,,,,,,,100,,,,94,
206181,71,,,,,,,,,,,,,,,,,,,,,,,,,,,,,,71,,,,,
206321,50,,,,,,,,,,,,,,,,,,,,,,,,,,,,,,47,,,,67,
206349,53,100,51,,100,100,,13,0,67,50,0,100,38,43,53,53,100,51,,100,100,,13,0,67,50,0,100,38,44,44,83,83,0,0
206437,62,58,65,100,100,100,,43,53,66,29,63,65,,56,60,62,58,65,100,100,100,,43,53,66,29,63,65,,53,53,65,65,69,69
206446,32,33,31,0,0,0,0,25,0,34,0,0,,11,,,,,,,,,,,,,,,,,35,,37,,25,
206491,16,12,20,,,,,16,0,,,,,,8,15,16,12,20,,,,,16,0,,,,,,17,17,0,0,0,0
206507,55,45,65,100,,,,31,22,60,50,50,25,,49,54,55,45,65,100,,,,31,22,60,50,50,25,,48,48,55,55,70,70
206525,54,48,59,50,70,67,100,30,28,60,50,44,57,30,47,53,54,48,59,50,70,67,100,30,28,60,50,44,57,30,38,38,62,62,67,67
206589,74,64,82,,67,67,,70,68,75,71,75,76,,66,73,74,64,82,,67,67,,70,68,75,71,75,76,,65,65,72,72,78,78
206604,46,43,48,20,69,71,33,21,36,51,30,45,54,,29,42,46,43,48,20,69,71,33,21,36,51,30,45,54,,33,33,45,45,58,58
206613,42,35,49,0,67,67,,0,0,48,0,40,,,29,36,39,33,44,0,67,67,,0,0,44,0,20,,,30,24,44,44,51,47
206622,71,68,73,,70,72,0,61,62,72,60,76,79,,63,69,70,68,73,,70,72,0,61,60,73,60,76,79,,59,59,68,68,75,75
206695,53,50,56,0,62,66,0,30,51,56,45,53,56,17,33,48,53,50,56,0,62,66,0,27,52,55,44,55,56,17,43,43,49,48,64,64
206817,2,0,7,7,0,0,0,1,0,2,0,0,0,,1,2,2,0,4,4,0,0,0,1,0,2,0,0,0,,3,1,5,5,0,0
206835,28,20,40,25,,,,15,15,33,33,,50,14,23,28,28,20,40,25,,,,15,15,33,33,,50,14,18,18,47,47,31,31
206862,49,42,56,40,0,0,0,21,49,56,46,0,33,1,31,36,37,33,41,40,0,0,0,14,46,40,31,0,33,1,52,50,36,29,49,28
206905,82,,,,,,,,,,,,,,,,,,,,,,,,,,,,,,100,,,,74,
206914,22,21,22,15,11,14,0,9,25,25,19,20,25,25,17,25,28,33,25,27,33,33,,19,36,27,28,43,27,28,20,27,19,21,24,32
206923,41,38,43,28,67,50,100,17,50,39,45,0,67,5,,,,,,,,,,,,,,,,,40,,70,,41,
206932,75,77,75,0,,,,78,100,69,60,100,,,,,,,,,,,,,,,,,,,73,,67,,100,
206941,38,31,42,31,52,54,0,28,38,41,32,,27,28,15,31,37,32,41,30,51,54,0,27,39,41,31,,27,28,33,33,35,34,43,43
206996,29,31,27,34,50,,50,17,17,30,27,,50,12,,,,,,,,,,,,,,,,,3,,2,,92,
207041,33,25,39,34,0,0,0,24,25,35,60,47,8,18,19,31,33,25,39,34,0,0,0,24,25,35,60,47,8,18,31,31,48,48,27,27
207050,30,30,31,33,,,,28,29,30,0,50,,13,,,,,,,,,,,,,,,,,35,,,,26,
207069,34,33,35,33,0,0,,12,33,37,38,60,0,16,,,,,,,,,,,,,,,,,27,,,,38,
207087,0,,,,,,,,,,,,,,,,,,,,,,,,,,,,,,0,,,,,
207102,52,,,,,,,,,,,,,,,,,,,,,,,,,,,,,,59,,0,,50,
207157,21,20,22,29,,,,14,8,23,0,67,0,40,5,17,17,16,18,33,,,,0,10,19,0,33,0,40,18,18,21,17,24,16
207209,17,11,22,0,,,,19,50,32,16,60,8,11,14,18,19,12,23,0,,,,20,50,33,16,75,11,10,15,17,31,34,16,19
207236,30,26,33,39,0,0,0,43,36,29,29,40,28,11,,,,,,,,,,,,,,,,,30,,27,,31,
207254,60,62,50,64,64,57,75,38,69,63,62,35,,40,,,,,,,,,,,,,,,,,55,,65,,92,
207263,37,32,41,31,40,44,0,34,34,43,34,,36,26,21,34,37,32,41,31,40,44,0,34,34,43,34,,36,26,32,32,33,33,44,44
207281,41,39,43,34,29,50,0,11,39,45,40,40,33,13,,,,,,,,,,,,,,,,,36,,49,,43,
207290,31,29,34,36,43,50,0,20,28,32,35,,24,8,,,,,,,,,,,,,,,,,34,,27,,29,
207306,35,34,37,33,50,50,,38,33,36,22,33,0,18,24,34,35,34,37,33,50,50,,38,33,36,22,33,0,18,37,37,32,32,36,36
207324,55,56,54,55,67,67,,37,36,61,41,0,,14,44,54,55,56,54,55,67,67,,37,36,61,41,0,,14,40,40,58,58,63,63
207351,26,23,31,0,50,50,,12,29,29,29,25,0,11,20,28,31,27,37,0,50,50,,30,36,32,20,0,0,10,26,32,19,30,27,31
207388,66,63,68,57,62,63,50,48,60,69,62,75,68,12,49,63,66,63,68,57,62,63,50,48,60,69,62,75,68,12,52,52,62,62,74,74
207397,13,16,11,11,5,0,33,6,13,17,15,0,12,39,,,,,,,,,,,,,,,,,11,,26,,12,
207403,50,45,52,35,25,25,,24,25,57,38,67,83,25,41,49,50,45,52,35,25,25,,24,25,57,38,67,83,25,41,41,52,52,61,61
207449,21,22,21,19,26,25,50,11,20,22,19,,29,15,,,,,,,,,,,,,,,,,0,,,,42,
207458,64,53,70,67,50,50,,78,77,62,67,,29,8,62,64,64,53,70,75,50,50,,78,77,62,67,,29,8,57,57,63,64,68,68
207500,75,71,79,59,80,79,100,77,72,76,72,84,81,,56,72,75,71,79,59,80,79,100,77,72,76,72,84,81,,65,65,72,72,79,79
207564,42,47,31,42,0,0,,21,61,42,41,40,50,7,,,,,,,,,,,,,,,,,36,,43,,58,
207582,55,50,58,56,74,74,,42,51,59,0,60,65,23,48,54,55,50,58,56,74,74,,42,51,59,0,60,66,23,43,43,56,56,67,68
207661,25,23,28,24,40,25,100,12,28,28,18,57,6,23,19,29,31,26,35,34,50,33,100,8,33,35,16,60,7,19,17,20,20,28,40,47
207670,21,16,23,28,19,21,0,11,19,25,18,12,33,12,,,,,,,,,,,,,,,,,0,,0,,40,
207704,85,,,,,,,,,,,,,,,,,,,,,,,,,,,,,,82,,,,100,
207722,36,25,41,60,,,,14,41,41,31,50,7,21,27,35,36,25,41,60,,,,14,41,41,31,50,7,21,38,38,,,35,35
207740,29,26,31,21,100,100,,9,35,32,29,0,100,17,,,,,,,,,,,,,,,,,28,,38,,28,
207786,80,,,,,,,,,,,,,20,,,,,,,,,,,,,,,,,84,,0,,,
207847,33,30,37,28,33,33,,29,31,35,36,,25,12,21,31,33,30,37,28,33,33,,29,31,35,36,,25,12,29,29,35,35,39,39
207856,13,12,14,0,,,,14,13,17,0,,10,,6,12,13,12,14,0,,,,14,13,17,0,,10,,28,28,0,0,9,9
207865,35,31,37,19,56,56,,15,22,41,31,20,60,20,23,32,36,34,37,21,60,60,,21,23,41,32,23,56,20,25,25,30,31,47,50
207935,27,23,29,15,35,37,0,18,27,28,25,30,36,18,,,,,,,,,,,,,,,,,0,,0,,50,
207962,67,68,59,60,80,100,67,40,82,70,75,59,,,,,,,,,,,,,,,,,,,60,,85,,76,
207971,73,74,72,62,93,93,,73,67,75,71,60,68,,62,72,73,74,72,62,93,93,,73,67,75,71,60,68,,66,66,67,67,77,77
208035,34,26,40,0,50,50,,24,22,44,33,0,,7,,,,,,,,,,,,,,,,,31,,27,,39,
208044,60,,,,,,,,,,,,,,,,,,,,,,,,,,,,,,66,,67,,46,
208053,50,,,,,,,,,,,,,,,,,,,,,,,,,,,,,,100,,,,0,
208275,23,19,28,33,0,0,,,19,20,71,67,,26,,,,,,,,,,,,,,,,,30,,0,,20,
208318,25,18,30,0,40,50,0,0,21,27,17,20,,23,,,,,,,,,,,,,,,,,20,,17,,28,
208390,22,20,24,23,29,44,8,13,20,26,29,15,14,16,,,,,,,,,,,,,,,,,19,,15,,29,
208406,22,26,18,25,14,15,0,11,23,24,21,13,,26,,,,,,,,,,,,,,,,,27,,29,,20,
208415,24,19,29,,0,0,,0,15,30,0,33,,15,,,,,,,,,,,,,,,,,12,,,,33,
208433,63,50,64,0,,,,100,59,67,50,,,,,,,,,,,,,,,,,,,,50,,60,,89,
208479,70,72,69,50,80,76,88,53,71,74,42,67,,,,,,,,,,,,,,,,,,,67,,82,,64,
208512,79,67,85,,,,,82,100,71,,,,,,,,,,,,,,,,,,,,,83,,83,,0,
208646,37,36,37,33,47,75,38,43,31,35,62,50,13,30,25,33,37,36,37,33,47,75,38,43,31,35,62,50,13,30,32,32,38,38,42,42
208725,25,0,27,,,,,0,,22,0,100,,75,25,25,25,0,27,,,,,0,,22,0,100,,75,25,25,0,0,33,33
208822,69,63,73,67,59,56,67,50,55,72,67,100,60,24,58,68,69,63,73,67,59,56,67,50,55,72,67,100,60,24,60,60,72,72,73,73
208859,80,100,79,,,,,,100,76,100,,,,,,,,,,,,,,,,,,,,81,,100,,70,
209038,22,20,23,13,22,17,33,10,21,22,19,30,46,19,,,,,,,,,,,,,,,,,24,,29,,20,
209056,71,66,76,,75,74,100,57,72,71,70,62,86,,62,69,71,66,76,,75,74,100,57,72,71,70,62,86,,64,64,74,74,73,73
209065,65,55,72,33,63,64,60,43,61,67,63,100,80,,56,64,65,55,72,33,63,64,60,43,61,67,63,100,80,,56,56,70,70,68,68
209074,25,26,24,14,31,31,33,0,21,28,26,18,0,14,,,,,,,,,,,,,,,,,22,,29,,27,
209083,50,68,40,,0,,0,50,50,55,0,,,,,,,,,,,,,,,,,,,,43,,60,,58,
209153,68,67,68,100,,,,,100,63,75,,,,,,,,,,,,,,,,,,,,62,,100,,77,
209205,48,40,49,100,0,0,,40,55,48,33,,,,,,,,,,,,,,,,,,,,55,,100,,39,
209241,33,33,,,67,67,,,33,0,,,0,,33,33,33,33,,,67,67,,,33,0,,,0,,50,50,,,29,29
209250,26,22,30,0,27,27,29,9,21,29,29,13,42,14,,,,,,,,,,,,,,,,,25,,34,,26,
209287,51,54,45,50,0,0,,50,40,59,20,0,,36,43,51,51,54,45,50,0,0,,50,40,59,20,0,,36,43,43,60,60,56,56
209409,62,51,67,33,75,100,50,40,38,71,53,,0,38,55,59,61,51,67,33,75,100,50,40,38,70,53,,0,39,50,50,69,68,70,70
209506,59,61,56,25,80,75,100,0,56,61,48,0,100,23,26,51,59,61,56,25,80,75,100,0,52,61,48,0,100,23,54,54,48,48,66,65
209542,71,68,73,41,77,77,80,53,65,72,70,70,64,17,47,67,71,68,73,41,77,77,80,53,65,72,70,70,64,17,63,63,67,67,75,75
209551,71,69,73,55,80,81,71,56,63,74,68,63,76,17,59,69,71,69,73,55,80,81,71,56,63,74,68,63,76,17,63,63,68,68,76,76
209603,46,42,47,17,86,86,,67,10,52,0,33,,,33,44,46,42,47,17,86,86,,67,10,52,0,33,,,37,37,44,44,54,54
209612,65,55,72,0,67,71,38,27,72,65,65,71,50,,53,64,65,55,72,0,67,71,38,27,72,65,65,71,50,,58,58,68,68,67,67
209667,79,50,81,,,,,0,100,87,38,67,,,,,,,,,,,,,,,,,,,67,,100,,89,
209676,83,92,82,67,,,,67,100,82,75,100,,,,,,,,,,,,,,,,,,,73,,93,,93,
209694,64,67,63,,,,,50,81,62,43,,,2,,,,,,,,,,,,,,,,,60,,67,,75,
209700,80,76,81,100,100,100,,78,85,77,,,,,,,,,,,,,,,,,,,,,80,,82,,81,
209719,56,0,57,,67,50,100,20,58,57,100,,,1,,,,,,,,,,,,,,,,,82,,0,,33,
209746,18,19,17,8,21,22,5,17,13,20,17,16,38,27,,,,,,,,,,,,,,,,,16,,14,,20,
209807,53,49,56,43,62,63,42,46,51,52,48,67,75,24,35,49,53,49,56,43,62,63,42,46,51,52,48,67,75,24,51,51,51,51,57,57
209825,80,75,84,67,85,85,82,67,79,81,75,76,68,16,69,79,80,75,84,67,85,85,82,67,79,81,75,76,68,16,75,75,83,83,81,81
209922,76,80,73,0,60,60,,50,66,79,67,63,88,16,62,73,76,80,73,0,60,60,,50,66,79,67,63,88,16,65,65,75,75,78,78
209940,12,10,14,0,25,40,0,0,10,14,7,0,,20,,,,,,,,,,,,,,,,,13,,,,12,
210146,44,41,47,40,65,77,43,19,46,46,32,38,,,31,42,44,41,47,40,65,77,43,19,46,46,32,38,,,34,34,51,51,49,49
210155,38,34,41,75,33,33,33,33,31,38,38,56,86,24,,,,,,,,,,,,,,,,,31,,39,,43,
210234,27,28,26,0,0,0,0,0,18,35,18,8,75,13,,,,,,,,,,,,,,,,,21,,38,,33,
210270,32,31,33,33,44,50,33,29,23,32,29,38,67,14,,,,,,,,,,,,,,,,,25,,46,,37,
210304,82,45,100,100,86,75,100,100,78,73,100,,,,38,46,79,50,93,100,71,50,100,100,74,74,100,,,,100,100,83,100,52,38
210331,61,62,61,100,71,67,100,0,60,63,43,67,0,,57,61,61,62,61,100,71,67,100,0,60,63,43,67,0,,60,60,61,61,62,62
210401,73,67,76,25,70,71,67,100,67,75,73,73,0,,60,70,73,67,76,25,70,71,67,100,67,75,73,73,0,,68,68,72,72,75,75
210429,45,42,46,58,49,57,33,41,43,45,43,36,43,,31,42,45,42,46,58,49,57,33,41,43,45,43,36,43,,38,38,46,46,52,52
210492,46,38,53,,100,100,100,23,71,43,,67,100,17,40,41,42,38,47,,100,100,100,25,60,38,,67,100,19,40,38,52,45,49,45
210571,42,36,48,0,56,56,,29,38,53,0,58,0,,42,42,42,36,48,0,56,56,,29,38,53,0,58,0,,36,36,43,43,61,61
210599,46,49,37,40,86,86,,43,56,57,35,36,,,,,,,,,,,,,,,,,,,46,,63,,40,
210605,23,25,22,0,24,23,50,13,19,26,20,29,,22,,,,,,,,,,,,,,,,,20,,24,,26,
210669,67,60,72,,65,69,0,51,54,71,65,44,78,,59,65,67,60,72,,65,69,0,51,54,71,65,44,78,,56,56,72,72,74,74
210711,58,,,,,,,,,,,,,,,,,,,,,,,,,,,,,,54,,100,,,
210739,71,72,71,,86,86,,62,55,74,71,70,,20,62,71,71,72,71,,86,86,,62,55,74,71,70,,20,61,61,74,74,76,76
210748,76,,,,,,,,,,,,,,,,,,,,,,,,,,,,,,75,,75,,78,
210775,58,47,65,33,70,70,,20,55,66,50,60,,31,41,57,58,47,65,33,70,70,,20,55,66,50,60,,31,48,48,65,65,64,64
210784,60,,,,,,,,,,,,,,,,,,,,,,,,,,,,,,66,,100,,0,
211006,74,75,60,,67,67,,63,82,74,40,,0,,,,,,,,,,,,,,,,,,71,,79,,81,
211024,54,48,62,,,,,40,43,56,,,,20,48,53,53,48,59,,,,,33,43,54,,,,20,48,52,57,50,68,57
211079,21,22,21,,0,0,,18,20,22,11,50,,20,,,,,,,,,,,,,,,,,16,,25,,27,
211088,64,62,65,,68,70,0,55,64,67,45,33,60,30,59,64,64,62,65,,68,70,0,55,64,67,45,33,60,30,58,58,66,66,72,72
211273,86,,86,,83,83,,100,78,86,93,81,86,9,75,84,86,,86,,83,83,,100,78,86,93,81,86,9,90,90,94,94,83,83
211291,86,86,87,0,82,82,,82,81,87,90,100,83,5,82,86,86,86,87,0,82,82,,82,81,87,90,100,83,5,79,79,92,92,86,86
211307,28,28,28,0,24,24,,29,19,29,33,46,,23,,,,,,,,,,,,,,,,,31,,25,,28,
211316,92,,,,,,,,,,,,,,,,,,,,,,,,,,,,,,90,,83,,100,
211334,76,,,,,,,,,,,,,,,,,,,,,,,,,,,,,,73,,,,100,
211343,31,28,33,,100,100,,0,47,32,7,20,0,30,,,,,,,,,,,,,,,,,28,,22,,35,
211352,51,45,54,,38,38,,34,41,62,59,58,,,45,50,51,45,54,,38,38,,34,41,62,59,58,,,40,40,64,64,59,59
211431,55,45,57,,21,21,,45,38,63,38,50,,32,43,53,55,45,57,,21,21,,45,38,63,38,50,,32,52,52,59,59,57,57
211440,93,92,93,,93,93,,86,91,92,88,95,94,3,79,91,93,92,93,,93,93,,86,91,92,88,95,94,3,89,89,94,94,93,93
211468,58,100,58,,67,67,,52,48,61,100,43,67,31,47,55,58,100,58,,67,67,,52,48,61,100,43,67,31,49,49,66,66,67,67
211477,39,40,38,0,50,50,,25,0,54,20,,,,35,37,37,38,36,0,50,50,,31,0,48,25,,,,50,44,40,50,5,0
211556,66,62,68,,73,73,,33,54,66,100,60,90,24,60,65,66,62,68,,73,73,,33,54,66,100,60,90,24,63,63,68,68,68,68
211583,56,51,61,,,,,46,52,58,69,80,50,29,41,53,56,51,61,,,,,46,52,58,69,80,50,29,48,48,59,59,68,68
211608,16,10,23,,0,0,,16,0,0,75,16,,45,11,16,16,10,23,,0,0,,16,0,0,75,16,,45,18,18,9,9,15,15
211635,83,,83,,,,,,,80,100,,,,,,,,,,,,,,,,,,,,80,,100,,,
211802,36,17,41,,,,,,,38,0,,,,,,,,,,,,,,,,,,,,0,,60,,33,
211893,95,100,92,,50,50,,100,,100,,,100,,29,79,93,100,91,,50,50,,100,,100,,,100,,100,100,75,75,100,100
211927,20,24,17,,27,27,,11,25,23,21,17,0,22,,,,,,,,,,,,,,,,,16,,20,,24,
211981,52,41,61,33,50,50,,15,36,65,33,43,33,31,41,50,52,41,60,33,50,50,,15,36,65,33,43,33,31,43,43,59,59,57,57
212009,83,79,87,100,91,91,,89,85,81,85,33,88,,73,83,83,79,87,100,91,91,,89,85,81,85,33,88,,83,83,88,88,82,82
212045,82,90,79,100,,,,60,100,83,75,,,,,,,,,,,,,,,,,,,,67,,87,,96,
212054,77,75,79,,85,85,0,69,67,77,66,67,83,,31,73,77,75,79,,85,85,0,69,67,77,66,67,83,,75,75,74,74,80,80
212106,76,69,79,0,81,80,100,48,65,78,64,50,76,,67,74,75,68,79,0,81,80,100,43,64,78,61,50,74,,60,58,79,79,80,79
212115,44,41,46,40,60,61,50,31,34,52,33,38,63,30,27,42,44,41,46,40,60,61,50,31,34,52,33,38,63,30,33,33,51,51,54,54
212133,56,50,60,,55,60,0,45,46,64,31,46,80,29,51,57,57,51,62,,50,56,0,49,36,65,29,56,80,31,51,51,59,60,60,61
212197,77,76,78,,58,58,,75,57,80,40,33,57,,73,76,77,76,78,,58,58,,75,57,80,40,33,57,,67,67,77,77,82,82
212230,90,,,,,,,,,,,,,,,,,,,,,,,,,,,,,,87,,100,,100,
212267,74,,,,,,,,,,,,,,,,,,,,,,,,,,,,,,72,,75,,100,
212276,83,,,,,,,,,,,,,,,,,,,,,,,,,,,,,,81,,100,,100,
212294,54,,,,,,,,,,,,,,,,,,,,,,,,,,,,,,42,,100,,100,
212300,69,,,,,,,,,,,,,,,,,,,,,,,,,,,,,,61,,88,,100,
212328,64,,,,,,,,,,,,,,,,,,,,,,,,,,,,,,58,,86,,100,
212337,59,,,,,,,,,,,,,,,,,,,,,,,,,,,,,,56,,50,,100,
212355,62,,,,,,,,,,,,,,,,,,,,,,,,,,,,,,54,,100,,80,
212382,57,,,,,,,,,,,,,,,,,,,,,,,,,,,,,,55,,50,,80,
212391,56,,,,,,,,,,,,,,,,,,,,,,,,,,,,,,52,,100,,,
212434,84,85,75,,50,50,,67,0,88,,,,,,,,,,,,,,,,,,,,,76,,100,,90,
212577,86,85,87,0,77,77,,88,86,88,94,79,83,11,80,85,86,85,87,0,77,77,,88,86,88,94,79,83,11,88,88,88,88,85,85
212601,70,66,72,0,75,75,,44,36,78,44,70,40,17,56,69,71,66,74,,75,75,,44,36,79,46,75,40,16,59,60,78,79,74,75
212656,61,59,65,,20,25,0,21,0,65,58,50,60,26,52,59,61,58,65,,20,25,0,21,0,65,58,50,60,26,54,52,63,63,70,70
212674,83,80,85,,80,80,,79,78,84,76,60,95,14,74,82,83,80,85,,80,80,,79,78,84,76,60,95,14,89,89,81,81,82,82
212753,79,,,,,,,,,,,,,,,,,,,,,,,,,,,,,,78,,75,,100,
212805,80,79,80,,33,33,,70,33,82,69,,67,9,75,79,80,79,80,,33,33,,70,33,82,69,,67,9,,,,,80,80
212832,58,55,59,50,36,36,,40,69,66,100,33,,,51,63,66,64,67,50,43,43,,45,75,73,100,50,,,45,45,68,80,69,75
212869,39,24,44,0,0,0,,33,26,52,42,100,100,,,,,,,,,,,,,,,,,,37,,61,,31,
212878,21,19,21,0,24,22,100,17,12,23,10,27,26,23,,,,,,,,,,,,,,,,,17,,22,,24,
212911,89,89,90,,89,89,,89,78,91,83,100,95,5,82,88,89,89,90,,89,89,,89,78,91,83,100,95,5,84,84,88,88,91,91
212975,74,75,73,,,,,25,0,88,0,78,,,,,,,,,,,,,,,,,,,100,,,,47,
212984,60,54,63,0,85,83,100,34,50,66,,56,0,23,39,55,58,53,60,0,84,83,100,34,50,63,,53,0,23,50,49,65,65,73,67
213011,64,58,68,,80,80,,29,89,68,57,,33,25,57,63,64,58,68,,80,80,,29,89,68,57,,33,25,61,61,68,68,64,64
213020,52,47,55,,63,65,0,27,34,60,40,34,67,25,37,50,53,48,56,,62,65,0,27,34,61,38,33,67,26,40,41,61,62,63,63
213163,57,,57,,,,,,,67,0,,,,,,,,,,,,,,,,,,,,80,,,,0,
213181,57,48,58,100,71,71,,37,55,62,67,50,,,,,,,,,,,,,,,,,,,52,,69,,75,
213233,47,52,24,0,50,50,,33,27,52,0,50,,,,,,,,,,,,,,,,,,,22,,84,,59,
213251,69,63,74,,83,83,,62,48,72,40,67,73,30,64,69,69,63,74,,83,83,,62,48,72,40,67,73,30,67,67,65,65,75,75
213303,41,43,40,50,100,100,,20,57,45,33,48,,,28,38,41,43,40,50,100,100,,20,50,46,33,43,,,44,44,32,32,51,54
213321,60,54,68,100,80,79,100,41,50,63,50,65,43,,50,59,60,54,68,100,80,79,100,41,50,63,50,65,43,,56,56,63,63,60,60
213330,71,,,,,,,,,,,,,,,,,,,,,,,,,,,,,,100,,,,44,
213349,54,47,61,25,60,63,0,42,43,58,44,56,75,26,41,52,54,47,61,25,60,63,0,42,43,58,44,56,75,26,45,45,60,60,58,58
213358,58,51,63,33,0,0,,41,67,65,57,17,36,17,48,57,57,51,62,33,0,0,,41,67,64,57,17,36,18,50,50,66,65,0,0
213367,58,56,59,100,63,62,100,41,51,66,52,45,60,,52,57,58,58,58,100,63,62,100,41,46,66,52,33,65,,48,46,63,64,69,69
213376,38,33,46,0,33,20,100,31,29,43,57,33,67,25,20,20,20,20,,,,,,0,,25,,,,20,34,0,49,100,47,0
213385,88,87,89,,89,89,,84,74,88,91,93,98,9,80,87,88,87,89,,89,89,,84,74,88,91,93,98,9,86,86,90,90,88,88
213400,71,70,73,0,33,33,,64,25,79,17,63,,6,65,71,71,68,73,0,33,33,,64,25,79,17,63,,7,58,56,74,72,85,86
213455,86,,,,,,,,,,,,,,,,,,,,,,,,,,,,,,100,,100,,63,
213473,70,100,68,,100,100,,69,,67,,,,,,,,,,,,,,,,,,,,,60,,83,,100,
213491,56,,,,,,,,,,,,,,,,,,,,,,,,,,,,,,100,,33,,33,
213507,73,68,76,,70,70,,44,50,78,29,22,89,19,65,72,73,68,76,,70,70,,44,50,78,29,22,89,19,61,61,75,75,79,79
213525,28,25,31,0,50,56,0,20,21,31,31,46,,21,,,,,,,,,,,,,,,,,24,,,,33,
213534,52,64,41,,100,100,,50,46,62,50,67,,,,,,,,,,,,,,,,,,,42,,50,,75,
213543,89,86,93,,82,82,100,68,88,91,86,93,89,,81,89,89,86,93,,82,82,100,68,88,91,86,93,89,,83,83,90,90,90,90
213570,59,49,61,100,100,100,,48,54,71,65,57,,,,,,,,,,,,,,,,,,,57,,71,,65,
213589,54,55,41,,67,67,,43,58,67,25,59,,,,,,,,,,,,,,,,,,,50,,82,,64,
213598,52,45,55,33,,,,51,60,0,50,48,100,27,39,49,52,45,55,33,,,,51,60,0,50,48,100,27,45,45,52,52,73,73
213622,50,,50,,,,,,,50,,,,,,,,,,,,,,,,,,,,,50,,100,,0,
213659,21,25,19,0,38,43,0,0,10,25,0,26,,18,,,,,,,,,,,,,,,,,14,,38,,28,
213668,60,59,60,50,50,60,0,53,60,63,40,17,71,30,48,59,60,59,60,50,50,60,0,53,60,63,40,17,71,30,56,56,65,65,60,60
213774,24,18,28,0,50,50,,16,21,36,20,50,100,27,,,,,,,,,,,,,,,,,21,,36,,50,
213826,73,64,77,100,83,90,50,33,43,77,71,61,75,16,54,69,73,64,77,100,83,90,50,33,43,77,71,61,75,16,60,60,79,79,78,78
213914,63,0,63,,,,,43,,64,80,50,,,,,,,,,,,,,,,,,,,58,,76,,57,
213987,59,51,65,40,69,67,100,36,36,67,33,26,55,24,57,63,65,57,70,100,67,67,,55,41,72,33,30,55,23,44,55,69,72,61,58
213996,79,76,80,,63,63,,56,68,81,83,80,78,17,74,78,79,76,80,,63,63,,56,68,81,83,80,78,17,73,73,77,77,84,84
214023,0,0,0,,,,,0,0,,,,,50,,,,,,,,,,,,,,,,,0,,,,0,
214041,54,48,59,0,41,46,0,34,51,59,25,58,63,27,34,51,54,48,59,0,41,46,0,34,51,59,25,58,63,27,43,43,58,58,63,63
214069,69,58,77,50,100,100,,56,67,70,47,80,,,59,66,69,58,77,50,100,100,,56,67,70,47,80,,,57,57,88,88,61,61
214111,23,24,23,25,37,37,,9,12,26,20,30,36,19,,,,,,,,,,,,,,,,,21,,23,,26,
214148,63,,63,,0,0,0,29,50,81,46,60,,18,53,61,63,,63,,0,0,0,29,50,81,46,60,,18,53,53,71,71,83,83
214157,71,69,72,100,83,83,,45,59,76,55,36,70,24,65,70,71,69,72,100,83,83,,45,59,76,55,36,70,24,65,65,70,70,81,81
214166,56,55,56,0,50,50,,33,50,60,,31,42,20,45,51,52,48,54,,100,100,,25,33,57,,33,38,16,48,40,63,59,59,56
214175,80,77,82,,84,84,,79,72,82,80,84,59,,70,79,80,77,82,,84,84,,79,72,82,80,84,59,,85,85,81,81,79,79
214272,46,46,46,100,50,50,,36,28,56,32,62,33,,30,42,46,46,46,100,50,50,,36,28,56,32,62,33,,39,39,52,52,50,50
214290,74,75,70,,100,,100,55,14,79,50,100,,,,,,,,,,,,,,,,,,,69,,92,,81,
214379,21,21,21,0,9,7,20,12,17,26,28,18,67,26,,,,,,,,,,,,,,,,,20,,21,,22,
214476,45,,,,,,,,,,,,,,,,,,,,,,,,,,,,,,30,,100,,50,
214528,87,,,,,,,,,,,,,,,,,,,,,,,,,,,,,,86,,92,,91,
214582,33,26,34,100,0,0,,31,0,47,0,36,,7,,,,,,,,,,,,,,,,,30,,86,,18,
214591,46,46,45,0,24,25,0,12,44,54,54,38,8,24,32,43,46,46,45,0,24,25,0,12,44,54,54,38,8,24,44,44,55,55,39,40
214625,24,16,40,,0,0,,0,,24,50,0,0,37,14,18,20,16,31,,0,0,,0,,20,43,0,0,41,39,35,16,13,21,17
214634,23,8,32,,0,0,,25,0,22,25,50,,13,6,11,11,6,15,,0,0,,0,0,14,0,0,,22,21,10,27,13,25,13
214643,17,15,20,,50,50,,0,20,18,0,0,,44,10,15,16,14,20,,50,50,,0,20,17,0,0,,45,13,13,20,20,19,17
214652,32,25,43,,50,50,,21,38,31,27,0,0,26,21,30,31,23,43,,47,47,,21,38,31,27,0,0,26,36,36,28,26,30,30
214670,17,10,29,0,23,23,,42,23,15,8,20,0,48,13,15,17,9,29,0,23,23,,42,23,14,8,20,0,48,20,19,13,14,16,16
214689,18,15,22,0,14,14,,8,6,22,21,0,3,46,14,17,18,15,21,0,14,14,,8,6,22,21,0,3,47,20,20,21,20,14,14
214698,21,23,19,,54,54,,24,0,22,22,,0,38,17,20,21,23,19,,54,54,,24,0,22,22,,0,38,27,27,19,19,17,17
214704,24,22,28,,13,13,,12,34,29,13,0,3,36,16,22,23,22,25,,13,13,,12,32,27,13,0,3,37,24,23,27,25,23,21
214713,29,28,31,100,34,33,100,40,22,38,42,8,3,39,19,28,29,28,31,100,33,32,100,40,22,38,42,8,3,39,37,37,42,41,19,19
214731,21,18,27,0,25,25,,16,13,26,25,25,0,29,12,20,21,18,27,0,23,23,,16,13,26,25,25,0,30,21,20,26,26,19,19
214740,29,22,45,,25,25,,0,50,30,33,0,0,34,15,22,22,17,40,,25,25,,0,100,24,0,,0,42,38,37,34,24,14,9
214759,34,29,38,,0,0,,33,17,35,38,67,0,18,24,31,31,25,38,,0,0,,33,0,33,29,67,0,22,35,32,39,37,23,24
214768,18,18,18,100,0,0,,0,24,19,0,,0,36,11,14,14,17,11,100,0,0,,0,19,15,0,,0,38,21,16,20,15,11,11
214777,86,83,88,63,89,89,100,70,78,88,84,92,81,,70,84,86,83,88,63,89,89,100,70,78,88,84,92,81,,79,78,87,87,87,87
214786,27,22,36,,43,43,,33,33,26,25,0,17,32,20,27,27,22,36,,43,43,,33,33,26,25,0,17,32,34,34,12,12,30,30
214795,25,16,35,,0,0,,8,31,27,14,,33,35,14,16,18,10,26,,0,0,,8,31,18,17,,33,40,25,19,28,15,21,19
214801,22,17,29,0,23,23,,27,32,30,28,46,1,37,15,20,22,17,28,0,22,22,,28,31,29,28,46,1,38,33,32,29,29,10,10
214810,21,22,20,0,17,20,0,17,5,26,20,0,0,27,11,16,16,18,14,0,0,0,0,12,5,22,20,0,0,30,18,16,29,22,18,10
214829,11,8,17,,8,8,,12,19,20,11,33,0,55,8,10,12,8,17,,8,8,,13,19,21,11,33,0,55,19,20,23,23,4,4
214883,5,4,7,,,,,4,20,0,0,0,,5,,,,,,,,,,,,,,,,,6,,,,0,
214892,73,82,63,,100,100,,54,,77,50,,,,,,,,,,,,,,,,,,,,55,,80,,93,
214944,78,78,77,33,75,87,40,63,85,87,76,,,0,,,,,,,,,,,,,,,,,76,,93,,77,
214971,68,83,65,,,,,33,75,68,100,100,50,24,71,79,79,83,77,,,,,50,100,74,100,100,100,18,40,43,93,93,58,86
215008,77,77,,,,,,,0,81,,,,,,,,,,,,,,,,,,,,,50,,100,,77,
215044,73,,,,,,,,,,,,,,,,,,,,,,,,,,,,,,64,,100,,100,
215053,64,75,58,,100,100,,100,50,60,67,100,,23,64,64,64,75,58,,100,100,,100,50,60,67,100,,23,67,67,67,67,56,56
215062,97,96,97,100,98,98,100,96,95,97,96,98,97,,88,96,97,96,97,100,98,98,100,96,95,97,96,98,97,,95,95,96,96,97,97
215105,69,68,70,,100,100,,68,70,69,67,70,63,17,58,68,69,68,70,,100,100,,68,70,69,67,70,63,17,63,63,74,74,60,60
215114,65,64,66,0,86,86,,45,29,70,50,,88,21,31,64,64,63,66,0,86,86,,45,29,69,50,,88,21,67,65,58,58,71,71
215239,20,20,19,0,31,31,0,13,21,22,11,26,22,12,,,,,,,,,,,,,,,,,19,,20,,21,
215266,43,45,43,,33,33,,32,36,47,50,60,20,36,39,46,47,50,45,,29,29,,38,35,52,58,56,25,33,43,45,40,47,48,51
215275,40,34,44,0,19,20,0,37,36,41,40,83,17,48,30,36,40,34,44,0,19,20,0,37,36,41,40,83,17,48,36,36,46,46,39,39
215284,53,51,56,,44,47,0,32,43,57,34,57,44,30,38,52,54,51,57,,44,47,0,32,43,57,34,57,44,30,46,47,59,59,55,55
215293,84,82,87,0,87,87,100,75,76,86,80,74,79,11,71,83,84,82,87,0,87,87,100,75,76,86,80,74,79,11,77,77,84,84,87,87
215309,0,0,,,,,,,,0,,,,,,,,,,,,,,,,,,,,,0,,,,,
215336,80,,,,,,,,,,,,,,,,,,,,,,,,,,,,,,76,,100,,,
215381,59,61,36,0,33,33,,50,50,61,33,0,100,,,,,,,,,,,,,,,,,,55,,56,,88,
215390,92,100,88,,,,,50,,96,,,,,,,,,,,,,,,,,,,,,100,,100,,78,
215415,53,53,54,0,100,100,,36,67,61,40,33,,3,74,74,74,67,86,,,,,,,73,100,67,,,50,78,60,78,60,0
215442,60,58,60,0,60,60,,57,47,62,54,0,70,24,52,58,59,58,60,0,60,60,,57,47,61,54,0,70,24,54,54,66,65,62,62
215530,84,,,,,,,,,,,,,,,,,,,,,,,,,,,,,,94,,86,,50,
215585,26,30,23,0,13,14,0,14,18,37,22,,,20,,,,,,,,,,,,,,,,,20,,40,,31,
215594,28,25,28,,0,0,,0,0,36,,,,,,,,,,,,,,,,,,,,,13,,36,,29,
215637,60,53,64,0,50,50,,43,67,78,57,67,,,,,,,,,,,,,,,,,,,33,,78,,83,
215655,66,62,70,0,82,82,,32,100,69,55,72,63,23,53,64,66,62,70,0,82,82,,32,100,69,55,72,63,23,57,57,70,70,68,68
215682,80,80,86,100,,,,83,,80,75,,,,,,,,,,,,,,,,,,,,75,,86,,93,
215691,43,37,46,0,60,50,100,30,23,70,0,36,25,12,9,34,34,28,37,0,20,25,0,24,15,55,0,36,25,12,72,57,0,0,0,0
215743,73,70,74,0,67,75,0,43,56,79,57,56,0,,66,71,72,70,74,0,67,75,0,43,56,79,57,56,0,,62,62,78,78,77,76
215770,80,77,82,,83,83,100,72,68,81,84,88,86,7,75,79,80,77,82,,83,83,100,72,68,81,84,88,86,7,74,74,86,86,78,78
215798,72,66,81,100,100,100,,51,65,75,53,83,,13,64,70,72,66,81,100,100,100,,51,65,75,53,83,,13,60,60,76,76,80,80
215886,57,,,,,,,,,,,,,22,,,,,,,,,,,,,,,,,73,,44,,39,
215929,81,76,84,100,74,78,50,71,76,82,65,87,100,,76,80,81,76,84,100,74,78,50,71,76,82,65,87,100,,73,73,82,82,84,84
215947,71,63,75,100,86,100,0,51,76,73,83,50,67,22,61,70,71,63,75,100,86,100,0,51,76,73,83,50,67,22,63,63,74,74,75,75
215974,43,0,50,,,,,,,43,,,,,,,,,,,,,,,,,,,,,50,,50,,33,
215983,46,,,,,,,,,,,,,23,,,,,,,,,,,,,,,,,44,,50,,50,
215992,74,74,75,,100,,100,57,,83,60,,,,,,,,,,,,,,,,,,,,79,,80,,0,
216010,52,45,58,0,22,22,,27,34,59,42,50,63,27,36,50,52,45,58,0,22,22,,27,34,59,42,50,63,27,39,39,57,57,61,61
216038,66,60,70,50,100,100,100,38,55,68,59,75,43,19,53,64,66,60,70,50,100,100,100,38,55,68,59,75,43,19,56,56,69,69,73,73
216047,44,44,,,,,,,0,57,,,,,11,44,44,44,,,,,,,0,57,,,,,0,0,0,0,80,80
216074,91,,,,,,,,,,,,,,,,,,,,,,,,,,,,,,100,,85,,93,
216083,61,67,58,,100,100,,25,67,62,,,,4,,,,,,,,,,,,,,,,,64,,47,,64,
216223,66,,,,,,,,,,,,,,,,,,,,,,,,,,,,,,62,,100,,,
216278,74,71,77,75,86,85,100,55,69,76,58,75,0,,67,73,74,71,77,75,86,85,100,55,69,76,58,75,0,,62,62,86,86,74,74
216287,94,92,96,100,94,94,,100,89,95,100,90,92,,76,93,94,92,96,100,94,94,,100,89,95,100,90,92,,90,90,95,95,95,95
216296,60,59,66,50,71,71,,30,46,67,55,,100,,,,,,,,,,,,,,,,,,54,,64,,64,
216311,82,82,,,,,,,,85,,,50,18,82,82,82,82,,,,,,,,85,,,50,18,100,100,,,75,75
216339,75,72,77,75,76,76,33,63,67,78,69,76,71,12,57,71,75,72,77,75,76,76,33,63,67,78,69,76,71,12,68,68,76,76,79,79
216357,44,37,53,,100,100,,26,33,52,22,0,,31,24,42,43,36,53,,100,100,,21,33,52,22,0,,31,30,29,53,52,71,71
216366,68,62,72,,58,64,56,72,59,72,67,61,63,23,54,67,68,62,72,,58,64,56,72,59,72,67,61,63,23,59,59,73,73,74,74
216436,59,58,67,,100,,100,45,0,69,,,,,,,,,,,,,,,,,,,,,63,,67,,43,
216445,80,79,100,100,,,,,,79,,,,,,,,,,,,,,,,,,,,,67,,100,,67,
216454,67,64,100,,,,,0,50,70,,,,3,,,,,,,,,,,,,,,,,81,,63,,29,
216524,77,71,83,,86,85,100,61,67,80,64,43,57,,69,75,77,71,83,,86,85,100,61,67,80,64,43,57,,76,76,75,75,78,78
216542,56,49,61,,67,67,,24,50,62,100,100,50,24,46,55,56,50,59,,67,67,,24,50,63,100,100,0,24,45,46,70,70,63,58
216551,94,100,71,,100,100,,50,100,100,100,,,6,,,,,,,,,,,,,,,,,75,,100,,97,
216579,84,,,,,,,,,,,,,,,,,,,,,,,,,,,,,,100,,100,,80,
216597,92,92,93,100,87,87,,95,91,93,100,82,84,6,90,92,92,92,93,100,87,87,,95,91,93,100,82,84,6,90,90,93,93,93,93
216667,71,65,78,,75,100,0,52,72,76,50,58,56,22,63,71,71,65,78,,75,100,0,52,72,76,50,58,56,22,61,61,76,76,,
216694,61,54,66,33,100,100,,40,50,64,36,57,,1,54,60,61,54,66,33,100,100,,40,50,64,36,57,,1,51,51,61,61,75,75
216746,93,,,,,,,,,,,,,,,,,,,,,,,,,,,,,,100,,91,,91,
216764,70,61,75,100,66,67,0,59,55,73,65,74,71,17,53,66,70,61,75,100,66,67,0,59,55,73,65,74,71,17,61,61,72,72,74,74
216773,68,0,72,,,,,,100,67,,,,,,,,,,,,,,,,,,,,,33,,100,,0,
216807,66,55,75,0,0,,0,6,40,73,100,63,0,0,61,65,66,55,75,0,0,,0,6,40,73,100,63,0,0,52,52,68,68,79,79
216825,25,30,22,50,0,0,,18,13,27,11,0,0,20,,,,,,,,,,,,,,,,,24,,23,,28,
216852,64,60,66,,46,48,0,53,42,68,67,67,40,29,56,62,64,60,66,,46,48,0,53,42,68,67,67,40,29,50,50,67,67,69,69
216931,60,55,68,100,78,75,100,43,52,62,60,80,45,27,49,58,60,55,68,100,78,75,100,43,52,62,60,80,45,27,53,53,64,64,64,64
216940,66,66,,,,,,75,86,63,67,,,,,,,,,,,,,,,,,,,,60,,,,75,
217013,52,37,54,,67,67,,40,21,56,67,67,20,26,43,51,52,37,54,,67,67,,40,21,56,67,67,20,26,48,48,52,52,58,58
217040,75,75,,,,,,,,75,,,,25,0,0,0,0,,,,,,,,0,,,,25,100,0,,,67,0
217059,60,53,66,,54,56,0,43,44,63,53,61,67,22,43,58,60,53,66,,54,56,0,43,44,63,53,61,67,22,47,47,60,60,70,69
217077,41,43,40,33,90,100,0,40,32,44,30,46,,,,,,,,,,,,,,,,,,,32,,67,,42,
217156,96,95,96,60,97,97,50,91,94,97,96,97,96,,80,94,96,95,96,60,97,97,50,91,94,97,96,97,96,,93,93,95,95,96,96
217165,81,77,86,0,74,76,0,74,74,83,86,33,69,14,78,80,81,77,86,0,74,76,0,74,74,83,86,33,69,14,70,70,81,81,83,83
217235,55,49,59,80,49,49,,45,43,61,50,45,71,22,42,48,49,45,52,78,45,45,,39,39,56,46,38,63,23,45,39,62,55,66,62
217305,57,55,64,,67,67,,48,45,63,57,52,100,,,,,,,,,,,,,,,,,,50,,71,,65,
217323,72,,,,,,,,,,,,,,,,,,,,,,,,,,,,,,72,,71,,100,
217402,88,88,87,100,76,78,67,71,81,90,80,83,84,10,86,88,88,88,87,100,76,78,67,71,81,90,80,83,84,10,82,82,90,90,88,88
217420,46,37,50,11,30,30,,33,41,56,26,41,75,,23,40,46,37,50,11,30,30,,33,41,56,26,41,75,,40,40,59,59,52,52
217475,25,22,27,22,29,29,,12,16,31,21,22,50,11,,,,,,,,,,,,,,,,,19,,17,,32,
217484,71,66,75,50,68,68,75,57,58,74,55,79,68,,57,68,70,65,74,50,66,66,75,57,57,73,53,77,56,,61,60,73,72,77,75
217493,88,84,91,,86,86,,89,81,91,94,90,88,2,58,83,88,84,91,,86,86,,89,81,91,94,90,88,2,87,87,95,95,88,88
217518,67,63,72,0,80,80,,55,60,70,74,58,92,27,62,66,67,63,72,0,80,80,,55,60,70,74,58,92,27,61,61,68,68,70,70
217536,75,72,77,0,80,80,,71,73,76,89,60,56,,68,74,75,72,77,0,80,80,,71,73,76,89,60,56,,78,78,72,72,76,76
217581,71,,,,,,,,,,,,,,,,,,,,,,,,,,,,,,66,,80,,88,
217606,51,58,42,0,0,0,,0,8,72,50,0,,,43,46,46,48,44,0,0,0,,0,8,67,50,0,,,50,47,56,56,44,25
217615,19,24,15,0,33,50,0,11,21,21,,50,,9,,,,,,,,,,,,,,,,,11,,30,,26,
217624,13,15,11,,0,,0,14,0,0,,0,,,7,10,13,15,11,,0,,0,14,0,0,,0,,,12,12,71,71,0,0
217633,68,69,68,100,60,60,,52,70,71,28,59,,,62,68,68,69,68,100,60,60,,52,70,71,28,59,,,62,62,64,64,74,74
217688,49,40,54,100,,,,60,92,85,60,42,100,40,41,47,49,40,54,100,,,,60,92,85,60,42,100,40,40,40,46,46,60,60
217712,12,14,11,0,0,0,,16,12,11,20,,,22,,,,,,,,,,,,,,,,,17,,40,,0,
217721,21,15,27,33,,,,21,25,7,,,,34,15,19,21,15,27,33,,,,21,25,7,,,,34,19,19,0,0,31,31
217749,70,65,73,50,92,92,100,46,55,72,64,38,79,8,60,66,70,65,74,50,92,92,100,43,55,73,64,36,78,8,69,68,63,65,72,73
217776,52,40,61,0,0,0,,46,50,54,50,63,40,27,43,53,53,41,63,0,0,0,,46,45,56,50,63,40,26,42,42,50,50,68,71
217794,66,,,,,,,,,,,,,,,,,,,,,,,,,,,,,,66,,,,,
217819,65,61,67,83,64,61,83,64,52,66,51,66,82,26,56,64,65,61,67,83,64,61,83,64,52,66,51,66,82,26,57,57,63,63,69,69
217828,65,,,,,,,,,,,,,,,,,,,,,,,,,,,,,,74,,0,,,
217837,35,43,30,,100,100,,30,0,39,0,,,24,,,,,,,,,,,,,,,,,0,,,,91,
217864,73,73,69,100,53,50,100,54,71,77,64,100,75,20,64,71,73,73,69,100,53,50,100,54,71,77,64,100,75,20,66,66,78,78,73,73
217873,49,47,50,60,71,71,,50,0,20,,100,,25,36,45,49,47,50,60,71,71,,50,0,20,,100,,25,45,45,61,61,74,74
217882,88,84,91,50,92,92,100,74,82,89,83,100,67,7,68,86,88,84,91,50,92,92,100,74,82,89,83,100,67,7,78,78,86,86,91,91
217891,11,9,18,,,,,16,,,0,0,,,0,0,0,0,0,,,,,0,,,0,,,,11,0,,,,
217907,35,26,44,0,50,100,0,31,20,40,27,,,41,31,34,35,26,44,0,50,100,0,31,20,40,27,,,41,29,29,38,38,43,43
217925,66,56,75,,,,,40,57,75,0,0,100,5,63,65,67,56,77,,,,,40,57,77,0,0,100,5,61,64,70,70,72,71
217934,53,,53,,100,100,,46,50,57,45,86,100,25,48,52,53,,53,,100,100,,46,50,57,45,86,100,25,58,58,50,50,51,51
217961,47,,47,100,43,50,0,38,35,52,73,0,30,,42,47,47,,47,100,43,50,0,38,35,52,73,0,30,,41,41,47,47,53,53
217989,14,19,11,,,,,14,,0,0,50,,36,,,,,,,,,,,,,,,,,18,,0,,0,
217998,49,37,60,40,17,20,0,29,50,54,,44,,5,44,48,49,37,60,40,17,20,0,29,50,54,,44,,5,40,40,48,48,67,67
218025,20,35,8,17,,,,7,50,24,20,24,,20,,,,,,,,,,,,,,,,,16,,17,,27,
218061,43,38,45,17,63,63,,34,41,51,40,100,24,37,27,39,43,38,45,17,63,63,,34,41,51,40,100,24,37,40,40,38,38,50,50
218070,81,75,86,100,88,88,,71,69,84,83,83,70,16,74,81,81,75,86,100,88,88,,71,69,84,83,83,70,16,74,74,82,82,83,83
218113,18,20,16,17,25,28,0,10,16,22,14,14,50,24,,,,,,,,,,,,,,,,,14,,,,22,
218140,28,32,24,0,33,36,0,13,29,33,18,22,100,20,,,,,,,,,,,,,,,,,28,,28,,29,
218159,68,,,,,,,,,,,,,2,,,,,,,,,,,,,,,,,61,,75,,100,
218195,50,,,,,,,,,,,,,,,,,,,,,,,,,,,,,,33,,,,100,
218229,49,43,52,0,38,38,,41,28,54,37,67,75,27,35,45,49,43,52,0,38,38,,41,28,54,37,67,75,27,46,46,42,42,58,58
218238,28,20,40,0,0,0,,24,19,31,25,18,42,26,20,26,26,18,40,,0,0,,23,19,28,27,18,42,26,23,22,31,28,33,34
218353,16,16,16,0,22,23,0,14,21,19,5,9,,27,,,,,,,,,,,,,,,,,15,,9,,18,
218399,20,17,23,100,,,,20,33,,33,,,39,7,20,20,17,23,100,,,,20,33,,33,,,39,22,22,0,0,11,11
218414,44,37,57,100,67,,67,30,45,54,37,30,73,44,34,44,44,37,57,100,67,,67,30,45,54,37,30,73,44,38,38,46,46,55,55
218441,55,48,61,0,67,67,,26,35,56,35,79,100,,46,53,55,48,61,0,67,67,,26,35,56,35,79,100,,44,44,49,49,68,68
218487,40,53,32,0,0,0,,30,50,48,50,,,8,,,,,,,,,,,,,,,,,30,,100,,58,
218520,33,38,31,,25,25,,13,25,42,19,40,,13,,,,,,,,,,,,,,,,,25,,60,,45,
218539,62,50,74,50,100,100,,41,50,67,54,100,43,30,49,56,58,48,67,50,100,100,,41,50,62,46,100,36,30,56,53,63,54,66,63
218645,40,31,45,100,29,20,50,30,39,44,47,50,36,39,25,36,40,31,45,100,29,20,50,30,39,44,47,50,36,39,34,34,48,48,44,44
218654,39,34,40,33,50,50,,38,47,40,25,17,0,43,29,37,39,34,40,33,50,50,,38,47,40,25,17,0,43,35,35,43,43,41,41
218663,78,73,82,46,82,82,60,74,73,79,74,75,66,16,69,76,78,73,82,46,82,82,60,74,73,78,74,75,66,16,70,70,74,74,81,81
218672,29,30,29,,10,10,,26,23,32,29,33,0,45,,,,,,,,,,,,,,,,,29,,22,,31,
218681,22,26,19,0,,,,8,8,35,33,22,0,37,,,,,,,,,,,,,,,,,22,,24,,20,
218690,36,31,40,50,38,43,0,31,47,38,20,50,0,34,,,,,,,,,,,,,,,,,38,,53,,31,
218706,38,39,36,,,,,23,13,45,29,67,,34,,,,,,,,,,,,,,,,,26,,57,,51,
218724,51,45,55,40,53,45,75,46,42,53,43,44,67,33,40,49,51,45,55,40,53,45,75,46,42,53,43,44,67,33,45,45,54,54,55,55
218733,29,21,39,0,,,,30,0,20,18,10,,29,14,25,29,21,39,0,,,,30,0,20,18,10,,29,29,29,32,32,30,30
218742,42,33,48,100,63,63,,40,47,43,33,45,67,36,28,40,42,33,48,100,63,63,,40,47,43,33,45,67,36,41,41,39,39,48,48
218821,38,37,40,0,50,50,,26,33,50,29,,67,37,,,,,,,,,,,,,,,,,33,,36,,52,
218830,30,40,20,0,26,26,,18,32,33,25,18,,12,,,,,,,,,,,,,,,,,25,,50,,35,
218858,31,36,26,,43,60,0,22,20,34,86,0,,18,,,,,,,,,,,,,,,,,33,,,,28,
218885,39,38,40,0,68,69,50,32,42,40,28,25,,35,,,,,,,,,,,,,,,,,35,,44,,41,
218894,29,28,29,33,48,50,33,23,27,30,26,38,,20,,,,,,,,,,,,,,,,,29,,21,,30,
218919,38,22,49,,,,,38,0,100,,,0,,27,31,31,19,40,,,,,31,0,100,,,0,,34,34,85,38,36,0
218955,21,13,24,,0,0,,20,,27,,0,,33,,,,,,,,,,,,,,,,,20,,,,25,
218964,61,59,62,100,68,67,100,59,51,64,47,,90,19,51,60,61,59,62,100,68,67,100,59,51,64,47,,90,19,56,56,64,64,66,66
218973,81,82,80,100,80,80,,81,68,81,78,,100,17,77,81,81,82,80,100,80,80,,81,68,81,78,,100,17,83,83,78,78,81,81
218991,32,30,35,25,47,47,,23,28,36,27,44,,19,,,,,,,,,,,,,,,,,32,,31,,33,
219000,76,74,76,67,67,67,,55,71,77,80,,67,14,60,74,76,74,76,67,67,67,,55,71,77,80,,67,14,67,67,72,72,81,81
219037,79,,,,,,,,,,,,,,,,,,,,,,,,,,,,,,64,,100,,100,
219046,39,25,46,27,50,60,0,0,34,40,17,0,100,,25,36,40,27,48,26,33,40,0,0,37,42,19,0,100,,31,30,49,53,40,44
219082,49,51,46,0,67,100,0,9,50,52,25,,60,,35,47,48,50,43,0,67,100,0,9,43,51,25,,50,,41,40,47,46,66,64
219091,46,40,53,33,,,,0,40,48,75,,,9,35,40,40,35,44,33,,,,0,20,41,50,,,9,42,38,50,40,48,40
219125,78,,,,,,,,,,,,,,,,,,,,,,,,,,,,,,68,,88,,100,
219143,64,68,57,40,67,50,100,25,30,66,,58,100,6,,,,,,,,,,,,,,,,,60,,66,,67,
219189,71,76,59,33,100,100,,67,77,72,60,,,6,,,,,,,,,,,,,,,,,68,,73,,73,
219198,61,55,65,50,,,,50,25,69,,0,,28,50,57,60,55,63,50,,,,50,25,68,,0,,28,50,48,60,60,70,70
219204,60,50,67,,,,,0,,75,,,,,0,0,33,0,50,,,,,0,,50,,,,,75,50,0,0,,
219259,52,46,58,22,75,75,,25,38,56,18,,44,21,32,52,55,50,59,25,100,100,,20,25,58,29,,44,22,36,41,60,58,61,61
219277,11,19,6,12,,,,,0,,0,,,17,0,2,4,5,3,4,,,,,0,,0,,,25,10,2,,,20,50
219347,58,56,66,20,38,43,0,20,36,60,69,100,73,3,27,52,58,55,66,20,38,43,0,20,36,59,60,100,73,4,41,41,59,59,65,64
219356,60,54,65,23,71,71,,33,29,61,49,67,67,,42,57,59,53,64,23,71,71,,32,30,60,48,67,67,,53,53,58,58,64,64
219374,0,0,0,0,,,,,,0,,,,,0,0,0,0,,0,,,,,,,,,,,0,0,,,0,
219383,61,58,62,0,50,67,0,42,35,64,44,33,100,30,51,58,60,58,61,0,50,67,0,42,40,63,44,33,100,31,52,51,44,42,84,84
219408,13,14,12,13,,,,0,0,27,,,,7,,,,,,,,,,,,,,,,,0,,,,39,
219426,51,46,56,47,9,13,0,35,50,54,40,20,,,,,,,,,,,,,,,,,,,84,,81,,5,
219453,86,,,,,,,,,,,,,,,,,,,,,,,,,,,,,,83,,80,,95,
219471,61,55,65,16,31,31,,36,56,64,59,20,61,24,48,59,61,55,65,17,31,31,,36,53,64,58,20,61,24,52,51,57,56,69,69
219480,53,56,48,21,50,50,,50,57,58,50,0,,7,,,,,,,,,,,,,,,,,41,,63,,70,
219505,33,43,0,,,,,29,,0,,,100,,0,33,33,43,0,,,,,29,,0,,,100,,38,38,,,0,0
219587,60,,,,,,,,,,,,,,,,,,,,,,,,,,,,,,100,,13,,67,
219596,58,61,45,,100,100,,100,100,56,50,,,4,,,,,,,,,,,,,,,,,58,,,,57,
219602,45,38,49,0,65,59,100,39,47,47,37,48,50,,27,39,43,38,46,0,59,53,100,35,42,46,35,47,50,,38,35,48,48,56,55
219639,54,78,51,,100,100,,50,100,53,0,67,,30,33,49,50,78,46,,100,100,,50,100,47,0,67,,30,49,44,57,57,61,56
219709,72,66,75,75,80,79,100,70,71,72,60,66,64,,61,70,72,66,74,75,78,77,100,70,71,72,60,66,60,,63,62,68,68,75,75
219718,35,32,39,50,100,100,,18,54,43,50,72,31,,0,0,0,0,0,0,0,0,,0,0,0,0,0,0,,0,0,0,0,90,0
219790,56,51,61,,,,,23,25,59,33,50,80,,47,53,54,48,61,,,,,23,33,57,33,0,80,,41,42,43,46,75,69
219806,46,31,58,,50,50,,26,44,51,21,0,67,37,42,46,47,31,59,,100,100,,26,38,51,22,0,67,38,35,33,54,54,60,61
219824,22,20,23,,36,37,0,14,21,23,23,25,25,18,,,,,,,,,,,,,,,,,18,,26,,,
219833,56,53,59,33,61,61,,36,83,59,53,54,58,11,41,52,56,53,59,33,61,61,,36,83,59,53,54,58,11,47,47,60,60,62,62
219851,75,,,,,,,,,,,,,,,,,,,,,,,,,,,,,,73,,,,100,
219879,29,30,28,40,25,25,,15,25,31,0,25,0,14,,,,,,,,,,,,,,,,,24,,60,,34,
219888,31,30,31,50,38,39,0,19,25,33,23,26,50,19,,,,,,,,,,,,,,,,,63,,29,,24,
219903,51,36,52,50,67,86,40,47,83,71,88,52,,,,,,,,,,,,,,,,,,,54,,65,,16,
219949,47,44,49,25,50,50,,27,55,46,100,60,33,33,30,40,42,38,47,,,,,18,33,43,100,59,33,40,51,36,40,38,45,47
219976,69,63,72,0,60,60,,60,54,71,73,50,69,,61,68,69,63,72,0,60,60,,60,54,71,73,50,69,,58,58,69,69,74,74
219994,76,75,78,100,100,100,100,67,87,77,85,71,75,2,,,,,,,,,,,,,,,,,72,,,,83,
220057,27,24,29,,0,0,0,12,30,30,46,33,,16,,,,,,,,,,,,,,,,,24,,20,,32,
220075,50,44,55,0,70,71,50,27,34,54,35,50,70,23,34,46,50,44,55,0,70,71,50,27,34,54,35,50,70,23,38,38,52,52,65,65
220118,87,100,87,,,,,92,83,86,,,,,,,,,,,,,,,,,,,,,87,,86,,100,
220127,79,80,77,100,100,100,,77,55,79,100,100,100,1,,,,,,,,,,,,,,,,,76,,,,84,
220163,67,,,,,,,,,,,,,33,,,,,,,,,,,,,,,,,67,,100,,50,
220181,44,36,48,,,,,46,100,50,0,22,25,21,39,40,44,36,48,,,,,46,100,50,0,22,25,21,50,50,48,48,26,26
220206,61,50,68,,,,,33,100,62,100,,,1,47,56,58,53,62,,,,,100,100,55,100,,,,55,53,,,66,65
220215,68,68,69,100,100,100,,36,0,70,100,74,80,,59,67,68,68,69,100,100,100,,36,0,70,100,74,80,,57,57,68,68,76,76
220251,71,79,61,100,,,,50,100,70,60,100,,1,,,,,,,,,,,,,,,,,67,,,,78,
220279,76,77,73,,100,100,,50,100,76,0,100,100,2,,,,,,,,,,,,,,,,,78,,,,74,
220321,50,58,41,0,0,0,,55,50,50,80,33,,2,,,,,,,,,,,,,,,,,45,,,,64,
220394,80,82,77,,,,,,,80,,,,1,,,,,,,,,,,,,,,,,81,,,,76,
220400,20,21,20,25,43,43,,10,17,22,30,23,,13,,,,,,,,,,,,,,,,,15,,,,29,
220464,31,100,18,,,,,100,0,27,,,,15,,,,,,,,,,,,,,,,,30,,33,,,
220473,62,65,60,,,,,33,0,67,40,50,0,18,56,63,63,64,62,,,,,33,0,67,50,50,0,18,48,50,77,77,69,68
220491,59,,,,,,,,,,,,,,,,,,,,,,,,,,,,,,48,,88,,67,
220516,46,40,52,100,0,0,,17,48,51,75,0,67,34,42,47,47,42,52,100,0,0,,19,48,52,75,0,67,33,33,34,56,56,65,65
220552,37,25,40,,50,50,,44,50,34,38,67,33,22,25,28,28,18,31,,,,,25,50,30,0,0,0,40,35,29,29,67,45,0
220598,17,12,23,,,,,16,0,,33,22,0,37,12,14,17,12,23,,,,,16,0,,33,22,0,37,17,17,38,38,0,0
220604,25,16,29,,,,,23,,,,,75,,8,19,25,16,30,,,,,24,,,,,75,,22,22,40,40,47,50
220613,61,51,65,60,43,42,50,38,75,62,58,61,77,25,49,60,61,51,65,60,43,42,50,38,75,62,58,61,77,25,53,53,58,58,69,69
220631,54,47,58,,67,67,,11,57,57,,59,50,,39,47,50,47,52,,0,0,,11,57,53,,50,50,,43,39,61,53,68,64
220640,73,79,66,,,,,100,100,73,50,100,,3,,,,,,,,,,,,,,,,,74,,,,73,
220701,36,35,36,,0,0,0,22,20,38,29,55,50,35,27,33,34,32,35,,0,0,0,22,20,36,29,45,50,35,29,26,37,35,47,45
220710,47,37,57,33,100,100,,26,18,55,16,100,40,34,39,47,47,37,57,33,100,100,,26,18,55,16,100,40,34,38,38,43,43,64,64
220756,63,63,63,,,,,67,0,64,,100,,2,,,,,,,,,,,,,,,,,81,,,,41,
220765,46,,,,,,,,,,,,,,,,,,,,,,,,,,,,,,44,,56,,59,
220853,40,41,39,50,67,67,,37,80,40,33,42,100,2,,,,,,,,,,,,,,,,,36,,,,49,
220862,49,43,54,50,77,77,,40,50,56,39,54,39,15,31,45,49,43,54,50,77,77,,40,50,56,39,54,39,15,41,41,58,58,60,60
220978,54,49,58,50,59,59,,44,49,59,46,80,56,16,38,51,54,49,58,50,59,59,,44,49,59,46,80,56,16,46,46,54,54,63,63
221050,76,78,73,,,,,78,82,76,71,,100,1,,,,,,,,,,,,,,,,,71,,,,87,
221096,29,22,33,100,35,34,50,19,21,32,22,23,29,13,,,,,,,,,,,,,,,,,25,,,,32,
221102,74,73,76,,88,88,,63,83,75,67,,,1,,,,,,,,,,,,,,,,,74,,,,74,
221148,64,64,61,25,83,83,,52,72,69,57,89,,,,,,,,,,,,,,,,,,,59,,81,,67,
221184,17,15,18,50,27,27,,9,18,22,16,19,50,16,,,,,,,,,,,,,,,,,16,,29,,18,
221236,65,69,57,100,,,,49,57,72,38,80,100,,,,,,,,,,,,,,,,,,66,,,,61,
221281,67,73,59,,,,,57,80,69,33,67,,,,,,,,,,,,,,,,,,,62,,,,80,
221333,70,67,74,,,,,60,100,68,100,,,2,,,,,,,,,,,,,,,,,67,,,,73,
221351,82,77,85,0,86,86,,83,80,81,73,100,88,17,77,81,82,77,85,0,86,86,,83,80,81,73,100,88,17,80,80,78,78,83,83
221397,32,32,32,100,13,17,0,9,35,33,21,42,0,14,,,,,,,,,,,,,,,,,28,,17,,36,
221430,62,55,78,0,,,,67,50,65,33,0,,2,,,,,,,,,,,,,,,,,59,,,,71,
221485,19,17,21,0,42,45,0,15,16,27,18,38,14,10,,,,,,,,,,,,,,,,,19,,,,20,
221494,68,68,70,,100,100,,56,56,70,100,80,0,1,,,,,,,,,,,,,,,,,69,,,,66,
221519,82,80,84,,67,67,,88,72,85,54,,71,13,74,81,82,80,84,,67,67,,88,72,85,54,,71,13,85,85,71,71,85,85
221582,70,73,63,50,,,,,100,68,,,,1,,,,,,,,,,,,,,,,,69,,,,71,
221591,82,83,77,,100,100,,,88,81,75,100,,3,,,,,,,,,,,,,,,,,80,,,,84,
221607,67,73,50,,,,,100,67,67,50,0,,2,,,,,,,,,,,,,,,,,64,,,,71,
221616,74,78,68,,,,,70,78,74,80,100,,6,,,,,,,,,,,,,,,,,75,,,,74,
221625,70,68,74,,100,100,,68,71,69,81,78,100,2,,,,,,,,,,,,,,,,,70,,,,71,
221643,28,25,30,0,20,18,50,19,22,30,16,25,50,20,,,,,,,,,,,,,,,,,23,,0,,32,
221661,51,49,53,,63,64,33,45,44,51,66,,59,4,38,55,62,59,64,,74,76,33,50,52,63,79,,70,5,42,53,55,55,57,71
221731,44,39,46,0,,,,48,53,43,38,,36,,35,41,44,39,46,0,,,,48,53,43,38,,36,,34,34,49,49,56,56
221740,53,51,55,40,54,54,,50,49,54,41,51,64,,35,50,53,51,55,40,54,54,,50,49,54,41,51,64,,45,45,48,48,60,60
221759,73,70,77,78,79,79,75,60,68,75,68,78,73,16,56,71,73,70,77,78,79,79,75,60,68,75,68,78,73,16,63,63,70,70,80,80
221768,55,52,57,0,80,80,,38,45,58,33,,57,18,39,52,55,52,57,0,80,80,,38,45,58,33,,57,18,44,44,56,56,70,70
221829,66,,,,,,,,,,,,,,,,,,,,,,,,,,,,,,60,,,,71,
221838,33,27,36,0,67,67,,33,34,41,20,100,67,35,21,31,34,27,37,0,50,50,,33,33,42,21,100,63,34,33,33,,,34,34
221847,54,51,58,100,69,69,,42,49,56,38,0,48,22,35,51,54,51,58,100,69,69,,42,49,56,38,0,48,22,44,44,52,52,64,64
221892,55,55,55,67,100,100,,31,41,58,46,88,59,,46,53,54,55,54,67,67,67,,31,38,58,42,88,58,,45,43,56,58,64,64
221908,32,35,30,0,25,29,0,7,20,34,24,10,,8,,,,,,,,,,,,,,,,,25,,42,,,
221953,31,26,36,33,,,,17,22,37,25,25,43,10,21,30,31,26,36,33,,,,17,22,37,25,25,43,10,21,21,43,43,54,54
221971,71,67,73,,67,67,,38,38,74,67,0,44,7,65,70,71,67,73,,67,67,,38,38,74,67,0,44,7,56,55,73,73,77,77
221999,93,90,95,80,95,95,89,86,91,93,98,97,95,,87,92,93,90,95,80,95,95,89,86,91,93,98,97,95,,88,88,86,86,94,94
222053,24,22,26,20,32,30,50,10,24,27,24,14,0,13,,,,,,,,,,,,,,,,,23,,8,,26,
222062,36,35,37,,44,44,,15,27,38,19,0,29,10,,,,,,,,,,,,,,,,,30,,,,43,
222105,47,47,50,,,,,40,57,53,100,,,,,,,,,,,,,,,,,,,,52,,,,42,
222178,60,56,63,100,70,67,100,43,54,65,50,,58,0,46,55,60,56,63,100,70,67,100,43,54,65,50,,58,0,46,46,59,59,70,70
222567,34,26,40,50,31,31,,25,31,38,38,,33,21,,,,,,,,,,,,,,,,,33,,0,,34,
222576,31,36,27,40,37,37,,29,28,35,21,50,,12,,,,,,,,,,,,,,,,,28,,20,,34,
222822,27,32,25,0,0,0,,21,24,30,15,100,55,16,,,,,,,,,,,,,,,,,18,,,,45,
222831,41,35,45,45,50,56,33,30,38,44,45,,43,22,29,38,41,35,45,45,50,56,33,30,38,44,45,,43,22,36,36,36,36,48,48
222877,5,0,8,,,,,0,25,0,,,,50,0,5,5,0,8,,,,,0,25,0,,,,50,8,8,0,0,0,0
222886,78,81,78,,80,80,,74,80,82,,,100,,,,,,,,,,,,,,,,,,73,,70,,100,
222983,69,61,78,,85,85,,59,73,69,47,0,71,,65,68,69,61,78,,85,85,,59,73,69,47,0,71,,65,65,65,65,75,75
222992,18,17,19,13,22,23,0,8,17,18,21,14,30,36,,,,,,,,,,,,,,,,,16,,14,,20,
223056,32,,,,,,,,,,,,,2,,,,,,,,,,,,,,,,,42,,100,,21,
223232,80,76,83,59,80,80,100,75,75,83,74,56,67,,70,79,80,76,83,59,80,80,100,75,75,83,74,56,67,,72,72,77,77,84,84
223320,11,8,13,0,0,0,,17,13,6,0,0,,,,,,,,,,,,,,,,,,,11,,8,,11,
223427,11,8,14,13,17,18,0,7,9,12,7,24,58,38,,,,,,,,,,,,,,,,,9,,10,,12,
223463,38,38,37,29,56,83,0,24,47,42,42,50,,1,33,33,33,50,22,,,,,50,30,50,0,,,20,39,42,41,,21,0
223472,60,50,61,,,,,50,55,75,100,50,,,,,,,,,,,,,,,,,,,53,,100,,100,
223506,39,32,45,0,50,50,,36,42,34,55,,100,15,,,,,,,,,,,,,,,,,40,,,,38,
223816,15,14,15,0,6,0,8,12,15,17,19,0,0,23,,,,,,,,,,,,,,,,,16,,5,,13,
223852,83,,,,,,,,,,,,,,,,,,,,,,,,,,,,,,100,,0,,,
223898,31,25,36,0,15,11,25,31,21,39,19,,100,,,,,,,,,,,,,,,,,,31,,24,,32,
223922,61,65,58,100,,,,3,69,75,,29,17,7,,,,,,,,,,,,,,,,,38,,60,,71,
224004,41,35,44,100,67,67,,30,40,45,33,30,,,27,38,41,35,44,100,67,67,,30,40,45,33,30,,,32,32,47,47,50,50
224013,71,,,,,,,,,,,,,,,,,,,,,,,,,,,,,,65,,71,,100,
224110,35,28,39,0,47,47,,27,32,37,25,50,38,28,,,,,,,,,,,,,,,,,34,,15,,36,
224147,34,29,37,0,38,39,0,26,33,38,18,17,36,47,20,30,34,29,37,0,38,39,0,26,33,38,18,17,36,47,33,33,35,35,35,35
224156,71,,,,,,,,,,,,,,,,,,,,,,,,,,,,,,51,,100,,89,
224226,60,56,63,67,79,76,100,41,51,63,,,,26,46,56,60,57,61,67,72,69,100,41,51,62,,,,25,51,49,57,57,67,67
224244,24,17,38,0,50,50,,33,40,18,11,0,,46,16,25,25,17,40,0,50,50,,40,40,19,11,0,,43,20,21,23,23,67,67
224271,26,19,29,33,,,,45,13,28,0,0,,,,,,,,,,,,,,,,,,,37,,19,,,
224323,68,68,68,0,83,83,,33,61,69,82,89,75,24,62,67,68,68,68,0,83,83,,33,61,69,82,89,75,24,58,58,59,59,86,86
224350,13,13,13,0,25,25,,14,11,17,20,25,8,6,,,,,,,,,,,,,,,,,14,,13,,11,
224527,48,37,60,0,100,100,,29,46,55,38,,50,39,42,47,48,37,60,0,100,100,,29,46,55,38,,50,39,41,41,49,49,57,57
224545,31,31,31,100,25,25,,34,33,26,38,14,57,,17,25,28,31,26,100,25,25,,34,29,21,38,14,57,,29,27,27,24,37,34
224554,46,36,54,25,67,69,50,36,47,52,49,50,50,26,32,43,46,36,54,25,67,69,50,36,47,52,49,50,50,26,42,42,45,45,52,52
224615,36,30,41,50,39,39,,28,39,32,22,44,50,15,,,,,,,,,,,,,,,,,38,,29,,34,
224642,22,19,24,20,0,0,0,9,23,18,29,13,44,14,,,,,,,,,,,,,,,,,21,,60,,23,
224660,68,62,76,100,100,100,100,54,70,63,89,50,,7,43,43,43,31,53,,,,,75,44,33,,0,,37,89,46,68,0,24,40
224679,71,69,83,67,33,33,33,56,74,65,75,,100,0,68,68,68,86,58,,,,,,71,50,,,,,77,90,80,80,60,0
224758,9,,,,,,,,,,,,,,,,,,,,,,,,,,,,,,8,,20,,0,
224828,63,,,,,,,,,,,,,,,,,,,,,,,,,,,,,,63,,100,,50,
224891,33,27,40,25,33,33,,18,42,30,,14,100,13,,,,,,,,,,,,,,,,,36,,50,,30,
224961,32,33,32,,0,0,0,25,44,25,0,33,25,18,,,,,,,,,,,,,,,,,37,,0,,30,
225043,100,,,,,,,,,,,,,,,,,,,,,,,,,,,,,,100,,,,,
225070,20,21,20,5,36,36,,24,12,21,,0,50,7,,,,,,,,,,,,,,,,,22,,29,,19,
225201,68,70,59,100,79,78,80,69,66,72,64,43,,,58,58,58,60,52,100,83,75,100,38,51,68,50,33,,,67,52,68,55,70,65
225247,50,45,54,33,75,75,,39,37,57,32,67,75,31,39,48,50,45,54,33,75,75,,39,37,57,32,67,75,31,34,34,60,60,58,58
225308,24,22,25,,33,50,0,23,36,25,7,0,100,14,,,,,,,,,,,,,,,,,30,,28,,17,
225371,28,23,33,0,20,100,0,17,31,29,14,25,20,19,,,,,,,,,,,,,,,,,26,,30,,30,
225399,50,42,55,67,66,66,,43,49,58,38,34,54,35,37,49,50,42,55,67,66,66,,43,49,58,38,34,54,35,45,45,55,55,54,54
225414,51,44,55,,59,59,,36,42,59,70,0,0,32,26,44,51,44,55,,59,59,,36,42,59,70,0,0,32,48,48,52,52,52,52
225423,17,14,19,40,18,18,0,12,18,12,18,14,24,19,,,,,,,,,,,,,,,,,16,,18,,18,
225432,34,27,39,0,25,25,0,26,36,30,29,50,50,31,15,28,34,27,39,0,25,25,0,26,36,30,29,50,50,31,36,36,27,27,30,30
225502,27,21,30,,13,13,,29,29,13,33,100,100,,12,24,27,21,30,,13,13,,29,29,13,33,100,100,,32,32,32,32,4,4
225511,65,60,70,100,74,74,50,51,61,66,62,63,76,7,45,60,65,60,70,100,74,74,50,51,61,66,62,63,76,7,62,62,65,65,68,68
225520,36,35,36,0,,,,31,31,42,38,0,50,13,,,,,,,,,,,,,,,,,33,,33,,39,
225548,31,26,39,,0,0,,3,42,33,38,50,,49,25,29,31,26,39,,0,0,,3,42,33,38,50,,49,30,30,29,29,36,36
225575,36,28,42,,,,,35,36,13,,50,100,4,30,33,33,25,39,,,,,32,34,13,,50,100,4,45,41,9,9,100,100
225627,52,44,56,75,53,56,0,44,53,52,53,46,62,31,36,49,53,45,57,67,63,67,0,41,53,53,53,48,60,31,46,48,51,51,60,60
225876,42,31,52,100,,,,23,49,39,57,56,0,22,,,,,,,,,,,,,,,,,37,,,,49,
225885,15,12,19,,,,,15,14,50,,0,0,,12,14,15,12,19,,,,,15,14,50,,0,0,,3,3,,,43,43
225991,72,60,84,,100,100,100,90,64,69,0,0,,8,,,,,,,,,,,,,,,,,100,,100,,18,
226019,33,31,35,67,50,50,,21,36,35,38,0,57,20,,,,,,,,,,,,,,,,,29,,38,,38,
226091,37,33,40,26,63,66,0,22,37,48,50,17,44,30,18,32,37,33,40,26,63,66,0,22,37,48,50,17,44,30,28,28,0,0,46,46
226107,31,38,27,,0,0,,5,38,33,67,,,19,,,,,,,,,,,,,,,,,23,,25,,38,
226116,30,29,31,100,17,17,,19,32,39,0,100,,13,,,,,,,,,,,,,,,,,28,,57,,31,
226134,31,28,33,0,0,0,,0,31,16,,40,36,11,,,,,,,,,,,,,,,,,30,,,,32,
226152,49,43,53,,100,100,,40,49,29,33,100,48,27,28,44,49,43,53,,100,100,,40,49,29,33,100,48,27,48,48,54,54,53,53
226204,19,26,13,0,18,18,,22,17,21,13,17,,,,,,,,,,,,,,,,,,,9,,0,,25,
226231,61,61,61,100,40,40,,58,33,62,62,64,86,,52,60,61,61,61,100,40,40,,58,33,61,62,64,86,,54,54,62,62,67,66
226277,72,73,63,100,67,70,0,60,80,76,71,66,,,,,,,,,,,,,,,,,,,68,,86,,79,
226383,49,47,50,0,17,33,0,20,36,57,,0,33,31,30,46,49,47,50,0,17,33,0,20,36,57,,0,33,31,32,32,56,56,60,60
226408,28,31,26,50,33,33,,19,33,29,0,0,,13,,,,,,,,,,,,,,,,,30,,,,27,
226471,53,39,63,60,75,75,,34,52,59,47,52,50,,38,51,53,39,63,60,75,75,,34,52,59,47,52,50,,44,44,55,55,64,64
226578,35,33,37,75,50,50,,24,36,36,28,38,100,23,,,,,,,,,,,,,,,,,31,,33,,39,
226587,39,35,42,50,50,50,,40,34,41,43,50,20,36,27,37,39,35,42,50,50,50,,40,34,41,43,50,20,36,34,34,37,37,49,49
226806,17,18,17,0,21,25,0,9,15,23,15,25,0,15,,,,,,,,,,,,,,,,,15,,0,,18,
226833,41,37,45,40,57,57,,24,39,46,47,83,62,,23,37,41,37,45,40,57,57,,24,39,46,47,83,62,,35,35,32,32,52,52
226860,91,,,,,,,,,,,,,,,,,,,,,,,,,,,,,,91,,,,90,
226879,45,,45,,100,100,,50,0,50,,0,,18,33,33,33,,33,,,,,0,,100,,0,,,40,0,,,100,100
226903,52,59,45,57,78,75,100,43,54,50,47,50,100,4,,,,,,,,,,,,,,,,,48,,60,,63,
227058,41,,,,,,,,,,,,,,,,,,,,,,,,,,,,,,36,,75,,25,
227146,24,21,27,0,14,0,20,12,37,27,17,0,20,21,,,,,,,,,,,,,,,,,22,,19,,29,
227182,19,15,21,13,25,25,,8,20,19,15,21,25,31,,,,,,,,,,,,,,,,,17,,20,,20,
227216,60,52,66,38,72,72,50,55,59,61,56,29,56,31,43,56,60,52,66,38,72,72,50,55,59,61,56,29,56,31,57,57,62,62,61,61
227225,33,30,35,33,0,,0,25,35,34,9,0,42,13,,,,,,,,,,,,,,,,,28,,35,,47,
227298,84,,,,,,,,,,,,,,,,,,,,,,,,,,,,,,100,,100,,27,
227304,28,26,29,0,50,50,,17,28,26,43,0,41,17,,,,,,,,,,,,,,,,,25,,100,,30,
227313,55,,,,,,,,,,,,,,,,,,,,,,,,,,,,,,68,,90,,21,
227322,67,,,,,,,,,,,,,,,,,,,,,,,,,,,,,,73,,89,,42,
227331,42,31,47,,100,100,,41,42,50,,,0,,33,41,42,31,47,,100,100,,41,42,50,,,0,,41,41,39,39,54,54
227368,49,41,56,,65,65,100,83,49,55,46,25,69,18,29,44,49,41,56,,65,65,100,83,49,55,46,25,69,18,47,47,45,45,55,55
227377,27,26,27,,,,,,27,31,0,36,33,1,,,,,,,,,,,,,,,,,28,,19,,19,
227386,41,37,43,0,100,100,,29,43,43,57,,50,13,,,,,,,,,,,,,,,,,38,,54,,44,
227401,37,40,34,33,50,,50,32,35,38,33,67,,17,,,,,,,,,,,,,,,,,34,,30,,41,
227429,38,30,44,100,,,,36,37,50,50,,100,8,33,38,38,30,44,100,,,,36,37,50,50,,100,8,47,47,0,0,,
227526,43,39,45,0,38,36,50,45,31,31,41,0,43,26,19,37,43,39,45,0,38,36,50,45,31,31,41,0,43,26,41,41,41,41,54,54
227687,35,26,45,,,,,20,39,34,31,100,31,21,,,,,,,,,,,,,,,,,35,,38,,33,
227748,52,50,100,,67,67,,29,64,50,,,,,,,,,,,,,,,,,,,,,52,,33,,100,
227757,96,94,97,100,99,99,100,92,92,95,96,100,97,,89,95,96,94,97,100,99,99,100,92,92,95,96,100,97,,92,92,97,97,96,96
227845,64,62,65,75,68,65,100,58,65,62,81,80,63,21,54,63,64,62,65,75,68,65,100,58,65,62,81,80,63,21,63,63,64,64,66,66
227854,35,40,30,,0,0,0,32,38,28,14,0,,12,,,,,,,,,,,,,,,,,40,,17,,26,
227863,69,67,69,,73,73,,50,71,73,44,100,53,,48,65,69,67,69,,73,73,,50,71,73,44,100,53,,65,65,71,71,71,71
227881,55,47,60,29,51,51,50,46,60,56,56,33,47,23,35,51,55,47,60,29,51,51,50,46,60,56,56,33,47,23,54,54,51,51,58,58
227924,22,18,26,20,14,14,,9,21,28,36,100,0,24,,,,,,,,,,,,,,,,,21,,29,,23,
227979,34,30,38,57,36,37,0,31,35,33,23,57,58,12,,,,,,,,,,,,,,,,,35,,13,,34,
228042,44,40,47,,,,,7,40,53,14,,100,3,38,43,43,40,46,,,,,7,40,52,14,,100,3,35,35,52,52,52,50
228088,53,,,,,,,,,,,,,,,,,,,,,,,,,,,,,,54,,50,,,
228149,60,55,63,0,65,65,,52,60,60,100,60,68,,52,60,60,55,63,0,65,65,,52,60,60,100,60,68,,55,55,58,58,67,67
228158,25,27,24,13,6,8,0,22,25,28,29,0,0,14,,,,,,,,,,,,,,,,,26,,22,,25,
228185,100,,,,,,,,,,,,,,,,,,,,,,,,,,,,,,100,,,,,
228200,79,,,,,,,,,,,,,,,,,,,,,,,,,,,,,,78,,100,,70,
228219,83,,,,,,,,,,,,,,,,,,,,,,,,,,,,,,78,,100,,89,
228246,83,82,85,100,81,80,100,76,89,84,78,,80,12,76,82,83,82,85,100,81,80,100,76,89,84,78,,80,12,81,81,81,81,84,84
228282,65,,,,,,,,,,,,,1,,,,,,,,,,,,,,,,,74,,,,32,
228316,33,27,37,0,0,0,,0,34,38,0,0,,17,,,,,,,,,,,,,,,,,33,,36,,33,
228325,36,26,47,33,50,,50,19,50,39,11,,100,33,30,40,42,32,50,20,100,,100,30,61,42,22,,100,30,34,40,38,44,38,44
228343,69,65,73,,70,70,,46,72,72,62,100,50,25,61,69,69,65,73,,70,70,,46,72,72,62,100,50,25,64,64,70,70,72,72
228431,52,43,56,73,68,67,100,47,44,57,43,40,38,29,38,50,52,43,56,73,68,67,100,47,44,57,43,40,38,29,44,44,56,56,58,58
228459,56,51,59,67,63,64,56,45,52,62,57,100,86,,37,52,56,51,59,67,63,64,56,45,52,62,57,100,86,,50,50,55,55,62,62
228468,41,38,44,0,30,67,14,17,49,52,25,0,50,32,26,36,39,36,41,0,30,67,14,17,46,48,25,0,50,32,39,39,38,38,45,39
228486,49,42,57,,,,,54,20,0,,0,,10,100,100,100,100,,,,,,100,,,,,,,48,100,25,,67,
228501,27,18,40,100,,,,14,30,29,14,0,0,35,17,24,27,18,40,100,,,,14,30,29,14,0,0,35,23,23,31,31,36,36
228529,51,48,53,60,20,14,100,32,49,54,49,22,67,27,35,47,51,48,53,60,20,14,100,32,49,54,49,22,67,27,47,47,51,51,55,55
228547,26,22,29,14,31,31,,23,28,24,26,22,60,23,,,,,,,,,,,,,,,,,29,,16,,24,
228608,27,27,27,0,25,25,,24,33,26,17,20,,9,,,,,,,,,,,,,,,,,58,,22,,19,
228699,36,35,37,0,20,20,,23,53,39,36,50,0,10,,,,,,,,,,,,,,,,,33,,75,,41,
228705,46,41,51,50,38,63,0,24,47,45,17,50,54,29,26,40,46,41,51,50,38,63,0,24,47,45,17,50,54,29,40,40,44,44,55,55
228723,84,80,87,79,83,84,57,75,79,87,81,100,81,10,61,81,84,80,87,79,83,84,57,75,79,87,81,100,81,10,75,75,81,81,87,87
228769,57,53,60,60,71,71,0,52,51,56,56,56,64,23,35,51,57,53,60,60,71,71,0,52,51,56,56,56,64,23,54,54,53,53,60,60
228778,88,85,90,79,93,93,100,81,82,90,85,96,84,,73,85,88,85,90,79,93,93,100,81,82,90,85,96,84,,81,81,86,86,90,90
228787,75,70,82,75,83,83,67,66,62,70,69,87,83,15,59,71,75,70,82,75,83,83,67,66,62,70,69,87,83,15,68,68,71,71,80,80
228796,46,39,52,,43,60,0,26,46,47,29,88,61,20,21,38,46,39,52,,43,60,0,26,46,47,29,88,61,20,44,44,42,42,52,52
228802,47,36,54,100,26,26,,38,44,50,44,100,67,,36,45,47,36,54,100,26,26,,38,44,50,44,100,67,,52,52,46,46,45,45
228875,86,83,88,89,91,90,100,72,85,86,100,92,85,11,74,84,86,83,88,89,91,90,100,72,85,86,100,89,84,11,80,80,83,83,87,87
228884,11,9,13,0,0,,0,12,0,0,,,,,7,7,10,9,12,0,0,,0,12,0,0,,,,,11,11,0,0,100,0
228981,55,46,65,100,100,100,100,29,59,60,,50,,,34,51,55,46,65,100,100,100,100,29,59,60,,50,,,35,35,39,39,84,84
229018,43,38,48,,60,64,0,43,41,44,36,14,65,32,28,41,43,38,48,,60,64,0,43,41,44,36,14,65,32,41,41,31,31,48,48
229027,51,48,54,36,55,55,42,49,54,45,49,56,56,21,32,46,51,48,54,36,55,55,42,49,54,45,49,56,56,21,51,51,51,51,52,52
229063,20,16,23,7,32,32,,19,18,20,23,,71,29,6,15,20,16,23,7,32,32,,19,18,20,23,,71,29,18,18,27,27,30,30
229115,67,63,72,81,68,68,75,59,64,70,72,59,69,21,47,64,68,63,72,81,71,71,75,59,64,71,73,59,69,20,60,61,64,64,71,71
229160,32,22,45,,67,67,,19,32,33,39,25,47,,23,31,32,22,45,,67,67,,19,32,33,39,25,47,,27,27,30,30,42,42
229179,44,40,45,67,64,64,,36,42,46,39,25,33,,27,39,44,40,45,67,64,64,,36,42,46,39,25,33,,41,41,38,38,52,52
229267,82,81,83,0,84,84,,89,84,81,82,91,72,13,73,81,82,81,83,0,84,84,,89,84,81,82,91,72,13,85,85,83,83,81,81
229355,27,25,28,30,60,63,0,13,36,29,30,20,70,29,,,,,,,,,,,,,,,,,23,,20,,33,
229416,57,57,50,50,60,50,100,82,83,81,74,40,100,1,,,,,,,,,,,,,,,,,54,,70,,58,
229425,76,,,,,,,,,,,,,,,,,,,,,,,,,,,,,,,,,,76,
229504,18,18,19,20,0,0,,10,23,18,14,0,0,14,,,,,,,,,,,,,,,,,21,,20,,14,
229522,33,,,,,,,,,,,,,,,,,,,,,,,,,,,,,,34,,,,29,
229540,25,32,19,,33,33,,13,26,27,0,,,23,,,,,,,,,,,,,,,,,20,,100,,29,
229656,55,,,,,,,,,,,,,,,,,,,,,,,,,,,,,,81,,100,,22,
229780,19,18,22,0,0,0,,9,17,28,0,25,50,,9,17,19,18,22,0,0,0,,9,17,28,0,25,50,,14,14,26,26,26,26
229799,23,19,26,0,13,14,0,16,27,22,23,11,0,15,,,,,,,,,,,,,,,,,39,,41,,11,
229814,47,39,54,67,56,56,,16,47,49,44,50,60,30,14,43,47,39,54,67,56,56,,16,47,49,44,50,60,30,48,48,51,51,43,43
229832,59,55,63,,0,0,,39,59,58,83,,76,22,,,,,,,,,,,,,,,,,53,,33,,64,
229841,20,19,20,0,16,16,0,13,21,22,14,,,36,,,,,,,,,,,,,,,,,17,,6,,32,
229887,20,18,22,,,,,18,29,25,,20,20,14,14,17,20,18,22,,,,,18,29,25,,20,20,14,22,22,0,0,19,19
230010,65,,,,,,,,,,,,,,,,,,,,,,,,,,,,,,52,,,,69,
230038,82,78,86,64,71,73,67,50,76,83,74,80,83,,28,54,82,78,86,64,71,73,67,50,76,83,74,80,83,,75,75,64,64,85,85
230047,54,63,52,40,48,64,35,0,64,45,61,100,78,35,27,38,48,59,44,40,40,50,31,0,59,38,57,0,72,35,49,36,56,56,55,49
230065,81,,,,,,,,,,,,,,,,,,,,,,,,,,,,,,73,,100,,82,
230144,70,,,,,,,,,,,,,,,,,,,,,,,,,,,,,,71,,70,,63,
230162,59,,,,,,,,,,,,,,,,,,,,,,,,,,,,,,71,,,,58,
230171,34,28,38,17,27,50,12,17,24,39,16,7,46,26,14,21,24,22,25,14,18,40,6,18,16,27,14,0,43,28,26,17,25,14,44,33
230199,85,90,84,100,100,,100,100,100,83,,,,2,,,,,,,,,,,,,,,,,100,,100,,67,
230205,93,100,92,,,,,,100,92,,,,,,,,,,,,,,,,,,,,,,,,,93,
230214,50,,,,,,,,,,,,,,,,,,,,,,,,,,,,,,50,,67,,33,
230366,50,33,52,100,,,,,50,47,,,,,39,39,39,33,40,100,,,,,33,36,,,,,60,45,43,40,0,0
230418,31,28,35,33,63,83,0,,18,22,6,100,51,34,,,,,,,,,,,,,,,,,15,,22,,39,
230490,55,,,,,,,,,,,,,,,,,,,,,,,,,,,,,,38,,,,57,
230597,44,31,52,24,23,50,17,32,34,46,17,50,41,27,0,0,0,0,0,0,,,,,0,0,,,,12,39,0,22,0,50,0
230603,59,54,63,39,47,65,27,53,54,61,35,48,66,,33,44,51,48,52,29,43,52,32,46,51,51,23,39,66,,49,42,52,38,65,57
230676,91,,,,,,,,,,,,,,,,,,,,,,,,,,,,,,83,,,,93,
230728,57,52,62,19,58,70,33,39,45,60,52,60,44,,30,45,55,53,57,27,63,69,45,33,47,56,50,63,48,,46,48,53,53,63,58
230737,41,33,46,7,30,44,8,12,29,44,29,50,40,17,17,29,37,30,43,13,19,29,5,0,31,40,29,50,35,16,31,27,37,34,46,42
230746,30,26,32,30,22,29,4,23,23,35,19,40,39,14,,,,,,,,,,,,,,,,,27,,18,,32,
230764,64,61,67,70,72,75,35,58,57,65,58,42,69,,34,55,64,61,67,70,72,75,35,58,57,65,58,42,69,,55,55,52,52,69,69
230782,43,37,48,8,37,42,27,19,26,48,42,43,68,22,23,37,46,40,51,11,44,46,40,22,32,50,40,45,67,18,34,37,43,45,50,53
230807,69,72,68,,80,75,100,57,60,71,64,75,79,7,58,64,69,72,68,,80,75,100,57,60,71,64,75,79,7,63,63,73,73,70,70
230816,67,65,67,,0,0,0,44,61,64,100,50,92,26,51,64,67,65,67,,0,0,0,44,61,64,100,50,92,26,60,60,63,63,72,72
230852,63,60,69,50,67,67,,53,61,64,68,62,33,,53,61,63,60,69,50,67,67,,53,61,64,68,62,33,,58,58,63,63,65,65
230861,26,23,28,0,0,0,,0,33,27,21,0,67,25,,,,,,,,,,,,,,,,,23,,25,,29,
230889,75,,75,0,,,,,,100,100,,,,50,75,75,,75,0,,,,,,100,100,,,,67,67,100,100,,
230959,93,92,93,,96,96,100,78,86,95,91,93,94,3,71,92,93,92,93,,96,96,100,78,86,95,91,93,94,3,82,82,95,95,95,95
230995,61,57,71,57,61,64,33,35,61,67,57,53,35,,54,59,61,57,71,57,61,64,33,35,61,67,57,53,35,,49,49,69,69,62,62
231004,69,,,,,,,,,,,,,,,,,,,,,,,,,,,,,,63,,90,,64,
231059,69,65,72,100,57,57,,60,61,71,83,38,57,,63,68,69,65,72,100,57,57,,60,61,71,83,38,57,,61,61,73,73,69,69
231095,43,33,54,0,,,,,,40,0,33,100,7,29,43,43,33,54,0,,,,,,40,0,33,100,7,31,31,40,40,60,60
231165,49,46,52,0,25,30,0,41,30,51,24,56,44,25,32,42,45,41,49,0,22,25,0,36,27,48,18,51,44,27,44,41,51,47,55,49
231174,79,76,80,33,76,76,,64,73,80,72,83,67,,70,77,79,76,80,33,76,76,,64,73,80,72,83,67,,67,67,79,79,82,82
231280,39,,,,,,,,,,,,,,,,,,,,,,,,,,,,,,38,,33,,50,
231411,73,75,55,100,67,50,100,71,44,76,100,76,,,,,,,,,,,,,,,,,,,75,,73,,71,
231420,44,38,53,100,0,0,,33,33,54,31,,38,37,31,43,44,38,53,100,0,0,,33,33,54,31,,38,37,43,43,42,42,47,47
231536,34,33,34,,27,30,0,22,29,36,36,35,0,13,,,,,,,,,,,,,,,,,35,,18,,35,
231554,27,16,50,,,,,15,18,39,13,0,29,23,19,25,27,16,50,,,,,15,18,39,13,0,29,23,23,23,29,29,40,40
231581,49,39,57,100,25,33,0,33,37,57,46,35,80,,43,49,49,39,57,100,25,33,0,33,37,57,46,35,80,,40,40,53,53,56,56
231624,91,88,93,100,88,88,100,88,92,91,95,95,90,6,86,90,91,88,93,100,88,88,100,88,92,91,95,95,90,6,88,88,90,90,92,92
231651,54,45,58,0,75,71,100,31,33,64,38,50,50,21,43,52,53,44,58,0,75,71,100,32,33,63,38,50,50,21,41,40,73,75,60,58
231688,76,,,,,,,,,,,,,,,,,,,,,,,,,,,,,,70,,,,86,
231697,41,43,40,100,60,60,,29,30,46,30,50,,11,,,,,,,,,,,,,,,,,30,,33,,56,
231712,75,70,79,,81,85,0,66,81,75,77,85,0,,66,74,75,70,79,,81,85,0,66,81,75,77,85,0,,71,71,75,75,76,76
231785,28,15,38,,0,,0,20,43,44,25,,,4,,,,,,,,,,,,,,,,,27,,57,,24,
231873,46,40,49,0,0,0,,43,0,49,67,0,,9,,,,,,,,,,,,,,,,,40,,67,,52,
231882,38,50,27,33,50,50,,28,47,41,27,0,100,4,,,,,,,,,,,,,,,,,30,,21,,58,
232016,50,,50,,,,,25,,100,100,,,,,,,,,,,,,,,,,,,,50,,,,,
232025,54,50,58,0,50,67,0,25,56,60,29,40,0,21,45,54,54,50,58,0,50,67,0,25,56,60,29,40,0,21,44,44,65,65,63,63
232043,47,44,50,100,63,57,100,24,22,54,57,0,0,37,34,46,47,44,50,100,63,57,100,24,22,54,57,0,0,37,34,34,52,52,57,57
232052,36,43,31,,0,0,0,30,43,41,50,25,,19,,,,,,,,,,,,,,,,,43,,,,26,
232089,29,21,44,33,20,25,0,21,35,41,13,29,11,34,22,28,29,21,44,33,20,25,0,21,35,41,13,29,11,34,25,25,35,35,38,38
232186,69,65,74,0,76,76,0,63,63,70,64,69,74,16,48,64,69,65,74,0,76,76,0,63,63,70,64,69,74,16,67,67,67,67,72,72
232195,37,34,39,80,52,57,25,25,33,39,34,45,,12,,,,,,,,,,,,,,,,,29,,41,,42,
232256,65,65,,33,50,50,,60,69,66,64,,,8,59,65,65,65,,33,50,50,,60,69,66,64,,,8,59,59,64,64,68,68
232265,56,50,58,33,50,50,,56,25,33,,,60,28,36,52,56,50,58,33,50,50,,56,25,33,,,60,28,48,48,58,58,63,63
232308,70,,70,,67,67,,60,89,68,67,0,100,,63,68,70,,70,,67,67,,60,89,68,67,0,100,,65,65,67,67,75,75
232414,30,30,30,0,36,33,67,16,34,36,16,32,50,14,,,,,,,,,,,,,,,,,29,,23,,32,
232423,81,76,84,50,81,81,100,74,74,82,79,84,75,,67,80,81,76,84,50,81,81,100,74,74,82,79,84,75,,78,78,77,77,83,83
232450,39,39,38,,50,57,20,29,43,42,35,25,33,17,,,,,,,,,,,,,,,,,33,,50,,42,
232557,63,60,66,59,63,63,60,37,53,68,60,56,70,19,52,62,66,62,69,60,65,65,60,42,54,70,60,59,72,21,47,50,67,68,73,74
232566,62,54,66,0,21,18,33,49,59,66,65,48,33,24,47,60,62,54,66,0,21,18,33,49,59,66,65,48,33,24,55,55,63,63,66,66
232575,39,33,43,33,38,29,100,23,34,41,32,43,,13,,,,,,,,,,,,,,,,,39,,17,,40,
232609,62,56,65,50,71,71,,62,52,63,44,50,60,,54,61,62,56,65,50,71,71,,62,52,63,44,50,60,,55,55,62,62,67,67
232618,100,,100,,,,,,,100,,,,,,,,,,,,,,,,,,,,,,,100,,,
232672,56,100,53,100,67,67,,42,36,66,75,25,,22,41,51,56,100,53,100,67,67,,42,36,66,75,25,,22,54,54,55,55,73,73
232681,67,61,71,50,57,56,100,50,68,70,56,100,57,26,58,66,67,61,71,50,57,56,100,50,68,70,56,100,57,26,58,58,66,66,71,71
232706,58,57,58,100,50,48,100,48,65,64,37,50,60,30,48,56,58,57,58,100,50,48,100,48,65,64,37,50,60,30,56,56,52,52,61,61
232788,53,54,52,,,,,80,80,52,75,50,,4,,,,,,,,,,,,,,,,,49,,,,61,
232797,26,40,25,,100,100,,6,,35,33,17,,,,,,,,,,,,,,,,,,,26,,,,25,
232867,44,46,42,,33,33,,29,27,47,21,25,0,10,,,,,,,,,,,,,,,,,31,,50,,54,
232919,74,,,,,,,,,,,,,,,,,,,,,,,,,,,,,,72,,82,,69,
232937,33,28,36,,50,,50,32,44,35,30,33,,11,8,26,33,28,35,,50,,50,33,39,36,30,33,,11,29,29,36,36,51,55
232946,37,34,40,48,46,46,50,32,36,38,34,35,37,15,,,,,,,,,,,,,,,,,38,,41,,36,
232982,44,39,49,67,53,54,38,36,44,52,44,31,53,26,26,40,44,39,49,67,53,54,38,36,44,52,44,31,53,26,38,38,45,45,52,52
233019,45,39,51,,100,100,,40,44,48,13,58,67,9,,,,,,,,,,,,,,,,,43,,,,50,
233037,22,16,30,100,50,50,,18,0,24,0,0,,12,,,,,,,,,,,,,,,,,13,,14,,35,
233116,35,38,33,,36,36,,23,22,40,43,16,60,15,,,,,,,,,,,,,,,,,27,,17,,45,
233277,50,43,54,20,43,40,67,46,42,53,39,43,47,33,34,46,50,43,54,20,43,40,67,46,42,53,39,43,47,33,43,43,54,54,54,54
233286,41,,,,,,,,,,,,,,,,,,,,,,,,,,,,,,42,,33,,33,
233295,75,72,77,100,80,80,,61,79,76,65,80,100,,68,74,75,72,77,100,80,80,,61,79,76,65,80,100,,71,71,72,72,77,77
233301,51,51,52,,56,56,,39,47,53,62,100,100,25,39,48,51,51,52,,56,56,,39,47,53,62,100,100,25,46,46,54,54,60,60
233310,40,40,39,,100,100,,40,25,42,0,33,,11,,,,,,,,,,,,,,,,,46,,,,33,
233329,33,59,26,100,0,0,,27,67,50,0,75,,,,,,,,,,,,,,,,,,,35,,25,,23,
233338,21,18,22,67,50,50,,16,13,24,33,16,60,45,,,,,,,,,,,,,,,,,21,,22,,20,
233374,88,86,89,,90,90,,79,84,89,89,87,88,9,82,87,88,86,89,,90,90,,79,84,89,89,87,88,9,88,88,89,89,87,87
233408,63,100,57,,100,100,,0,,67,,,,,,,,,,,,,,,,,,,,,,,,,63,
233426,66,62,69,100,50,33,100,50,56,67,78,,56,21,57,65,66,62,69,100,50,33,100,50,56,67,78,,56,21,58,58,69,69,68,68
233541,71,60,77,50,60,75,0,59,55,73,100,75,100,18,61,68,70,60,77,50,60,75,0,59,55,72,100,75,100,18,60,60,74,74,74,74
233602,55,55,55,,,,,,0,60,,,,23,40,55,55,56,55,,,,,,0,58,,,,25,,,,,55,55
233611,38,30,48,0,36,100,30,0,40,42,43,,0,12,21,30,38,30,48,0,36,100,30,0,40,42,43,,0,12,33,33,47,47,39,39
233639,35,39,33,,0,0,,35,40,34,36,50,0,8,,,,,,,,,,,,,,,,,33,,,,38,
233648,44,45,43,50,,,,13,0,46,14,25,,10,,,,,,,,,,,,,,,,,37,,,,53,
233666,71,,,,,,,,,,,,,,,,,,,,,,,,,,,,,,100,,100,,50,
233684,13,0,40,,0,0,,0,,29,,,0,33,0,0,0,0,0,,0,0,,0,,0,,,0,38,0,0,100,,9,0
233718,48,,48,,0,0,,71,50,46,75,0,,1,47,48,48,,48,,0,0,,71,50,46,75,0,,1,57,57,60,60,33,33
233754,34,31,37,0,65,67,50,26,29,36,39,42,100,19,,,,,,,,,,,,,,,,,30,,32,,38,
233772,30,30,30,67,28,26,40,19,29,37,27,36,11,16,,,,,,,,,,,,,,,,,25,,29,,35,
233897,50,47,52,,0,0,,37,33,54,,50,,8,33,47,50,47,52,,0,0,,37,33,54,,50,,8,40,40,50,50,63,63
233903,42,37,46,0,100,100,,0,22,43,20,33,100,15,,,,,,,,,,,,,,,,,36,,,,52,
233921,86,83,90,100,90,89,100,80,85,88,87,84,75,,69,84,86,83,90,100,90,89,100,80,85,88,87,85,75,,79,79,86,86,88,88
233949,41,40,41,,61,59,100,19,54,42,17,29,,13,,,,,,,,,,,,,,,,,34,,41,,47,
234030,65,59,69,29,72,72,0,62,67,66,59,58,59,20,47,62,65,59,69,29,72,72,0,62,67,66,59,58,59,20,60,60,64,64,70,70
234076,95,93,97,100,96,96,100,91,97,96,94,95,93,3,92,95,95,93,97,100,96,96,100,91,97,96,94,95,93,3,93,93,96,96,95,95
234085,82,82,80,0,88,88,,52,82,84,71,,100,15,72,81,82,82,80,0,88,88,,52,82,84,71,,100,15,68,68,87,87,84,84
234119,45,,,,,,,,,,,,,5,,,,,,,,,,,,,,,,,50,,,,0,
234137,26,21,63,,,,,29,0,0,,,,,6,7,22,20,38,,,,,24,0,0,,,,,0,0,0,0,32,26
234155,41,34,45,,,,,46,,,,41,60,,27,38,41,34,45,,,,,46,,,,41,60,,37,37,42,42,63,63
234164,41,34,49,,0,0,,42,11,33,,,100,25,28,41,41,34,49,,0,0,,42,11,33,,,100,25,40,40,50,50,44,44
234173,49,47,51,25,43,43,,39,40,60,40,25,67,36,43,49,49,47,51,25,43,43,,39,40,60,40,25,67,36,42,42,52,52,57,57
234207,95,94,96,,95,95,,82,90,96,93,100,100,,92,94,95,94,96,,95,95,,82,90,96,93,100,100,,93,93,95,95,95,95
234377,45,51,41,100,,,,40,29,47,25,0,,7,,,,,,,,,,,,,,,,,39,,50,,56,
234669,33,28,39,0,38,38,33,20,28,36,33,34,25,25,,,,,,,,,,,,,,,,,37,,44,,32,
234696,45,47,43,,,,,,17,52,67,33,,12,,,,,,,,,,,,,,,,,57,,33,,38,
234711,37,35,39,0,57,57,,100,35,38,14,44,,18,,,,,,,,,,,,,,,,,36,,46,,36,
234827,50,46,53,13,45,54,24,30,45,55,39,56,38,,32,46,50,46,53,13,45,54,24,30,45,55,39,56,38,,44,44,51,51,55,55
234845,46,44,47,0,50,100,33,33,36,49,38,50,,12,,,,,,,,,,,,,,,,,44,,,,47,
234915,17,11,33,,,,,0,,0,,25,,,0,0,0,0,0,,,,,0,,0,,0,,,0,0,,,18,0
234924,62,,,,,,,,,,,,,1,,,,,,,,,,,,,,,,,59,,76,,54,
234933,36,29,42,40,44,48,30,19,20,38,32,45,33,14,,,,,,,,,,,,,,,,,25,,27,,43,
234951,41,43,38,0,38,50,0,17,36,48,38,53,100,11,,,,,,,,,,,,,,,,,48,,43,,31,
234979,28,25,30,17,25,27,0,18,24,32,26,38,,11,,,,,,,,,,,,,,,,,25,,24,,30,
235024,52,43,55,,50,57,0,40,50,55,50,38,0,25,51,52,52,43,55,,50,57,0,40,50,55,50,38,0,25,50,50,54,54,52,52
235088,93,,,,,,,,,,,,,,,,,,,,,,,,,,,,,,93,,97,,90,
235097,47,43,50,50,53,55,33,29,41,50,45,53,44,27,30,43,47,43,50,50,53,55,33,29,41,50,45,53,44,27,41,41,49,49,53,53
235103,33,34,33,,25,24,33,30,24,37,36,47,50,20,,,,,,,,,,,,,,,,,36,,36,,31,
235149,38,30,45,38,35,38,0,24,28,39,32,69,0,15,,,,,,,,,,,,,,,,,29,,44,,41,
235167,44,41,45,30,17,22,0,38,36,48,41,30,0,,34,42,44,41,45,30,17,22,0,38,36,48,41,30,0,,41,41,45,45,46,46
235237,31,26,34,38,33,37,21,17,23,37,21,43,100,20,,,,,,,,,,,,,,,,,27,,22,,35,
235307,67,,,,,,,,,,,,,,,,,,,,,,,,,,,,,,61,,89,,77,
235316,87,85,88,50,87,90,60,82,83,88,90,81,40,9,78,86,87,85,88,50,87,90,60,82,83,88,90,81,40,9,84,84,85,85,88,88
235334,32,27,36,17,50,50,,30,33,32,28,29,0,17,,,,,,,,,,,,,,,,,29,,10,,37,
235343,41,39,44,0,55,55,50,11,32,42,39,55,61,18,,,,,,,,,,,,,,,,,34,,40,,45,
235352,86,,,,,,,,,,,,,,,,,,,,,,,,,,,,,,79,,100,,83,
235422,40,35,44,40,,,,,43,20,,0,,28,23,38,40,36,44,40,,,,,43,20,,0,,27,38,38,0,0,61,65
235431,39,31,46,50,63,65,43,29,37,36,28,32,10,19,,,,,,,,,,,,,,,,,43,,38,,37,
235501,72,,,,,,,,,,,,,,,,,,,,,,,,,,,,,,69,,82,,74,
235671,30,26,40,,35,55,0,22,32,25,42,42,,11,,,,,,,,,,,,,,,,,24,,67,,30,
235699,40,31,53,,60,60,,50,21,45,20,46,0,8,,,,,,,,,,,,,,,,,50,,44,,37,
235750,25,23,26,50,20,20,,20,7,27,17,42,0,8,,,,,,,,,,,,,,,,,23,,20,,28,
236018,91,,,,,,,,,,,,,,,,,,,,,,,,,,,,,,86,,100,,100,
236072,32,33,32,0,38,38,,23,24,23,44,35,58,27,,,,,,,,,,,,,,,,,29,,50,,34,
236133,63,65,63,60,25,40,0,67,80,65,53,67,57,,58,63,63,63,63,60,25,40,0,67,80,64,53,67,57,,60,56,59,60,72,72
236188,34,31,37,0,29,29,33,5,35,33,42,33,62,14,,,,,,,,,,,,,,,,,25,,50,,38,
236212,77,80,66,50,67,50,100,100,74,84,78,71,60,,,,,,,,,,,,,,,,,,74,,82,,81,
236230,71,69,72,100,61,63,50,65,68,74,72,60,50,12,51,70,71,69,72,100,61,63,50,65,68,74,72,60,50,12,69,69,68,68,75,75
236258,41,35,46,0,0,0,,25,30,47,29,54,25,10,,,,,,,,,,,,,,,,,37,,50,,43,
236328,68,60,74,,78,79,67,57,59,70,61,64,100,25,60,67,68,60,74,,78,79,67,57,59,70,61,64,100,25,56,56,66,66,73,73
236382,55,54,57,100,64,63,100,39,75,49,50,50,100,9,56,78,78,75,100,,0,0,,100,100,100,0,,,,49,,50,,67,78
236452,57,54,59,50,57,67,46,50,53,63,44,70,33,28,41,55,57,54,59,50,57,67,46,50,53,63,44,70,33,28,51,51,61,61,61,61
236504,26,30,22,,18,18,20,10,22,36,17,36,100,25,,,,,,,,,,,,,,,,,21,,0,,30,
236513,31,27,36,0,42,40,100,20,19,27,17,33,61,19,,,,,,,,,,,,,,,,,30,,50,,31,
236577,62,56,65,100,63,66,33,57,47,66,56,82,60,27,46,60,62,56,65,100,63,66,33,57,47,66,56,82,60,27,52,52,63,63,69,69
236595,73,71,75,100,79,81,43,69,70,72,73,83,61,,66,73,73,71,75,100,79,81,43,69,70,72,73,83,61,,70,70,72,72,75,75
236610,32,30,35,0,38,38,50,13,9,38,36,36,60,22,,,,,,,,,,,,,,,,,18,,25,,39,
236638,34,35,32,0,45,45,,11,21,40,15,0,60,16,,,,,,,,,,,,,,,,,30,,20,,37,
236656,42,36,47,50,53,56,38,41,34,40,46,58,,15,,,,,,,,,,,,,,,,,31,,33,,48,
236692,37,39,35,38,62,73,0,21,33,40,37,33,21,12,,,,,,,,,,,,,,,,,35,,45,,39,
236708,30,28,34,17,16,20,0,15,22,33,33,22,54,20,,,,,,,,,,,,,,,,,24,,35,,34,
236744,52,,,,,,,,,,,,,,,,,,,,,,,,,,,,,,43,,50,,100,
236753,33,31,34,20,35,40,0,12,21,38,28,40,31,17,,,,,,,,,,,,,,,,,29,,32,,34,
236887,47,48,46,0,100,100,,33,45,49,38,52,50,13,,,,,,,,,,,,,,,,,43,,58,,51,
236896,64,63,65,100,68,71,0,17,51,72,50,67,63,25,40,57,63,62,63,100,68,71,0,17,48,70,50,67,63,25,54,52,62,61,71,69
236939,62,58,64,36,65,67,41,49,54,64,58,69,62,,43,58,62,58,64,36,65,67,41,49,54,64,58,69,62,,53,53,59,59,67,67
236948,84,81,86,68,87,88,71,78,78,82,82,94,88,,71,82,84,81,86,68,87,88,71,78,78,82,82,94,88,,77,77,81,81,86,86
236975,40,34,45,25,100,100,,0,40,42,20,40,,9,,,,,,,,,,,,,,,,,34,,0,,45,
237011,66,60,69,60,63,63,57,47,62,67,63,71,100,,42,61,66,60,69,60,63,63,57,47,62,67,63,71,100,,56,56,63,63,70,70
237039,36,30,43,20,75,70,100,50,25,39,28,22,100,13,,,,,,,,,,,,,,,,,29,,9,,44,
237057,81,81,81,67,83,90,0,78,69,83,80,88,81,13,68,79,81,81,81,67,83,90,0,78,69,83,80,88,81,13,72,72,77,77,84,84
237066,68,66,70,33,65,70,55,80,62,72,67,33,45,21,60,66,68,66,70,33,65,70,55,80,62,72,67,33,45,21,66,66,67,67,71,71
237109,34,23,41,67,33,33,,25,32,38,30,25,,10,,,,,,,,,,,,,,,,,30,,36,,38,
237127,65,,,,,,,,,,,,,,,,,,,,,,,,,,,,,,71,,,,0,
237136,76,73,80,,,,,100,,74,,,100,,58,70,70,70,69,,,,,,,69,,,100,,81,64,100,100,58,78
237145,100,,,,,,,,,,,,,,,,,,,,,,,,,,,,,,100,,,,100,
237172,70,,,,,,,,,,,,,,,,,,,,,,,,,,,,,,82,,,,0,
237181,46,35,65,,67,100,0,21,17,57,50,20,54,,39,46,46,35,65,,67,100,0,21,17,57,50,20,54,,31,31,56,56,58,58
237215,35,39,32,,0,0,,21,0,38,0,0,100,16,21,32,35,36,34,,,,,17,0,40,0,0,,17,32,36,41,37,41,32
237242,79,,,,,,,,,,,,,,,,,,,,,,,,,,,,,,100,,,,64,
237303,50,52,48,,0,0,,33,,52,50,,,,,,,,,,,,,,,,,,,,53,,83,,13,
237312,46,48,45,80,40,0,67,30,20,52,,42,52,29,39,45,46,48,45,80,40,0,67,30,20,52,,43,52,31,39,37,41,40,60,62
237321,75,100,73,,,,,0,,81,,,,4,,,,,,,,,,,,,,,,,100,,100,,53,
237330,42,39,45,0,0,0,0,39,29,43,40,0,44,29,32,40,42,39,45,0,0,0,0,39,29,43,40,0,44,29,38,38,50,50,46,46
237358,37,37,36,,0,0,,50,67,39,,33,31,21,30,35,36,37,36,,0,0,,50,0,40,,33,31,19,37,34,41,48,34,34
237367,48,42,53,0,0,0,0,26,,50,42,25,78,21,32,42,45,41,49,0,0,0,0,26,,47,39,25,78,21,39,37,56,51,56,53
237385,35,31,43,,0,0,,24,22,38,25,50,33,24,28,36,39,34,45,,0,0,,20,29,42,40,40,33,25,30,31,38,40,49,59
237437,13,0,17,,,,,,,14,0,,,8,,,,,,,,,,,,,,,,,18,,,,0,
237473,89,,,,,,,,,,,,,,,,,,,,,,,,,,,,,,100,,,,83,
237491,88,,,,,,,,,,,,,,,,,,,,,,,,,,,,,,88,,,,,
237525,49,44,52,43,71,73,50,43,49,49,44,30,38,21,34,45,49,44,52,43,69,71,50,43,50,49,45,30,38,21,39,39,51,51,60,60
237543,82,100,78,,,,,100,,81,,,,,,,,,,,,,,,,,,,,,100,,,,29,
237561,88,,,,,,,,,,,,,,,,,,,,,,,,,,,,,,94,,,,75,
237570,77,,77,,100,100,,50,100,80,,100,,,,,,,,,,,,,,,,,,,61,,100,,100,
237598,83,,83,,,,,,,83,,,,,,,,,,,,,,,,,,,,,100,,,,0,
237686,31,31,30,,,,,50,50,30,29,,50,19,,,,,,,,,,,,,,,,,21,,,,47,
237701,26,27,25,40,38,38,,9,17,31,13,13,17,29,,,,,,,,,,,,,,,,,19,,29,,38,
237729,78,,,,,,,,,,,,,,,,,,,,,,,,,,,,,,69,,,,92,
237783,27,30,25,0,50,,50,21,20,28,33,20,52,,21,21,22,20,24,0,33,,33,12,8,24,100,20,36,,19,23,15,17,62,23
237792,49,45,53,100,17,17,,38,49,51,52,62,20,10,33,45,49,45,53,100,17,17,,38,49,51,52,62,20,10,41,41,49,49,57,57
237817,25,25,25,,,,,0,,26,0,,,5,,,,,,,,,,,,,,,,,21,,23,,36,
237844,99,100,98,,,,,100,,99,,,,,,,,,,,,,,,,,,,,,100,,,,95,
237899,34,27,41,33,33,33,,26,44,36,36,14,,13,25,32,34,27,41,33,33,33,,26,44,36,36,14,,13,27,27,,,43,43
237932,61,51,67,0,0,0,,33,33,61,67,70,71,0,42,54,56,48,62,0,0,0,,33,33,57,62,62,43,0,51,49,53,52,81,69
237950,36,41,29,0,33,33,,38,31,35,32,100,59,30,25,35,36,41,29,0,33,33,,38,31,35,32,100,59,30,27,27,36,36,48,48
237969,49,45,53,0,100,100,,29,57,51,60,,57,,39,48,49,45,53,0,100,100,,29,57,51,60,,57,,36,36,57,57,60,60
237987,77,100,73,,,,,83,,75,100,,,,,,,,,,,,,,,,,,,,74,,100,,100,
237996,59,60,59,,,,,50,100,58,,100,,,,,,,,,,,,,,,,,,,59,,55,,100,
238005,76,40,81,,86,86,,59,100,84,,,,,,,,,,,,,,,,,,,,,86,,33,,,
238014,30,32,28,,,,,29,20,30,14,25,,12,,,,,,,,,,,,,,,,,21,,25,,43,
238032,61,56,67,43,68,69,50,45,50,63,49,62,62,24,43,57,60,55,65,43,66,66,50,45,50,62,48,62,61,24,50,49,61,60,67,66
238078,32,20,44,,0,0,0,21,50,36,0,45,100,,27,31,32,20,44,,0,0,0,21,50,36,0,45,100,,29,29,93,93,8,8
238175,80,100,79,100,100,100,,80,70,81,75,,,,,,,,,,,,,,,,,,,,82,,85,,69,
238193,51,,51,0,53,53,,19,49,62,80,,0,,36,50,52,,52,0,53,53,,17,51,63,80,,,,43,45,61,63,72,71
238263,26,28,24,50,16,16,,22,27,28,16,33,14,23,,,,,,,,,,,,,,,,,21,,28,,29,
238324,74,0,76,,,,,0,,79,0,,,,71,71,74,0,76,,,,,0,,79,0,,,,0,0,60,60,79,79
238333,67,57,77,100,56,50,67,53,64,72,31,70,76,,57,66,67,57,77,100,56,50,67,53,64,72,31,70,76,,59,59,65,65,74,74
238397,30,29,31,,50,50,,40,23,31,20,38,50,8,,,,,,,,,,,,,,,,,25,,30,,36,
238458,70,66,71,60,84,83,100,31,51,73,56,50,65,,59,68,70,66,71,60,84,83,100,31,51,73,56,50,65,,60,60,67,67,78,78
238476,61,54,66,100,75,70,100,32,50,67,63,40,57,,52,60,61,54,66,100,75,70,100,32,50,67,63,40,57,,43,43,67,67,70,70
238616,64,59,68,100,50,45,100,33,54,69,48,86,36,,55,63,64,59,68,100,50,45,100,25,54,69,45,100,36,,51,50,69,69,69,69
238661,67,60,70,,100,100,,30,63,69,60,75,,26,47,66,67,60,70,,100,100,,30,63,69,60,75,,26,61,61,70,70,70,70
238722,61,61,63,0,100,100,,40,50,63,,75,0,17,,,,,,,,,,,,,,,,,72,,40,,60,
238759,47,43,50,0,60,60,,36,48,46,63,60,,,,,,,,,,,,,,,,,,,49,,48,,44,
238810,82,100,80,,,,,,50,88,100,,,,,,,,,,,,,,,,,,,,78,,,,100,
238980,56,50,64,0,63,63,,42,54,62,0,40,0,,50,55,56,50,64,0,63,63,,42,54,62,0,40,0,,54,54,60,60,53,53
239008,43,42,43,0,38,38,,0,38,45,50,0,,6,,,,,,,,,,,,,,,,,37,,50,,45,
239017,76,72,81,100,89,89,,86,75,74,72,100,82,,59,74,76,72,81,100,89,89,,86,75,74,72,100,82,,73,73,70,70,82,82
239071,66,59,72,,100,100,,100,0,67,44,50,,21,47,59,62,55,67,,100,100,,100,0,63,44,50,,22,70,66,80,80,57,50
239080,41,28,48,25,60,60,,15,29,45,42,36,50,38,30,40,41,28,48,25,60,60,,15,29,45,42,36,50,38,36,36,46,46,47,47
239105,80,75,85,80,86,86,100,68,74,83,68,75,65,,66,79,80,75,85,80,86,86,100,68,74,83,68,75,65,,73,73,79,79,83,83
239220,54,56,51,67,75,75,,33,47,55,50,50,,9,,,,,,,,,,,,,,,,,31,,54,,70,
239248,25,31,18,0,27,28,0,15,31,30,13,22,0,14,,,,,,,,,,,,,,,,,22,,24,,28,
239309,63,63,63,0,67,67,,43,79,61,86,100,,,53,62,63,63,63,0,67,67,,43,79,61,86,100,,,52,52,70,70,74,74
239318,72,70,76,0,71,71,,43,55,74,83,62,61,18,50,68,72,70,76,0,71,71,,43,55,74,83,62,61,18,67,67,73,73,73,73
239372,50,58,41,,0,0,,0,56,50,67,,,8,,,,,,,,,,,,,,,,,42,,35,,55,
239390,59,,59,,83,90,50,41,55,68,40,,100,21,50,58,59,,59,,83,90,50,41,55,68,40,,100,21,58,58,44,44,90,90
239442,45,44,46,60,,,,,0,46,0,,,16,,,,,,,,,,,,,,,,,56,,54,,33,
239460,49,56,40,33,25,25,,0,60,52,0,,,8,,,,,,,,,,,,,,,,,41,,58,,52,
239488,46,43,51,40,59,59,,45,47,46,45,,,11,,,,,,,,,,,,,,,,,38,,38,,52,
239512,43,40,46,20,60,60,,0,18,51,20,50,20,14,37,43,43,40,46,20,60,60,,0,18,51,20,50,20,14,33,33,52,52,57,57
239628,60,48,67,0,67,67,,31,54,63,71,,60,,54,59,60,48,67,0,67,67,,31,54,63,71,,60,,46,46,71,71,68,68
239716,74,74,73,75,67,67,,20,38,77,62,100,38,21,67,74,74,74,74,75,67,67,,20,40,78,62,100,38,21,68,68,75,76,76,76
239877,55,,,,,,,,,,,,,5,,,,,,,,,,,,,,,,,50,,67,,60,
239910,54,57,50,100,100,100,,0,50,55,33,50,,3,,,,,,,,,,,,,,,,,49,,55,,57,
240107,65,56,69,,100,100,,100,78,64,71,50,75,,50,63,65,56,69,,100,100,,100,78,64,71,50,75,,61,61,63,63,71,71
240116,46,52,40,0,68,68,,36,19,48,0,53,0,9,,,,,,,,,,,,,,,,,42,,53,,48,
240125,46,47,46,,70,70,,33,40,48,25,44,,12,,,,,,,,,,,,,,,,,24,,58,,53,
240170,39,39,40,0,30,30,,23,29,42,33,50,,16,,,,,,,,,,,,,,,,,42,,32,,39,
240189,64,60,69,25,64,65,50,41,52,68,44,,56,,40,60,64,60,69,25,64,65,50,41,52,68,44,,56,,55,55,67,67,68,68
240198,51,54,49,33,80,75,100,0,20,54,43,80,,7,,,,,,,,,,,,,,,,,47,,50,,56,
240268,68,65,69,100,64,64,,52,65,68,52,50,60,,44,65,68,65,69,100,64,64,,52,65,68,52,50,60,,60,60,66,66,71,71
240277,53,49,55,33,65,65,,39,46,55,29,,56,,38,50,53,49,55,33,65,65,,39,46,55,29,,56,,50,50,53,53,55,55
240329,71,69,73,0,65,65,,33,61,72,66,,50,,49,69,71,69,73,0,65,65,,33,61,72,66,,50,,63,63,71,71,74,74
240338,63,57,68,0,43,43,,21,42,71,43,100,50,27,52,63,63,57,68,0,43,43,,21,42,71,43,100,50,27,51,51,69,69,68,68
240365,58,55,59,0,32,31,100,29,58,61,47,33,40,,28,53,58,55,59,0,32,31,100,29,58,61,47,33,40,,47,47,59,59,64,64
240374,40,37,42,0,50,50,,33,36,43,28,,36,,19,36,40,37,42,0,50,50,,33,36,43,28,,36,,35,35,37,37,45,45
240392,28,36,26,,100,100,,6,100,29,,40,,,8,8,8,0,14,,100,100,,0,,0,,0,,,22,0,100,100,20,0
240417,53,48,59,50,36,37,33,35,35,55,43,,50,,26,45,53,48,59,50,36,37,33,35,35,55,43,,50,,41,41,53,53,58,58
240426,44,38,49,14,0,0,,67,50,43,54,100,52,,27,41,44,38,49,14,0,0,,67,50,43,54,100,52,,36,36,41,41,51,51
240444,89,88,91,50,90,91,60,86,85,90,87,87,89,,73,87,89,88,91,50,90,91,60,86,85,90,87,87,89,,84,84,87,87,91,91
240453,51,48,54,42,58,58,100,33,47,53,49,50,59,,28,46,51,48,54,42,58,58,100,33,47,53,49,50,59,,45,45,53,53,57,57
240462,62,59,67,0,53,63,0,32,61,63,46,29,38,,32,57,62,59,67,0,53,63,0,32,61,63,46,29,38,,57,57,60,60,65,65
240471,61,52,66,0,37,34,100,21,46,64,33,100,50,,43,58,61,52,66,0,37,34,100,21,46,64,33,100,50,,56,56,61,61,64,64
240480,56,48,63,57,43,45,0,29,36,59,38,80,50,,38,53,56,48,63,57,43,45,0,29,36,59,38,80,50,,48,48,59,59,60,60
240505,39,36,41,9,50,100,33,14,28,43,20,0,50,14,,,,,,,,,,,,,,,,,30,,26,,47,
240514,40,33,47,33,25,0,50,33,18,56,40,20,,19,,,,,,,,,,,,,,,,,30,,50,,49,
240596,51,54,48,33,,,,14,31,52,67,,68,14,,,,,,,,,,,,,,,,,39,,33,,60,
240620,31,31,31,33,0,0,0,25,31,32,29,27,57,24,,,,,,,,,,,,,,,,,28,,38,,22,
240657,44,40,48,0,33,50,0,20,27,45,50,,50,15,,,,,,,,,,,,,,,,,44,,28,,45,
240666,43,45,41,20,50,50,,50,28,47,17,0,0,16,,,,,,,,,,,,,,,,,39,,50,,44,
240693,33,28,38,0,100,100,,13,23,36,20,,56,18,,,,,,,,,,,,,,,,,22,,0,,40,
240709,71,,,,,,,,,,,,,3,,,,,,,,,,,,,,,,,63,,100,,100,
240718,85,86,71,89,83,64,100,57,80,86,83,100,,,,,,,,,,,,,,,,,,,90,,82,,84,
240727,60,54,65,0,44,46,0,42,46,64,52,49,61,23,40,56,60,54,65,0,44,46,0,42,46,64,52,49,61,23,48,48,50,50,66,66
240736,48,30,59,,48,50,48,,,,,,46,,73,73,73,60,83,,73,,73,,,,,,,,45,73,,,100,
240745,22,16,27,,23,30,17,0,0,0,100,,,,,,,,,,,,,,,,,,,,25,,,,16,
240754,42,35,47,,44,52,35,14,,0,,50,0,,15,26,41,34,46,,42,52,33,14,,0,,50,0,,37,37,16,16,68,64
240790,42,43,41,,44,50,37,,,25,31,37,50,6,4,18,22,7,29,,28,28,29,,,,17,0,0,2,44,25,,,37,11
240879,14,,,,,,,,,,,,,,,,,,,,,,,,,,,,,,16,,,,0,
241146,69,71,68,,,,,,69,,,,,1,,,,,,,,,,,,,,,,,71,,,,0,
241182,49,60,46,,,,,,49,,,,,,,,,,,,,,,,,,,,,,49,,,,,
241191,46,42,49,,,,,100,45,,,,75,33,26,46,48,46,50,,,,,100,47,,,,75,30,43,46,50,50,58,58
241216,36,33,43,,,,,,36,,,,,24,16,30,36,33,46,,,,,,36,,,,,25,34,35,,,50,50
241225,38,27,43,,,,,,38,,,,50,16,14,31,36,25,41,,,,,,36,,,,50,17,37,35,67,67,63,63
241304,54,52,55,,,,,,54,,,,,0,58,58,58,63,53,,,,,,58,,,,,,52,58,100,,64,
241331,69,70,69,,,,,,69,100,,,,,65,69,69,70,69,,,,,,69,100,,,,,70,70,,,65,65
241377,37,23,51,,,,,,37,,,,,6,18,27,31,18,45,,,,,,31,,,,,5,38,33,,,0,0
241386,44,45,43,,,,,,44,,,,,,13,25,25,,25,,,,,,25,,,,,,44,25,,,,
241395,39,54,32,,,,,,39,,,,,,14,33,38,55,30,,,,,,38,,,,,,38,37,,,50,50
241410,48,37,54,,100,100,,,48,0,,25,,,18,39,48,38,54,,100,100,,,48,0,,25,,,47,47,59,59,56,57
241517,26,34,22,,,,,,26,,,,,26,22,22,22,33,17,,,,,,22,,,,,15,27,22,,,0,
241614,21,25,14,,,,,,21,,,,,,5,13,18,21,14,,,,,,18,,,,,,33,29,0,0,0,0
241720,30,26,33,,,,,,30,,,,,10,8,13,14,16,13,,,,,,14,,,,,14,33,10,,,17,29
241739,31,24,35,,,,,,31,,,,,20,12,25,30,20,35,,,,,,30,,,,,21,31,30,35,27,29,30
241766,57,62,50,,,,,,57,,,,,43,24,43,57,62,50,,,,,,57,,,,,43,50,50,50,50,80,80
241836,37,27,44,,,,,,37,,,,,,21,33,38,10,57,,,,,,38,,,,,,37,45,,,40,0
241906,86,,,,,,,,,,,,,,,,,,,,,,,,,,,,,,86,,,,,
241951,45,41,46,,,,,0,46,,,,,17,0,28,45,41,46,,,,,0,46,,,,,17,46,46,,,38,38
242042,61,62,61,,,,,,61,,,,,,,,,,,,,,,,,,,,,,75,,,,0,
242112,58,63,53,,,,,,58,,,,,5,,,,,,,,,,,,,,,,,59,,100,,29,
242121,55,56,54,,,,,,55,,,,,,39,39,39,50,33,,,,,,39,,,,,,59,43,,,0,0
242130,38,33,41,,,,,,38,,,,,19,,,,,,,,,,,,,,,,,39,,,,0,
242149,45,56,41,,,,,,45,,,,,14,,,,,,,,,,,,,,,,,46,,29,,,
242556,87,90,77,,,,,,87,,,,,,,,,,,,,,,,,,,,,,87,,,,,
242583,55,56,52,,,,,,55,,,,,,,,,,,,,,,,,,,,,,57,,,,40,
242617,43,37,48,100,,,,100,43,,,,,1,12,30,38,31,44,100,,,,100,38,,,,,1,43,37,67,50,41,49
242626,39,30,45,100,,,,,39,,,,,1,8,22,28,19,33,,,,,,28,,,,,1,39,28,100,,25,22
242635,35,25,43,0,,,,,35,,,,,1,6,23,31,18,39,0,,,,,31,,,,,2,35,30,80,50,41,38
242644,38,32,43,,,,,,38,,,,,1,17,29,33,19,42,,,,,,33,,,,,2,37,31,67,50,54,83
242653,32,23,39,,,,,0,32,,,,,1,18,26,29,21,37,,,,,0,29,,,,,1,31,28,13,14,35,38
242662,43,31,52,,,,,,43,0,,,,1,12,29,34,24,42,,,,,,34,0,,,,1,43,33,100,100,47,53
242680,33,27,38,,,,,,33,,,,,0,9,26,31,25,35,,,,,,31,,,,,1,33,31,100,,28,30
242699,39,22,47,,,,,,39,100,,,,1,16,26,36,19,44,,,,,,35,100,,,,2,40,37,100,100,20,17
242705,33,26,40,0,50,,50,,33,0,,,,1,5,19,30,23,37,0,0,,0,,30,,,,,1,31,28,50,50,48,47
242820,65,59,82,,,,,,65,,,,,,,,,,,,,,,,,,,,,,65,,67,,67,
242945,49,,,,,,,,,,,,,,,,,,,,,,,,,,,,,,47,,,,70,
242954,86,,,,,,,,,,,,,,,,,,,,,,,,,,,,,,92,,,,42,
242972,56,57,55,38,100,100,,51,56,63,55,35,,0,28,30,30,31,29,0,,,,44,30,29,0,25,,1,58,33,59,44,28,0
243106,48,44,51,50,,,,42,48,,,,,4,11,35,43,39,47,50,,,,41,43,,,,,3,47,41,40,33,58,58
243115,51,39,59,,,,,,51,,,,,5,10,38,50,40,58,,,,,,50,,,,,3,57,57,,,8,0
243133,31,29,35,,,,,,31,,,,,4,2,19,28,24,31,,,,,,28,,,,,5,7,7,14,25,98,85
243142,40,37,43,,,,,,40,,,,,20,36,46,48,38,53,,,,,,48,,,,,9,42,51,,,38,38
243151,49,48,49,,,,,,49,,,,,,8,38,49,48,49,,,,,,49,,,,,,49,49,100,100,48,48
243179,53,41,60,33,,,,53,53,,,29,,5,12,42,52,40,59,33,,,,50,52,,,40,,5,53,51,,,52,53
243188,25,22,27,0,,,,19,25,,,,,6,2,11,15,14,16,0,,,,20,15,,,,,12,25,17,100,,21,0
243197,47,37,58,,,,,,47,,,49,,,5,28,47,37,58,,,,,,47,,,49,,,45,45,42,42,52,52
243212,51,46,54,,,,,,51,,,,,7,13,43,52,49,53,,,,,,52,,,,,8,50,54,83,83,53,39
243221,52,46,56,45,,,,55,52,,,50,,,20,42,52,46,56,45,,,,55,52,,,50,,,52,52,51,51,53,53
243346,36,30,41,,,,,,36,,,,,15,5,23,30,22,34,,,,,,30,,,,,17,38,31,44,36,19,17
243443,44,37,48,,,,,,44,,,,,25,17,36,44,37,48,,,,,,44,,,,,25,44,44,60,60,37,38
243568,59,0,72,,,,,,59,,,,,,31,50,63,0,67,,,,,,63,,,,,,58,62,,,67,67
243577,24,19,38,,,,,,24,,,,,8,4,14,24,19,39,,,,,,24,,,,,7,23,22,23,26,30,30
243586,42,31,47,,,,,,42,,,,,,11,34,40,31,45,,,,,,40,,,,,,41,39,100,100,56,50
243601,30,29,31,,,,,,30,,,,,20,6,21,29,27,30,,,,,,29,,,,,23,32,30,20,17,20,22
243638,29,26,32,,29,0,30,,,,,,,10,,,,,,,,,,,,,,,,,31,,,,0,
243647,34,38,31,,34,60,32,100,,,,,,6,,,,,,,,,,,,,,,,,29,,,,57,
243665,29,21,34,,40,50,0,26,34,55,100,9,43,16,11,23,28,20,34,,40,50,0,27,30,45,100,9,43,16,28,27,0,0,34,35
243744,93,90,95,78,96,96,80,85,94,92,93,75,96,1,58,86,93,90,95,78,96,96,80,85,94,92,93,75,96,1,89,89,82,82,94,94
243780,83,80,87,88,88,88,67,70,79,83,82,82,87,,64,80,83,80,87,88,87,87,67,70,79,83,82,82,87,,73,73,81,81,86,86
243799,100,,,,,,,,,,,,,,,,,,,,,,,,,,,,,,,,100,,100,
243823,72,63,74,0,100,100,,57,69,85,100,100,,5,60,60,60,56,62,0,100,100,,50,57,71,,100,,7,77,70,82,50,38,40
243832,24,15,29,,,,,,24,,,,,2,15,21,27,18,32,,,,,,27,,,,,3,24,19,100,100,16,60
243841,51,42,57,,,,,,51,,,,,8,,,,,,,,,,,,,,,,,56,,0,,,
244233,83,33,100,,,,,100,0,50,,,,,80,80,80,0,100,,,,,100,0,0,,,,,50,0,,,100,100
244279,51,33,51,,0,,0,46,56,52,0,,,,,,,,,,,,,,,,,,,,51,,47,,57,
244437,22,18,25,14,36,36,0,15,24,27,19,8,31,19,,,,,,,,,,,,,,,,,23,,15,,23,
244446,35,41,27,,50,50,,34,40,33,0,,100,9,,,,,,,,,,,,,,,,,29,,,,53,
244613,78,,,,,,,,,,,,,,,,,,,,,,,,,,,,,,100,,100,,0,
245281,100,,,,,,,,,,,,,,,,,,,,,,,,,,,,,,100,,,,,
245625,48,52,44,,67,67,,33,53,46,50,100,,13,,,,,,,,,,,,,,,,,43,,60,,50,
245652,60,66,54,,,,,,63,51,43,100,92,21,39,57,60,66,54,,,,,,63,51,43,100,92,21,40,40,67,67,68,68
245953,33,33,34,100,0,,0,43,7,39,50,0,45,8,30,32,32,33,30,100,0,,0,43,7,35,50,0,45,7,33,32,,,,
245962,70,55,72,54,100,100,,67,77,77,70,50,,,,,,,,,,,,,,,,,,,72,,71,,25,
245980,76,,,,,,,,,,,,,,,,,,,,,,,,,,,,,,94,,45,,,
245999,63,,,,,,,,,,,,,,,,,,,,,,,,,,,,,,54,,,,67,
246017,93,,,,,,,,,,,,,,,,,,,,,,,,,,,,,,100,,,,92,
246035,47,,,,,,,,,,,,,,,,,,,,,,,,,,,,,,56,,56,,33,
246354,34,27,38,0,33,33,,50,34,34,,,,14,,,,,,,,,,,,,,,,,35,,40,,32,
246415,100,,,,,,,,,,,,,,,,,,,,,,,,,,,,,,,,,,100,
246460,71,,,,,,,,,,,,,4,,,,,,,,,,,,,,,,,58,,,,92,
246813,33,44,28,,,,,23,29,37,,,,11,,,,,,,,,,,,,,,,,27,,,,40,
246895,55,,,,,,,,,,,,,,,,,,,,,,,,,,,,,,45,,100,,58,
246974,55,44,56,0,57,80,44,28,65,50,50,45,75,1,,,,,,,,,,,,,,,,,52,,85,,53,
247010,64,,,,,,,,,,,,,,,,,,,,,,,,,,,,,,56,,100,,80,
247047,93,,,,,,,,,,,,,,,,,,,,,,,,,,,,,,90,,0,,100,
247065,30,0,32,,,,,0,,36,,,,,0,0,0,0,0,,,,,0,,0,,,,,37,0,0,0,0,0
247153,28,,,,,,,,,,,,,,,,,,,,,,,,,,,,,,30,,50,,9,
247409,53,,,,,,,,,,,,,,,,,,,,,,,,,,,,,,51,,88,,0,
247603,44,43,46,,13,14,0,11,52,49,11,0,0,12,,,,,,,,,,,,,,,,,38,,0,,50,
247649,27,28,23,,33,33,,0,60,30,0,12,0,42,,,,,,,,,,,,,,,,,30,,18,,29,
247773,46,46,,,,,,,,46,,,,54,46,46,46,46,,,,,,,,46,,,,54,60,60,,,38,38
247834,22,19,25,0,29,28,40,19,19,22,20,27,35,29,,,,,,,,,,,,,,,,,18,,13,,24,
247940,49,55,43,0,50,50,,0,47,51,50,0,,8,,,,,,,,,,,,,,,,,42,,50,,59,
248192,53,,,,,,,,,,,,,,,,,,,,,,,,,,,,,,53,,,,,
248527,38,,,,,,,,,,,,,,,,,,,,,,,,,,,,,,33,,,,50,
248606,77,80,71,100,100,100,,100,90,70,40,86,,1,,,,,,,,,,,,,,,,,74,,,,78,
248624,71,,,,,,,,,,,,,,,,,,,,,,,,,,,,,,67,,67,,89,
248633,40,,,,,,,,,,,,,,,,,,,,,,,,,,,,,,40,,,,,
248660,47,,,,,,,,,,,,,,,,,,,,,,,,,,,,,,47,,,,,
248703,70,,,,,,,,,,,,,,,,,,,,,,,,,,,,,,83,,90,,33,
248925,71,63,82,,100,100,,66,48,76,50,80,100,2,,,,,,,,,,,,,,,,,77,,,,62,
248934,45,39,49,20,60,61,57,40,50,48,34,50,0,19,27,29,29,31,27,25,33,38,25,27,36,29,33,0,0,25,43,29,56,32,45,28
249061,56,,,,,,,,,,,,,,,,,,,,,,,,,,,,,,88,,,,0,
249238,74,,,,,,,,,,,,,,,,,,,,,,,,,,,,,,74,,67,,78,
249609,58,63,46,,,,,61,48,60,71,0,,,,,,,,,,,,,,,,,,,57,,70,,54,
250027,79,86,76,,,,,70,,81,100,50,,,,,,,,,,,,,,,,,,,72,,78,,93,
250285,44,47,25,,0,0,0,44,20,67,0,,,,,,,,,,,,,,,,,,,,38,,100,,33,
250744,31,33,31,,,,,24,0,71,56,50,,,,,,,,,,,,,,,,,,,33,,50,,22,
250902,96,,96,,100,100,,100,0,100,,,,,,,,,,,,,,,,,,,,,94,,100,,100,
250993,53,,,,,,,,,,,,,,,,,,,,,,,,,,,,,,60,,,,43,
251260,27,35,21,0,18,18,,22,24,30,20,22,25,46,,,,,,,,,,,,,,,,,24,,,,30,
251312,0,0,0,,0,0,,0,0,0,,,,4,0,0,0,0,0,,0,0,,0,0,0,,,,4,0,0,,,0,0
260336,71,,,,,,,,,,,,,,,,,,,,,,,,,,,,,,100,,100,,25,
260363,100,,,,,,,,,,,,,,,,,,,,,,,,,,,,,,100,,,,,
260372,13,18,11,6,,,,,0,33,0,,,3,,,,,,,,,,,,,,,,,16,,,,9,
260664,79,,,,,,,,,,,,,,,,,,,,,,,,,,,,,,70,,100,,85,
260691,63,49,67,67,40,33,50,67,66,60,55,75,,,,,,,,,,,,,,,,,,,63,,55,,67,
260789,62,73,58,0,88,87,100,25,62,56,44,63,,,,,,,,,,,,,,,,,,,53,,29,,79,
260813,20,0,25,,50,50,,,0,0,,,,80,0,0,0,0,0,,0,0,,,0,0,,,,80,50,0,0,0,,
260929,74,,,,,,,,,,,,,,,,,,,,,,,,,,,,,,71,,80,,87,
260965,63,,,,,,,,,,,,,,,,,,,,,,,,,,,,,,63,,67,,50,
260992,34,67,33,100,100,100,,28,39,27,0,100,,,,,,,,,,,,,,,,,,,36,,83,,6,
261436,67,67,67,67,75,67,100,56,71,70,64,43,,0,,,,,,,,,,,,,,,,,61,,77,,73,
261676,66,,,,,,,,,,,,,,,,,,,,,,,,,,,,,,60,,83,,67,
261685,53,,,,,,,,,,,,,5,,,,,,,,,,,,,,,,,53,,100,,40,
261719,54,,,,,,,,,,,,,,,,,,,,,,,,,,,,,,2,,0,,69,
261773,73,,,,,,,,,,,,,,,,,,,,,,,,,,,,,,64,,,,100,
262031,23,26,20,0,30,30,,6,14,26,16,23,36,25,,,,,,,,,,,,,,,,,19,,21,,25,
262086,0,0,0,,,,,0,,0,,0,,,,,,,,,,,,,,,,,,,0,,,,0,
262129,62,64,61,,67,67,,67,46,66,57,0,100,33,55,62,62,64,61,,67,67,,67,46,66,57,0,100,33,61,61,59,59,63,63
262165,57,80,0,,,,,,,50,,100,,,57,57,57,80,0,,,,,,,50,,100,,,,,,,57,57
262341,65,,,,,,,,,,,,,,,,,,,,,,,,,,,,,,56,,75,,73,
262369,65,,,,,,,,,,,,,,,,,,,,,,,,,,,,,,100,,100,,0,
262457,49,30,52,0,69,73,0,43,49,50,20,33,0,1,,,,,,,,,,,,,,,,,43,,82,,60,
262466,100,,,,,,,,,,,,,,,,,,,,,,,,,,,,,,100,,,,,
362700,64,,,,,,,,,,,,,,,,,,,,,,,,,,,,,,92,,100,,27,
363013,72,,,,,,,,,,,,,,,,,,,,,,,,,,,,,,68,,100,,100,
363147,59,40,60,50,100,100,,51,46,73,80,,,1,,,,,,,,,,,,,,,,,49,,100,,81,
363165,36,32,41,43,56,56,,36,41,41,45,26,,0,,,,,,,,,,,,,,,,,37,,44,,36,
363633,39,33,43,67,50,50,,33,39,33,,,,,,,,,,,,,,,,,,,,,41,,,,35,
363679,74,,,,,,,,,,,,,,,,,,,,,,,,,,,,,,78,,100,,62,
363712,36,36,,,,,,,,50,,,0,36,36,36,36,36,,,,,,,,50,,,0,36,36,36,,,,
363882,61,,61,,100,100,,50,67,63,50,,,,,,,,,,,,,,,,,,,,48,,0,,91,
363907,42,36,50,,,,,,42,,,,,,24,41,45,38,54,,,,,,45,,,,,,42,45,,,,
363916,63,50,67,,,,,,63,,,,,,20,20,20,0,25,,,,,,20,,,,,,63,20,,,,
363934,39,38,50,,67,100,50,33,26,46,20,50,,17,31,33,35,32,50,,67,100,50,33,16,41,20,57,,16,31,25,48,43,50,50
364016,20,21,19,18,20,20,,13,15,24,30,20,0,29,,,,,,,,,,,,,,,,,15,,17,,23,
364025,24,25,23,36,26,26,0,31,16,27,25,29,38,28,,,,,,,,,,,,,,,,,21,,23,,25,
364548,92,,,,,,,,,,,,,3,,,,,,,,,,,,,,,,,100,,,,81,
364575,82,,82,,,,,,,82,,,,9,,,,,,,,,,,,,,,,,78,,,,100,
364627,72,,,,,,,,,,,,,,,,,,,,,,,,,,,,,,100,,,,25,
364636,69,,,,,,,,,,,,,,,,,,,,,,,,,,,,,,63,,100,,82,
364760,67,,,,,,,,,,,,,,,,,,,,,,,,,,,,,,61,,,,100,
364946,63,,,,,,,,,,,,,,,,,,,,,,,,,,,,,,50,,,,83,
364964,89,,,,,,,,,,,,,,,,,,,,,,,,,,,,,,89,,,,,
365091,55,,,,,,,,,,,,,,,,,,,,,,,,,,,,,,54,,,,100,
365198,68,,,,,,,,,,,,,,,,,,,,,,,,,,,,,,100,,,,20,
365213,50,62,33,50,,,,,0,60,100,50,,,,,,,,,,,,,,,,,,,53,,,,47,
365240,88,,,,,,,,,,,,,,,,,,,,,,,,,,,,,,100,,100,,78,
365374,60,63,58,60,,,,33,65,61,100,,,,,,,,,,,,,,,,,,,,45,,,,66,
365383,37,,,,,,,,,,,,,,,,,,,,,,,,,,,,,,45,,,,0,
365480,48,36,67,0,,,,,100,54,67,0,,,,,,,,,,,,,,,,,,,29,,,,56,
365505,67,,,,,,,,,,,,,,,,,,,,,,,,,,,,,,79,,100,,38,
365693,86,100,85,,100,100,,67,92,84,100,,,,,,,,,,,,,,,,,,,,86,,93,,78,
365763,90,,,,,,,,,,,,,,,,,,,,,,,,,,,,,,100,,100,,71,
365824,70,,,,,,,,,,,,,,,,,,,,,,,,,,,,,,68,,100,,67,
365833,56,,,,,,,,,,,,,,,,,,,,,,,,,,,,,,74,,57,,15,
366003,0,0,0,,,,,,,,,,0,75,0,0,0,0,0,,,,,,,,,,0,83,,,,,0,0
366155,60,,,,,,,,,,,,,,,,,,,,,,,,,,,,,,75,,,,0,
366191,59,59,50,0,50,47,100,36,60,61,65,69,,0,,,,,,,,,,,,,,,,,53,,74,,65,
366252,50,55,40,100,31,33,0,14,37,53,35,25,,3,42,52,54,57,44,,40,40,,20,62,55,50,100,,4,38,45,60,62,56,53
366261,55,67,44,0,0,0,,60,100,45,,,,,,,,,,,,,,,,,,,,,71,,80,,18,
366270,41,0,42,,,,,33,,57,67,,,,,,,,,,,,,,,,,,,,30,,50,,100,
366289,76,,,,,,,,,,,,,,,,,,,,,,,,,,,,,,100,,,,22,
366340,33,26,38,33,,,,,,,,,0,5,,,,,,,,,,,,,,,,,0,,,,87,
366395,25,23,27,0,26,26,33,17,21,30,25,23,50,12,,,,,,,,,,,,,,,,,22,,31,,26,
366401,48,48,49,0,58,59,40,45,42,44,58,91,67,14,,,,,,,,,,,,,,,,,51,,,,48,
366465,40,44,38,,50,50,,44,33,42,0,,0,7,,,,,,,,,,,,,,,,,39,,,,42,
366535,47,43,48,0,50,50,,42,100,56,100,47,,,,,,,,,,,,,,,,,,,47,,67,,56,
366553,50,49,50,,60,50,100,44,55,48,67,50,,1,,,,,,,,,,,,,,,,,48,,65,,44,
366623,100,,,,,,,,,,,,,,,,,,,,,,,,,,,,,,100,,,,100,
366711,54,47,58,17,54,54,33,44,53,60,49,55,53,4,24,47,54,47,58,17,54,54,33,44,53,60,49,55,53,4,52,52,49,49,59,59
367051,83,,,,,,,,,,,,,,,,,,,,,,,,,,,,,,100,,30,,,
367088,81,,,,,,,,,,,,,,,,,,,,,,,,,,,,,,78,,100,,50,
367103,43,41,47,,,,,37,50,45,,,,,,,,,,,,,,,,,,,,,46,,20,,20,
367112,37,17,42,,,,,36,50,33,67,0,,,,,,,,,,,,,,,,,,,37,,,,0,
367158,57,,,,,,,,,,,,,,,,,,,,,,,,,,,,,,55,,60,,100,
367361,30,26,36,,,,,40,15,50,,,,,,,,,,,,,,,,,,,,,30,,0,,33,
367431,50,,,,,,,,,,,,,,,,,,,,,,,,,,,,,,44,,,,53,
367459,27,20,32,20,24,37,0,14,30,27,26,18,50,21,,,,,,,,,,,,,,,,,27,,17,,28,
367875,53,73,41,,100,100,,39,66,71,50,67,,,,,,,,,,,,,,,,,,,81,,,,17,
367884,22,40,15,,0,0,,21,27,31,,0,,19,3,3,3,6,2,,0,0,,0,0,15,,0,,17,9,5,100,0,44,0
367981,75,,,,,,,,,,,,,,,,,,,,,,,,,,,,,,100,,,,67,
368230,45,,,,,,,,,,,,,,,,,,,,,,,,,,,,,,41,,100,,33,
368364,83,,,,,,,,,,,,,,,,,,,,,,,,,,,,,,100,,,,65,
368452,35,42,33,,,,,22,33,44,,,,27,19,21,35,42,33,,,,,22,33,44,,,,27,36,36,56,56,0,0
368629,53,48,54,75,64,83,40,14,61,51,36,0,,1,,,,,,,,,,,,,,,,,48,,60,,56,
368647,88,,,,,,,,,,,,,,,,,,,,,,,,,,,,,,83,,,,93,
368771,100,,,,,,,,,,,,,,,,,,,,,,,,,,,,,,100,,100,,100,
368832,55,,,,,,,,,,,,,,,,,,,,,,,,,,,,,,100,,,,0,
368911,34,52,17,,100,100,,40,50,28,50,,,7,,,,,,,,,,,,,,,,,39,,,,23,
369400,62,62,59,40,57,60,50,55,61,68,55,40,,1,,,,,,,,,,,,,,,,,57,,69,,72,
369419,79,74,84,,93,93,100,75,81,80,71,92,,,,,,,,,,,,,,,,,,,79,,,,80,
369446,94,,,,,,,,,,,,,,,,,,,,,,,,,,,,,,100,,,,85,
369455,69,100,64,,,,,0,,73,100,,,15,,,,,,,,,,,,,,,,,100,,,,20,
369516,28,21,31,,,,,33,100,22,0,,,,,,,,,,,,,,,,,,,,33,,0,,,
369668,89,92,87,,,,,100,,89,,,,,,,,,,,,,,,,,,,,,100,,100,,36,
369686,84,,,,,,,,,,,,,,,,,,,,,,,,,,,,,,84,,,,,
369783,100,,,,,,,,,,,,,,,,,,,,,,,,,,,,,,100,,100,,100,
369950,90,,,,,,,,,,,,,,,,,,,,,,,,,,,,,,92,,100,,88,
371052,45,,,,,,,,,,,,,,,,,,,,,,,,,,,,,,45,,43,,50,
371690,89,80,91,83,88,86,100,91,90,83,88,,,11,,,,,,,,,,,,,,,,,100,,,,82,
371830,50,,,,,,,,,,,,,,,,,,,,,,,,,,,,,,47,,50,,60,
371928,79,82,75,,100,100,100,100,65,82,100,100,,,,,,,,,,,,,,,,,,,79,,100,,57,
371964,84,,,,,,,,,,,,,,,,,,,,,,,,,,,,,,82,,94,,83,
372028,56,,,,,,,,,,,,,1,,,,,,,,,,,,,,,,,59,,75,,53,
372073,34,32,35,0,29,29,,27,44,25,50,14,,20,,,,,,,,,,,,,,,,,34,,40,,0,
372082,82,,,,,,,,,,,,,5,,,,,,,,,,,,,,,,,88,,,,67,
372329,68,60,70,50,60,60,,44,65,73,67,0,,,,,,,,,,,,,,,,,,,100,,100,,16,
372356,81,,,,,,,,,,,,,,,,,,,,,,,,,,,,,,85,,89,,72,
372462,39,,,,,,,,,,,,,6,,,,,,,,,,,,,,,,,38,,,,39,
372921,54,48,58,,50,100,0,43,82,54,89,,,,,,,,,,,,,,,,,,,,55,,71,,33,
373085,59,33,62,,100,100,,70,50,57,0,0,,,,,,,,,,,,,,,,,,,59,,,,,
373216,81,,,,,,,,,,,,,,,,,,,,,,,,,,,,,,81,,93,,74,
373456,52,,,,,,,,,,,,,,,,,,,,,,,,,,,,,,100,,,,0,
373526,74,,,,,,,,,,,,,,,,,,,,,,,,,,,,,,65,,95,,80,
373678,74,,,,,,,,,,,,,,,,,,,,,,,,,,,,,,67,,,,81,
373696,89,,,,,,,,,,,,,,,,,,,,,,,,,,,,,,92,,80,,83,
373711,57,,,,,,,,,,,,,,,,,,,,,,,,,,,,,,60,,67,,43,
373784,54,,,,,,,,,,,,,,,,,,,,,,,,,,,,,,50,,71,,69,
374316,67,,,,,,,,,,,,,,,,,,,,,,,,,,,,,,60,,,,75,
374343,74,,,,,,,,,,,,,,,,,,,,,,,,,,,,,,82,,100,,50,
374574,55,,,,,,,,,,,,,,,,,,,,,,,,,,,,,,51,,70,,80,
374592,64,,,,,,,,,,,,,,,,,,,,,,,,,,,,,,80,,63,,8,
375230,62,62,,,,,,,,62,,,,23,0,62,62,62,,,,,,,,62,,,,23,67,67,,,0,0
375373,100,,,,,,,,,,,,,,,,,,,,,,,,,,,,,,,,,,100,
375407,85,83,85,,,,,82,100,85,80,,,,,,,,,,,,,,,,,,,,72,,100,,97,
375416,48,54,46,,,,,46,75,59,50,100,,,,,,,,,,,,,,,,,,,48,,67,,44,
375568,93,,,,,,,,,,,,,,,,,,,,,,,,,,,,,,,,,,93,
375656,62,,,,,,,,,,,,,8,,,,,,,,,,,,,,,,,67,,,,57,
375683,79,82,67,80,,,,,0,85,83,0,,1,,,,,,,,,,,,,,,,,65,,,,85,
375726,51,,,,,,,,,,,,,1,,,,,,,,,,,,,,,,,56,,,,47,
375939,95,75,100,,,,,100,100,92,100,,,,,,,,,,,,,,,,,,,,100,,100,,92,
375966,83,,,,,,,,,,,,,,,,,,,,,,,,,,,,,,75,,100,,,
375984,34,,,,,,,,,,,,,,,,,,,,,,,,,,,,,,34,,100,,0,
376224,44,42,45,,,,,,44,,,,,18,60,60,60,57,63,,,,,,60,,,,,13,46,69,,,0,0
376242,82,,,,,,,,,,,,,,,,,,,,,,,,,,,,,,82,,,,100,
376288,48,,,,,,,,,,,,,,,,,,,,,,,,,,,,,,48,,,,,
376330,72,,,,,,,,,,,,,,,,,,,,,,,,,,,,,,72,,,,,
376385,55,60,51,,,,,,55,,,,,1,50,50,50,100,33,,,,,,50,,,,,,49,50,,,100,
376446,57,,,,,,,,,,,,,,,,,,,,,,,,,,,,,,25,,,,100,
376631,69,,,,,,,,,,,,,,,,,,,,,,,,,,,,,,73,,,,50,
376677,94,,,,,,,,,,,,,,,,,,,,,,,,,,,,,,93,,100,,,
376695,14,17,12,,14,100,14,,,,,,,,,,,,,,,,,,,,,,,,14,,,,100,
377111,26,38,21,0,0,0,,30,22,52,20,,,,,,,,,,,,,,,,,,,,27,,63,,8,
377193,0,,,,,,,,,,,,,,,,,,,,,,,,,,,,,,,,,,0,
377218,93,93,,100,0,0,,100,91,100,100,,,,,,,,,,,,,,,,,,,,91,,100,,100,
377272,86,,,,,,,,,,,,,,,,,,,,,,,,,,,,,,91,,50,,,
377281,89,,,,,,,,,,,,,,,,,,,,,,,,,,,,,,90,,50,,100,
377315,74,,,,,,,,,,,,,,,,,,,,,,,,,,,,,,81,,56,,43,
377449,71,,,,,,,,,,,,,,,,,,,,,,,,,,,,,,70,,67,,100,
377458,63,57,64,100,,,,57,,67,100,,,,,,,,,,,,,,,,,,,,59,,100,,,
377485,11,,,,,,,,,,,,,,,,,,,,,,,,,,,,,,0,,,,20,
377546,36,14,47,,25,25,,0,,46,33,,,,27,36,36,14,47,,25,25,,0,,46,33,,,,36,36,40,40,33,33
377555,68,66,71,0,76,76,75,66,56,65,66,33,76,,50,65,68,66,71,0,76,76,75,66,56,65,66,33,76,,69,69,68,68,68,68
377564,62,61,64,0,69,71,50,51,59,65,55,80,71,,51,60,62,61,64,0,69,71,50,51,59,65,55,80,71,,62,62,58,58,64,64
377643,71,33,79,,,,,0,,80,,,,,,,,,,,,,,,,,,,,,60,,,,86,
377652,63,33,65,,,,,50,,60,50,69,,5,,,,,,,,,,,,,,,,,64,,,,0,
377661,58,50,60,,,,,39,67,62,33,0,,7,,,,,,,,,,,,,,,,,57,,100,,67,
377722,64,50,65,67,33,20,100,50,70,60,75,100,,11,,,,,,,,,,,,,,,,,62,,67,,66,
377759,52,,,,,,,,,,,,,,,,,,,,,,,,,,,,,,0,,,,53,
378105,89,75,89,,100,100,100,100,88,100,100,80,,,,,,,,,,,,,,,,,,,88,,100,,83,
378576,67,65,68,0,75,100,50,50,71,89,25,50,,,,,,,,,,,,,,,,,,,36,,100,,100,
378886,75,,,,,,,,,,,,,,,,,,,,,,,,,,,,,,76,,33,,100,
378956,78,79,50,75,67,71,0,61,77,83,85,73,100,,,,,,,,,,,,,,,,,,74,,74,,100,
379621,90,,,,,,,,,,,,,,,,,,,,,,,,,,,,,,91,,100,,67,
379746,70,87,69,,67,50,100,56,79,60,50,100,,,,,,,,,,,,,,,,,,,77,,83,,28,
379782,53,50,54,,100,,100,60,47,57,,,,,,,,,,,,,,,,,,,,,52,,57,,,
380067,77,,,,,,,,,,,,,,,,,,,,,,,,,,,,,,78,,,,67,
380359,30,26,32,35,,,,,100,21,,,,9,,,,,,,,,,,,,,,,,33,,,,20,
380368,21,17,26,4,50,100,0,15,13,35,14,,,23,,,,,,,,,,,,,,,,,12,,18,,60,
380377,27,25,29,30,,,,,33,,11,,,13,0,0,29,40,0,30,,,,,50,,0,,,14,36,33,,,6,20
380438,55,14,60,,0,,0,50,80,53,,50,,2,48,48,48,14,54,,0,,0,0,50,51,,0,,2,51,45,67,56,50,50
381255,81,,,,,,,,,,,,,,,,,,,,,,,,,,,,,,80,,,,100,
381282,62,,,,,,,,,,,,,,,,,,,,,,,,,,,,,,63,,67,,61,
381325,60,,,,,,,,,,,,,,,,,,,,,,,,,,,,,,67,,0,,46,
381370,67,,,,,,,,,,,,,,,,,,,,,,,,,,,,,,59,,75,,89,
381404,56,,,,,,,,,,,,,,,,,,,,,,,,,,,,,,67,,93,,12,
381486,80,,,,,,,,,,,,,,,,,,,,,,,,,,,,,,80,,,,,
381699,69,,,,,,,,,,,,,,,,,,,,,,,,,,,,,,75,,60,,57,
381732,100,,,,,,,,,,,,,,,,,,,,,,,,,,,,,,100,,,,,
382258,69,,,,,,,,,,,,,31,,,,,,,,,,,,,,,,,75,,,,60,
382416,78,,,,,,,,,,,,,,,,,,,,,,,,,,,,,,100,,100,,67,
382461,67,,,,,,,,,,,,,,,,,,,,,,,,,,,,,,75,,0,,100,
382780,49,,,,,,,,,,,,,,,,,,,,,,,,,,,,,,51,,67,,0,
382911,80,75,100,,,,,100,100,0,,,,,,,,,,,,,,,,,,,,,80,,,,,
382957,37,57,25,0,50,33,100,32,33,63,29,50,,,,,,,,,,,,,,,,,,,34,,57,,45,
383084,87,,,,,,,,,,,,,,,,,,,,,,,,,,,,,,100,,,,80,
383163,99,,,,,,,,,,,,,,,,,,,,,,,,,,,,,,100,,100,,98,
383190,32,36,28,,32,43,15,0,29,41,29,0,67,5,,,,,,,,,,,,,,,,,29,,50,,34,
383279,100,,,,,,,,,,,,,,,,,,,,,,,,,,,,,,100,,,,,
383297,100,,,,,,,,,,,,,,,,,,,,,,,,,,,,,,100,,,,100,
383312,86,,,,,,,,,,,,,,,,,,,,,,,,,,,,,,86,,,,86,
383330,68,,,,,,,,,,,,,,,,,,,,,,,,,,,,,,69,,100,,40,
383367,74,,,,,,,,,,,,,,,,,,,,,,,,,,,,,,76,,70,,,
383464,64,,,,,,,,,,,,,2,,,,,,,,,,,,,,,,,66,,,,62,
383525,72,,,,,,,,,,,,,,,,,,,,,,,,,,,,,,65,,100,,100,
383765,40,,,,,,,,,,,,,,,,,,,,,,,,,,,,,,40,,100,,0,
383996,15,18,14,14,,,,,13,10,33,100,0,10,,,,,,,,,,,,,,,,,13,,,,17,
384236,55,,,,,,,,,,,,,3,,,,,,,,,,,,,,,,,53,,92,,65,
384245,69,,,,,,,,,,,,,1,,,,,,,,,,,,,,,,,67,,73,,95,
384254,57,54,63,0,33,33,,47,60,62,67,,,,41,51,53,49,60,0,33,33,,44,50,59,50,,,,65,63,50,45,56,51
384333,25,22,26,33,20,18,33,26,22,26,38,38,50,22,,,,,,,,,,,,,,,,,21,,23,,27,
384342,52,47,56,100,50,50,,32,49,55,32,40,70,15,,,,,,,,,,,,,,,,,40,,47,,58,
384412,50,67,33,,,,,75,0,20,,,100,25,8,8,25,17,33,,,,,50,0,0,,,50,25,0,0,0,0,86,43
384421,4,4,,,,,,,,4,,,,93,0,0,4,4,,,,,,,,4,,,,93,11,11,,,0,0
385132,67,,,,,,,,,,,,,,,,,,,,,,,,,,,,,,62,,73,,71,
385503,47,33,48,,,,,39,40,55,33,0,,,,,,,,,,,,,,,,,,,45,,86,,0,
385619,58,59,57,56,82,80,100,59,42,70,75,42,0,,45,52,58,59,57,56,82,80,100,59,42,70,75,42,0,,47,47,55,55,93,93
386153,61,,61,,,,,,,61,,,100,0,,,,,,,,,,,,,,,,,66,,,,46,
386472,45,50,43,,,,,40,40,100,,,,,25,25,25,,25,,,,,0,33,,,,,,50,33,0,0,,
387925,69,,,,,,,,,,,,,,,,,,,,,,,,,,,,,,68,,,,75,
388520,60,67,50,,,,,,67,,50,,,,0,60,60,67,50,,,,,,67,,50,,,,0,0,100,100,67,67
389860,73,,,,,,,,,,,,,,,,,,,,,,,,,,,,,,70,,75,,77,
390905,86,,,,,,,,,,,,,,,,,,,,,,,,,,,,,,82,,100,,89,
391005,80,,,,,,,,,,,,,,,,,,,,,,,,,,,,,,78,,,,100,
392257,46,47,46,60,58,75,25,31,57,37,31,37,,,,,,,,,,,,,,,,,,,50,,53,,24,
392354,100,100,,,,,,,,100,,,,,,,,,,,,,,,,,,,,,,,,,100,
392415,45,47,45,0,75,75,,36,67,56,40,75,0,,,,,,,,,,,,,,,,,,42,,,,100,
393649,63,63,63,33,64,100,50,44,77,43,55,60,,1,,,,,,,,,,,,,,,,,62,,75,,92,
393861,87,,,,,,,,,,,,,,,,,,,,,,,,,,,,,,83,,88,,,
395362,38,47,34,,80,100,0,50,26,36,67,0,,5,,,,,,,,,,,,,,,,,35,,,,45,
395690,84,,,,,,,,,,,,,,,,,,,,,,,,,,,,,,89,,100,,18,
397942,54,,,,,,,,,,,,,1,,,,,,,,,,,,,,,,,53,,71,,89,
399212,47,43,52,0,64,64,0,50,42,51,43,57,67,12,,,,,,,,,,,,,,,,,49,,0,,47,
399869,79,80,76,,80,81,73,85,78,82,58,83,,0,50,50,50,51,20,,63,62,67,75,42,53,20,67,,1,76,48,88,50,80,63
399911,87,88,86,,92,92,,100,88,83,75,33,93,,79,87,87,88,86,,92,92,,100,88,83,75,33,93,,91,91,100,100,85,85
400080,74,,,,,,,,,,,,,0,,,,,,,,,,,,,,,,,100,,100,,0,
400187,84,,,,,,,,,,,,,,,,,,,,,,,,,,,,,,87,,,,77,
401223,50,,50,,,,,,,,,,50,,0,0,50,,50,,,,,,,,,,50,,,,,,50,50
401764,52,,,,,,,,,,,,,,,,,,,,,,,,,,,,,,50,,100,,50,
402563,69,,,,,,,,,,,,,,,,,,,,,,,,,,,,,,76,,50,,0,
402800,79,,,,,,,,,,,,,,,,,,,,,,,,,,,,,,73,,100,,100,
403469,53,51,56,,100,100,,100,17,58,,,,37,,,,,,,,,,,,,,,,,44,,80,,60,
403478,47,52,41,,25,25,,35,14,51,0,,,46,,,,,,,,,,,,,,,,,40,,50,,53,
403487,59,57,61,,100,100,,31,57,60,80,,,36,,,,,,,,,,,,,,,,,50,,67,,64,
404055,64,36,71,50,100,100,,35,66,69,75,100,,3,,,,,,,,,,,,,,,,,64,,60,,73,
404338,50,0,100,,,,,,,,0,100,,,50,50,50,0,100,,,,,,,,0,100,,,100,100,0,0,,
404426,23,22,23,25,20,33,0,14,18,23,29,,,23,,,,,,,,,,,,,,,,,24,,11,,22,
404684,66,,,,,,,,,,,,,,,,,,,,,,,,,,,,,,87,,,,3,
404718,77,,,,,,,,,,,,,1,,,,,,,,,,,,,,,,,96,,100,,29,
404912,64,60,65,100,78,75,100,53,65,62,64,100,,,,,,,,,,,,,,,,,,,64,,72,,57,
405012,72,100,71,,0,0,,,,76,,50,,,,,,,,,,,,,,,,,,,58,,100,,78,
405058,65,65,,,,,,,,64,,,100,35,0,0,0,0,,,,,,,,0,,,0,35,64,0,,,66,0
405076,62,59,63,,91,100,50,56,61,63,0,100,,1,,,,,,,,,,,,,,,,,56,,52,,86,
405854,40,40,,,,,,,,40,,,,35,0,40,40,40,,,,,,,,40,,,,35,41,41,,,33,33
405872,47,47,47,,33,33,,30,44,48,47,75,,16,,,,,,,,,,,,,,,,,47,,50,,47,
406024,64,56,67,,17,50,0,57,76,67,71,100,,,0,0,50,50,,,,,,,,0,100,,,,61,100,68,,82,0
406033,68,58,70,100,83,89,67,66,61,77,59,83,,,63,63,63,100,50,,,,,100,50,50,100,,,,66,50,72,67,73,100
406149,78,,,,,,,,,,,,,,,,,,,,,,,,,,,,,,73,,100,,83,
406325,84,,,,,,,,,,,,,,,,,,,,,,,,,,,,,,88,,50,,,
406361,62,,,,,,,,,,,,,,,,,,,,,,,,,,,,,,55,,100,,100,
406422,76,,,,,,,,,,,,,,,,,,,,,,,,,,,,,,100,,33,,57,
406486,64,,,,,,,,,,,,,,,,,,,,,,,,,,,,,,50,,100,,67,
407090,82,,,,,,,,,,,,,,,,,,,,,,,,,,,,,,76,,85,,100,
407142,74,,,,,,,,,,,,,,,,,,,,,,,,,,,,,,83,,,,65,
407151,81,,,,,,,,,,,,,,,,,,,,,,,,,,,,,,78,,100,,,
407179,61,,,,,,,,,,,,,,,,,,,,,,,,,,,,,,63,,60,,56,
407355,74,50,76,,50,50,,60,89,71,100,100,,,,,,,,,,,,,,,,,,,72,,83,,75,
407434,67,,,,,,,,,,,,,,,,,,,,,,,,,,,,,,95,,88,,24,
407461,69,,,,,,,,,,,,,,,,,,,,,,,,,,,,,,73,,79,,55,
407470,45,,,,,,,,,,,,,,,,,,,,,,,,,,,,,,47,,0,,,
407489,90,,,,,,,,,,,,,,,,,,,,,,,,,,,,,,100,,100,,50,
407513,97,,,,,,,,,,,,,,,,,,,,,,,,,,,,,,92,,100,,100,
407568,77,,77,,100,100,,50,100,88,50,100,,,,,,,,,,,,,,,,,,,68,,100,,100,
407577,67,,,,,,,,,,,,,,,,,,,,,,,,,,,,,,66,,88,,67,
407610,40,0,100,,,,,,0,50,,,,,,,,,,,,,,,,,,,,,50,,,,33,
407683,49,,,,,,,,,,,,,9,,,,,,,,,,,,,,,,,49,,100,,0,
407708,46,,,,,,,,,,,,,,,,,,,,,,,,,,,,,,35,,75,,67,
407735,61,,,,,,,,,,,,,,,,,,,,,,,,,,,,,,56,,80,,67,
407832,82,,,,,,,,,,,,,,,,,,,,,,,,,,,,,,80,,93,,80,
408066,65,,,,,,,,,,,,,,,,,,,,,,,,,,,,,,71,,88,,52,
408163,40,,,,,,,,,,,,,,,,,,,,,,,,,,,,,,56,,38,,0,
408385,55,59,52,100,100,100,,75,55,51,75,50,,2,,,,,,,,,,,,,,,,,53,,56,,66,
408844,28,31,26,0,0,0,,13,28,14,50,,39,13,27,36,42,34,54,,,,,10,48,0,50,,39,9,27,42,33,28,31,100
408862,47,,,,,,,,,,,,,,,,,,,,,,,,,,,,,,46,,100,,40,
409032,86,,,,,,,,,,,,,,,,,,,,,,,,,,,,,,86,,,,,
409120,59,,,,,,,,,,,,,,,,,,,,,,,,,,,,,,59,,83,,0,
409193,87,,,,,,,,,,,,,,,,,,,,,,,,,,,,,,87,,,,,
409315,28,27,28,67,7,7,,0,27,32,50,43,100,13,9,9,11,5,17,,,,,,10,100,,0,0,20,27,12,,,32,9
409591,64,,,,,,,,,,,,,,,,,,,,,,,,,,,,,,50,,100,,75,
409698,63,59,65,33,65,67,50,65,64,65,61,52,47,7,40,60,63,59,65,33,65,67,50,65,64,65,61,52,47,7,62,62,63,63,65,65
410797,68,,,,,,,,,,,,,,,,,,,,,,,,,,,,,,71,,46,,,
410964,73,,,,,,,,,,,,,,,,,,,,,,,,,,,,,,67,,,,80,
411684,78,,,,,,,,,,,,,,,,,,,,,,,,,,,,,,80,,100,,67,
412173,52,50,52,,,,,57,0,,,,,,,,,,,,,,,,,,,,,,47,,,,63,
412535,100,,,,,,,,,,,,,,,,,,,,,,,,,,,,,,100,,100,,,
412544,82,,,,,,,,,,,,,,,,,,,,,,,,,,,,,,75,,80,,89,
412599,33,32,33,100,100,100,,32,50,45,0,,,,,,,,,,,,,,,,,,,,34,,40,,21,
413176,92,,,,,,,,,,,,,,,,,,,,,,,,,,,,,,100,,,,83,
413413,33,67,17,,,,,0,100,33,,33,,11,25,25,25,50,17,,,,,0,,33,,33,,13,25,25,0,0,67,50
413617,28,16,38,31,,,,0,0,25,,,,,,,,,,,,,,,,,,,,,23,,,,36,
413626,0,0,0,0,,,,,0,0,,,,,,,,,,,,,,,,,,,,,0,,,,,
413680,68,70,53,50,69,69,67,60,69,76,69,0,,30,,,,,,,,,,,,,,,,,64,,86,,60,
413820,79,,,,,,,,,,,,,12,,,,,,,,,,,,,,,,,100,,100,,0,
413893,52,,,,,,,,,,,,,0,,,,,,,,,,,,,,,,,52,,63,,63,
414063,94,,,,,,,,,,,,,,,,,,,,,,,,,,,,,,85,,100,,100,
414124,88,,,,,,,,,,,,,0,,,,,,,,,,,,,,,,,83,,100,,94,
414461,62,62,76,,,,,67,62,,,,,,,,,,,,,,,,,,,,,,66,,100,,16,
414489,35,,,,,,,,,,,,,1,,,,,,,,,,,,,,,,,50,,0,,25,
414540,53,,,,,,,,,,,,,,,,,,,,,,,,,,,,,,44,,58,,59,
414595,68,33,76,,50,50,,60,50,67,100,100,,,75,75,75,,75,,,,,,,0,100,100,,,30,0,100,,77,100
414878,100,100,,,,,,,,100,,,,,0,0,0,0,,,,,,,,0,,,,,100,0,,,,
414911,41,49,34,,100,100,,25,0,42,20,50,,13,,,,,,,,,,,,,,,,,38,,100,,44,
414939,50,31,52,75,71,86,64,36,60,54,38,0,,0,,,,,,,,,,,,,,,,,52,,67,,37,
415039,78,,,,,,,,,,,,,,,,,,,,,,,,,,,,,,50,,86,,100,
415057,76,,,,,,,,,,,,,,,,,,,,,,,,,,,,,,61,,79,,88,
415987,71,,,,,,,,,,,,,,,,,,,,,,,,,,,,,,71,,43,,100,
416458,45,38,47,0,13,13,,100,58,25,,,,,,,,,,,,,,,,,,,,,45,,20,,67,
417008,54,,,,,,,,,,,,,,,,,,,,,,,,,,,,,,51,,100,,47,
417062,80,,,,,,,,,,,,,,,,,,,,,,,,,,,,,,77,,100,,,
417105,54,,,,,,,,,,,,,,,,,,,,,,,,,,,,,,21,,,,74,
417123,97,,,,,,,,,,,,,,,,,,,,,,,,,,,,,,93,,,,100,
417248,97,97,100,,100,100,,100,100,95,,100,,,,,,,,,,,,,,,,,,,100,,,,97,
417275,80,89,0,,50,50,,0,80,93,,33,,,,,,,,,,,,,,,,,,,100,,,,79,
417327,75,50,80,,,,,100,33,75,100,,,,,,,,,,,,,,,,,,,,90,,,,0,
417442,68,,,,,,,,,,,,,21,,,,,,,,,,,,,,,,,73,,100,,40,
417503,83,,,,,,,,,,,,,,,,,,,,,,,,,,,,,,78,,100,,,
417600,69,,,,,,,,,,,,,31,,,,,,,,,,,,,,,,,60,,100,,63,
417628,64,,,,,,,,,,,,,,,,,,,,,,,,,,,,,,63,,,,67,
417637,89,,,,,,,,,,,,,,,,,,,,,,,,,,,,,,88,,100,,,
417646,100,,,,,,,,,,,,,,,,,,,,,,,,,,,,,,100,,,,100,
417655,73,,,,,,,,,,,,,27,,,,,,,,,,,,,,,,,67,,67,,83,
417682,100,,,,,,,,,,,,,,,,,,,,,,,,,,,,,,100,,,,,
417716,9,,,,,,,,,,,,,,,,,,,,,,,,,,,,,,0,,0,,50,
417725,44,,,,,,,,,,,,,11,,,,,,,,,,,,,,,,,50,,,,0,
417734,100,,100,,,,,,,100,,,,,0,0,0,,0,,,,,,,0,,,,,100,0,100,0,,
417752,56,50,60,100,,,,0,,57,,,,,33,56,56,50,60,100,,,,0,,57,,,,,57,57,50,50,,
417831,96,,,,,,,,,,,,,,,,,,,,,,,,,,,,,,91,,,,98,
417840,41,,,,,,,,,,,,,,,,,,,,,,,,,,,,,,43,,25,,0,
417868,93,,,,,,,,,,,,,,,,,,,,,,,,,,,,,,93,,88,,100,
417886,0,,,,,,,,,,,,,,,,,,,,,,,,,,,,,,0,,,,,
417910,73,,,,,,,,,,,,,,,,,,,,,,,,,,,,,,92,,44,,,
417992,100,,,,,,,,,,,,,,,,,,,,,,,,,,,,,,100,,,,100,
418001,36,,,,,,,,,,,,,,,,,,,,,,,,,,,,,,36,,,,,
418010,100,,,,,,,,,,,,,,,,,,,,,,,,,,,,,,100,,,,100,
418029,79,,,,,,,,,,,,,,,,,,,,,,,,,,,,,,70,,100,,,
418038,71,,,,,,,,,,,,,,,,,,,,,,,,,,,,,,73,,100,,25,
418065,75,,,,,,,,,,,,,,,,,,,,,,,,,,,,,,86,,78,,64,
418083,100,,,,,,,,,,,,,,,,,,,,,,,,,,,,,,100,,100,,,
418126,54,40,64,,67,67,,50,33,63,,,,29,,,,,,,,,,,,,,,,,71,,0,,20,
418171,100,,,,,,,,,,,,,,,,,,,,,,,,,,,,,,100,,,,100,
418199,100,,,,,,,,,,,,,,,,,,,,,,,,,,,,,,100,,,,100,
418205,90,,,,,,,,,,,,,,,,,,,,,,,,,,,,,,93,,100,,75,
418223,86,,,,,,,,,,,,,,,,,,,,,,,,,,,,,,100,,,,33,
418250,87,,,,,,,,,,,,,,,,,,,,,,,,,,,,,,,,,,87,
418269,60,,,,,,,,,,,,,,,,,,,,,,,,,,,,,,60,,100,,,
418278,77,,,,,,,,,,,,,,,,,,,,,,,,,,,,,,100,,100,,73,
418296,97,98,97,96,100,100,100,95,100,98,100,,100,,,,,,,,,,,,,,,,,,100,,,,89,
418302,53,,,,,,,,,,,,,,,,,,,,,,,,,,,,,,55,,,,50,
418320,100,,,,,,,,,,,,,,,,,,,,,,,,,,,,,,100,,,,100,
418348,84,,,,,,,,,,,,,,,,,,,,,,,,,,,,,,89,,,,81,
418357,98,,,,,,,,,,,,,2,,,,,,,,,,,,,,,,,100,,,,0,
418409,89,,,,,,,,,,,,,,,,,,,,,,,,,,,,,,100,,0,,86,
418427,71,,,,,,,,,,,,,,,,,,,,,,,,,,,,,,76,,73,,55,
418445,57,,,,,,,,,,,,,,,,,,,,,,,,,,,,,,50,,50,,67,
418454,74,,,,,,,,,,,,,,,,,,,,,,,,,,,,,,60,,83,,90,
418481,88,,,,,,,,,,,,,,,,,,,,,,,,,,,,,,100,,100,,25,
418515,81,,,,,,,,,,,,,,,,,,,,,,,,,,,,,,48,,100,,,
418524,52,,,,,,,,,,,,,,,,,,,,,,,,,,,,,,38,,83,,100,
418533,75,67,77,,100,100,,79,40,80,50,100,,,,,,,,,,,,,,,,,,,74,,73,,78,
418542,48,,,,,,,,,,,,,,,,,,,,,,,,,,,,,,48,,67,,42,
418560,71,,,,,,,,,,,,,,,,,,,,,,,,,,,,,,100,,75,,0,
418588,55,,,,,,,,,,,,,,,,,,,,,,,,,,,,,,20,,67,,100,
418658,64,,,,,,,,,,,,,,,,,,,,,,,,,,,,,,53,,75,,88,
418773,64,,,,,,,,,,,,,,,,,,,,,,,,,,,,,,84,,,,0,
418782,75,,,,,,,,,,,,,,,,,,,,,,,,,,,,,,75,,100,,57,
418889,85,88,0,,,,,67,67,90,,,,,,,,,,,,,,,,,,,,,100,,100,,69,
418913,0,,,,,,,,,,,,,,,,,,,,,,,,,,,,,,0,,,,,
418968,52,,,,,,,,,,,,,,,,,,,,,,,,,,,,,,44,,100,,100,
419031,75,,,,,,,,,,,,,,,,,,,,,,,,,,,,,,100,,,,0,
419095,92,,,,,,,,,,,,,8,,,,,,,,,,,,,,,,,100,,,,85,
419183,88,95,85,,,,,,89,83,100,,,,,,,,,,,,,,,,,,,,87,,75,,100,
419217,100,,,,,,,,,,,,,,,,,,,,,,,,,,,,,,100,,,,100,
419226,72,68,80,,0,0,,64,78,74,100,,,,,,,,,,,,,,,,,,,,77,,,,68,
419235,44,,,,,,,,,,,,,1,,,,,,,,,,,,,,,,,49,,100,,0,
419244,26,24,36,,,,,14,25,59,0,,,,,,,,,,,,,,,,,,,,26,,0,,35,
419253,67,,,,,,,,,,,,,,,,,,,,,,,,,,,,,,70,,0,,0,
419341,14,0,20,,,,,20,,0,,,,,,,,,,,,,,,,,,,,,25,,0,,0,
419420,67,,,,,,,,,,,,,33,,,,,,,,,,,,,,,,,100,,,,14,
419484,83,,,,,,,,,,,,,,,,,,,,,,,,,,,,,,80,,100,,,
419633,73,,,,,,,,,,,,,,,,,,,,,,,,,,,,,,77,,67,,50,
419703,73,,,,,,,,,,,,,,,,,,,,,,,,,,,,,,73,,100,,56,
419712,83,,,,,,,,,,,,,1,,,,,,,,,,,,,,,,,88,,50,,25,
419721,79,,,,,,,,,,,,,,,,,,,,,,,,,,,,,,78,,100,,100,
420024,67,50,69,,,,,60,,100,,,,,,,,,,,,,,,,,,,,,67,,,,67,
420042,67,0,100,,100,100,,,,,,0,,,0,33,67,0,100,,100,100,,,,,,0,,,100,100,100,100,0,0
420130,44,,,,,,,,,,,,,,,,,,,,,,,,,,,,,,43,,75,,31,
420255,90,,,,,,,,,,,,,,,,,,,,,,,,,,,,,,100,,100,,53,
420325,5,5,,,,,,,,5,,,,95,0,5,5,5,,,,,,,,5,,,,95,9,9,,,0,0
420343,70,70,66,100,64,65,50,61,66,76,71,68,,,,,,,,,,,,,,,,,,,66,,79,,75,
420370,56,63,53,,100,100,,53,72,68,,,,,,,,,,,,,,,,,,,,,93,,15,,,
420398,37,32,40,0,51,53,0,32,36,36,43,38,100,21,,,,,,,,,,,,,,,,,36,,33,,37,
420431,42,63,20,,,,,33,50,46,,,,3,,,,,,,,,,,,,,,,,33,,,,61,
420440,28,33,25,,0,0,,0,40,30,0,14,,18,,,,,,,,,,,,,,,,,20,,44,,31,
420468,83,79,88,,100,100,,100,69,88,0,,,,,,,,,,,,,,,,,,,,88,,80,,80,
420538,50,52,49,0,,,,,67,51,38,0,,7,,,,,,,,,,,,,,,,,43,,100,,64,
420556,12,17,10,,100,100,,,13,4,20,0,,25,,,,,,,,,,,,,,,,,9,,0,,16,
420723,43,56,35,,0,,0,0,36,46,33,,100,17,,,,,,,,,,,,,,,,,40,,,,45,
420981,72,63,73,100,79,79,,58,65,81,,42,,,,,,,,,,,,,,,,,,,72,,,,0,
421513,47,0,49,0,,,,33,40,54,0,100,,,,,,,,,,,,,,,,,,,45,,75,,0,
421610,62,,,,,,,,,,,,,,,,,,,,,,,,,,,,,,50,,100,,61,
421665,100,,,,,,,,,,,,,,,,,,,,,,,,,,,,,,100,,,,,
421708,9,0,11,,0,,0,0,0,17,0,,,,9,9,9,0,11,,0,,0,0,0,17,0,,,,25,25,0,0,0,0
421717,83,,,,,,,,,,,,,,,,,,,,,,,,,,,,,,100,,,,50,
421771,40,,,,,,,,,,,,,,,,,,,,,,,,,,,,,,14,,100,,100,
421841,65,63,66,100,100,100,,57,77,63,0,100,0,,,,,,,,,,,,,,,,,,62,,71,,64,
421878,25,25,25,,100,100,,37,8,60,100,0,,,10,10,10,0,11,,,,,0,0,50,,0,,,23,11,,,36,0
421896,87,,,,,,,,,,,,,,,,,,,,,,,,,,,,,,87,,,,,
422020,59,60,0,,50,50,,,58,67,0,50,,3,,,,,,,,,,,,,,,,,54,,67,,68,
422695,76,33,81,,50,50,,,80,100,33,,,,,,,,,,,,,,,,,,,,100,,100,,13,
422835,65,62,66,,0,0,,25,68,63,100,66,,,,,,,,,,,,,,,,,,,64,,68,,,
423120,67,60,68,,,,,0,68,,,,,,,,,,,,,,,,,,,,,,73,,40,,36,
423397,61,,,,,,,,,,,,,0,,,,,,,,,,,,,,,,,61,,,,57,
423412,58,,,,,,,,,,,,,,,,,,,,,,,,,,,,,,65,,,,38,
423652,31,14,39,,,,,,50,30,0,0,,31,,,,,,,,,,,,,,,,,21,,100,,36,
425250,60,67,59,,,,,50,67,77,,,,,,,,,,,,,,,,,,,,,58,,71,,67,
425986,41,,,,,,,,,,,,,,,,,,,,,,,,,,,,,,31,,100,,0,
426314,22,22,22,50,18,20,14,15,19,23,21,14,69,,11,18,23,23,23,33,19,20,17,20,17,23,15,24,73,,20,25,42,38,21,22
427308,87,100,87,,85,85,,,100,91,,,,,,,,,,,,,,,,,,,,,87,,,,,
427335,9,,,,,,,,,,,,,,,,,,,,,,,,,,,,,,10,,0,,,
427894,79,,,,,,,,,,,,,,,,,,,,,,,,,,,,,,78,,75,,100,
427973,31,39,0,,0,0,,31,0,38,0,,,,,,,,,,,,,,,,,,,,38,,20,,0,
427982,52,,,,,,,,,,,,,,,,,,,,,,,,,,,,,,44,,100,,100,
427991,54,,,,,,,,,,,,,,,,,,,,,,,,,,,,,,64,,,,34,
428019,88,,,,,,,,,,,,,,,,,,,,,,,,,,,,,,78,,,,100,
428055,58,55,59,,,,,,58,,,,,,,,,,,,,,,,,,,,,,78,,,,0,
428125,83,,,,,,,,,,,,,,,,,,,,,,,,,,,,,,80,,,,100,
428170,67,70,66,,67,67,,53,77,75,,55,,,,,,,,,,,,,,,,,,,66,,86,,0,
428392,37,37,36,17,67,67,,0,44,32,71,50,0,13,,,,,,,,,,,,,,,,,33,,33,,44,
429128,0,,0,,,,,,0,,,,,,,,,,,,,,,,,,,,,,0,,,,,
430184,0,0,,,0,0,,0,,0,,,,33,0,0,0,0,,,0,0,,0,,0,,,,33,,,,,0,0
430227,79,,,,,,,,,,,,,,,,,,,,,,,,,,,,,,73,,100,,100,
430245,59,60,59,,67,60,100,58,59,60,33,33,100,4,,,,,,,,,,,,,,,,,54,,70,,78,
430306,93,,,,,,,,,,,,,,,,,,,,,,,,,,,,,,93,,93,,,
430403,42,,,,,,,,,,,,,,,,,,,,,,,,,,,,,,44,,80,,29,
430564,87,,,,,,,,,,,,,,,,,,,,,,,,,,,,,,86,,75,,92,
430582,81,,,,,,,,,,,,,,,,,,,,,,,,,,,,,,100,,70,,3,
430670,33,100,25,,,,,,33,,,,,,33,33,33,100,25,,,,,,33,,,,,,38,38,0,0,,
430795,84,83,85,,,,,100,,83,,,,,,,,,,,,,,,,,,,,,84,,,,,
430883,60,,,,,,,,,,,,,,,,,,,,,,,,,,,,,,60,,,,,
430908,82,,,,,,,,,,,,,,,,,,,,,,,,,,,,,,100,,100,,67,
430935,35,31,50,,,,,,35,,,,,,,,,,,,,,,,,,,,,,34,,,,100,
430971,76,,,,,,,,,,,,,,,,,,,,,,,,,,,,,,95,,100,,22,
431017,65,,,,,,,,,,,,,,,,,,,,,,,,,,,,,,62,,,,70,
431071,87,,,,,,,,,,,,,,,,,,,,,,,,,,,,,,100,,60,,,
431105,69,,,,,,,,,,,,,,,,,,,,,,,,,,,,,,64,,67,,100,
431123,91,,,,,,,,,,,,,,,,,,,,,,,,,,,,,,100,,,,0,
431141,74,75,74,56,80,82,73,65,79,71,69,72,,1,,,,,,,,,,,,,,,,,74,,88,,66,
431196,73,,,,,,,,,,,,,,,,,,,,,,,,,,,,,,76,,50,,67,
431275,26,,,,,,,,,,,,,,,,,,,,,,,,,,,,,,,,,,26,
431284,92,,,,,,,,,,,,,,,,,,,,,,,,,,,,,,90,,,,94,
431558,86,,,,,,,,,,,,,,,,,,,,,,,,,,,,,,84,,,,88,
431600,80,,80,,,,,,,80,,,,,,,,,,,,,,,,,,,,,75,,,,100,
431716,71,,,,,,,,,,,,,0,,,,,,,,,,,,,,,,,74,,80,,65,
431983,6,6,,,,,,,,6,,,,94,0,0,0,0,,,,,,,,0,,,,94,0,0,,,8,0
432117,67,,,,,,,,,,,,,,,,,,,,,,,,,,,,,,63,,75,,75,
432269,54,,,,,,,,,,,,,,,,,,,,,,,,,,,,,,54,,,,,
432384,57,52,60,0,64,70,0,50,59,58,40,100,,,,,,,,,,,,,,,,,,,54,,77,,58,
432524,41,25,48,,,,,57,33,33,0,100,,,,,,,,,,,,,,,,,,,54,,50,,33,
433004,50,,50,,,,,,,,50,,,,50,50,50,,50,,,,,,,,50,,,,0,0,,,100,100
433013,77,75,79,,80,80,,,100,50,,,,,,,,,,,,,,,,,,,,,86,,50,,75,
433040,77,,,,,,,,,,,,,,,,,,,,,,,,,,,,,,83,,100,,0,
433068,56,,,,,,,,,,,,,,,,,,,,,,,,,,,,,,100,,,,22,
433101,64,,,,,,,,,,,,,,,,,,,,,,,,,,,,,,61,,75,,79,
433138,82,,,,,,,,,,,,,,,,,,,,,,,,,,,,,,80,,67,,94,
433174,100,,100,,,,,,,100,,,,,,,,,,,,,,,,,,,,,,,100,,,
433387,51,43,61,30,60,61,33,55,36,53,44,37,73,4,34,43,51,43,61,30,60,61,33,55,36,53,44,37,73,4,49,49,63,63,50,50
433420,42,40,50,,67,67,,0,44,50,,30,,6,32,32,32,33,25,,67,67,,0,33,20,,30,,8,41,29,33,33,67,50
433536,29,,29,,,,,50,,33,,0,,,0,0,0,,0,,,,,,,0,,0,,,29,0,,,,
433660,56,50,61,40,55,54,60,55,52,58,55,43,62,11,42,53,56,50,61,40,55,54,60,55,52,58,55,43,62,11,51,51,55,55,59,59
434016,17,100,9,10,,,,,,100,0,,,,,,,,,,,,,,,,,,,,29,,,,0,
434061,30,36,24,0,24,20,26,24,24,36,18,20,36,17,,,,,,,,,,,,,,,,,27,,30,,36,
434140,57,42,59,,58,58,,29,59,50,50,,100,,,,,,,,,,,,,,,,,,54,,72,,62,
434159,53,55,47,20,100,100,,57,61,83,36,40,,,,,,,,,,,,,,,,,,,44,,75,,67,
434274,84,,,,,,,,,,,,,,,,,,,,,,,,,,,,,,84,,,,,
434283,40,,,,,,,,,,,,,,,,,,,,,,,,,,,,,,44,,31,,,
434308,65,,,,,,,,,,,,,,,,,,,,,,,,,,,,,,66,,33,,71,
434344,87,,,,,,,,,,,,,,,,,,,,,,,,,,,,,,82,,88,,95,
434362,83,,,,,,,,,,,,,,,,,,,,,,,,,,,,,,92,,100,,67,
434432,43,100,33,,,,,0,0,60,,,,57,,,,,,,,,,,,,,,,,0,,100,,100,
434469,100,100,100,,,,,,100,,,,,,,,,,,,,,,,,,,,,,100,,,,,
434496,80,,,,,,,,,,,,,,,,,,,,,,,,,,,,,,93,,90,,47,
434584,36,33,38,38,100,100,100,,0,0,,0,,21,,,,,,,,,,,,,,,,,50,,,,33,
434672,16,15,16,25,18,18,0,9,13,24,14,21,19,23,,,,,,,,,,,,,,,,,13,,9,,18,
434751,23,0,36,24,,,,,100,0,0,,,,,,,,,,,,,,,,,,,,23,,,,,
434821,46,100,43,100,91,90,100,47,90,47,100,0,,,,,,,,,,,,,,,,,,,50,,72,,7,
434830,66,80,65,,100,100,,54,,69,,100,,,,,,,,,,,,,,,,,,,59,,69,,77,
434900,62,57,65,,,,,,62,,,,,3,6,10,25,18,30,,,,,,25,,,,,3,53,31,100,13,88,0
434937,50,50,,,,,,,,50,,,,50,50,50,50,50,,,,,,,,50,,,,50,0,0,,,100,100
436030,50,,,,,,,,,,,,,2,,,,,,,,,,,,,,,,,49,,59,,,
436304,31,35,22,,33,100,0,12,20,40,10,50,,13,,,,,,,,,,,,,,,,,21,,35,,38,
436429,42,42,42,32,48,48,,33,48,47,42,38,63,0,35,36,36,35,39,19,52,52,,27,42,40,38,29,56,0,39,32,57,47,44,41
436553,80,,,,,,,,,,,,,,,,,,,,,,,,,,,,,,80,,,,,
436599,50,33,60,,,,,0,0,80,,,,50,,,,,,,,,,,,,,,,,0,,75,,100,
436614,43,25,67,,,,,,100,33,,,,,33,33,33,25,50,,,,,,100,20,,,,,67,67,,,25,0
436632,63,,,,,,,,,,,,,,,,,,,,,,,,,,,,,,61,,88,,50,
436650,58,,,,,,,,,,,,,,,,,,,,,,,,,,,,,,92,,100,,22,
436775,72,,,,,,,,,,,,,,,,,,,,,,,,,,,,,,86,,55,,67,
436818,59,59,60,,67,67,,53,49,62,77,25,100,21,41,56,59,59,60,,67,67,,53,49,62,77,25,100,21,53,53,76,76,51,51
436827,57,52,64,,81,81,,11,55,57,60,50,33,26,39,55,57,52,64,,81,81,,11,55,57,60,50,33,26,50,50,66,66,57,57
436836,57,53,61,0,65,65,,54,48,64,55,33,68,19,33,52,57,53,61,0,65,65,,54,48,64,55,33,68,19,52,52,67,67,57,57
437097,100,100,100,,,,,,,100,100,100,,,,,,,,,,,,,,,,,,,,,,,100,
437103,27,29,26,25,22,33,17,22,35,30,26,33,47,20,,,,,,,,,,,,,,,,,24,,24,,32,
437237,68,65,100,,,,,0,,79,,50,,,,,,,,,,,,,,,,,,,50,,67,,73,
437556,74,,,,,,,,,,,,,,,,,,,,,,,,,,,,,,68,,90,,93,
437608,54,,,,,,,,,,,,,2,,,,,,,,,,,,,,,,,53,,,,57,
437635,52,51,52,40,50,40,100,33,63,48,41,57,,,,,,,,,,,,,,,,,,,65,,66,,17,
437723,31,,,,,,,,,,,,,,,,,,,,,,,,,,,,,,35,,0,,0,
437732,19,33,18,0,75,75,,11,0,33,0,25,,,,,,,,,,,,,,,,,,,23,,0,,14,
437750,40,38,100,,,,,50,100,37,,,50,,,,,,,,,,,,,,,,,,100,,100,,11,
437769,40,50,38,,,,,27,,50,100,,,,,,,,,,,,,,,,,,,,40,,,,,
437778,59,,,,,,,,,,,,,,,,,,,,,,,,,,,,,,54,,83,,61,
437857,63,,,,,,,,,,,,,,,,,,,,,,,,,,,,,,57,,100,,67,
437936,56,70,54,,60,56,100,29,58,62,,25,75,2,,,,,,,,,,,,,,,,,56,,75,,49,
438179,54,53,54,,100,100,,50,53,63,100,0,,3,,,,,,,,,,,,,,,,,55,,71,,20,
438221,52,38,53,0,0,0,,38,43,57,0,,,,,,,,,,,,,,,,,,,,52,,60,,20,
438258,55,53,55,,67,63,100,38,57,58,67,43,100,1,,,,,,,,,,,,,,,,,50,,83,,54,
438285,77,,,,,,,,,,,,,,,,,,,,,,,,,,,,,,81,,100,,50,
438337,73,,,,,,,,,,,,,,,,,,,,,,,,,,,,,,73,,,,75,
438504,58,58,55,0,73,76,60,36,60,63,63,22,,0,,,,,,,,,,,,,,,,,58,,75,,46,
438586,21,25,20,,100,100,,16,,38,33,19,,,11,11,11,9,11,,,,,8,,0,0,18,,,18,8,67,33,33,25
438674,50,,,,,,,,,,,,,,,,,,,,,,,,,,,,,,43,,,,67,
438708,41,60,37,,,,,,50,40,,,,16,,,,,,,,,,,,,,,,,29,,,,75,
438735,59,62,0,,100,,100,25,50,67,,,,,,,,,,,,,,,,,,,,,56,,100,,33,
438984,61,,,,,,,,,,,,,,,,,,,,,,,,,,,,,,62,,,,50,
439118,45,53,43,67,17,,17,0,31,51,0,57,0,2,,,,,,,,,,,,,,,,,44,,64,,42,
439190,41,35,48,100,36,38,0,20,39,40,54,38,,28,,,,,,,,,,,,,,,,,44,,17,,41,
439367,69,43,79,,56,55,100,63,66,85,,79,,,,,,,,,,,,,,,,,,,80,,67,,30,
439455,86,,,,,,,,,,,,,,,,,,,,,,,,,,,,,,100,,0,,,
439473,51,,,,,,,,,,,,,3,,,,,,,,,,,,,,,,,50,,75,,55,
439491,39,44,38,0,0,0,,34,25,49,,,,,,,,,,,,,,,,,,,,,30,,80,,74,
439570,78,71,78,64,100,100,,70,84,83,76,90,,,,,,,,,,,,,,,,,,,77,,82,,80,
439622,83,,,,,,,,,,,,,,,,,,,,,,,,,,,,,,91,,100,,0,
439668,83,,,,,,,,,,,,,,,,,,,,,,,,,,,,,,75,,75,,86,
439686,97,,,,,,,,,,,,,,,,,,,,,,,,,,,,,,100,,0,,,
439701,40,20,50,,,,,100,20,38,,,100,7,27,27,27,0,43,,,,,,20,33,,,,9,20,25,40,33,60,25
439738,45,62,39,,0,0,,48,75,31,0,0,,,,,,,,,,,,,,,,,,,45,,33,,50,
439747,93,,,,,,,,,,,,,,,,,,,,,,,,,,,,,,82,,,,93,
439774,80,,,,,,,,,,,,,,,,,,,,,,,,,,,,,,80,,75,,,
439792,35,33,35,,43,43,,27,64,34,50,,,,,,,,,,,,,,,,,,,,33,,17,,86,
439844,87,,,,,,,,,,,,,,,,,,,,,,,,,,,,,,71,,100,,100,
439862,50,0,100,,50,,50,,,,,,,50,0,100,100,,100,,100,,100,,,,,,,,0,,,,100,100
439871,77,100,76,,100,100,,,75,67,,,,,,,,,,,,,,,,,,,,,77,,75,,,
439899,47,38,56,,,,,0,100,47,,,,6,,,,,,,,,,,,,,,,,55,,100,,35,
439932,94,,,,,,,,,,,,,,,,,,,,,,,,,,,,,,95,,50,,,
439969,79,54,100,,,,,100,71,80,,,100,,11,11,14,8,19,,,,,33,14,11,,,0,,100,0,83,0,58,36
440059,52,53,40,100,100,100,,40,67,47,79,,100,,,,,,,,,,,,,,,,,,51,,61,,47,
440101,45,,,,,,,,,,,,,,,,,,,,,,,,,,,,,,44,,0,,100,
440262,65,64,86,25,75,80,0,54,71,86,0,82,,,,,,,,,,,,,,,,,,,65,,47,,91,
440271,27,30,23,,0,0,,28,100,7,,,,,,,,,,,,,,,,,,,,,25,,50,,40,
440396,70,61,80,100,,,,,,86,100,30,,,48,48,52,50,54,100,,,,,,76,100,0,,,,,,,70,52
440402,42,50,34,,100,100,,26,39,46,60,25,0,9,,,,,,,,,,,,,,,,,37,,60,,48,
440651,43,31,47,,,,,,43,,,,,1,39,39,39,0,60,,,,,,39,,,,,,43,37,,,20,100
440730,82,,,,,,,,,,,,,,,,,,,,,,,,,,,,,,97,,86,,4,
440776,48,60,46,,0,0,,33,59,43,,,,,,,,,,,,,,,,,,,,,52,,,,33,
440794,34,8,45,,,,,0,32,0,,,39,16,0,5,5,0,9,,,,,,17,0,,,0,32,23,13,,,57,0
440828,51,45,57,0,0,0,,,67,58,33,0,0,26,33,47,51,45,57,0,0,0,,,67,58,33,0,0,26,47,47,100,100,45,45
440855,55,,,,,,,,,,,,,,,,,,,,,,,,,,,,,,55,,100,,56,
440989,34,,,,,,,,,,,,,,,,,,,,,,,,,,,,,,33,,50,,50,
441025,66,85,50,,,,,68,25,66,43,100,,,,,,,,,,,,,,,,,,,32,,100,,93,
441052,70,71,70,67,70,70,67,78,70,65,71,0,,0,,,,,,,,,,,,,,,,,69,,71,,78,
441070,0,,0,0,,,,,,,,,,,,,,,,,,,,,,,,,,,,,,,0,
441168,72,,72,,100,,100,50,100,60,,,,,,,,,,,,,,,,,,,,,60,,100,,83,
441210,60,,,,,,,,,,,,,,,,,,,,,,,,,,,,,,57,,,,61,
441229,49,47,49,100,60,0,75,22,57,48,,31,,,25,25,25,,25,,,,,,25,,,,,,50,25,75,,15,
441256,75,,,,,,,,,,,,,,,,,,,,,,,,,,,,,,75,,100,,60,
441371,56,52,56,49,59,74,46,51,59,61,68,64,,,,,,,,,,,,,,,,,,,53,,,,93,
441380,72,,,,,,,,,,,,,,,,,,,,,,,,,,,,,,78,,100,,68,
441414,21,,,,,,,,,,,,,,,,,,,,,,,,,,,,,,83,,,,18,
441423,80,63,84,,,,,67,80,0,,,,0,,,,,,,,,,,,,,,,,81,,100,,20,
441487,33,,33,,,,,,,33,,,,,,,,,,,,,,,,,,,,,0,,,,100,
441496,46,48,33,,,,,17,100,58,33,33,,,,,,,,,,,,,,,,,,,33,,60,,100,
441502,28,,,,,,,,,,,,,,,,,,,,,,,,,,,,,,23,,0,,82,
441575,84,,,,,,,,,,,,,,,,,,,,,,,,,,,,,,84,,,,,
441593,67,,,,,,,,,,,,,,,,,,,,,,,,,,,,,,50,,,,100,
441618,83,,,,,,,,,,,,,,,,,,,,,,,,,,,,,,75,,,,100,
441636,55,50,56,,,,,57,100,0,0,,,,,,,,,,,,,,,,,,,,50,,,,100,
441645,81,100,81,,100,,100,88,100,78,100,,,2,,,,,,,,,,,,,,,,,74,,86,,92,
441663,74,67,74,83,83,100,50,64,72,76,62,71,,0,,,,,,,,,,,,,,,,,73,,82,,70,
441672,97,,,,,,,,,,,,,,,,,,,,,,,,,,,,,,100,,67,,,
441690,14,18,0,,,,,,14,,,,,,20,20,40,40,,,,,,,40,,,,,,40,40,,,0,
441706,56,,,,,,,,,,,,,,,,,,,,,,,,,,,,,,58,,,,52,
441742,49,47,50,50,40,40,,36,78,59,0,54,,,,,,,,,,,,,,,,,,,49,,58,,46,
441760,27,38,16,33,46,46,,17,32,28,30,67,,10,,,,,,,,,,,,,,,,,28,,42,,26,
441788,56,56,57,100,50,100,0,38,33,73,67,100,,,,,,,,,,,,,,,,,,,57,,36,,75,
441830,82,,,,,,,,,,,,,,,,,,,,,,,,,,,,,,100,,0,,,
441858,80,100,80,100,100,100,,59,86,100,100,100,,,,,,,,,,,,,,,,,,,77,,100,,,
441876,61,,,,,,,,,,,,,3,,,,,,,,,,,,,,,,,48,,,,80,
441900,31,19,36,0,32,28,50,39,30,35,25,30,,25,12,24,31,19,36,0,32,28,50,39,30,35,25,30,,25,31,31,12,12,33,33
441937,53,49,56,0,66,66,67,39,53,51,57,80,50,6,28,47,53,49,56,0,66,66,67,39,53,51,57,80,50,6,53,53,54,54,54,54
441982,92,87,98,,100,100,,83,86,92,83,100,100,,73,91,92,87,98,,100,100,,83,86,92,83,100,100,,82,82,94,94,93,93
442073,56,,,,,,,,,,,,,,,,,,,,,,,,,,,,,,52,,71,,73,
442134,66,65,67,50,70,100,25,39,77,71,50,75,,1,,,,,,,,,,,,,,,,,62,,84,,71,
442240,86,,,,,,,,,,,,,,,,,,,,,,,,,,,,,,82,,83,,95,
442329,74,,,,,,,,,,,,,,,,,,,,,,,,,,,,,,72,,78,,80,
442356,67,77,65,,60,60,,100,56,68,50,100,,22,85,85,85,83,86,,,,,,100,81,100,100,,5,56,88,70,50,78,100
442383,61,83,55,,,,,,,61,,,,,,,,,,,,,,,,,,,,,57,,100,,75,
442426,74,50,76,,100,100,,73,100,71,100,,,,,,,,,,,,,,,,,,,,79,,100,,64,
442435,18,50,13,,,,,0,25,0,,,,,,,,,,,,,,,,,,,,,20,,,,0,
442444,66,65,67,50,50,50,,54,69,64,50,45,,0,,,,,,,,,,,,,,,,,63,,83,,65,
442523,12,0,16,8,0,,0,,100,,25,,,5,,,,,,,,,,,,,,,,,10,,,,25,
442569,24,32,20,100,75,67,100,15,42,43,24,28,40,1,20,25,25,29,21,0,50,50,,10,40,41,22,32,50,2,19,19,45,39,,
442602,54,42,56,49,50,,50,33,52,58,100,75,100,,,,,,,,,,,,,,,,,,58,,20,,48,
442611,56,57,47,50,86,86,,39,56,61,58,50,,1,,,,,,,,,,,,,,,,,52,,65,,63,
442639,78,78,,,,,,,,,,,78,11,0,0,78,78,,,,,,,,,,,78,11,,,,,78,78
442657,57,,,,,,,,,,,,,,,,,,,,,,,,,,,,,,61,,86,,38,
442781,10,5,12,11,,,,0,,0,,0,,,,,,,,,,,,,,,,,,,7,,,,11,
442842,68,44,79,,100,100,,80,0,78,40,75,,,,,,,,,,,,,,,,,,,58,,67,,77,
442879,69,52,70,67,90,83,100,58,68,72,,65,,22,,,,,,,,,,,,,,,,,92,,94,,25,
442888,70,,,,,,,,,,,,,,,,,,,,,,,,,,,,,,79,,73,,0,
442930,71,77,68,40,75,75,,71,72,73,69,70,0,,36,50,50,30,67,0,100,100,,75,38,50,,67,0,,65,52,73,40,76,33
442976,9,,,,,,,,,,,,,,,,,,,,,,,,,,,,,,4,,,,33,
442985,60,,,,,,,,,,,,,,,,,,,,,,,,,,,,,,61,,58,,,
443021,78,,,,,,,,,,,,,,,,,,,,,,,,,,,,,,80,,100,,57,
443049,67,50,100,,50,50,,100,,,,,,33,67,67,67,50,100,,50,50,,100,,,,,,33,,,100,100,50,50
443058,25,0,50,0,,,,,0,50,,,,,25,25,25,0,50,0,,,,,0,50,,,,,25,25,,,,
443100,20,,,,,,,,,,,,,,,,,,,,,,,,,,,,,,21,,,,0,
443137,43,,,,,,,,,,,,,,,,,,,,,,,,,,,,,,33,,61,,56,
443146,55,,,,,,,,,,,,,,,,,,,,,,,,,,,,,,55,,,,,
443207,78,,,,,,,,,,,,,,,,,,,,,,,,,,,,,,77,,100,,75,
443216,58,,,,,,,,,,,,,,,,,,,,,,,,,,,,,,61,,60,,25,
443225,55,,,,,,,,,,,,,,,,,,,,,,,,,,,,,,67,,100,,25,
443234,72,,,,,,,,,,,,,,,,,,,,,,,,,,,,,,76,,33,,50,
443252,75,,,,,,,,,,,,,,,,,,,,,,,,,,,,,,100,,28,,,
443261,70,0,77,,,,,63,100,73,,80,,3,,,,,,,,,,,,,,,,,70,,100,,33,
443289,56,,,,,,,,,,,,,,,,,,,,,,,,,,,,,,65,,76,,46,
443298,46,,,,,,,,,,,,,,,,,,,,,,,,,,,,,,45,,50,,,
443322,88,,,,,,,,,,,,,,,,,,,,,,,,,,,,,,100,,100,,48,
443331,44,0,67,,50,50,,0,67,33,,,,,33,33,44,0,67,,50,50,,0,67,33,,,,,50,50,50,50,0,0
443340,50,67,33,,0,0,,100,,33,100,,,50,0,50,50,67,33,,0,0,,100,,33,100,,,50,50,50,100,100,33,33
443377,77,77,,,,,,,0,91,0,,,,,,,,,,,,,,,,,,,,63,,100,,100,
443410,52,52,51,,58,58,,25,29,53,67,60,35,,42,50,52,52,51,,58,58,,25,29,53,67,60,35,,53,53,51,51,51,51
443492,39,41,37,0,0,0,,0,0,41,60,0,,7,,,,,,,,,,,,,,,,,0,,0,,72,
443562,52,58,50,,,,,,52,,,,,6,4,4,16,16,17,,,,,,16,,,,,6,56,15,,,25,25
443571,81,82,71,,,,,70,86,40,,100,,,,,,,,,,,,,,,,,,,91,,0,,,
443632,70,,,,,,,,,,,,,,,,,,,,,,,,,,,,,,77,,31,,,
443641,52,,,,,,,,,,,,,,,,,,,,,,,,,,,,,,37,,67,,73,
443650,58,58,58,,0,0,,42,33,64,56,40,,,,,,,,,,,,,,,,,,,36,,75,,66,
443669,62,,,,,,,,,,,,,,,,,,,,,,,,,,,,,,59,,100,,50,
443696,34,17,42,,,,,20,46,60,,,,,,,,,,,,,,,,,,,,,34,,,,33,
443766,0,0,0,,,,,0,,,,,,,0,0,0,0,0,,,,,0,,,,,,,,,,,0,0
443951,86,,,,,,,,,,,,,,,,,,,,,,,,,,,,,,86,,,,,
443979,67,,,,,,,,,,,,,,,,,,,,,,,,,,,,,,60,,63,,100,
444051,84,100,83,,100,100,,81,,81,,100,,,,,,,,,,,,,,,,,,,74,,100,,89,
444088,65,40,69,57,,,,50,65,71,,100,,,0,0,0,,0,,,,,,,0,,,,,65,0,75,,50,
444194,100,,,,,,,,,,,,,,,,,,,,,,,,,,,,,,100,,,,,
444219,40,38,41,100,50,48,67,22,35,40,40,42,,11,,,,,,,,,,,,,,,,,39,,0,,40,
444228,69,,,,,,,,,,,,,,,,,,,,,,,,,,,,,,70,,67,,,
444264,90,,,,,,,,,,,,,,,,,,,,,,,,,,,,,,100,,,,59,
444282,36,,,,,,,,,,,,,,,,,,,,,,,,,,,,,,38,,0,,50,
444291,37,,,,,,,,,,,,,,,,,,,,,,,,,,,,,,35,,67,,0,
444307,53,,,,,,,,,,,,,,,,,,,,,,,,,,,,,,48,,75,,67,
444325,20,50,0,,,,,,20,,,,,,,,,,,,,,,,,,,,,,,,,,20,
444334,100,100,100,,,,,,100,,,,,,,,,,,,,,,,,,,,,,100,,100,,,
444361,86,83,88,,100,100,,90,89,80,,,,,,,,,,,,,,,,,,,,,88,,78,,,
444370,87,,,,,,,,,,,,,,,,,,,,,,,,,,,,,,100,,100,,25,
444398,27,0,43,,,,,,13,67,,,,18,10,10,20,0,33,,,,,,13,50,,,,20,22,13,,,50,50
444404,90,,,,,,,,,,,,,,,,,,,,,,,,,,,,,,90,,,,,
444413,18,18,,,,,,,,18,,,,82,9,18,18,18,,,,,,,,18,,,,82,0,0,,,21,21
444440,71,,,,,,,,,,,,,,,,,,,,,,,,,,,,,,86,,0,,0,
444468,78,,,,,,,,,,,,,,,,,,,,,,,,,,,,,,71,,100,,,
444486,50,,,,,,,,,,,,,,,,,,,,,,,,,,,,,,30,,67,,80,
444510,32,,,,,,,,,,,,,,,,,,,,,,,,,,,,,,45,,,,18,
444529,82,,,,,,,,,,,,,,,,,,,,,,,,,,,,,,79,,100,,83,
444556,57,56,59,100,60,75,0,49,66,63,57,31,100,3,,,,,,,,,,,,,,,,,51,,64,,72,
444565,58,66,48,,0,0,,41,78,57,0,100,,,,,,,,,,,,,,,,,,,55,,80,,56,
444583,77,,,,,,,,,,,,,,,,,,,,,,,,,,,,,,72,,100,,100,
444635,79,,,,,,,,,,,,,,,,,,,,,,,,,,,,,,70,,85,,93,
444662,100,,,,,,,,,,,,,,,,,,,,,,,,,,,,,,100,,,,,
444671,80,,,,,,,,,,,,,,,,,,,,,,,,,,,,,,80,,,,,
444714,45,35,46,,50,50,,41,32,62,40,59,,,,,,,,,,,,,,,,,,,45,,50,,47,
444732,22,,,,,,,,,,,,,,,,,,,,,,,,,,,,,,22,,,,,
444778,0,,0,,,,,0,,,,,,,0,0,0,,0,,,,,0,,,,,,,,,,,0,0
444787,45,60,43,,100,100,,0,40,45,,0,,,8,17,17,0,20,,100,100,,0,100,0,,,,,45,13,57,33,0,0
444811,33,100,32,,,,,28,100,100,,100,,,,,,,,,,,,,,,,,,,100,,100,,0,
444857,74,,,,,,,,,,,,,,,,,,,,,,,,,,,,,,63,,100,,83,
444866,52,50,53,,,,,51,100,50,,0,,,,,,,,,,,,,,,,,,,47,,100,,78,
444936,87,,,,,,,,,,,,,,,,,,,,,,,,,,,,,,91,,100,,72,
444945,64,,,,,,,,,,,,,,,,,,,,,,,,,,,,,,58,,76,,79,
444954,17,23,13,0,,,,0,0,19,0,14,,8,,,,,,,,,,,,,,,,,17,,33,,14,
445027,21,25,20,0,0,0,,20,100,19,29,22,,,15,15,16,15,17,0,0,0,,16,100,19,0,16,,,19,15,33,33,47,27
445133,45,80,17,100,,,,,100,100,,25,,,57,57,57,75,33,100,,,,,100,,,40,,,57,75,0,0,33,50
445188,69,66,72,50,77,77,86,73,66,70,64,81,73,22,49,66,69,66,72,50,77,77,86,73,66,70,64,81,73,22,70,70,67,67,69,69
445203,51,47,52,,50,100,0,45,55,67,60,,,,,,,,,,,,,,,,,,,,50,,75,,33,
445212,60,,,,,,,,,,,,,,,,,,,,,,,,,,,,,,42,,100,,79,
445230,49,56,48,,55,55,57,25,57,57,42,,,0,,,,,,,,,,,,,,,,,47,,68,,50,
445249,58,48,62,100,100,100,,48,76,70,54,50,,,,,,,,,,,,,,,,,,,59,,71,,47,
445267,0,0,0,,,,,,,0,0,,,67,0,0,0,0,0,,,,,,,0,0,,,67,0,0,,,0,0
445364,66,61,67,83,76,81,60,51,58,74,71,,,,,,,,,,,,,,,,,,,,65,,71,,70,
445498,83,,,,,,,,,,,,,,,,,,,,,,,,,,,,,,95,,,,0,
445540,63,,,,,,,,,,,,,,,,,,,,,,,,,,,,,,57,,100,,,
445647,74,,,,,,,,,,,,,,,,,,,,,,,,,,,,,,69,,80,,83,
445656,87,,,,,,,,,,,,,,,,,,,,,,,,,,,,,,82,,100,,100,
445692,57,55,68,75,50,67,0,50,65,55,50,50,,,48,51,51,50,63,75,50,67,0,50,58,49,50,50,,,58,54,57,50,44,39
445708,52,48,54,0,45,45,,44,55,62,100,49,100,18,30,33,34,29,36,0,27,27,,30,35,41,0,24,67,20,46,29,63,42,67,44
445744,59,69,55,,39,,39,58,69,69,73,25,,,,,,,,,,,,,,,,,,,57,,67,,80,
445762,40,40,,,0,0,,33,0,100,33,,,,,,,,,,,,,,,,,,,,36,,25,,60,
445780,83,,,,,,,,,,,,,,,,,,,,,,,,,,,,,,81,,,,100,
445799,54,55,35,100,75,75,,42,59,57,43,50,,1,,,,,,,,,,,,,,,,,51,,60,,65,
445841,75,,,,,,,,,,,,,,,,,,,,,,,,,,,,,,64,,60,,88,
445850,63,,,,,,,,,,,,,6,,,,,,,,,,,,,,,,,61,,75,,63,
445911,55,67,50,,89,100,0,49,54,67,52,58,,,,,,,,,,,,,,,,,,,52,,66,,67,
445948,67,53,69,60,81,95,53,48,77,76,62,75,100,,,,,,,,,,,,,,,,,,64,,75,,84,
446048,55,45,68,100,100,100,,28,43,59,,58,60,,49,54,55,45,68,100,100,100,,28,43,59,,58,60,,41,41,56,56,62,62
446084,50,,,,,,,,,,,,,,,,,,,,,,,,,,,,,,0,,100,,,
446093,56,,,,,,,,,,,,,,,,,,,,,,,,,,,,,,58,,100,,27,
446109,42,67,39,,33,33,,41,48,41,0,,,,,,,,,,,,,,,,,,,,35,,25,,100,
446118,72,88,68,,79,80,75,84,62,54,0,,87,,,,,,,,,,,,,,,,,,83,,40,,47,
446127,63,33,67,,,,,80,67,53,100,,,7,,,,,,,,,,,,,,,,,68,,0,,100,
446163,9,7,23,0,0,0,0,5,9,50,0,,,68,,,,,,,,,,,,,,,,,9,,,,0,
446206,64,,,,,,,,,,,,,,,,,,,,,,,,,,,,,,56,,100,,,
446233,37,28,48,0,100,100,,10,43,39,0,,75,29,29,32,32,29,38,0,100,100,,14,50,33,,,33,21,17,20,67,50,63,50
446242,63,,,,,,,,,,,,,,,,,,,,,,,,,,,,,,62,,100,,,
446251,98,,,,,,,,,,,,,,,,,,,,,,,,,,,,,,100,,,,97,
446260,81,,,,,,,,,,,,,,,,,,,,,,,,,,,,,,77,,84,,86,
446288,86,,,,,,,,,,,,,,,,,,,,,,,,,,,,,,67,,100,,100,
446303,87,100,84,,100,100,,71,100,100,,,,13,,,,,,,,,,,,,,,,,,,,,87,
446349,100,,,,,,,,,,,,,,,,,,,,,,,,,,,,,,100,,,,100,
446385,47,48,46,,50,50,50,67,33,29,50,,86,3,30,40,40,44,33,,50,,50,50,33,9,50,,86,3,55,50,0,0,46,39
446516,75,,,,,,,,,,,,,,,,,,,,,,,,,,,,,,75,,,,,
446525,46,46,43,50,83,88,75,37,57,65,47,38,,,58,58,58,58,,,,,,67,0,60,,,,,42,58,70,,48,
446552,55,56,55,36,75,70,83,52,54,59,33,50,100,1,,,,,,,,,,,,,,,,,55,,65,,50,
446561,77,78,77,63,77,77,75,63,78,75,,81,,,82,82,82,80,83,,100,100,,0,75,100,,83,,,77,75,81,100,74,80
446598,100,,100,,,,,,,100,,,,,,,,,,,,,,,,,,,,,100,,,,,
446604,78,78,,,,,,,0,80,,,,3,0,72,78,78,,,,,,,0,80,,,,3,79,79,,,75,75
446640,43,44,43,0,100,100,100,38,56,46,33,33,0,4,26,40,43,44,42,0,100,100,100,38,56,44,33,33,0,4,40,40,53,53,51,49
446774,41,49,34,0,0,,0,12,33,47,25,0,,12,,,,,,,,,,,,,,,,,30,,29,,56,
447014,72,100,70,,,,,54,100,78,100,0,,3,,,,,,,,,,,,,,,,,77,,100,,25,
447023,67,,,,,,,,,,,,,,,,,,,,,,,,,,,,,,63,,75,,91,
447148,57,,,,,,,,,,,,,,,,,,,,,,,,,,,,,,53,,83,,100,
447166,73,,,,,,,,,,,,,,,,,,,,,,,,,,,,,,71,,0,,100,
447175,41,,,,,,,,,,,,,,,,,,,,,,,,,,,,,,35,,100,,,
447263,47,80,33,,0,0,,,50,50,,,,12,50,50,50,,50,,,,,,,50,,,,,100,100,,,40,0
447351,61,70,51,60,71,68,83,64,59,57,100,100,100,1,,,,,,,,,,,,,,,,,58,,78,,62,
447421,68,50,71,50,,,,100,,68,,,,,64,64,64,50,67,50,,,,100,,63,,,,,74,71,67,67,33,0
447449,97,,,,,,,,,,,,,,,,,,,,,,,,,,,,,,97,,,,,
447467,70,,,,,,,,,,,,,,,,,,,,,,,,,,,,,,64,,60,,87,
447582,30,32,28,50,,,,60,0,29,25,,,18,,,,,,,,,,,,,,,,,38,,100,,21,
447591,60,48,61,75,78,78,,44,71,68,50,51,67,,,,,,,,,,,,,,,,,,62,,66,,33,
447607,65,,,,,,,,,,,,,1,,,,,,,,,,,,,,,,,63,,74,,85,
447616,65,,,,,,,,,,,,,1,,,,,,,,,,,,,,,,,63,,80,,85,
447689,20,17,22,0,22,22,13,16,22,23,15,32,25,37,6,15,20,17,22,0,22,22,13,16,22,23,15,32,25,37,19,19,18,18,22,22
447704,73,,,,,,,,,,,,,,,,,,,,,,,,,,,,,,74,,60,,73,
447713,100,100,100,,100,100,,100,100,100,,,,,,,,,,,,,,,,,,,,,100,,100,,,
447722,80,,,,,,,,,,,,,,,,,,,,,,,,,,,,,,89,,0,,,
447731,85,,,,,,,,,,,,,,,,,,,,,,,,,,,,,,84,,,,86,
447759,73,83,60,,,,,100,75,100,0,,,,,,,,,,,,,,,,,,,,60,,67,,100,
447768,62,66,61,57,79,81,63,49,63,66,49,63,,1,,,,,,,,,,,,,,,,,60,,72,,80,
447777,86,83,100,,100,100,,67,100,100,,,,,,,,,,,,,,,,,,,,,75,,,,100,
447795,97,,,,,,,,,,,,,,,,,,,,,,,,,,,,,,100,,100,,97,
447810,70,,,,,,,,,,,,,15,,,,,,,,,,,,,,,,,72,,73,,65,
447847,58,57,71,0,59,59,,0,75,59,,,,2,,,,,,,,,,,,,,,,,14,,33,,97,
447865,80,,,,,,,,,,,,,,,,,,,,,,,,,,,,,,100,,,,50,
447883,64,,,,,,,,,,,,,,,,,,,,,,,,,,,,,,57,,100,,82,
447892,75,,,,,,,,,,,,,,,,,,,,,,,,,,,,,,71,,100,,86,
447908,83,,,,,,,,,,,,,,,,,,,,,,,,,,,,,,83,,,,,
447917,79,,,,,,,,,,,,,,,,,,,,,,,,,,,,,,74,,100,,86,
447935,33,0,34,,,,,18,0,57,0,0,,19,,,,,,,,,,,,,,,,,100,,100,,0,
447953,46,54,41,,0,,0,40,31,54,100,100,0,,42,46,46,54,41,,0,,0,40,31,54,100,100,0,,47,47,67,67,40,40
447962,41,,,,,,,,,,,,,,,,,,,,,,,,,,,,,,39,,67,,43,
447971,83,,,,,,,,,,,,,9,,,,,,,,,,,,,,,,,78,,100,,,
447980,23,,,,,,,,,,,,,,,,,,,,,,,,,,,,,,100,,,,9,
447999,60,44,64,,100,,100,58,25,65,100,,,,,,,,,,,,,,,,,,,,67,,100,,0,
448026,79,100,78,0,100,100,,50,100,80,100,,,,,,,,,,,,,,,,,,,,65,,86,,84,
448071,71,,,,,,,,,,,,,,,,,,,,,,,,,,,,,,70,,,,73,
448123,59,,,,,,,,,,,,,,,,,,,,,,,,,,,,,,58,,100,,,
448196,69,67,69,,100,100,,57,71,100,50,,,,,,,,,,,,,,,,,,,,43,,,,93,
448220,72,,,,,,,,,,,,,,,,,,,,,,,,,,,,,,0,,0,,100,
448248,78,,,,,,,,,,,,,,,,,,,,,,,,,,,,,,69,,,,79,
448257,90,,,,,,,,,,,,,,,,,,,,,,,,,,,,,,92,,0,,100,
448275,78,,,,,,,,,,,,,,,,,,,,,,,,,,,,,,90,,,,0,
448372,73,67,78,,75,50,100,100,100,67,,,,,,,,,,,,,,,,,,,,,83,,100,,50,
448424,79,,,,,,,,,,,,,,,,,,,,,,,,,,,,,,63,,100,,100,
448433,58,58,53,14,67,68,60,67,64,57,63,38,,0,,,,,,,,,,,,,,,,,57,,64,,57,
448594,40,31,46,0,69,69,,25,39,39,22,63,,9,,,,,,,,,,,,,,,,,38,,,,42,
448600,41,33,42,0,,,,26,25,52,,,,,,,,,,,,,,,,,,,,,42,,55,,25,
448646,68,,,,,,,,,,,,,,,,,,,,,,,,,,,,,,58,,73,,95,
448673,40,44,40,,25,0,100,33,50,45,33,39,,,,,,,,,,,,,,,,,,,35,,78,,43,
448770,67,67,71,,60,60,,52,60,75,82,0,,,,,,,,,,,,,,,,,,,62,,70,,84,
448798,40,,,,,,,,,,,,,,,,,,,,,,,,,,,,,,40,,0,,67,
448859,75,75,,,,,,50,80,76,,,,,,,,,,,,,,,,,,,,,62,,88,,86,
448895,58,,,,,,,,,,,,,,,,,,,,,,,,,,,,,,55,,75,,67,
449038,0,,0,,,,,,,,,0,,100,0,0,0,,0,,,,,,,,,0,,100,,,,,0,0
449074,61,69,59,50,74,80,63,22,72,65,50,100,,1,,,,,,,,,,,,,,,,,51,,79,,69,
449083,87,87,100,,,,,63,89,50,,,,,,,,,,,,,,,,,,,,,94,,58,,0,
449092,89,89,100,,0,0,,92,89,100,,,,,,,,,,,,,,,,,,,,,89,,,,,
449135,71,56,74,,,,,,71,,,,,,8,17,33,22,36,,,,,,33,,,,,,69,33,,,100,33
449250,56,60,56,50,83,100,75,40,57,63,69,41,,,,,,,,,,,,,,,,,,,60,,63,,36,
449311,39,,,,,,,,,,,,,,,,,,,,,,,,,,,,,,32,,100,,67,
449320,59,,,,,,,,,,,,,,,,,,,,,,,,,,,,,,57,,68,,59,
449339,53,51,56,0,57,53,75,55,51,51,73,56,73,,32,39,41,40,44,0,50,50,50,43,41,39,64,42,67,,47,39,56,45,59,44
449348,0,0,,,,,,,,0,,,,,0,0,0,0,,,,,,,,0,,,,,0,0,,,,
449357,100,,,,,,,,,,,,,,,,,,,,,,,,,,,,,,100,,100,,,
449384,67,71,50,,100,100,,,100,50,0,100,50,33,60,60,60,67,50,,,,,,100,50,0,100,,40,100,100,50,0,50,50
449393,84,,,,,,,,,,,,,,,,,,,,,,,,,,,,,,78,,100,,100,
449445,79,86,78,,100,100,,50,72,91,,,,,,,,,,,,,,,,,,,,,76,,100,,82,
449463,74,,,,,,,,,,,,,,,,,,,,,,,,,,,,,,75,,89,,0,
449472,93,,,,,,,,,,,,,,,,,,,,,,,,,,,,,,85,,100,,100,
449490,60,,,,,,,,,,,,,,,,,,,,,,,,,,,,,,47,,67,,79,
449506,100,100,100,,,,,,100,,,,,,,,,,,,,,,,,,,,,,100,,100,,,
449524,62,100,58,,100,100,,50,100,50,100,50,,10,,,,,,,,,,,,,,,,,25,,100,,83,
449533,66,,,,,,,,,,,,,,,,,,,,,,,,,,,,,,89,,50,,13,
449597,0,,,,,,,,,,,,,,,,,,,,,,,,,,,,,,0,,,,,
449603,79,,,,,,,,,,,,,,,,,,,,,,,,,,,,,,76,,89,,100,
449612,90,89,93,,,,,93,100,88,,,,,,,,,,,,,,,,,,,,,90,,100,,85,
449658,32,32,,,,,,,,32,,,,43,0,29,32,32,,,,,,,,32,,,,43,100,100,,,27,27
449676,71,71,71,,78,78,,67,75,31,100,,,,,,,,,,,,,,,,,,,,78,,63,,53,
449685,74,,,,,,,,,,,,,,,,,,,,,,,,,,,,,,80,,57,,55,
449700,73,,,,,,,,,,,,,,,,,,,,,,,,,,,,,,70,,100,,100,
449728,67,0,71,,100,,100,,100,55,100,0,,11,,,,,,,,,,,,,,,,,75,,100,,43,
449764,48,48,50,,,,,38,0,58,,,,3,29,43,43,43,43,,,,,0,0,53,,,,5,64,63,50,50,14,0
449773,70,,,,,,,,,,,,,,,,,,,,,,,,,,,,,,76,,78,,0,
449782,77,,,,,,,,,,,,,,,,,,,,,,,,,,,,,,75,,,,100,
449807,63,,,,,,,,,,,,,,,,,,,,,,,,,,,,,,51,,100,,,
449816,93,,,,,,,,,,,,,,,,,,,,,,,,,,,,,,100,,,,93,
449861,48,57,48,33,67,67,,36,44,63,,50,,,,,,,,,,,,,,,,,,,47,,65,,43,
449870,31,19,42,100,,,,0,24,100,,,50,29,16,31,31,19,42,100,,,,0,24,100,,,50,29,32,32,67,67,18,18
449898,5,0,6,,0,0,,20,0,0,,,,,8,8,8,,8,,0,0,,50,0,0,,,,,0,0,33,50,0,
449904,51,,,,,,,,,,,,,,,,,,,,,,,,,,,,,,48,,60,,54,
449959,65,,,,,,,,,,,,,,,,,,,,,,,,,,,,,,72,,67,,52,
449968,63,,,,,,,,,,,,,,,,,,,,,,,,,,,,,,62,,56,,66,
449977,100,,,,,,,,,,,,,,,,,,,,,,,,,,,,,,100,,100,,100,
449986,78,,,,,,,,,,,,,,,,,,,,,,,,,,,,,,68,,100,,100,
449995,83,,,,,,,,,,,,,,,,,,,,,,,,,,,,,,70,,83,,100,
450058,32,45,27,0,64,64,,26,33,43,23,33,,,,,,,,,,,,,,,,,,,31,,35,,55,
450067,41,59,30,100,63,63,,34,60,58,50,50,,,,,,,,,,,,,,,,,,,40,,31,,100,
450128,33,39,32,17,33,20,100,23,12,57,0,11,,,,,,,,,,,,,,,,,,,15,,67,,74,
450395,88,,88,,,,,100,100,88,75,100,,,,,,,,,,,,,,,,,,,78,,100,,100,
450401,75,75,75,80,91,100,50,68,73,77,82,73,,,,,,,,,,,,,,,,,,,67,,94,,,
450571,63,50,63,0,,,,,100,67,0,50,,,,,,,,,,,,,,,,,,,62,,75,,50,
450599,44,,,,,,,,,,,,,,,,,,,,,,,,,,,,,,32,,100,,86,
450605,52,,,,,,,,,,,,,,,,,,,,,,,,,,,,,,47,,100,,,
450614,44,,,,,,,,,,,,,,,,,,,,,,,,,,,,,,40,,100,,100,
450641,71,,,,,,,,,,,,,,,,,,,,,,,,,,,,,,71,,,,,
450650,91,,,,,,,,,,,,,,,,,,,,,,,,,,,,,,89,,100,,93,
450696,51,52,51,0,58,70,0,21,59,43,67,18,0,2,,,,,,,,,,,,,,,,,54,,56,,46,
450711,60,,,,,,,,,,,,,,,,,,,,,,,,,,,,,,59,,100,,100,
450720,77,,,,,,,,,,,,,,,,,,,,,,,,,,,,,,74,,88,,87,
450933,37,40,33,40,22,22,,31,27,42,25,42,,,25,29,30,31,28,0,25,25,,32,17,29,29,37,,,17,28,69,40,64,29
450951,85,,,,,,,,,,,,,,,,,,,,,,,,,,,,,,100,,100,,58,
450960,68,100,66,,100,100,,30,72,100,,100,,,,,,,,,,,,,,,,,,,68,,,,,
450988,84,,,,,,,,,,,,,,,,,,,,,,,,,,,,,,83,,,,87,
451042,83,,,,,,,,,,,,,,,,,,,,,,,,,,,,,,83,,,,,
451097,93,,,,,,,,,,,,,,,,,,,,,,,,,,,,,,100,,,,0,
451103,21,33,19,,,,,100,14,100,,,,,50,50,50,100,43,,,,,,43,100,,,,,43,50,6,0,100,100
451121,90,,,,,,,,,,,,,,,,,,,,,,,,,,,,,,86,,,,100,
451149,70,,,,,,,,,,,,,8,,,,,,,,,,,,,,,,,75,,,,47,
451158,64,,,,,,,,,,,,,2,,,,,,,,,,,,,,,,,79,,70,,42,
451167,58,,,,,,,,,,,,,6,,,,,,,,,,,,,,,,,59,,50,,50,
451194,100,,,,,,,,,,,,,,,,,,,,,,,,,,,,,,100,,100,,,
451228,63,65,55,100,,,,45,40,71,67,,,,,,,,,,,,,,,,,,,,62,,71,,70,
451237,71,,,,,,,,,,,,,,,,,,,,,,,,,,,,,,64,,83,,79,
451255,84,,,,,,,,,,,,,,,,,,,,,,,,,,,,,,93,,73,,,
451282,78,,,,,,,,,,,,,,,,,,,,,,,,,,,,,,80,,75,,77,
451307,75,,,,,,,,,,,,,,,,,,,,,,,,,,,,,,100,,100,,33,
451316,69,,,,,,,,,,,,,,,,,,,,,,,,,,,,,,65,,100,,100,
451334,60,,,,,,,,,,,,,,,,,,,,,,,,,,,,,,61,,,,60,
451343,29,,,,,,,,,,,,,,,,,,,,,,,,,,,,,,25,,,,38,
451352,60,62,60,100,50,67,0,52,100,73,,73,,1,,,,,,,,,,,,,,,,,51,,71,,76,
451370,14,14,,,,,,,,14,,,,43,0,14,14,14,,,,,,,,14,,,,43,50,50,,,0,0
451398,27,27,,,,,,,,28,,,17,,5,27,27,27,,,,,,,,28,,,17,,26,26,,,28,28
451404,43,43,,,,,,,,43,,,,25,0,43,43,43,,,,,,,,43,,,,25,44,44,,,0,0
451413,25,100,14,,,,,0,0,33,,,,13,,,,,,,,,,,,,,,,,0,,,,29,
451468,71,,,,,,,,,,,,,,,,,,,,,,,,,,,,,,64,,100,,63,
451477,74,74,74,83,84,77,100,69,76,77,76,43,,,,,,,,,,,,,,,,,,,72,,78,,84,
451495,56,,,,,,,,,,,,,1,,,,,,,,,,,,,,,,,55,,100,,0,
451501,78,,,,,,,,,,,,,,,,,,,,,,,,,,,,,,78,,,,,
451529,72,,,,,,,,,,,,,,,,,,,,,,,,,,,,,,72,,,,,
451547,90,,,,,,,,,,,,,,,,,,,,,,,,,,,,,,100,,0,,,
451556,66,72,63,,67,50,100,53,69,38,,25,,,60,60,60,54,64,,,,,75,58,80,,,,,65,60,,,78,60
451565,65,,,,,,,,,,,,,,,,,,,,,,,,,,,,,,66,,50,,67,
451574,89,,,,,,,,,,,,,1,,,,,,,,,,,,,,,,,79,,100,,97,
451583,85,,,,,,,,,,,,,,,,,,,,,,,,,,,,,,79,,,,88,
451626,89,,,,,,,,,,,,,,,,,,,,,,,,,,,,,,100,,81,,0,
451714,88,,,,,,,,,,,,,,,,,,,,,,,,,,,,,,97,,60,,83,
451750,23,18,26,50,50,50,,16,20,30,44,,,6,27,36,36,67,25,0,0,0,,100,,33,50,,,9,21,25,33,33,30,50
451857,58,33,62,,,,,39,78,68,0,,,1,,,,,,,,,,,,,,,,,58,,67,,75,
451866,26,32,25,0,0,0,,23,33,34,0,29,,,0,0,67,50,100,,,,,67,,,,,,,25,100,33,,38,0
451918,74,,,,,,,,,,,,,2,,,,,,,,,,,,,,,,,68,,100,,83,
451927,65,66,65,,100,100,100,,0,65,,67,,16,55,65,65,66,65,,100,100,100,,0,65,,67,,16,,,,,65,65
452009,66,0,68,100,,,,0,,59,100,,,,,,,,,,,,,,,,,,,,57,,60,,80,
452072,86,,,,,,,,,,,,,,,,,,,,,,,,,,,,,,88,,86,,83,
452081,42,22,43,,67,67,,26,54,52,30,49,33,1,,,,,,,,,,,,,,,,,40,,63,,42,
452106,63,63,,,,,,,63,,,,,,,,,,,,,,,,,,,,,,71,,,,0,
452124,52,64,47,0,83,83,,49,61,53,40,25,,,,,,,,,,,,,,,,,,,50,,50,,71,
452373,71,75,70,,,,,50,,78,100,,,,,,,,,,,,,,,,,,,,75,,67,,,
452887,90,,,,,,,,,,,,,,,,,,,,,,,,,,,,,,93,,88,,89,
452948,55,50,56,,100,100,,71,0,52,0,100,,,,,,,,,,,,,,,,,,,52,,71,,50,
453163,17,0,50,,,,,33,0,0,,,,,0,0,0,0,0,,,,,0,,0,,,,,0,0,,,25,0
453215,0,0,0,,,,,0,,0,,,,75,0,0,0,0,0,,,,,0,,0,,,,75,0,0,,,0,0
453756,62,,,,,,,,,,,,,,,,,,,,,,,,,,,,,,63,,50,,,
453792,78,75,78,,100,100,,79,,67,,,,,,,,,,,,,,,,,,,,,78,,80,,75,
454227,50,50,50,,67,67,,0,0,56,,100,,10,50,50,50,50,50,,67,67,,0,0,56,,100,,10,36,36,60,60,75,75
454236,0,,0,,,,,,,0,0,,,20,0,0,0,,0,,,,,,,0,0,,,20,0,0,0,0,,
454245,67,,67,,,,,,,67,,,,,67,67,67,,67,,,,,,,67,,,,,50,50,100,100,,
454537,88,,88,,100,100,,100,,86,,,,,,,,,,,,,,,,,,,,,75,,100,,100,
454546,44,,,,,,,,,,,,,,,,,,,,,,,,,,,,,,40,,62,,44,
454555,63,,,,,,,,,,,,,,,,,,,,,,,,,,,,,,59,,74,,67,
454607,77,,,,,,,,,,,,,,,,,,,,,,,,,,,,,,76,,71,,82,
454652,64,,,,,,,,,,,,,,,,,,,,,,,,,,,,,,74,,20,,,
454698,77,,,,,,,,,,,,,,,,,,,,,,,,,,,,,,77,,100,,100,
454722,71,,,,,,,,,,,,,,,,,,,,,,,,,,,,,,57,,,,86,
454759,80,,,,,,,,,,,,,,,,,,,,,,,,,,,,,,80,,,,,
454768,68,,,,,,,,,,,,,,,,,,,,,,,,,,,,,,63,,80,,69,
454777,70,,,,,,,,,,,,,,,,,,,,,,,,,,,,,,57,,100,,100,
454786,38,33,46,75,33,43,29,58,35,37,,0,,19,50,50,50,50,50,,50,50,,,50,50,,,,,37,20,67,100,31,50
454795,71,,,,,,,,,,,,,,,,,,,,,,,,,,,,,,73,,50,,100,
454801,77,,,,,,,,,,,,,,,,,,,,,,,,,,,,,,72,,100,,86,
454810,46,42,48,42,55,65,32,44,46,51,44,22,33,0,,,,,,,,,,,,,,,,,46,,53,,44,
454865,56,100,54,,100,100,,30,60,78,,,,,,,,,,,,,,,,,,,,,0,,0,,74,
454874,65,,,,,,,,,,,,,,,,,,,,,,,,,,,,,,59,,,,100,
454917,71,,,,,,,,,,,,,1,,,,,,,,,,,,,,,,,73,,50,,70,
454926,41,,,,,,,,,,,,,,,,,,,,,,,,,,,,,,0,,0,,79,
454935,80,100,80,,,,,,100,80,,,,,,,,,,,,,,,,,,,,,91,,100,,72,
454944,90,,,,,,,,,,,,,,,,,,,,,,,,,,,,,,85,,100,,100,
454953,76,,,,,,,,,,,,,,,,,,,,,,,,,,,,,,75,,67,,80,
454962,72,,,,,,,,,,,,,,,,,,,,,,,,,,,,,,60,,75,,80,
454980,50,,,,,,,,,,,,,,,,,,,,,,,,,,,,,,50,,,,,
454999,50,,,,,,,,,,,,,,,,,,,,,,,,,,,,,,,,100,,0,
455008,50,,,,,,,,,,,,,,,,,,,,,,,,,,,,,,46,,100,,,
455062,93,,,,,,,,,,,,,,,,,,,,,,,,,,,,,,100,,83,,100,
455080,64,,,,,,,,,,,,,,,,,,,,,,,,,,,,,,50,,75,,100,
455105,67,,,,,,,,,,,,,,,,,,,,,,,,,,,,,,0,,,,100,
455114,27,30,24,17,29,22,67,0,22,29,35,16,25,16,,,,,,,,,,,,,,,,,25,,23,,30,
455141,77,,,,,,,,,,,,,,,,,,,,,,,,,,,,,,68,,69,,97,
455187,87,,,,,,,,,,,,,,,,,,,,,,,,,,,,,,91,,,,0,
455196,34,30,34,33,50,67,0,34,38,32,63,21,,0,,,,,,,,,,,,,,,,,32,,41,,44,
455202,81,83,81,,100,100,,83,81,71,,,,,,,,,,,,,,,,,,,,,100,,100,,74,
455211,69,,,,,,,,,,,,,,,,,,,,,,,,,,,,,,90,,87,,31,
455220,72,,,,,,,,,,,,,1,,,,,,,,,,,,,,,,,78,,100,,0,
455257,71,71,,,,,,,,71,,,,18,0,71,71,71,,,,,,,,71,,,,18,71,71,,,71,71
455275,62,,,,,,,,,,,,,,,,,,,,,,,,,,,,,,56,,67,,71,
455284,76,,,,,,,,,,,,,,,,,,,,,,,,,,,,,,69,,100,,79,
455327,52,,,,,,,,,,,,,,,,,,,,,,,,,,,,,,59,,50,,25,
455336,58,63,30,,100,100,,39,71,85,,33,,3,,,,,,,,,,,,,,,,,66,,80,,39,
455354,65,,,,,,,,,,,,,,,,,,,,,,,,,,,,,,69,,,,55,
455381,87,,,,,,,,,,,,,,,,,,,,,,,,,,,,,,87,,80,,87,
455460,56,,,,,,,,,,,,,,,,,,,,,,,,,,,,,,57,,100,,33,
455479,47,40,48,,,,,43,50,52,40,,,,,,,,,,,,,,,,,,,,45,,80,,33,
455488,40,,,,,,,,,,,,,,,,,,,,,,,,,,,,,,39,,75,,0,
455512,37,38,36,,46,46,,100,37,29,75,25,,14,,,,,,,,,,,,,,,,,44,,,,32,
455628,36,54,26,,67,100,0,33,80,50,50,0,,,,,,,,,,,,,,,,,,,35,,100,,56,
455725,76,,,,,,,,,,,,,,,,,,,,,,,,,,,,,,74,,90,,80,
455734,84,75,86,,100,100,,100,82,91,67,,,,,,,,,,,,,,,,,,,,100,,100,,83,
455761,87,,,,,,,,,,,,,,,,,,,,,,,,,,,,,,85,,93,,87,
455770,53,60,44,100,,,,100,60,50,100,,0,,32,45,53,60,44,100,,,,100,60,50,100,,0,,71,71,42,42,42,42
455798,77,,,,,,,,,,,,,4,,,,,,,,,,,,,,,,,74,,86,,86,
455831,88,,,,,,,,,,,,,,,,,,,,,,,,,,,,,,83,,72,,97,
455859,81,,,,,,,,,,,,,3,,,,,,,,,,,,,,,,,79,,82,,83,
455868,68,63,70,80,88,88,,43,65,78,,,100,,,,,,,,,,,,,,,,,,64,,100,,89,
455877,100,,,,,,,,,,,,,,,,,,,,,,,,,,,,,,100,,,,100,
455886,50,,,,,,,,,,,,,,,,,,,,,,,,,,,,,,50,,,,,
455901,96,,,,,,,,,,,,,,,,,,,,,,,,,,,,,,100,,75,,100,
455910,91,,,,,,,,,,,,,,,,,,,,,,,,,,,,,,95,,100,,84,
455929,81,,,,,,,,,,,,,,,,,,,,,,,,,,,,,,100,,100,,58,
455965,70,,,,,,,,,,,,,,,,,,,,,,,,,,,,,,52,,94,,83,
455974,95,,,,,,,,,,,,,,,,,,,,,,,,,,,,,,95,,100,,100,
455983,72,66,75,,87,87,,71,83,69,,100,57,4,,,,,,,,,,,,,,,,,82,,100,,63,
456001,89,,,,,,,,,,,,,,,,,,,,,,,,,,,,,,100,,86,,0,
456029,61,,,,,,,,,,,,,,,,,,,,,,,,,,,,,,51,,67,,81,
456038,70,64,71,79,83,67,100,70,70,65,65,93,,,,,,,,,,,,,,,,,,,48,,72,,81,
456065,65,,,,,,,,,,,,,,,,,,,,,,,,,,,,,,59,,100,,88,
456074,81,,,,,,,,,,,,,,,,,,,,,,,,,,,,,,76,,75,,100,
456135,45,,,,,,,,,,,,,,,,,,,,,,,,,,,,,,35,,100,,,
456153,39,46,0,,,,,33,60,38,,,,6,,,,,,,,,,,,,,,,,32,,40,,75,
456205,59,83,46,100,100,100,,57,61,74,22,50,,,,,,,,,,,,,,,,,,,42,,100,,80,
456214,75,74,78,,33,33,,70,74,85,,71,,,,,,,,,,,,,,,,,,,74,,87,,71,
456287,82,100,82,100,,,,63,91,84,77,67,,1,,,,,,,,,,,,,,,,,80,,80,,88,
456454,42,44,39,50,33,50,27,17,44,51,33,50,,,,,,,,,,,,,,,,,,,45,,23,,46,
456481,0,,0,,,,,,0,,,,,,0,0,0,,0,,,,,,0,,,,,,0,0,,,,
456490,8,13,0,,,,,,8,,,,,,0,8,8,13,0,,,,,,8,,,,,,100,100,,,0,0
456506,54,56,53,100,100,100,,29,74,62,50,36,,,,,,,,,,,,,,,,,,,48,,91,,63,
456515,64,,,,,,,,,,,,,,,,,,,,,,,,,,,,,,64,,75,,33,
456551,59,,,,,,,,,,,,,,,,,,,,,,,,,,,,,,33,,70,,75,
456579,56,79,31,,100,100,,50,58,59,31,40,,,,,,,,,,,,,,,,,,,24,,50,,91,
456588,83,,,,,,,,,,,,,,,,,,,,,,,,,,,,,,75,,,,90,
456597,79,,,,,,,,,,,,,,,,,,,,,,,,,,,,,,76,,,,86,
456621,50,50,,,,,,,,50,,,,,50,50,50,50,,,,,,,,50,,,,,,,,,50,50
456825,75,,,,,,,,,,,,,,,,,,,,,,,,,,,,,,75,,75,,,
456852,46,40,48,0,75,67,100,22,48,61,50,33,,2,,,,,,,,,,,,,,,,,44,,86,,44,
456922,80,,,,,,,,,,,,,,,,,,,,,,,,,,,,,,76,,80,,90,
456931,74,,,,,,,,,,,,,,,,,,,,,,,,,,,,,,74,,73,,75,
456959,57,58,57,,69,69,,94,69,48,60,50,,37,53,57,57,58,57,,69,69,,94,69,48,60,50,,37,69,69,47,47,55,55
456968,29,33,29,67,100,100,,18,57,42,0,33,100,1,,,,,,,,,,,,,,,,,26,,,,45,
456977,57,63,48,,,,,43,58,100,,,,,,,,,,,,,,,,,,,,,57,,,,,
457031,81,,,,,,,,,,,,,,,,,,,,,,,,,,,,,,25,,100,,89,
457077,45,,,,,,,,,,,,,,,,,,,,,,,,,,,,,,39,,65,,67,
457086,94,100,92,,100,100,,100,100,0,,,,,,,,,,,,,,,,,,,,,100,,,,67,
457101,41,56,38,0,43,42,50,29,52,46,25,18,,3,,,,,,,,,,,,,,,,,36,,57,,47,
457110,49,50,49,,0,0,,67,50,44,,75,50,,,,,,,,,,,,,,,,,,50,,67,,42,
457129,33,,33,,,,,0,100,,,,,,33,33,33,,33,,,,,0,100,,,,,,33,33,,,,
457192,89,,,,,,,,,,,,,,,,,,,,,,,,,,,,,,89,,,,,
457208,72,,,,,,,,,,,,,,,,,,,,,,,,,,,,,,72,,76,,67,
457299,97,100,97,,100,100,,89,93,50,100,,100,,100,100,100,100,100,,,,,,,,,,100,,100,,0,,97,100
457314,48,,,,,,,,,,,,,,,,,,,,,,,,,,,,,,19,,100,,91,
457323,70,,,,,,,,,,,,,,,,,,,,,,,,,,,,,,66,,84,,71,
457332,75,,,,,,,,,,,,,,,,,,,,,,,,,,,,,,57,,80,,100,
457341,74,,,,,,,,,,,,,,,,,,,,,,,,,,,,,,70,,83,,82,
457378,67,,,,,,,,,,,,,,,,,,,,,,,,,,,,,,75,,,,56,
457387,80,85,64,,,,,67,80,83,,,,,,,,,,,,,,,,,,,,,69,,,,94,
457396,82,,,,,,,,,,,,,,,,,,,,,,,,,,,,,,100,,100,,0,
457402,75,67,100,,,,,75,,,,,,,25,50,50,67,0,,,,,50,,,,,,,0,0,,,100,67
457411,67,68,50,,100,100,,60,60,80,0,,,,,,,,,,,,,,,,,,,,63,,83,,50,
457420,92,,,,,,,,,,,,,,,,,,,,,,,,,,,,,,100,,,,75,
457439,68,,,,,,,,,,,,,,,,,,,,,,,,,,,,,,61,,100,,85,
457448,63,,,,,,,,,,,,,,,,,,,,,,,,,,,,,,59,,100,,100,
457466,89,,,,,,,,,,,,,,,,,,,,,,,,,,,,,,85,,100,,100,
457475,90,,,,,,,,,,,,,,,,,,,,,,,,,,,,,,78,,100,,100,
457484,52,50,56,,57,50,60,,43,67,33,,100,,19,19,43,42,44,,43,50,40,,29,67,33,,100,,0,0,0,0,100,82
457493,57,,,,,,,,,,,,,,,,,,,,,,,,,,,,,,63,,33,,40,
457536,63,58,64,,80,80,,60,71,38,33,75,60,,,,,,,,,,,,,,,,,,63,,67,,63,
457545,79,,,,,,,,,,,,,,,,,,,,,,,,,,,,,,71,,100,,82,
457563,70,,,,,,,,,,,,,,,,,,,,,,,,,,,,,,92,,86,,32,
457572,63,,,,,,,,,,,,,,,,,,,,,,,,,,,,,,53,,82,,67,
457581,90,,,,,,,,,,,,,,,,,,,,,,,,,,,,,,85,,100,,97,
457606,81,,,,,,,,,,,,,,,,,,,,,,,,,,,,,,81,,,,,
457624,67,,,,,,,,,,,,,,,,,,,,,,,,,,,,,,80,,50,,60,
457633,88,,,,,,,,,,,,,2,,,,,,,,,,,,,,,,,91,,71,,,
457642,92,,,,,,,,,,,,,,,,,,,,,,,,,,,,,,83,,100,,93,
457679,70,100,57,,100,100,,,50,67,100,,,,,,,,,,,,,,,,,,,,60,,,,80,
457749,77,,,,,,,,,,,,,,,,,,,,,,,,,,,,,,81,,,,72,
457767,61,,,,,,,,,,,,,,,,,,,,,,,,,,,,,,100,,0,,34,
457776,83,,,,,,,,,,,,,,,,,,,,,,,,,,,,,,89,,0,,71,
457785,91,,,,,,,,,,,,,,,,,,,,,,,,,,,,,,88,,100,,93,
457794,96,,,,,,,,,,,,,,,,,,,,,,,,,,,,,,97,,,,94,
457800,97,97,97,95,98,98,100,99,99,91,95,95,100,,,,,,,,,,,,,,,,,,100,,100,,96,
457819,75,,,,,,,,,,,,,,,,,,,,,,,,,,,,,,,,100,,67,
457837,53,,,,,,,,,,,,,,,,,,,,,,,,,,,,,,48,,71,,67,
457855,83,,,,,,,,,,,,,,,,,,,,,,,,,,,,,,67,,100,,100,
457916,86,,86,,100,100,,0,,100,,,,,,,,,,,,,,,,,,,,,80,,100,,86,
457925,100,,100,,,,,,,100,,,,,,,,,,,,,,,,,,,,,100,,,,,
457943,91,,,,,,,,,,,,,,,,,,,,,,,,,,,,,,89,,100,,100,
457952,83,,,,,,,,,,,,,,,,,,,,,,,,,,,,,,86,,63,,88,
457989,55,,,,,,,,,,,,,,,,,,,,,,,,,,,,,,94,,,,0,
458007,69,,,,,,,,,,,,,,,,,,,,,,,,,,,,,,69,,,,,
458034,100,,100,,100,100,,100,,,100,,,,,,,,,,,,,,,,,,,,100,,,,,
458043,67,,,,,,,,,,,,,,,,,,,,,,,,,,,,,,63,,75,,71,
458061,88,,,,,,,,,,,,,,,,,,,,,,,,,,,,,,93,,,,0,
458070,81,,,,,,,,,,,,,,,,,,,,,,,,,,,,,,81,,100,,78,
458098,72,,,,,,,,,,,,,,,,,,,,,,,,,,,,,,69,,86,,70,
458104,98,,,,,,,,,,,,,,,,,,,,,,,,,,,,,,100,,100,,0,
458113,50,20,100,,100,100,,0,,67,100,,,,0,0,33,20,100,,,,,0,,50,100,,,,,,,,50,33
458131,50,,,,,,,,,,,,,,,,,,,,,,,,,,,,,,50,,,,,
458168,88,80,89,,,,,100,,84,,100,,,,,,,,,,,,,,,,,,,79,,100,,100,
458210,64,80,56,,71,71,,,33,50,100,,,,57,57,64,80,56,,71,71,,,33,50,100,,,,33,33,67,67,80,80
458229,50,100,44,,60,67,50,,40,,,,,,50,50,50,100,44,,60,67,50,,40,,,,,,40,40,60,60,,
458274,47,,,,,,,,,,,,,,,,,,,,,,,,,,,,,,37,,67,,75,
458405,62,79,43,88,67,100,50,59,60,69,64,67,,,,,,,,,,,,,,,,,,,35,,50,,84,
458441,32,15,35,,,,,28,50,33,71,100,,,,,,,,,,,,,,,,,,,29,,67,,53,
458681,31,54,19,0,100,100,,19,14,71,29,100,,,,,,,,,,,,,,,,,,,29,,67,,33,
458803,53,,,,,,,,,,,,,,,,,,,,,,,,,,,,,,47,,100,,100,
458812,60,,,,,,,,,,,,,,,,,,,,,,,,,,,,,,54,,100,,83,
458821,37,,,,,,,,,,,,,,,,,,,,,,,,,,,,,,35,,,,100,
458830,70,,,,,,,,,,,,,,,,,,,,,,,,,,,,,,67,,100,,100,
458858,30,,,,,,,,,,,,,,,,,,,,,,,,,,,,,,31,,25,,33,
458867,38,,,,,,,,,,,,,,,,,,,,,,,,,,,,,,36,,100,,100,
458919,23,17,29,,,,,25,0,0,,100,,23,25,25,25,17,33,,,,,29,0,0,,100,,25,33,33,0,0,20,25
458964,0,0,0,,,,,0,,,,,,50,0,0,0,0,0,,,,,0,,,,,,50,0,0,,,0,0
458973,50,33,100,,,,,50,,0,,,100,25,25,25,50,33,100,,,,,50,,0,,,100,25,0,0,,,67,67
459019,50,,,,,,,,,,,,,,,,,,,,,,,,,,,,,,46,,100,,,
459046,27,,,,,,,,,,,,,,,,,,,,,,,,,,,,,,28,,0,,,
459055,67,,,,,,,,,,,,,,,,,,,,,,,,,,,,,,68,,0,,100,
459064,53,,,,,,,,,,,,,,,,,,,,,,,,,,,,,,55,,,,33,
459116,63,,,,,,,,,,,,,,,,,,,,,,,,,,,,,,33,,,,80,
459170,64,,,,,,,,,,,,,,,,,,,,,,,,,,,,,,85,,100,,48,
459198,71,,,,,,,,,,,,,,,,,,,,,,,,,,,,,,75,,50,,100,
459204,69,64,70,44,66,68,52,51,76,74,89,68,,0,,,,,,,,,,,,,,,,,72,,81,,40,
459213,70,71,70,75,74,74,74,60,74,63,58,61,,,100,100,100,,100,,,,,,,,,100,,,71,,72,,67,100
459231,61,,,,,,,,,,,,,,,,,,,,,,,,,,,,,,47,,100,,79,
459259,21,20,21,,,,,20,0,27,,,,,11,17,17,0,23,,,,,18,0,20,,,,,19,14,40,33,0,0
459268,14,20,12,,0,0,0,22,20,0,,,,,6,11,11,25,7,,0,0,0,22,0,0,,,,,14,10,0,0,17,17
459277,83,,,,,,,,,,,,,,,,,,,,,,,,,,,,,,75,,88,,94,
459286,75,,,,,,,,,,,,,,,,,,,,,,,,,,,,,,75,,100,,71,
459295,67,,,,,,,,,,,,,,,,,,,,,,,,,,,,,,54,,80,,83,
459301,64,,,,,,,,,,,,,,,,,,,,,,,,,,,,,,63,,67,,,
459329,66,57,72,0,57,57,,75,73,64,67,,,,,,,,,,,,,,,,,,,,63,,,,69,
459347,72,,,,,,,,,,,,,3,,,,,,,,,,,,,,,,,69,,100,,100,
459374,93,,,,,,,,,,,,,,,,,,,,,,,,,,,,,,93,,100,,91,
459392,82,,,,,,,,,,,,,,,,,,,,,,,,,,,,,,75,,100,,100,
459408,89,,,,,,,,,,,,,,,,,,,,,,,,,,,,,,100,,,,76,
459426,81,,,,,,,,,,,,,,,,,,,,,,,,,,,,,,74,,87,,92,
459499,89,,,,,,,,,,,,,,,,,,,,,,,,,,,,,,100,,,,50,
459514,88,75,89,,,,,81,93,89,,,,,,,,,,,,,,,,,,,,,83,,89,,93,
459523,88,,,,,,,,,,,,,,,,,,,,,,,,,,,,,,88,,,,80,
459532,100,,,,,,,,,,,,,,,,,,,,,,,,,,,,,,100,,,,,
459541,83,,,,,,,,,,,,,,,,,,,,,,,,,,,,,,100,,,,50,
459550,74,50,75,100,67,67,,50,100,74,67,,,,,,,,,,,,,,,,,,,,61,,100,,,
459578,44,,,,,,,,,,,,,,,,,,,,,,,,,,,,,,40,,40,,60,
459727,42,33,43,,,,,0,0,47,0,50,,23,35,39,39,33,40,,,,,,0,47,0,25,,26,41,40,33,33,50,40
459842,50,0,60,,100,100,,0,67,43,,,,,27,45,45,0,56,,100,100,,0,67,33,,,,,50,43,100,100,0,0
459851,40,0,50,,,,,0,0,100,,0,,,33,33,33,0,50,,,,,,0,100,,0,,,50,50,,,0,0
459949,29,19,37,,14,14,,35,28,33,50,,100,40,12,24,29,19,37,,14,14,,35,28,33,50,,100,40,28,28,21,21,34,34
459958,62,63,61,,50,,50,42,76,60,50,,,,,,,,,,,,,,,,,,,,62,,75,,50,
459967,71,74,69,,100,100,100,86,70,72,67,0,,,,,,,,,,,,,,,,,,,70,,67,,77,
459985,60,69,49,,100,,100,,61,56,100,,,3,,,,,,,,,,,,,,,,,61,,82,,35,
459994,20,25,0,,,,,0,,33,,,,60,20,20,20,25,0,,,,,0,,33,,,,60,0,0,0,0,50,50
460011,68,,,,,,,,,,,,,,,,,,,,,,,,,,,,,,56,,75,,88,
460020,36,57,29,0,,,,38,33,35,0,50,,,,,,,,,,,,,,,,,,,36,,0,,71,
460093,60,,,,,,,,,,,,,4,,,,,,,,,,,,,,,,,61,,50,,50,
460109,54,,,,,,,,,,,,,,,,,,,,,,,,,,,,,,54,,100,,38,
460118,61,,,,,,,,,,,,,,,,,,,,,,,,,,,,,,57,,83,,100,
460127,50,,,,,,,,,,,,,,,,,,,,,,,,,,,,,,48,,67,,50,
460136,59,49,60,,72,71,100,52,61,49,68,100,,0,,,,,,,,,,,,,,,,,60,,57,,55,
460145,61,,,,,,,,,,,,,,,,,,,,,,,,,,,,,,63,,45,,,
460172,70,,,,,,,,,,,,,,,,,,,,,,,,,,,,,,68,,85,,72,
460181,59,52,60,100,67,67,,44,92,68,,62,,,,,,,,,,,,,,,,,,,59,,71,,48,
460190,64,66,64,67,14,33,0,65,63,68,63,66,,,,,,,,,,,,,,,,,,,69,,80,,19,
460206,66,54,68,78,86,83,100,63,56,71,,65,,,,,,,,,,,,,,,,,,,63,,81,,68,
460349,0,0,0,,,,,,0,,,0,,,0,0,0,0,0,,,,,,0,,,0,,,0,0,,,0,0
460376,0,0,0,,0,0,,,,,,,0,100,0,0,0,0,0,,0,0,,,,,,,0,100,,,,,0,0
460394,33,30,34,,46,50,25,16,32,36,42,50,0,6,,,,,,,,,,,,,,,,,37,,0,,29,
460464,33,30,36,33,64,65,0,25,30,33,25,25,,8,,,,,,,,,,,,,,,,,36,,,,31,
460482,43,,,,,,,,,,,,,,,,,,,,,,,,,,,,,,50,,0,,0,
460525,63,,,,,,,,,,,,,,,,,,,,,,,,,,,,,,62,,100,,60,
460534,49,,,,,,,,,,,,,,,,,,,,,,,,,,,,,,45,,69,,52,
460543,68,68,69,88,38,36,50,48,72,69,64,71,100,1,,,,,,,,,,,,,,,,,67,,78,,61,
460677,57,33,68,,,,,,57,,,,,7,,,,,,,,,,,,,,,,,56,,,,100,
460701,75,,,,,,,,,,,,,,,,,,,,,,,,,,,,,,74,,100,,,
460756,35,,35,,33,38,30,,100,100,13,100,0,,,,,,,,,,,,,,,,,,35,,33,,33,
460765,77,,,,,,,,,,,,,3,,,,,,,,,,,,,,,,,100,,100,,22,
460808,100,,,,,,,,,,,,,,,,,,,,,,,,,,,,,,100,,100,,100,
460817,59,70,48,0,100,100,,45,67,65,69,100,,,,,,,,,,,,,,,,,,,44,,50,,72,
460826,47,63,39,100,,,,46,45,63,16,75,,,,,,,,,,,,,,,,,,,35,,100,,77,
460835,64,79,51,0,0,0,,64,17,68,50,100,,,,,,,,,,,,,,,,,,,39,,100,,93,
460862,67,,67,,100,,100,100,75,72,25,50,,3,,,,,,,,,,,,,,,,,80,,0,,73,
460871,100,,100,,,,,100,,,,,,,100,100,100,,100,,,,,100,,,,,,,,,100,100,,
460914,87,,,,,,,,,,,,,,,,,,,,,,,,,,,,,,86,,91,,88,
460932,96,,,,,,,,,,,,,,,,,,,,,,,,,,,,,,100,,100,,90,
460969,69,,,,,,,,,,,,,,,,,,,,,,,,,,,,,,60,,50,,88,
460978,57,,,,,,,,,,,,,,,,,,,,,,,,,,,,,,71,,84,,28,
460987,83,,,,,,,,,,,,,,,,,,,,,,,,,,,,,,84,,97,,50,
460996,83,,,,,,,,,,,,,,,,,,,,,,,,,,,,,,71,,91,,95,
461014,32,30,32,50,50,50,,39,33,0,,13,,,,,,,,,,,,,,,,,,,40,,25,,0,
461023,32,25,33,,,,,0,25,27,,39,,,17,21,21,0,26,,,,,0,,14,,25,,,32,26,0,0,38,0
461032,22,25,0,,0,,0,25,,25,,,,,100,100,100,100,,,,,,,,100,,,,,0,,50,100,0,
461087,97,,,,,,,,,,,,,,,,,,,,,,,,,,,,,,100,,,,95,
461111,60,60,,,,,,,50,100,,,,40,,,,,,,,,,,,,,,,,60,,,,,
461148,71,70,72,,100,100,,100,,100,,50,70,2,66,66,66,63,71,,100,100,,100,,100,,50,66,2,52,48,83,70,72,70
461175,50,,,,,,,,,,,,,,,,,,,,,,,,,,,,,,15,,,,54,
461193,85,,,,,,,,,,,,,,,,,,,,,,,,,,,,,,78,,87,,89,
461218,86,67,87,,,,,85,92,86,,,,,,,,,,,,,,,,,,,,,83,,,,100,
461245,93,88,100,,100,,100,89,80,100,,,,,,,,,,,,,,,,,,,,,0,,,,97,
461254,91,91,91,,100,100,,,79,95,100,,83,,,,,,,,,,,,,,,,,,100,,0,,0,
461263,100,,100,,,,,,100,100,,,,,,,,,,,,,,,,,,,,,100,,,,,
461272,63,,,,,,,,,,,,,,,,,,,,,,,,,,,,,,67,,33,,70,
461306,11,,,,,,,,,,,,,,,,,,,,,,,,,,,,,,0,,,,13,
461315,9,0,14,0,100,100,,,,0,0,,,,,,,,,,,,,,,,,,,,14,,,,0,
461342,90,,,,,,,,,,,,,10,,,,,,,,,,,,,,,,,80,,100,,93,
461388,61,,,,,,,,,,,,,,,,,,,,,,,,,,,,,,58,,25,,100,
461421,74,,,,,,,,,,,,,,,,,,,,,,,,,,,,,,65,,67,,88,
461494,72,,,,,,,,,,,,,,,,,,,,,,,,,,,,,,77,,57,,70,
461500,67,,,,,,,,,,,,,,,,,,,,,,,,,,,,,,100,,,,50,
461528,69,43,100,,100,100,,,100,50,100,,,8,0,0,0,0,,,,,,,,0,,,,33,100,,67,0,40,0
461537,81,,,,,,,,,,,,,,,,,,,,,,,,,,,,,,67,,100,,100,
461555,83,,,,,,,,,,,,,,,,,,,,,,,,,,,,,,85,,75,,81,
461573,64,64,60,,100,100,,55,50,72,,,,,,,,,,,,,,,,,,,,,68,,61,,47,
461582,100,,,,,,,,,,,,,,,,,,,,,,,,,,,,,,100,,100,,100,
461607,54,,,,,,,,,,,,,,,,,,,,,,,,,,,,,,55,,33,,100,
461625,65,,,,,,,,,,,,,,,,,,,,,,,,,,,,,,65,,,,,
461652,92,,,,,,,,,,,,,,,,,,,,,,,,,,,,,,85,,100,,100,
461689,55,22,58,100,50,57,0,43,63,53,39,,,,,,,,,,,,,,,,,,,,55,,72,,46,
461704,74,,,,,,,,,,,,,,,,,,,,,,,,,,,,,,68,,74,,80,
461713,100,,,,,,,,,,,,,,,,,,,,,,,,,,,,,,100,,100,,100,
461722,81,,,,,,,,,,,,,,,,,,,,,,,,,,,,,,86,,100,,71,
461740,27,,,,,,,,,,,,,,,,,,,,,,,,,,,,,,27,,,,,
461759,34,18,55,,,,,36,0,,,0,,,4,16,20,17,29,,,,,21,0,,,,,,33,22,,,40,0
461768,93,,,,,,,,,,,,,,,,,,,,,,,,,,,,,,96,,100,,67,
461786,83,,,,,,,,,,,,,,,,,,,,,,,,,,,,,,100,,100,,25,
461795,27,19,37,,0,0,,20,32,,100,,27,,22,27,27,19,37,,0,0,,20,32,,100,,27,,31,31,33,33,21,21
461810,92,,,,,,,,,,,,,,,,,,,,,,,,,,,,,,100,,,,0,
461829,60,,,,,,,,,,,,,,,,,,,,,,,,,,,,,,100,,0,,3,
461838,93,,,,,,,,,,,,,7,,,,,,,,,,,,,,,,,92,,80,,96,
461847,33,33,,,,,,,,33,,,,44,33,33,33,33,,,,,,,,33,,,,44,,,,,33,33
461856,81,,,,,,,,,,,,,,,,,,,,,,,,,,,,,,82,,72,,100,
461865,58,59,58,,100,100,,56,100,100,,,,,,,,,,,,,,,,,,,,,70,,82,,0,
461874,74,,,,,,,,,,,,,3,,,,,,,,,,,,,,,,,85,,100,,0,
461883,100,100,100,,,,,,,,,,100,,100,100,100,100,100,,,,,,,,,,100,,,,,,100,100
461892,100,,,,,,,,,,,,,,,,,,,,,,,,,,,,,,100,,,,,
461908,68,,,,,,,,,,,,,,,,,,,,,,,,,,,,,,58,,88,,80,
461917,63,,,,,,,,,,,,,,,,,,,,,,,,,,,,,,54,,75,,67,
461926,80,,,,,,,,,,,,,,,,,,,,,,,,,,,,,,79,,91,,78,
461944,67,,,,,,,,,,,,,,,,,,,,,,,,,,,,,,65,,100,,,
461953,65,100,63,,,,,,100,57,,,,,,,,,,,,,,,,,,,,,73,,100,,40,
461962,81,,,,,,,,,,,,,6,,,,,,,,,,,,,,,,,62,,100,,84,
461999,59,0,60,,100,100,,60,67,59,0,,,,,,,,,,,,,,,,,,,,58,,50,,61,
462008,77,,,,,,,,,,,,,,,,,,,,,,,,,,,,,,70,,100,,100,
462017,59,,,,,,,,,,,,,,,,,,,,,,,,,,,,,,57,,71,,64,
462035,76,,,,,,,,,,,,,,,,,,,,,,,,,,,,,,79,,100,,67,
462053,58,,,,,,,,,,,,,,,,,,,,,,,,,,,,,,31,,,,86,
462062,88,,,,,,,,,,,,,,,,,,,,,,,,,,,,,,82,,100,,91,
462071,70,,,,,,,,,,,,,,,,,,,,,,,,,,,,,,63,,100,,78,
462336,92,,,,,,,,,,,,,,,,,,,,,,,,,,,,,,89,,100,,100,
462354,65,59,72,,0,0,,0,60,71,100,60,50,8,65,65,65,59,72,,0,0,,0,60,71,100,60,50,8,61,61,86,86,60,60
463056,65,62,69,100,80,80,,60,56,67,45,75,56,16,44,62,65,62,69,100,80,80,,60,56,67,45,75,56,16,64,64,68,68,64,64
464226,23,26,12,0,50,50,50,8,27,20,18,,50,,17,22,23,26,12,0,50,50,50,8,27,20,18,,50,,21,21,15,15,33,33
466921,33,,33,,,,,,,33,,,,33,33,33,33,,33,,,,,,,33,,,,33,0,0,50,50,,
466930,0,,0,,,,,,0,0,,,,50,0,0,0,,0,,,,,,0,0,,,,50,0,0,0,0,,
467094,74,,,,,,,,,,,,,,,,,,,,,,,,,,,,,,69,,100,,100,
467863,48,,,,,,,,,,,,,,,,,,,,,,,,,,,,,,40,,50,,63,
467872,64,,,,,,,,,,,,,,,,,,,,,,,,,,,,,,52,,100,,79,
467906,71,,,,,,,,,,,,,,,,,,,,,,,,,,,,,,61,,83,,100,
468246,59,63,59,100,100,100,,40,62,59,55,,,,,,,,,,,,,,,,,,,,56,,52,,67,
468255,85,,85,0,100,100,,,80,88,100,100,,,,,,,,,,,,,,,,,,,84,,80,,100,
468291,53,,,,,,,,,,,,,2,,,,,,,,,,,,,,,,,47,,80,,57,
468769,84,,,,,,,,,,,,,,,,,,,,,,,,,,,,,,86,,100,,81,
468848,66,,,,,,,,,,,,,2,,,,,,,,,,,,,,,,,64,,83,,72,
468893,65,,,,,,,,,,,,,,,,,,,,,,,,,,,,,,62,,,,80,
468909,63,,,,,,,,,,,,,1,,,,,,,,,,,,,,,,,61,,78,,84,
468963,74,,,,,,,,,,,,,,,,,,,,,,,,,,,,,,74,,81,,65,
469416,74,58,83,,,,,,74,,,,,,3,6,24,25,24,,,,,,24,,,,,,78,26,,,58,17
469610,93,,,,,,,,,,,,,,,,,,,,,,,,,,,,,,92,,100,,,
469629,63,63,56,82,,,,41,42,67,,83,,,,,,,,,,,,,,,,,,,76,,20,,38,
469911,66,,,,,,,,,,,,,,,,,,,,,,,,,,,,,,60,,60,,92,
470038,56,,,,,,,,,,,,,1,,,,,,,,,,,,,,,,,54,,77,,82,
470047,100,,100,,,,,,,100,100,,,,,,,,,,,,,,,,,,,,100,,,,,
470296,76,,,,,,,,,,,,,,,,,,,,,,,,,,,,,,100,,0,,100,
470393,35,,,,,,,,,,,,,,,,,,,,,,,,,,,,,,24,,100,,100,
474863,33,20,34,,25,50,0,22,39,43,0,0,,30,27,40,40,25,45,,100,100,,25,38,50,,,,33,27,36,50,100,50,
474915,67,,,,,,,,,,,,,1,,,,,,,,,,,,,,,,,63,,77,,71,
474924,61,,,,,,,,,,,,,,,,,,,,,,,,,,,,,,70,,67,,43,
475015,97,100,97,,,,,100,100,96,100,100,,,,,,,,,,,,,,,,,,,100,,,,95,
475024,45,,,,,,,,,,,,,,,,,,,,,,,,,,,,,,44,,33,,75,
475060,31,19,33,,0,0,,29,50,45,40,100,,,,,,,,,,,,,,,,,,,31,,100,,0,
475121,5,0,6,0,0,0,0,5,0,8,,0,,1,3,5,5,0,6,0,0,0,,4,0,7,,0,,1,6,6,0,0,0,0
475176,66,67,65,50,71,71,71,50,68,68,61,50,100,,,,,,,,,,,,,,,,,,63,,68,,74,
475282,75,,,,,,,,,,,,,,,,,,,,,,,,,,,,,,0,,100,,100,
475325,46,,,,,,,,,,,,,,,,,,,,,,,,,,,,,,46,,67,,40,
475404,97,,,,,,,,,,,,,,,,,,,,,,,,,,,,,,92,,100,,100,
475431,94,,,,,,,,,,,,,,,,,,,,,,,,,,,,,,100,,100,,91,
475468,96,,,,,,,,,,,,,,,,,,,,,,,,,,,,,,100,,100,,92,
475486,79,,,,,,,,,,,,,,,,,,,,,,,,,,,,,,76,,67,,86,
475547,79,,,,,,,,,,,,,,,,,,,,,,,,,,,,,,62,,100,,100,
475556,70,,,,,,,,,,,,,,,,,,,,,,,,,,,,,,64,,100,,71,
475565,25,23,26,0,40,40,,20,23,36,29,,36,15,,,,,,,,,,,,,,,,,25,,0,,26,
475574,0,,,,,,,,,,,,,,,,,,,,,,,,,,,,,,0,,,,,
475608,57,67,40,,,,,0,0,71,,100,100,,14,43,57,67,40,,,,,0,0,71,,100,100,,25,25,33,33,86,86
475635,0,0,,,,,,,,0,,,,100,0,0,0,0,,,,,,,,0,,,,100,,,0,0,,
475653,52,,,,,,,,,,,,,,,,,,,,,,,,,,,,,,55,,,,0,
475662,53,,,,,,,,,,,,,,,,,,,,,,,,,,,,,,,,,,53,
475705,100,,,,,,,,,,,,,,,,,,,,,,,,,,,,,,100,,100,,100,
475714,72,74,63,,,,,80,71,70,,100,,,,,,,,,,,,,,,,,,,100,,100,,70,
475723,70,,,,,,,,,,,,,,,,,,,,,,,,,,,,,,100,,,,68,
475741,100,,100,,,,,,,100,,,,,100,100,100,,100,,,,,,,100,,,,,100,100,,,,
475839,50,25,63,,0,,0,0,,71,,50,,,,,,,,,,,,,,,,,,,50,,0,,100,
476063,68,,,,,,,,,,,,,,,,,,,,,,,,,,,,,,62,,67,,85,
476179,49,,,,,,,,,,,,,,,,,,,,,,,,,,,,,,49,,50,,50,
476230,70,,,,,,,,,,,,,,,,,,,,,,,,,,,,,,70,,100,,40,
476489,67,,,,,,,,,,,,,,,,,,,,,,,,,,,,,,67,,,,,
476498,89,,,,,,,,,,,,,,,,,,,,,,,,,,,,,,89,,,,90,
476568,46,,,,,,,,,,,,,,,,,,,,,,,,,,,,,,54,,,,0,
476595,79,,,,,,,,,,,,,,,,,,,,,,,,,,,,,,83,,76,,,
476601,12,12,,,,,,,,12,,,,,12,12,12,12,,,,,,,,12,,,,,23,23,,,0,0
476610,64,,,,,,,,,,,,,,,,,,,,,,,,,,,,,,63,,0,,80,
476629,59,75,58,0,,,,50,50,61,100,,,,,,,,,,,,,,,,,,,,52,,92,,47,
476683,61,67,60,,50,50,,50,100,74,,100,,39,,,,,,,,,,,,,,,,,94,,50,,46,
476692,75,75,,,,,,,,75,,,,25,0,0,0,0,,,,,,,,0,,,,25,100,0,,,0,0
476708,64,,,,,,,,,,,,,1,,,,,,,,,,,,,,,,,65,,80,,56,
476717,53,53,,,,,,,,53,,,,10,0,53,53,53,,,,,,,,53,,,,10,58,58,,,14,14
476726,78,81,77,,100,100,,,78,67,,,,,,,,,,,,,,,,,,,,,76,,0,,79,
476735,76,,,,,,,,,,,,,,,,,,,,,,,,,,,,,,100,,0,,100,
476753,77,,,,,,,,,,,,,,,,,,,,,,,,,,,,,,78,,75,,75,
476780,100,,,,,,,,,,,,,,,,,,,,,,,,,,,,,,100,,,,,
476799,81,,,,,,,,,,,,,,,,,,,,,,,,,,,,,,84,,81,,79,
476805,79,,,,,,,,,,,,,,,,,,,,,,,,,,,,,,69,,100,,86,
476841,78,,,,,,,,,,,,,,,,,,,,,,,,,,,,,,73,,80,,83,
476850,69,,,,,,,,,,,,,,,,,,,,,,,,,,,,,,75,,57,,50,
476869,80,,,,,,,,,,,,,,,,,,,,,,,,,,,,,,79,,83,,,
476878,86,,,,,,,,,,,,,,,,,,,,,,,,,,,,,,96,,92,,75,
476887,60,,,,,,,,,,,,,0,,,,,,,,,,,,,,,,,57,,71,,62,
476896,47,,,,,,,,,,,,,,,,,,,,,,,,,,,,,,42,,100,,52,
476902,86,,,,,,,,,,,,,,,,,,,,,,,,,,,,,,81,,100,,100,
476939,76,83,75,,75,75,,43,81,33,,100,,,,,,,,,,,,,,,,,,,76,,81,,45,
476984,67,,,,,,,,,,,,,,,,,,,,,,,,,,,,,,53,,100,,72,
476993,96,,,,,,,,,,,,,,,,,,,,,,,,,,,,,,92,,96,,98,
477002,98,,,,,,,,,,,,,,,,,,,,,,,,,,,,,,100,,100,,98,
477233,63,60,65,,100,100,,100,,58,100,33,,28,,,,,,,,,,,,,,,,,60,,56,,77,
478582,51,,,,,,,,,,,,,,,,,,,,,,,,,,,,,,47,,,,100,
478591,67,,,,,,,,,,,,,,,,,,,,,,,,,,,,,,76,,80,,52,
478616,53,,,,,,,,,,,,,,,,,,,,,,,,,,,,,,53,,50,,50,
478917,81,,,,,,,,,,,,,,,,,,,,,,,,,,,,,,75,,,,91,
478953,73,,,,,,,,,,,,,1,,,,,,,,,,,,,,,,,55,,82,,86,
479062,93,,,,,,,,,,,,,,,,,,,,,,,,,,,,,,100,,81,,94,
479424,71,,,,,,,,,,,,,,,,,,,,,,,,,,,,,,69,,78,,68,
479956,34,36,31,100,0,,0,0,30,36,0,33,100,2,17,28,31,33,30,0,0,,0,0,14,36,0,33,100,2,31,26,37,38,34,31
479965,100,100,100,,,,,100,,100,,,,,,,,,,,,,,,,,,,,,100,,,,100,
479974,62,,,,,,,,,,,,,,,,,,,,,,,,,,,,,,54,,,,100,
479983,88,,,,,,,,,,,,,,,,,,,,,,,,,,,,,,92,,100,,75,
479992,100,,,,,,,,,,,,,,,,,,,,,,,,,,,,,,,,,,100,
480000,44,,,,,,,,,,,,,,,,,,,,,,,,,,,,,,56,,22,,,
480019,73,,,,,,,,,,,,,,,,,,,,,,,,,,,,,,100,,100,,55,
480028,41,55,0,100,50,50,,29,50,40,50,,0,,,,,,,,,,,,,,,,,,42,,0,,44,
480037,70,69,72,,71,79,33,62,76,75,62,60,,,,,,,,,,,,,,,,,,,66,,81,,89,
480073,9,0,13,,,,,25,0,0,,,,,0,0,13,0,17,,,,,25,0,0,,,,,13,14,0,,0,0
480091,18,2,21,25,33,33,,15,26,19,7,50,,2,0,0,0,,0,,,,,,,0,,,,,20,0,40,0,3,0
480125,66,,,,,,,,,,,,,,,,,,,,,,,,,,,,,,80,,92,,28,
480161,69,,,,,,,,,,,,,,,,,,,,,,,,,,,,,,56,,100,,67,
480204,56,51,57,100,67,67,,35,59,42,88,67,,,,,,,,,,,,,,,,,,,56,,74,,20,
480310,27,,,,,,,,,,,,,,,,,,,,,,,,,,,,,,25,,50,,100,
480471,57,,,,,,,,,,,,,1,,,,,,,,,,,,,,,,,55,,86,,88,
480523,39,,,,,,,,,,,,,,,,,,,,,,,,,,,,,,41,,100,,8,
480532,58,,,,,,,,,,,,,,,,,,,,,,,,,,,,,,60,,50,,50,
480550,71,,,,,,,,,,,,,,,,,,,,,,,,,,,,,,75,,80,,33,
480657,50,50,50,,,,,25,100,50,,67,,,,,,,,,,,,,,,,,,,45,,67,,50,
480727,96,96,100,,,,,,,100,,,75,,,,,,,,,,,,,,,,,,100,,100,,90,
480781,0,0,0,,,,,0,0,,0,0,,100,,,,,,,,,,,,,,,,,0,,,,0,
480824,57,66,57,50,50,71,0,45,71,55,50,44,0,,,,,,,,,,,,,,,,,,60,,74,,27,
480833,67,63,67,88,87,86,100,54,75,67,64,58,,,,,,,,,,,,,,,,,,,68,,87,,44,
480842,100,,,,,,,,,,,,,,,,,,,,,,,,,,,,,,100,,,,,
480851,65,59,72,,100,100,,58,66,67,,,,,,,,,,,,,,,,,,,,,63,,100,,50,
480879,67,,,,,,,,,,,,,5,,,,,,,,,,,,,,,,,73,,67,,33,
480888,95,,,,,,,,,,,,,,,,,,,,,,,,,,,,,,100,,75,,0,
480903,76,,,,,,,,,,,,,,,,,,,,,,,,,,,,,,74,,80,,100,
480921,81,,,,,,,,,,,,,,,,,,,,,,,,,,,,,,84,,57,,100,
480930,59,,,,,,,,,,,,,,,,,,,,,,,,,,,,,,56,,25,,75,
480967,24,17,28,32,,,,,0,,8,,,2,,,,,,,,,,,,,,,,,26,,,,22,
480976,86,,,,,,,,,,,,,,,,,,,,,,,,,,,,,,100,,100,,80,
480985,0,,0,,,,,,,0,,,,60,0,0,0,,0,,,,,,,0,,,,60,0,0,,,,
480994,56,,,,,,,,,,,,,,,,,,,,,,,,,,,,,,50,,50,,75,
481003,77,,,,,,,,,,,,,,,,,,,,,,,,,,,,,,75,,100,,78,
481021,75,,,,,,,,,,,,,,,,,,,,,,,,,,,,,,100,,100,,59,
481049,75,,,,,,,,,,,,,,,,,,,,,,,,,,,,,,100,,0,,,
481058,0,0,0,,0,0,,,,,,,,,0,0,0,0,0,,0,0,,,,,,,,,,,,,0,0
481100,98,,,,,,,,,,,,,,,,,,,,,,,,,,,,,,100,,,,98,
481128,69,,,,,,,,,,,,,,,,,,,,,,,,,,,,,,69,,,,,
481137,61,69,53,,50,50,,0,0,63,75,100,,,,,,,,,,,,,,,,,,,67,,73,,45,
481146,72,,,,,,,,,,,,,,,,,,,,,,,,,,,,,,66,,100,,88,
481155,56,56,57,,,,,58,,50,50,,,,,,,,,,,,,,,,,,,,61,,50,,0,
481191,85,,,,,,,,,,,,,,,,,,,,,,,,,,,,,,89,,,,83,
481207,94,,,,,,,,,,,,,,,,,,,,,,,,,,,,,,94,,,,,
481225,75,100,50,,,,,,,,,,75,,75,75,75,100,50,,,,,,,,,,75,,,,,,75,75
481243,87,,,,,,,,,,,,,,,,,,,,,,,,,,,,,,85,,100,,89,
481252,83,,83,0,,,,100,100,,,,,17,,,,,,,,,,,,,,,,,80,,100,,,
481298,18,,,,,,,,,,,,,,,,,,,,,,,,,,,,,,13,,100,,8,
481313,97,,,,,,,,,,,,,,,,,,,,,,,,,,,,,,98,,92,,,
481331,94,,,,,,,,,,,,,6,,,,,,,,,,,,,,,,,94,,,,,
481340,73,,,,,,,,,,,,,,,,,,,,,,,,,,,,,,65,,100,,75,
481368,88,,,,,,,,,,,,,,,,,,,,,,,,,,,,,,67,,,,100,
481386,100,100,100,,100,100,,,100,100,,,,,,,,,,,,,,,,,,,,,,,,,100,
481410,38,38,,,,,,,,44,,,0,62,38,38,38,38,,,,,,,,44,,,0,62,50,50,,,37,37
481429,56,,,,,,,,,,,,,,,,,,,,,,,,,,,,,,62,,100,,44,
481438,7,7,,,,,,,,7,,,,93,7,7,7,7,,,,,,,,7,,,,93,17,17,,,5,5
481447,86,,,,,,,,,,,,,,,,,,,,,,,,,,,,,,100,,100,,60,
481456,53,,,,,,,,,,,,,43,,,,,,,,,,,,,,,,,47,,100,,58,
481465,97,100,96,,100,100,,100,0,100,,100,,,,,,,,,,,,,,,,,,,100,,100,,83,
481474,40,,,,,,,,,,,,,,,,,,,,,,,,,,,,,,0,,67,,,
481483,88,,,,,,,,,,,,,1,,,,,,,,,,,,,,,,,90,,76,,,
481517,75,,,,,,,,,,,,,,,,,,,,,,,,,,,,,,76,,50,,100,
481526,96,,,,,,,,,,,,,,,,,,,,,,,,,,,,,,93,,100,,100,
481571,89,,,,,,,,,,,,,,,,,,,,,,,,,,,,,,100,,0,,,
481678,18,,,,,,,,,,,,,,,,,,,,,,,,,,,,,,15,,67,,0,
481720,0,,0,,,,,0,0,0,,,,,0,0,0,,0,,,,,0,0,0,,,,,0,0,0,0,,
481739,60,,,,,,,,,,,,,,,,,,,,,,,,,,,,,,54,,100,,67,
481748,40,,,,,,,,,,,,,,,,,,,,,,,,,,,,,,38,,50,,100,
481775,40,43,38,0,100,,100,34,46,43,17,0,,,,,,,,,,,,,,,,,,,37,,75,,43,
481845,36,,,,,,,,,,,,,,,,,,,,,,,,,,,,,,30,,67,,67,
481863,52,,,,,,,,,,,,,2,,,,,,,,,,,,,,,,,43,,88,,100,
481890,73,,,,,,,,,,,,,2,,,,,,,,,,,,,,,,,70,,100,,83,
481906,55,,,,,,,,,,,,,,,,,,,,,,,,,,,,,,58,,57,,50,
481960,74,,,,,,,,,,,,,,,,,,,,,,,,,,,,,,70,,,,76,
482015,58,64,49,100,71,60,100,47,59,60,41,100,,4,,,,,,,,,,,,,,,,,55,,79,,60,
482060,46,,,,,,,,,,,,,,,,,,,,,,,,,,,,,,46,,50,,44,
482097,72,,,,,,,,,,,,,,,,,,,,,,,,,,,,,,63,,81,,96,
482149,49,42,52,100,74,73,100,45,47,46,47,44,53,36,27,44,49,42,52,100,75,74,100,45,47,46,46,44,53,36,41,41,48,48,56,56
482158,26,27,25,0,38,36,100,18,34,30,21,50,36,43,11,21,26,27,26,0,44,42,100,19,32,30,20,0,38,41,23,23,20,18,32,35
482167,52,,,,,,,,,,,,,,,,,,,,,,,,,,,,,,30,,59,,,
482176,76,,,,,,,,,,,,,,,,,,,,,,,,,,,,,,77,,78,,74,
482185,97,97,100,,100,100,100,100,100,100,86,100,,,,,,,,,,,,,,,,,,,100,,100,,91,
482194,77,,,,,,,,,,,,,,,,,,,,,,,,,,,,,,75,,79,,,
482200,61,,,,,,,,,,,,,1,,,,,,,,,,,,,,,,,56,,100,,78,
482228,29,27,33,,,,,0,0,50,0,,,,13,38,38,33,50,,,,,,0,60,0,,,,29,29,,,29,100
482246,91,,,,,,,,,,,,,,,,,,,,,,,,,,,,,,91,,88,,93,
482255,88,91,67,,75,67,100,100,100,78,100,,,,,,,,,,,,,,,,,,,,94,,75,,75,
482291,61,,,,,,,,,,,,,0,,,,,,,,,,,,,,,,,59,,87,,94,
482413,33,33,33,,0,0,,40,30,25,,50,50,30,21,29,33,38,25,,0,0,,50,30,25,,50,50,25,30,28,0,0,75,75
482422,63,80,33,,100,100,,,33,100,,50,,13,38,50,63,80,33,,100,100,,,33,100,,50,,13,50,50,100,100,50,50
482431,43,40,50,,50,50,,100,36,40,,50,,24,33,39,39,33,50,,0,0,,100,30,50,,50,,22,38,42,100,100,20,20
482459,40,50,0,,,,,0,50,50,,,,40,20,40,40,50,0,,,,,0,50,50,,,,40,0,0,100,100,,
482468,36,33,50,,,,,40,100,25,,0,,27,22,22,33,29,50,,,,,40,,33,,0,,33,50,50,0,0,0,0
482477,37,24,43,,50,0,100,38,43,34,20,43,0,13,17,22,24,20,29,,50,0,100,25,30,20,0,36,0,18,39,24,33,33,21,15
482547,0,,0,0,,,,,,,,,,100,0,0,0,,0,0,,,,,,,,,,100,0,0,,,,
482556,33,29,50,,100,100,,0,33,33,,,,56,40,60,60,67,50,,100,100,,,50,50,,,,40,50,75,0,,0,0
482574,45,44,50,,100,100,,25,,54,0,0,,,29,36,43,42,50,,100,100,,0,,63,0,0,,,38,43,60,50,43,40
482635,33,0,100,,,,,,100,0,,,,,33,33,33,0,100,,,,,,100,0,,,,,33,33,,,,
482653,100,,100,,,,,,,100,,,,,100,100,100,,100,,,,,,,100,,,,,,,100,100,,
482680,37,30,43,33,41,41,43,23,32,38,33,45,43,36,35,49,52,43,58,50,56,56,50,46,49,52,55,100,52,32,35,53,41,56,37,50
482699,20,16,23,50,33,33,,4,35,32,18,25,0,55,,,,,,,,,,,,,,,,,16,,22,,31,
482936,53,51,69,100,53,53,,35,56,55,25,50,75,,38,49,53,51,69,100,53,53,,35,56,55,25,50,75,,46,46,41,41,59,59
482963,46,38,47,50,0,0,,32,51,57,33,50,,,,,,,,,,,,,,,,,,,43,,43,,73,
482981,56,,,,,,,,,,,,,,,,,,,,,,,,,,,,,,57,,75,,38,
482990,87,,,,,,,,,,,,,,,,,,,,,,,,,,,,,,85,,100,,100,
483009,69,,,,,,,,,,,,,,,,,,,,,,,,,,,,,,70,,66,,,
483018,26,29,25,,,,,50,50,27,0,0,,21,11,16,26,29,25,,,,,50,50,27,0,0,,21,21,21,50,50,33,33
483045,41,51,30,0,71,71,,35,47,45,25,,100,9,,,,,,,,,,,,,,,,,33,,29,,53,
483054,79,,,,,,,,,,,,,,,,,,,,,,,,,,,,,,73,,100,,83,
483106,76,,,,,,,,,,,,,2,,,,,,,,,,,,,,,,,73,,100,,75,
483212,28,34,22,0,7,50,0,21,35,31,15,,67,13,,,,,,,,,,,,,,,,,23,,35,,38,
483230,98,,,,,,,,,,,,,,,,,,,,,,,,,,,,,,100,,100,,95,
483258,67,,,,,,,,,,,,,,,,,,,,,,,,,,,,,,67,,,,,
483276,64,,,,,,,,,,,,,,,,,,,,,,,,,,,,,,72,,,,0,
483328,46,,,,,,,,,,,,,,,,,,,,,,,,,,,,,,71,,0,,25,
483337,71,,,,,,,,,,,,,,,,,,,,,,,,,,,,,,63,,60,,90,
483346,83,,,,,,,,,,,,,,,,,,,,,,,,,,,,,,75,,90,,75,
483355,61,,,,,,,,,,,,,,,,,,,,,,,,,,,,,,58,,75,,67,
483364,54,,,,,,,,,,,,,,,,,,,,,,,,,,,,,,54,,,,,
483373,60,,60,,60,60,,0,57,100,,,,,,,,,,,,,,,,,,,,,45,,100,,100,
483382,95,,,,,,,,,,,,,,,,,,,,,,,,,,,,,,92,,100,,98,
483425,67,,,,,,,,,,,,,,,,,,,,,,,,,,,,,,60,,,,75,
483470,85,,,,,,,,,,,,,,,,,,,,,,,,,,,,,,85,,,,,
483504,28,9,39,,,,,28,25,11,33,50,,,,,,,,,,,,,,,,,,,28,,40,,18,
483513,37,,,,,,,,,,,,,18,,,,,,,,,,,,,,,,,41,,0,,0,
483559,61,,,,,,,,,,,,,,,,,,,,,,,,,,,,,,55,,100,,75,
483577,0,,,,,,,,,,,,,,,,,,,,,,,,,,,,,,,,,,0,
483708,90,,,,,,,,,,,,,,,,,,,,,,,,,,,,,,100,,83,,0,
483726,57,,,,,,,,,,,,,,,,,,,,,,,,,,,,,,,,,,57,
483735,58,,,,,,,,,,,,,,,,,,,,,,,,,,,,,,67,,,,33,
483744,75,,,,,,,,,,,,,,,,,,,,,,,,,,,,,,86,,,,0,
483753,78,,,,,,,,,,,,,,,,,,,,,,,,,,,,,,82,,0,,,
483780,55,44,100,,,,,,100,,,0,56,45,0,55,55,44,100,,,,,,100,,,0,56,45,100,100,,,50,50
483799,80,,,,,,,,,,,,,,,,,,,,,,,,,,,,,,75,,50,,100,
483814,59,44,60,,75,75,,57,60,100,,,,,,,,,,,,,,,,,,,,,58,,55,,69,
483823,50,,,,,,,,,,,,,,,,,,,,,,,,,,,,,,41,,60,,96,
483841,88,,,,,,,,,,,,,,,,,,,,,,,,,,,,,,100,,,,78,
483850,91,,,,,,,,,,,,,,,,,,,,,,,,,,,,,,91,,,,,
483869,87,,,,,,,,,,,,,,,,,,,,,,,,,,,,,,94,,,,53,
483878,32,,,,,,,,,,,,,,,,,,,,,,,,,,,,,,31,,40,,0,
483887,91,,,,,,,,,,,,,,,,,,,,,,,,,,,,,,88,,100,,100,
483896,84,,,,,,,,,,,,,,,,,,,,,,,,,,,,,,,,100,,80,
483911,45,,,,,,,,,,,,,,,,,,,,,,,,,,,,,,44,,100,,0,
483920,60,63,55,,,,,54,100,92,,100,,,,,,,,,,,,,,,,,,,57,,75,,78,
483948,57,,,,,,,,,,,,,,,,,,,,,,,,,,,,,,47,,,,100,
483957,82,,,,,,,,,,,,,,,,,,,,,,,,,,,,,,75,,100,,100,
484002,66,69,66,33,74,71,100,66,65,67,69,56,,,,,,,,,,,,,,,,,,,66,,73,,61,
484011,77,,,,,,,,,,,,,,,,,,,,,,,,,,,,,,71,,100,,75,
484020,76,,,,,,,,,,,,,,,,,,,,,,,,,,,,,,100,,56,,,
484048,0,,,,,,,,,,,,,,,,,,,,,,,,,,,,,,,,,,0,
484057,85,,,,,,,,,,,,,,,,,,,,,,,,,,,,,,83,,,,86,
484066,98,100,98,100,100,100,100,100,95,98,100,100,,,,,,,,,,,,,,,,,,,100,,100,,54,
484075,66,,,,,,,,,,,,,15,,,,,,,,,,,,,,,,,100,,,,0,
484084,47,,,,,,,,,,,,,,,,,,,,,,,,,,,,,,33,,50,,75,
484093,65,,,,,,,,,,,,,,,,,,,,,,,,,,,,,,64,,,,67,
484109,83,,,,,,,,,,,,,,,,,,,,,,,,,,,,,,81,,80,,92,
484127,68,,,,,,,,,,,,,,,,,,,,,,,,,,,,,,65,,67,,75,
484136,69,,,,,,,,,,,,,,,,,,,,,,,,,,,,,,74,,,,40,
484163,82,,,,,,,,,,,,,,,,,,,,,,,,,,,,,,87,,71,,57,
484172,95,,,,,,,,,,,,,,,,,,,,,,,,,,,,,,97,,,,50,
484190,44,,,,,,,,,,,,,,,,,,,,,,,,,,,,,,36,,75,,0,
484206,87,,,,,,,,,,,,,,,,,,,,,,,,,,,,,,79,,100,,100,
484330,62,,,,,,,,,,,,,,,,,,,,,,,,,,,,,,57,,100,,100,
484349,52,,,,,,,,,,,,,,,,,,,,,,,,,,,,,,52,,50,,50,
484358,51,,,,,,,,,,,,,,,,,,,,,,,,,,,,,,46,,100,,100,
484367,62,63,62,53,77,78,67,33,55,69,63,,100,,,,,,,,,,,,,,,,,,60,,73,,64,
484376,58,44,60,38,73,69,100,41,64,69,55,,,0,,,,,,,,,,,,,,,,,59,,89,,53,
484394,79,,,,,,,,,,,,,,,,,,,,,,,,,,,,,,78,,67,,83,
484473,78,69,84,,82,82,100,46,72,82,75,75,50,15,22,33,33,23,43,,50,50,,50,50,20,100,0,50,41,68,21,61,0,83,50
484604,60,,,,,,,,,,,,,,,,,,,,,,,,,,,,,,70,,84,,29,
484613,20,17,21,26,27,31,23,17,27,27,23,13,33,,2,10,14,12,15,14,26,32,20,14,20,20,14,7,25,,21,15,35,27,14,10
484631,18,22,16,,0,0,,0,14,25,100,19,,,0,10,19,22,17,,0,0,,0,14,25,100,19,,,11,11,0,0,28,28
484710,0,,0,,0,,0,,0,,,,,,0,0,0,,0,,0,,0,,0,,,,,,0,0,,,0,0
484756,0,0,0,,,,,0,,,,0,,,0,0,0,0,0,,,,,0,,,,0,,,0,0,0,0,0,0
484844,89,90,88,,100,100,,,100,85,83,0,92,4,76,87,89,90,88,,100,100,,,100,85,83,0,92,4,,,,,89,89
484871,52,52,,,,,,,,52,,,,30,0,48,52,52,,,,,,,,52,,,,30,63,63,,,22,22
484899,68,,,,,,,,,,,,,,,,,,,,,,,,,,,,,,79,,,,45,
484905,44,31,52,,71,71,,35,45,44,0,0,60,20,29,41,44,31,52,,71,71,,35,45,44,0,0,60,20,45,45,8,8,46,46
484923,87,,,,,,,,,,,,,,,,,,,,,,,,,,,,,,81,,100,,90,
484932,27,42,16,100,0,0,,7,40,32,,0,,11,,,,,,,,,,,,,,,,,24,,29,,31,
484950,69,75,69,75,,,,,82,64,100,,,,,,,,,,,,,,,,,,,,72,,71,,63,
484996,96,,,,,,,,,,,,,,,,,,,,,,,,,,,,,,95,,,,100,
485014,50,,,,,,,,,,,,,,,,,,,,,,,,,,,,,,47,,80,,40,
485032,56,,,,,,,,,,,,,,,,,,,,,,,,,,,,,,56,,33,,100,
485111,33,30,36,28,32,32,33,28,39,37,,39,,23,,,,,,,,,,,,,,,,,30,,32,,38,
485166,78,,,,,,,,,,,,,,,,,,,,,,,,,,,,,,100,,,,63,
485236,67,,,,,,,,,,,,,,,,,,,,,,,,,,,,,,100,,50,,,
485272,50,33,60,,,,,50,50,,,,,,38,50,50,33,60,,,,,50,50,,,,,,50,50,50,50,,
485342,87,,,,,,,,,,,,,,,,,,,,,,,,,,,,,,80,,,,90,
485360,0,,,,,,,,,,,,,33,,,,,,,,,,,,,,,,,0,,,,0,
485379,78,,,,,,,,,,,,,,,,,,,,,,,,,,,,,,84,,17,,40,
485388,74,,,,,,,,,,,,,,,,,,,,,,,,,,,,,,74,,100,,63,
485397,48,,,,,,,,,,,,,,,,,,,,,,,,,,,,,,43,,75,,100,
485412,70,,,,,,,,,,,,,,,,,,,,,,,,,,,,,,68,,0,,100,
485458,46,59,24,,,,,50,0,48,60,0,,11,,,,,,,,,,,,,,,,,31,,,,68,
485476,88,,,,,,,,,,,,,,,,,,,,,,,,,,,,,,87,,80,,92,
485485,75,,,,,,,,,,,,,,,,,,,,,,,,,,,,,,71,,100,,74,
485494,76,,,,,,,,,,,,,,,,,,,,,,,,,,,,,,76,,100,,71,
485500,100,100,100,,100,100,,100,,100,,,,,,,,,,,,,,,,,,,,,100,,,,100,
485519,38,37,41,,,,,36,45,34,100,,,8,,,,,,,,,,,,,,,,,,,,,38,
485546,0,0,,,,,,,,,,,0,,,,,,,,,,,,,,,,,,,,,,0,
485564,89,82,91,,71,71,,91,,87,100,,,,,,,,,,,,,,,,,,,,88,,90,,,
485573,89,,,,,,,,,,,,,,,,,,,,,,,,,,,,,,88,,,,100,
485591,5,,,,,,,,,,,,,,,,,,,,,,,,,,,,,,5,,,,,
485607,52,,,,,,,,,,,,,,,,,,,,,,,,,,,,,,29,,0,,100,
485698,64,63,67,,100,100,,0,0,79,,,,,55,55,55,56,50,,,,,0,0,73,,,,,,,,,64,55
485704,100,,,,,,,,,,,,,,,,,,,,,,,,,,,,,,100,,,,,
485768,61,69,48,,100,100,,42,76,50,0,100,56,3,59,59,59,68,47,,100,100,,46,72,50,0,100,50,5,59,59,75,67,62,58
485801,100,,,,,,,,,,,,,,,,,,,,,,,,,,,,,,100,,,,,
485874,95,,,,,,,,,,,,,,,,,,,,,,,,,,,,,,88,,100,,100,
485926,43,,,,,,,,,,,,,,,,,,,,,,,,,,,,,,58,,60,,38,
485953,54,56,43,,0,0,,7,86,67,,,,,,,,,,,,,,,,,,,,,0,,,,62,
485962,29,,,,,,,,,,,,,,,,,,,,,,,,,,,,,,100,,50,,0,
485999,52,52,,,,,,,,52,,,,39,0,52,52,52,,,,,,,,52,,,,39,86,86,,,38,38
486017,13,13,,,,,,,,14,,,0,38,13,13,13,13,,,,,,,,14,,,0,38,50,50,,,0,0
486026,6,6,,,,,,,,6,,,,94,3,6,6,6,,,,,,,,6,,,,94,0,0,,,8,8
486053,50,75,30,,,,,,,50,,,,50,33,39,39,63,20,,,,,,,39,,,,50,,,,,50,39
486123,57,50,100,,,,,0,100,100,,33,100,,,,,,,,,,,,,,,,,,67,,0,,,
486141,100,,,,,,,,,,,,,,,,,,,,,,,,,,,,,,100,,100,,,
486150,91,,,,,,,,,,,,,,,,,,,,,,,,,,,,,,95,,,,82,
486169,55,,,,,,,,,,,,,,,,,,,,,,,,,,,,,,50,,,,100,
486196,49,49,,,,,,,,49,,,,51,0,5,5,5,,,,,,,,5,,,,51,0,0,,,89,9
486202,100,,,,,,,,,,,,,,,,,,,,,,,,,,,,,,100,,,,100,
486239,70,69,71,,,,,,94,,,,61,,16,16,74,78,70,,,,,,73,,,,74,,100,100,,,67,69
486248,65,,,,,,,,,,,,,,,,,,,,,,,,,,,,,,75,,59,,69,
486257,41,41,42,,0,0,,50,57,36,0,0,100,12,,,,,,,,,,,,,,,,,42,,0,,50,
486284,61,63,61,,0,0,,0,,64,,33,100,3,32,38,39,27,43,,0,0,,0,,42,,0,100,3,59,32,74,53,53,37
486345,72,,,,,,,,,,,,,,,,,,,,,,,,,,,,,,70,,100,,,
486354,92,100,87,,,,,,,,,,92,8,36,36,36,40,33,,,,,,,,,,36,8,,,,,92,36
486372,21,25,0,,67,67,,12,75,15,,0,,,,,,,,,,,,,,,,,,,0,,0,,34,
486381,72,67,73,,50,50,,55,82,82,40,,,,,,,,,,,,,,,,,,,,76,,43,,80,
486390,68,,,,,,,,,,,,,,,,,,,,,,,,,,,,,,80,,100,,20,
486406,73,,,,,,,,,,,,,,,,,,,,,,,,,,,,,,71,,,,75,
486415,75,69,76,,83,83,,74,73,86,,,,11,,,,,,,,,,,,,,,,,76,,60,,,
486424,84,86,83,,100,100,,81,100,100,,,,,,,,,,,,,,,,,,,,,100,,100,,0,
486442,56,,,,,,,,,,,,,,,,,,,,,,,,,,,,,,80,,100,,0,
486488,50,33,100,,,,,,0,67,,,,,33,33,33,33,,,,,,,0,50,,,,,50,50,,,50,0
486497,74,,,,,,,,,,,,,,,,,,,,,,,,,,,,,,73,,,,75,
486503,76,,,,,,,,,,,,,,,,,,,,,,,,,,,,,,96,,,,0,
486512,84,,,,,,,,,,,,,,,,,,,,,,,,,,,,,,85,,100,,50,
486530,92,,,,,,,,,,,,,,,,,,,,,,,,,,,,,,93,,100,,86,
486558,51,50,60,,64,57,75,0,59,44,43,100,,,,,,,,,,,,,,,,,,,48,,62,,43,
486567,63,,,,,,,,,,,,,,,,,,,,,,,,,,,,,,57,,86,,73,
486576,54,,,,,,,,,,,,,,,,,,,,,,,,,,,,,,50,,,,100,
486619,40,,,,,,,,,,,,,2,,,,,,,,,,,,,,,,,50,,100,,38,
486691,36,,,,,,,,,,,,,,,,,,,,,,,,,,,,,,34,,,,100,
486707,59,,,,,,,,,,,,,,,,,,,,,,,,,,,,,,57,,100,,33,
486716,77,,,,,,,,,,,,,,,,,,,,,,,,,,,,,,75,,91,,67,
486752,53,,,,,,,,,,,,,1,,,,,,,,,,,,,,,,,51,,80,,0,
486770,70,,,,,,,,,,,,,,,,,,,,,,,,,,,,,,73,,,,33,
486798,67,,,,,,,,,,,,,,,,,,,,,,,,,,,,,,64,,79,,71,
486813,51,54,51,100,100,100,100,27,49,58,100,,,0,,,,,,,,,,,,,,,,,50,,62,,50,
486822,53,44,54,41,71,71,,23,58,52,50,0,,,,,,,,,,,,,,,,,,,54,,49,,52,
486840,48,44,52,17,55,55,40,50,52,47,40,48,53,28,21,41,48,44,52,17,55,55,40,50,52,47,40,48,53,28,47,47,45,45,50,50
486859,67,,67,,,,,,0,80,,,,,,,,,,,,,,,,,,,,,25,,100,,86,
486877,71,,,,,,,,,,,,,,,,,,,,,,,,,,,,,,100,,100,,60,
486886,94,,,,,,,,,,,,,,,,,,,,,,,,,,,,,,100,,,,93,
486901,60,49,71,,100,100,,78,50,60,33,,63,32,53,60,60,49,71,,100,100,,78,50,60,33,,63,32,48,48,64,64,65,65
486938,0,,0,,0,0,,,,,,,,100,0,0,0,,0,,0,0,,,,,,,,100,,,,,0,0
486956,0,0,0,,,,,0,,0,,,,33,0,0,0,0,0,,,,,0,,0,,,,33,0,0,0,0,,
486983,40,,,,,,,,,,,,,,,,,,,,,,,,,,,,,,22,,60,,53,
487047,52,,,,,,,,,,,,,,,,,,,,,,,,,,,,,,48,,76,,81,
487065,58,,,,,,,,,,,,,,,,,,,,,,,,,,,,,,46,,100,,88,
487083,67,,,,,,,,,,,,,,,,,,,,,,,,,,,,,,100,,0,,0,
487092,95,94,95,,96,96,,97,100,91,92,88,97,,,,,,,,,,,,,,,,,,96,,97,,94,
487162,36,47,29,,67,100,0,23,35,41,0,50,0,8,,,,,,,,,,,,,,,,,33,,,,44,
487232,73,,,,,,,,,,,,,,,,,,,,,,,,,,,,,,74,,73,,70,
487302,43,53,33,0,56,56,,24,100,57,25,0,,,,,,,,,,,,,,,,,,,37,,100,,100,
487311,71,71,71,,0,,0,58,87,75,33,89,,,,,,,,,,,,,,,,,,,68,,72,,92,
487320,38,41,18,100,67,50,100,22,34,46,25,33,,13,,,,,,,,,,,,,,,,,32,,51,,44,
487348,83,,,,,,,,,,,,,,,,,,,,,,,,,,,,,,70,,100,,89,
487375,75,100,67,,,,,0,100,100,,,,,75,75,75,100,67,,,,,0,100,100,,,,,100,100,,,50,50
487384,56,,,,,,,,,,,,,1,,,,,,,,,,,,,,,,,56,,67,,80,
487393,51,52,51,0,0,0,,48,57,57,0,51,,1,,,,,,,,,,,,,,,,,50,,71,,100,
487409,58,59,58,,100,100,,61,54,88,,58,,1,,,,,,,,,,,,,,,,,58,,75,,50,
487418,43,46,41,0,40,25,100,42,55,22,75,44,,1,,,,,,,,,,,,,,,,,42,,67,,67,
487427,51,,,,,,,,,,,,,0,,,,,,,,,,,,,,,,,50,,72,,67,
487436,43,,,,,,,,,,,,,0,,,,,,,,,,,,,,,,,42,,85,,100,
487445,59,58,59,,100,100,,54,72,60,50,59,,1,,,,,,,,,,,,,,,,,58,,67,,78,
487454,57,57,58,,25,50,0,56,65,33,100,57,,1,,,,,,,,,,,,,,,,,56,,88,,100,
487472,56,,,,,,,,,,,,,0,,,,,,,,,,,,,,,,,55,,81,,40,
487481,48,,,,,,,,,,,,,1,,,,,,,,,,,,,,,,,48,,67,,67,
487490,44,44,45,33,50,100,33,36,50,57,67,46,,1,,,,,,,,,,,,,,,,,44,,71,,57,
487506,94,,,,,,,,,,,,,,,,,,,,,,,,,,,,,,100,,100,,88,
487524,57,52,60,0,83,83,,32,27,60,38,48,43,,37,55,57,52,61,0,83,83,,32,27,60,38,48,43,,47,47,63,63,68,68
487533,57,,,,,,,,,,,,,,,,,,,,,,,,,,,,,,50,,0,,100,
487588,67,65,68,50,100,100,,66,88,74,100,68,,,,,,,,,,,,,,,,,,,68,,92,,29,
487597,52,51,74,100,70,76,40,48,52,54,64,39,,0,,,,,,,,,,,,,,,,,55,,54,,42,
487603,31,32,29,0,25,50,0,0,0,38,33,,,,12,14,20,17,24,,0,0,0,0,0,26,25,,,,26,10,31,31,37,24
487621,86,,,,,,,,,,,,,,,,,,,,,,,,,,,,,,86,,,,,
487658,100,100,100,,100,100,100,100,100,100,100,100,,,,,,,,,,,,,,,,,,,100,,100,,,
487676,57,,,,,,,,,,,,,,,,,,,,,,,,,,,,,,41,,78,,70,
487746,0,0,,,,,,,,0,,,,50,0,0,0,0,,,,,,,,0,,,,50,0,0,,,0,0
487773,67,,,,,,,,,,,,,,,,,,,,,,,,,,,,,,100,,,,50,
487791,78,,,,,,,,,,,,,,,,,,,,,,,,,,,,,,70,,92,,91,
487807,20,,,,,,,,,,,,,,,,,,,,,,,,,,,,,,33,,0,,0,
487816,0,,,,,,,,,,,,,,,,,,,,,,,,,,,,,,0,,,,,
487861,77,80,77,,,,,77,,,,,,,,,,,,,,,,,,,,,,,,,,,77,
487889,92,,,,,,,,,,,,,,,,,,,,,,,,,,,,,,,,100,,92,
487904,92,,,,,,,,,,,,,8,,,,,,,,,,,,,,,,,100,,100,,78,
487922,67,,,,,,,,,,,,,6,,,,,,,,,,,,,,,,,40,,67,,80,
487959,7,,,,,,,,,,,,,,,,,,,,,,,,,,,,,,33,,0,,0,
487968,100,,100,,,,,100,,,,,,,,,,,,,,,,,,,,,,,100,,,,,
487977,79,40,86,,,,,100,80,79,67,,,,,,,,,,,,,,,,,,,,0,,,,82,
488013,53,,,,,,,,,,,,,,,,,,,,,,,,,,,,,,53,,33,,67,
488022,17,,,,,,,,,,,,,,,,,,,,,,,,,,,,,,13,,,,50,
488059,71,,71,,,,,50,80,,,,,,,,,,,,,,,,,,,,,,71,,,,,
488077,32,32,39,10,20,11,33,19,30,34,31,30,,2,,,,,,,,,,,,,,,,,34,,22,,33,
488110,30,,,,,,,,,,,,,,,,,,,,,,,,,,,,,,36,,100,,9,
488129,100,,,,,,,,,,,,,,,,,,,,,,,,,,,,,,100,,,,,
488138,85,,,,,,,,,,,,,,,,,,,,,,,,,,,,,,94,,61,,,
488147,88,,,,,,,,,,,,,,,,,,,,,,,,,,,,,,48,,100,,100,
488174,80,,,,,,,,,,,,,20,,,,,,,,,,,,,,,,,80,,,,,
488183,57,,,,,,,,,,,,,,,,,,,,,,,,,,,,,,80,,0,,0,
488192,85,,,,,,,,,,,,,,,,,,,,,,,,,,,,,,71,,100,,100,
488217,79,,,,,,,,,,,,,,,,,,,,,,,,,,,,,,75,,100,,100,
488226,53,,,,,,,,,,,,,47,,,,,,,,,,,,,,,,,56,,0,,57,
488253,88,,,,,,,,,,,,,,,,,,,,,,,,,,,,,,86,,,,100,
488262,42,,,,,,,,,,,,,,,,,,,,,,,,,,,,,,43,,50,,33,
488271,77,,,,,,,,,,,,,,,,,,,,,,,,,,,,,,78,,100,,63,
488280,100,,,,,,,,,,,,,,,,,,,,,,,,,,,,,,100,,100,,,
488299,62,,,,,,,,,,,,,,,,,,,,,,,,,,,,,,100,,,,47,
488305,70,75,67,,100,100,,67,50,75,,,0,3,,,,,,,,,,,,,,,,,71,,67,,70,
488314,0,0,,,,,,,,0,,,,96,0,0,0,0,,,,,,,,0,,,,96,0,0,,,0,0
488332,0,,0,,,,,0,,,,,,100,,,,,,,,,,,,,,,,,,,,,0,
488350,70,70,,,,,,,,71,,,50,26,9,9,9,9,,,,,,,,5,,,50,26,100,0,,,53,13
488369,50,,,,,,,,,,,,,13,,,,,,,,,,,,,,,,,50,,,,,
488378,77,,,,,,,,,,,,,,,,,,,,,,,,,,,,,,74,,100,,100,
488396,46,,,,,,,,,,,,,,,,,,,,,,,,,,,,,,36,,100,,,
488411,81,,,,,,,,,,,,,,,,,,,,,,,,,,,,,,76,,100,,83,
488439,36,,,,,,,,,,,,,,,,,,,,,,,,,,,,,,29,,100,,67,
488448,89,100,80,,,,,100,0,100,,,,,,,,,,,,,,,,,,,,,100,,50,,100,
488563,80,100,50,,100,100,,50,,,100,,100,,,,,,,,,,,,,,,,,,100,,,,75,
488590,100,,,,,,,,,,,,,,,,,,,,,,,,,,,,,,,,,,100,
488651,58,,,,,,,,,,,,,,,,,,,,,,,,,,,,,,46,,50,,100,
488679,37,38,37,75,33,30,50,29,32,44,30,25,0,,,,,,,,,,,,,,,,,,34,,48,,38,
488730,34,31,36,0,42,43,0,41,36,27,43,0,,29,,,,,,,,,,,,,,,,,33,,44,,34,
488749,51,,,,,,,,,,,,,9,,,,,,,,,,,,,,,,,41,,67,,,
488785,43,50,40,,0,,0,0,56,57,33,,,,22,43,43,50,40,,0,,0,0,56,57,33,,,,40,40,50,50,43,43
488837,97,,,,,,,,,,,,,,,,,,,,,,,,,,,,,,97,,100,,,
488846,37,40,32,,100,100,,44,67,52,0,35,,1,18,23,28,30,25,,100,100,,67,60,44,,26,,1,,,,,37,28
488891,57,,,,,,,,,,,,,,,,,,,,,,,,,,,,,,40,,,,57,
488916,91,,,,,,,,,,,,,,,,,,,,,,,,,,,,,,95,,,,0,
488934,75,73,78,79,71,83,0,73,68,77,75,,,,,,,,,,,,,,,,,,,,72,,,,77,
488952,62,,,,,,,,,,,,,,,,,,,,,,,,,,,,,,59,,100,,100,
488961,48,,,,,,,,,,,,,,,,,,,,,,,,,,,,,,44,,80,,50,
488970,74,,,,,,,,,,,,,,,,,,,,,,,,,,,,,,76,,100,,71,
488989,80,,,,,,,,,,,,,,,,,,,,,,,,,,,,,,77,,91,,80,
488998,64,,,,,,,,,,,,,,,,,,,,,,,,,,,,,,63,,78,,50,
489122,67,,,,,,,,,,,,,,,,,,,,,,,,,,,,,,67,,100,,0,
489131,63,,,,,,,,,,,,,,,,,,,,,,,,,,,,,,50,,100,,75,
489140,57,,,,,,,,,,,,,,,,,,,,,,,,,,,,,,60,,50,,50,
489159,83,,,,,,,,,,,,,,,,,,,,,,,,,,,,,,79,,88,,92,
489201,40,39,40,0,37,36,100,33,34,45,59,52,,9,,,,,,,,,,,,,,,,,37,,0,,41,
489238,88,,,,,,,,,,,,,1,,,,,,,,,,,,,,,,,82,,98,,,
489247,67,,,,,,,,,,,,,,,,,,,,,,,,,,,,,,86,,,,0,
489256,97,,,,,,,,,,,,,,,,,,,,,,,,,,,,,,100,,,,92,
489283,69,62,70,,,,,,69,67,,0,,,,,,,,,,,,,,,,,,,78,,79,,13,
489344,0,,0,,,,,0,,,,,,,0,0,0,,0,,,,,0,,,,,,,0,0,,,,
489353,0,,0,,,,,,0,,,,,100,0,0,0,,0,,,,,,0,,,,,100,,,0,0,,
489371,74,76,61,0,73,71,75,71,75,76,64,100,,26,,,,,,,,,,,,,,,,,72,,89,,60,
489779,48,25,53,,0,0,,100,100,50,100,0,,14,50,50,50,0,100,,,,,,,50,,,,50,40,,,,55,50
489812,63,0,66,0,,,,,,68,0,,,,,,,,,,,,,,,,,,,,47,,75,,100,
489830,54,,,,,,,,,,,,,,,,,,,,,,,,,,,,,,43,,100,,80,
489937,29,24,39,,,,,0,0,47,13,,100,,28,28,28,22,38,,,,,0,0,44,14,,100,,28,24,14,17,45,50
490045,80,,80,,100,100,,,,,,,50,,40,80,80,,80,,100,100,,,,,,,50,,100,100,,,50,50
490054,100,,100,,,,,,,,,100,,,100,100,100,,100,,,,,,,,,100,,,,,,,100,100
490081,100,,100,,,,,,,,,,100,,0,100,100,,100,,,,,,,,,,100,,,,,,100,100
490090,88,,,,,,,,,,,,,,,,,,,,,,,,,,,,,,,,,,88,
490115,56,42,83,,100,100,,50,,67,0,,,,,,,,,,,,,,,,,,,,60,,50,,50,
490133,60,60,59,,,,,0,,,,,60,,7,59,60,60,59,,,,,0,,,,,60,,0,0,,,60,60
490142,100,,,,,,,,,,,,,,,,,,,,,,,,,,,,,,100,,,,,
490151,77,,,,,,,,,,,,,,,,,,,,,,,,,,,,,,73,,100,,82,
490160,76,71,78,50,86,86,,100,70,91,33,,,,,,,,,,,,,,,,,,,,86,,86,,33,
490197,100,100,100,,,,,,100,,,,,,,,,,,,,,,,,,,,,,100,,,,,
490203,0,0,0,,,,,,,0,,,,,,,,,,,,,,,,,,,,,,,,,0,
490221,75,,,,,,,,,,,,,,,,,,,,,,,,,,,,,,100,,50,,,
490230,50,0,100,,,,,,,,,,50,,50,50,50,,50,,,,,,,,,,50,,,,,,50,50
490249,85,,,,,,,,,,,,,,,,,,,,,,,,,,,,,,90,,0,,,
490258,80,,,,,,,,,,,,,,,,,,,,,,,,,,,,,,64,,100,,90,
490267,50,,,,,,,,,,,,,,,,,,,,,,,,,,,,,,75,,,,0,
490276,8,8,,,,,,,,8,,,,49,0,8,8,8,,,,,,,,8,,,,49,13,13,,,0,0
490285,70,69,100,,76,76,,50,50,83,67,,,,,,,,,,,,,,,,,,,,,,,,70,
490294,30,,,,,,,,,,,,,,,,,,,,,,,,,,,,,,38,,0,,7,
490300,100,,,,,,,,,,,,,,,,,,,,,,,,,,,,,,100,,100,,100,
490319,0,0,,,,,,,,0,,,,100,0,0,0,0,,,,,,,,0,,,,100,0,0,,,0,0
490346,95,,95,,,,,,,95,,,,,,,,,,,,,,,,,,,,,96,,,,94,
490382,60,,,,,,,,,,,,,,,,,,,,,,,,,,,,,,100,,100,,18,
490391,98,,,,,,,,,,,,,,,,,,,,,,,,,,,,,,94,,100,,100,
490407,83,,,,,,,,,,,,,,,,,,,,,,,,,,,,,,82,,75,,88,
490416,74,,,,,,,,,,,,,,,,,,,,,,,,,,,,,,69,,100,,100,
490425,84,,,,,,,,,,,,,,,,,,,,,,,,,,,,,,71,,100,,89,
490434,93,,,,,,,,,,,,,,,,,,,,,,,,,,,,,,100,,100,,86,
490443,79,,,,,,,,,,,,,,,,,,,,,,,,,,,,,,82,,50,,100,
490470,80,,,,,,,,,,,,,,,,,,,,,,,,,,,,,,86,,,,67,
490489,100,100,100,,,,,100,100,100,,,,,,,,,,,,,,,,,,,,,100,,,,,
490498,100,100,100,,,,,100,100,100,,100,,,,,,,,,,,,,,,,,,,100,,100,,,
490504,27,27,,,,,,,,27,,,,73,9,9,9,9,,,,,,,,9,,,,73,20,20,,,33,0
490513,65,65,,,,,,,,65,,,,20,15,15,20,20,,,,,,,,20,,,,20,80,40,,,60,13
490522,100,,,,,,,,,,,,,,,,,,,,,,,,,,,,,,100,,,,,
490531,77,,,,,,,,,,,,,,,,,,,,,,,,,,,,,,81,,0,,,
490674,83,,,,,,,,,,,,,,,,,,,,,,,,,,,,,,100,,100,,0,
490692,55,54,67,,0,0,,52,0,100,50,,,,,,,,,,,,,,,,,,,,54,,,,67,
490717,71,,,,,,,,,,,,,,,,,,,,,,,,,,,,,,73,,71,,67,
490735,78,,,,,,,,,,,,,,,,,,,,,,,,,,,,,,62,,60,,89,
490744,50,,,,,,,,,,,,,,,,,,,,,,,,,,,,,,50,,,,,
490805,44,42,46,50,50,52,0,23,48,46,43,40,40,,28,40,44,42,46,50,50,52,0,23,48,46,43,40,40,,41,41,44,44,48,48
490814,60,,,,,,,,,,,,,,,,,,,,,,,,,,,,,,56,,90,,33,
490832,46,20,48,,,,,53,100,47,40,36,0,1,,,,,,,,,,,,,,,,,45,,57,,50,
490841,54,57,54,,33,33,,38,74,60,50,59,,1,,,,,,,,,,,,,,,,,54,,65,,44,
490869,47,43,47,0,100,100,,31,52,64,75,40,,,,,,,,,,,,,,,,,,,44,,65,,50,
490878,62,49,68,75,63,71,0,33,61,70,60,0,,,,,,,,,,,,,,,,,,,61,,46,,90,
490896,82,,,,,,,,,,,,,,,,,,,,,,,,,,,,,,77,,93,,88,
490948,67,,,,,,,,,,,,,,,,,,,,,,,,,,,,,,67,,,,,
490975,36,38,36,,,,,33,39,0,20,100,,,,,,,,,,,,,,,,,,,35,,40,,100,
491057,86,86,,,,,,,,86,,,,,86,86,86,86,,,,,,,,86,,,,,75,75,,,100,100
491066,90,,,,,,,,,,,,,,,,,,,,,,,,,,,,,,94,,100,,50,
491075,80,,,,,,,,,,,,,,,,,,,,,,,,,,,,,,100,,100,,13,
491084,55,,,,,,,,,,,,,,,,,,,,,,,,,,,,,,47,,75,,82,
491136,50,,,,,,,,,,,,,,,,,,,,,,,,,,,,,,50,,,,50,
491145,77,,,,,,,,,,,,,,,,,,,,,,,,,,,,,,79,,100,,0,
491181,45,71,36,0,,,,,,46,,,,,,,,,,,,,,,,,,,,,55,,22,,,
491215,90,,,,,,,,,,,,,,,,,,,,,,,,,,,,,,96,,100,,71,
491233,63,,,,,,,,,,,,,,,,,,,,,,,,,,,,,,43,,0,,75,
491242,69,,,,,,,,,,,,,,,,,,,,,,,,,,,,,,67,,100,,63,
491251,75,,,,,,,,,,,,,,,,,,,,,,,,,,,,,,100,,,,60,
491260,13,,,,,,,,,,,,,,,,,,,,,,,,,,,,,,17,,0,,,
491394,66,,,,,,,,,,,,,,,,,,,,,,,,,,,,,,61,,100,,70,
491446,83,,83,,,,,,,83,,,,1,,,,,,,,,,,,,,,,,84,,,,82,
491464,28,,,,,,,,,,,,,,,,,,,,,,,,,,,,,,37,,,,22,
491473,100,,,,,,,,,,,,,,,,,,,,,,,,,,,,,,100,,,,,
491525,36,33,50,,,,,0,,40,,,,,25,75,75,75,,,,,,0,,100,,,,,,,,,36,75
491543,90,,,,,,,,,,,,,,,,,,,,,,,,,,,,,,79,,,,94,
491552,100,,,,,,,,,,,,,,,,,,,,,,,,,,,,,,100,,100,,100,
491570,26,,,,,,,,,,,,,,,,,,,,,,,,,,,,,,35,,,,0,
491589,75,,,,,,,,,,,,,,,,,,,,,,,,,,,,,,75,,,,,
491598,85,,,,,,,,,,,,,,,,,,,,,,,,,,,,,,90,,100,,0,
491613,0,0,,,,,,,,0,,,,100,0,0,0,0,,,,,,,,0,,,,100,,,,,0,0
491622,71,71,,,,,,,,71,,,,29,0,18,18,18,,,,,,,,18,,,,29,73,27,,,67,0
491631,100,,100,,,,,,,100,,,,,100,100,100,,100,,,,,,,100,,,,,,,,,100,100
491640,68,68,,,,,,,,68,,,,32,0,0,2,2,,,,,,,,2,,,,32,83,0,,,57,4
491659,49,53,45,0,71,73,67,50,43,47,,,,,,,,,,,,,,,,,,,,,55,,40,,44,
491668,84,,,,,,,,,,,,,,,,,,,,,,,,,,,,,,85,,,,82,
491677,73,,,,,,,,,,,,,,,,,,,,,,,,,,,,,,73,,,,,
491686,64,,,,,,,,,,,,,,,,,,,,,,,,,,,,,,63,,83,,33,
491695,83,,,,,,,,,,,,,,,,,,,,,,,,,,,,,,,,,,83,
491710,11,11,,,,,,,,11,,,0,89,5,11,11,11,,,,,,,,11,,,0,89,0,0,,,12,12
491729,14,,,,,,,,,,,,,,,,,,,,,,,,,,,,,,17,,,,0,
491738,84,50,87,,78,75,80,0,100,86,100,100,,,,,,,,,,,,,,,,,,,97,,57,,76,
491747,62,,,,,,,,,,,,,,,,,,,,,,,,,,,,,,80,,0,,67,
491756,63,,,,,,,,,,,,,,,,,,,,,,,,,,,,,,69,,100,,9,
491765,4,4,,,,,,,,4,,,,96,4,4,4,4,,,,,,,,4,,,,96,20,20,,,0,0
491774,74,,,,,,,,,,,,,,,,,,,,,,,,,,,,,,70,,100,,75,
491783,52,,,,,,,,,,,,,,,,,,,,,,,,,,,,,,88,,,,18,
491792,81,,,,,,,,,,,,,,,,,,,,,,,,,,,,,,75,,95,,,
491817,94,,94,,,,,,,94,,,,1,,,,,,,,,,,,,,,,,99,,,,89,
491826,85,,,,,,,,,,,,,,,,,,,,,,,,,,,,,,82,,,,93,
491835,85,,,,,,,,,,,,,,,,,,,,,,,,,,,,,,87,,100,,73,
491844,48,67,43,50,,,,,,,33,,,7,,,,,,,,,,,,,,,,,30,,,,100,
491853,86,,,,,,,,,,,,,,,,,,,,,,,,,,,,,,83,,,,100,
491871,100,,,,,,,,,,,,,,,,,,,,,,,,,,,,,,100,,,,,
491880,92,,,,,,,,,,,,,,,,,,,,,,,,,,,,,,95,,100,,85,
491899,100,,,,,,,,,,,,,,,,,,,,,,,,,,,,,,,,,,100,
491905,29,,,,,,,,,,,,,,,,,,,,,,,,,,,,,,48,,0,,22,
491914,88,88,,,,,,,,88,,,,12,0,0,12,12,,,,,,,,12,,,,12,,,,,88,12
491923,84,,,,,,,,,,,,,0,,,,,,,,,,,,,,,,,79,,96,,88,
491932,95,,,,,,,,,,,,,,,,,,,,,,,,,,,,,,100,,100,,60,
491941,63,67,63,,,,,43,100,65,,,,,,,,,,,,,,,,,,,,,59,,74,,57,
491950,75,100,67,,100,,100,100,100,0,,,,,,,,,,,,,,,,,,,,,,,100,,67,
491996,61,,,,,,,,,,,,,,,,,,,,,,,,,,,,,,71,,100,,17,
492005,74,,,,,,,,,,,,,,,,,,,,,,,,,,,,,,100,,100,,11,
492096,100,,,,,,,,,,,,,,,,,,,,,,,,,,,,,,100,,,,,
492139,56,,,,,,,,,,,,,,,,,,,,,,,,,,,,,,76,,88,,50,
492281,30,,,,,,,,,,,,,,,,,,,,,,,,,,,,,,67,,0,,0,
492360,100,,,,,,,,,,,,,,,,,,,,,,,,,,,,,,100,,100,,100,
492421,80,,,,,,,,,,,,,,,,,,,,,,,,,,,,,,100,,,,0,
492449,58,52,60,0,90,89,100,33,60,55,50,0,,1,,,,,,,,,,,,,,,,,64,,53,,52,
492476,36,17,44,,,,,,36,,,,,,,,,,,,,,,,,,,,,,47,,,,0,
492643,74,,,,,,,,,,,,,,,,,,,,,,,,,,,,,,68,,100,,,
492652,81,,,,,,,,,,,,,,,,,,,,,,,,,,,,,,71,,100,,92,
492661,71,,,,,,,,,,,,,,,,,,,,,,,,,,,,,,70,,100,,67,
492722,74,71,74,100,100,100,,56,73,81,75,100,,,,,,,,,,,,,,,,,,,76,,79,,33,
492731,77,,,,,,,,,,,,,3,,,,,,,,,,,,,,,,,78,,100,,74,
492801,32,33,32,100,50,0,100,,50,23,0,,50,,0,15,21,33,16,0,0,,0,,29,22,0,,0,,32,19,100,50,20,20
492935,89,,,,,,,,,,,,,,,,,,,,,,,,,,,,,,89,,,,75,
492953,91,,,,,,,,,,,,,,,,,,,,,,,,,,,,,,87,,100,,94,
493071,37,,,,,,,,,,,,,0,,,,,,,,,,,,,,,,,37,,,,40,
493080,60,33,100,,100,100,,,0,100,,0,100,,,,,,,,,,,,,,,,,,0,,,,75,
493132,54,55,38,100,50,67,0,46,55,74,52,43,100,0,,,,,,,,,,,,,,,,,51,,59,,70,
493150,84,,,,,,,,,,,,,,,,,,,,,,,,,,,,,,85,,100,,81,
493372,50,,,,,,,,,,,,,25,,,,,,,,,,,,,,,,,33,,,,100,
493451,66,100,61,100,,,,100,,65,50,,,,,,,,,,,,,,,,,,,,78,,,,0,
493479,100,,,,,,,,,,,,,,,,,,,,,,,,,,,,,,100,,,,,
493488,100,,100,,,,,100,,,,,,,,,,,,,,,,,,,,,,,100,,,,,
493530,88,,,,,,,,,,,,,,,,,,,,,,,,,,,,,,83,,100,,100,
493549,84,,,,,,,,,,,,,,,,,,,,,,,,,,,,,,82,,80,,92,
493558,64,,,,,,,,,,,,,,,,,,,,,,,,,,,,,,100,,100,,41,
493576,67,,,,,,,,,,,,,,,,,,,,,,,,,,,,,,60,,,,100,
493594,67,67,,,,,,,,67,,,,33,0,0,11,11,,,,,,,,11,,,,33,,,,,67,11
493600,12,12,,,,,,,,12,,,,44,0,12,12,12,,,,,,,,12,,,,44,,,,,12,12
493628,63,,,,,,,,,,,,,,,,,,,,,,,,,,,,,,100,,100,,40,
493637,56,,,,,,,,,,,,,,,,,,,,,,,,,,,,,,,,,,56,
493646,100,,100,,,,,,,100,,,,,,,,,,,,,,,,,,,,,100,,,,100,
493655,77,,,,,,,,,,,,,,,,,,,,,,,,,,,,,,94,,100,,14,
493664,80,80,,,,,,,,80,,,,20,0,40,60,60,,,,,,,,60,,,,20,,,,,80,60
493682,100,,100,,100,100,,100,100,100,,,,,,,,,,,,,,,,,,,,,,,,,100,
493691,52,,,,,,,,,,,,,,,,,,,,,,,,,,,,,,56,,0,,50,
493707,50,50,,,,,,,,50,,,,50,22,22,22,22,,,,,,,,22,,,,50,,,,,50,22
493716,83,83,,,,,,,,83,,,,17,33,33,33,33,,,,,,,,33,,,,17,,,,,83,33
493743,91,,,,,,,,,,,,,,,,,,,,,,,,,,,,,,91,,,,,
493752,80,,,,,,,,,,,,,,,,,,,,,,,,,,,,,,,,,,80,
493761,69,,,,,,,,,,,,,,,,,,,,,,,,,,,,,,68,,100,,60,
493770,68,,,,,,,,,,,,,,,,,,,,,,,,,,,,,,68,,,,,
493798,93,,93,,,,,,,93,,,,,,,,,,,,,,,,,,,,,98,,,,89,
493804,63,,,,,,,,,,,,,,,,,,,,,,,,,,,,,,61,,50,,74,
493813,64,,,,,,,,,,,,,,,,,,,,,,,,,,,,,,62,,100,,,
493831,55,,,,,,,,,,,,,9,,,,,,,,,,,,,,,,,53,,100,,50,
493868,96,,,,,,,,,,,,,,,,,,,,,,,,,,,,,,96,,,,,
493910,67,,,,,,,,,,,,,,,,,,,,,,,,,,,,,,,,,,67,
493992,48,72,33,,,,,32,66,52,33,0,,4,,,,,,,,,,,,,,,,,49,,100,,27,
494001,100,,,,,,,,,,,,,,,,,,,,,,,,,,,,,,,,,,100,
494029,33,,,,,,,,,,,,,,,,,,,,,,,,,,,,,,0,,100,,,
494232,78,,,,,,,,,,,,,,,,,,,,,,,,,,,,,,83,,33,,90,
494250,53,63,51,,,,,45,21,83,100,55,,5,,,,,,,,,,,,,,,,,53,,100,,0,
494357,55,,,,,,,,,,,,,,,,,,,,,,,,,,,,,,52,,84,,88,
494436,32,48,24,,,,,50,67,29,0,,,,,,,,,,,,,,,,,,,,30,,29,,60,
494463,98,,98,,,,,,,98,,,100,,,,,,,,,,,,,,,,,,98,,,,97,
494472,75,,,,,,,,,,,,,,,,,,,,,,,,,,,,,,75,,,,,
494524,85,,,,,,,,,,,,,,,,,,,,,,,,,,,,,,94,,100,,75,
494588,62,75,60,,0,0,,56,60,68,75,,,1,,,,,,,,,,,,,,,,,59,,65,,65,
494597,93,86,100,,,,,100,100,89,,,,7,0,50,50,100,33,,,,,,50,50,,,,,,,,,93,50
494603,36,36,35,0,0,0,,0,25,39,100,0,50,,20,31,32,29,38,0,0,0,,0,29,33,100,0,50,,,,,,36,32
494630,0,0,0,,,,,,0,,,,,50,0,0,0,0,0,,,,,,0,,,,,50,,,,,0,0
494649,91,,,,,,,,,,,,,,,,,,,,,,,,,,,,,,100,,100,,67,
494658,100,,,,,,,,,,,,,,,,,,,,,,,,,,,,,,100,,,,100,
494685,55,33,73,,,,,100,0,42,67,,100,,32,37,47,33,60,,,,,100,0,27,67,,100,,,,,,55,47
494694,75,,75,,100,100,,67,100,78,50,67,,,,,,,,,,,,,,,,,,,77,,0,,,
494700,85,,,,,,,,,,,,,,,,,,,,,,,,,,,,,,90,,,,50,
494719,63,,,,,,,,,,,,,,,,,,,,,,,,,,,,,,63,,,,,
494728,45,,,,,,,,,,,,,,,,,,,,,,,,,,,,,,45,,,,,
494737,35,35,,,,,,,,35,,,,38,0,27,35,35,,,,,,,,35,,,,38,,,,,35,35
494755,86,100,83,,,,,67,,94,0,,,,,,,,,,,,,,,,,,,,75,,100,,100,
494764,50,53,0,,0,0,,28,86,64,100,0,,,,,,,,,,,,,,,,,,,46,,75,,38,
494807,78,100,71,,,,,,78,,,,,,78,78,78,100,71,,,,,,78,,,,,,78,78,,,,
494843,41,38,42,50,50,50,,34,64,43,18,,,,,,,,,,,,,,,,,,,,38,,53,,77,
494852,62,59,63,,50,50,,37,57,69,63,100,,,,,,,,,,,,,,,,,,,60,,63,,65,
494898,73,80,71,,,,,0,100,71,100,,,,,,,,,,,,,,,,,,,,80,,100,,0,
494904,72,,,,,,,,,,,,,,,,,,,,,,,,,,,,,,88,,0,,,
494959,38,50,33,,,,,,0,43,,,,,,,,,,,,,,,,,,,,,,,,,38,
494986,67,0,100,,,,,,,67,,,,,,,,,,,,,,,,,,,,,,,50,,100,
494995,74,71,100,,,,,75,67,75,,,,,,,,,,,,,,,,,,,,,100,,,,38,
495031,86,86,,,,,,,,86,,,,14,0,0,29,29,,,,,,,,29,,,,14,,,,,86,29
495040,91,,,,,,,,,,,,,,,,,,,,,,,,,,,,,,94,,100,,83,
495059,43,30,54,,,,,0,33,58,,,,,43,43,43,30,54,,,,,0,33,58,,,,,,,,,43,43
495077,33,,,,,,,,,,,,,,,,,,,,,,,,,,,,,,38,,,,0,
495101,89,,,,,,,,,,,,,,,,,,,,,,,,,,,,,,88,,100,,89,
495110,100,,,,,,,,,,,,,,,,,,,,,,,,,,,,,,100,,,,100,
495129,82,,,,,,,,,,,,,,,,,,,,,,,,,,,,,,100,,100,,72,
495138,65,,,,,,,,,,,,,,,,,,,,,,,,,,,,,,65,,,,,
495147,0,0,0,,,,,,,0,,,,50,,,,,,,,,,,,,,,,,,,,,0,
495183,34,47,22,,,,,50,28,50,,,67,15,,,,,,,,,,,,,,,,,50,,0,,34,
495208,56,,,,,,,,,,,,,,,,,,,,,,,,,,,,,,,,,,56,
495217,88,,,,,,,,,,,,,,,,,,,,,,,,,,,,,,80,,,,100,
495235,50,,,,,,,,,,,,,,,,,,,,,,,,,,,,,,33,,,,100,
495244,100,,,,,,,,,,,,,,,,,,,,,,,,,,,,,,100,,,,,
495253,59,,,,,,,,,,,,,,,,,,,,,,,,,,,,,,56,,100,,56,
495262,86,,,,,,,,,,,,,,,,,,,,,,,,,,,,,,89,,0,,100,
495280,100,100,100,100,,,,,,100,,,,,0,0,33,25,50,40,,,,,,0,,,,,,,,,100,33
495299,100,,,,,,,,,,,,,,,,,,,,,,,,,,,,,,100,,100,,100,
495305,65,,,,,,,,,,,,,,,,,,,,,,,,,,,,,,50,,,,78,
495341,43,50,40,,,,,100,0,50,,,0,,,,,,,,,,,,,,,,,,60,,,,0,
495350,70,,,,,,,,,,,,,,,,,,,,,,,,,,,,,,71,,0,,100,
495369,68,,,,,,,,,,,,,,,,,,,,,,,,,,,,,,67,,100,,67,
495378,65,100,60,,,,,0,75,78,50,,,,,,,,,,,,,,,,,,,,67,,25,,100,
495387,80,,,,,,,,,,,,,,,,,,,,,,,,,,,,,,80,,,,,
495411,67,,,,,,,,,,,,,2,,,,,,,,,,,,,,,,,66,,83,,64,
495518,36,,,,,,,,,,,,,,,,,,,,,,,,,,,,,,33,,,,67,
495730,72,,,,,,,,,,,,,,,,,,,,,,,,,,,,,,67,,100,,80,
495776,86,,,,,,,,,,,,,,,,,,,,,,,,,,,,,,80,,100,,100,
495794,61,,,,,,,,,,,,,2,,,,,,,,,,,,,,,,,67,,50,,50,
495837,50,,,,,,,,,,,,,,,,,,,,,,,,,,,,,,52,,60,,40,
495925,62,,,,,,,,,,,,,,,,,,,,,,,,,,,,,,68,,50,,0,
495934,64,,,,,,,,,,,,,,,,,,,,,,,,,,,,,,65,,,,60,
495943,71,,,,,,,,,,,,,6,,,,,,,,,,,,,,,,,79,,,,33,
495952,68,75,66,,50,50,,0,73,67,0,57,,1,,,,,,,,,,,,,,,,,70,,75,,58,
495961,49,50,49,,50,50,,,49,67,,33,,2,,,,,,,,,,,,,,,,,52,,33,,45,
495970,40,,,,,,,,,,,,,1,,,,,,,,,,,,,,,,,40,,,,40,
495998,60,,,,,,,,,,,,,2,,,,,,,,,,,,,,,,,62,,,,56,
496052,88,,,,,,,,,,,,,,,,,,,,,,,,,,,,,,89,,,,88,
496061,100,100,100,,,,,100,,100,,,,,,,,,,,,,,,,,,,,,,,,,100,
496265,73,73,,,,,,,0,80,,,,,,,,,,,,,,,,,,,,,80,,100,,33,
496371,100,,,,,,,,,,,,,,,,,,,,,,,,,,,,,,100,,,,,
496423,100,,,,,,,,,,,,,,,,,,,,,,,,,,,,,,,,,,100,
496539,83,,,,,,,,,,,,,,,,,,,,,,,,,,,,,,40,,100,,92,
496575,60,,,,,,,,,,,,,,,,,,,,,,,,,,,,,,,,,,60,
496627,88,100,75,,96,96,,100,,100,100,0,,,88,88,88,100,75,,96,96,,100,,100,100,0,,,,,88,88,,
496645,80,,,,,,,,,,,,,,,,,,,,,,,,,,,,,,,,,,80,
496733,79,,,,,,,,,,,,,,,,,,,,,,,,,,,,,,62,,100,,88,
496751,50,,,,,,,,,,,,,,,,,,,,,,,,,,,,,,,,,,50,
496919,47,,,,,,,,,,,,,0,,,,,,,,,,,,,,,,,45,,76,,50,
497046,33,30,35,0,25,25,,0,32,45,0,0,,4,,,,,,,,,,,,,,,,,33,,,,34,
497161,84,,,,,,,,,,,,,,,,,,,,,,,,,,,,,,,,,,84,
497189,100,,,,,,,,,,,,,,,,,,,,,,,,,,,,,,100,,100,,100,
497198,58,,,,,,,,,,,,,1,,,,,,,,,,,,,,,,,,,,,58,
497222,71,,,,,,,,,,,,,,,,,,,,,,,,,,,,,,67,,,,75,
497277,86,83,86,71,50,100,0,77,89,93,57,,,,,,,,,,,,,,,,,,,,85,,100,,85,
497310,97,,,,,,,,,,,,,,,,,,,,,,,,,,,,,,96,,100,,95,
497356,67,,,,,,,,,,,,,,,,,,,,,,,,,,,,,,,,,,67,
497365,50,,,,,,,,,,,,,,,,,,,,,,,,,,,,,,,,,,50,
497383,100,,,,,,,,,,,,,,,,,,,,,,,,,,,,,,,,,,100,
497392,80,,,,,,,,,,,,,,,,,,,,,,,,,,,,,,100,,,,75,
497417,88,,,,,,,,,,,,,,,,,,,,,,,,,,,,,,100,,,,88,
497435,75,,,,,,,,,,,,,,,,,,,,,,,,,,,,,,50,,,,75,
497471,100,,,,,,,,,,,,,,,,,,,,,,,,,,,,,,,,,,100,
497657,87,87,86,0,33,33,,,,,100,,93,,,,,,,,,,,,,,,,,,,,,,87,
497684,77,,,,,,,,,,,,,,,,,,,,,,,,,,,,,,,,,,77,
497736,65,,,,,,,,,,,,,,,,,,,,,,,,,,,,,,61,,75,,,
497912,71,,,,,,,,,,,,,,,,,,,,,,,,,,,,,,69,,83,,100,
498003,51,,,,,,,,,,,,,1,,,,,,,,,,,,,,,,,50,,57,,,
498298,88,,,,,,,,,,,,,,,,,,,,,,,,,,,,,,67,,,,90,
498359,89,,,,,,,,,,,,,,,,,,,,,,,,,,,,,,,,,,89,
498368,54,,,,,,,,,,,,,8,,,,,,,,,,,,,,,,,,,,,54,
498386,95,95,94,,,,,100,,95,,,,3,,,,,,,,,,,,,,,,,,,,,95,
498410,79,,,,,,,,,,,,,,,,,,,,,,,,,,,,,,,,,,79,
498562,53,46,58,24,48,52,0,23,49,60,44,35,38,27,41,52,54,47,59,24,48,52,0,24,50,60,47,36,38,26,41,42,58,60,64,64
498571,51,43,57,22,48,44,100,27,46,56,27,54,63,21,40,50,53,44,59,17,50,50,50,29,52,58,28,63,58,21,41,43,57,59,62,63
498669,65,,,,,,,,,,,,,,,,,,,,,,,,,,,,,,,,,,65,
498739,67,,,,,,,,,,,,,,,,,,,,,,,,,,,,,,,,,,67,
498748,74,,,,,,,,,,,,,,,,,,,,,,,,,,,,,,,,,,74,
498757,94,,,,,,,,,,,,,,,,,,,,,,,,,,,,,,,,,,94,
498775,54,,,,,,,,,,,,,,,,,,,,,,,,,,,,,,15,,0,,79,
498784,91,,,,,,,,,,,,,,,,,,,,,,,,,,,,,,,,,,91,
498809,11,11,,,,,,,,11,,,,65,0,11,11,11,,,,,,,,11,,,,65,,,,,11,11
498818,100,,,,,,,,,,,,,,,,,,,,,,,,,,,,,,,,,,100,
498827,57,,,,,,,,,,,,,,,,,,,,,,,,,,,,,,,,,,57,
498845,92,,,,,,,,,,,,,,,,,,,,,,,,,,,,,,,,,,92,
498854,86,,,,,,,,,,,,,,,,,,,,,,,,,,,,,,,,,,86,
498863,82,,,,,,,,,,,,,,,,,,,,,,,,,,,,,,,,,,82,
498872,100,,,,,,,,,,,,,,,,,,,,,,,,,,,,,,,,100,,,
498890,77,,,,,,,,,,,,,,,,,,,,,,,,,,,,,,,,,,77,
498906,27,27,,,,,,,,27,,,,45,0,23,27,27,,,,,,,,27,,,,45,,,,,27,27
498924,61,40,69,,,,,,61,,,,,,61,61,61,40,69,,,,,,61,,,,,,,,,,61,61
498951,85,100,85,,,,,50,100,87,,,,,,,,,,,,,,,,,,,,,,,,,85,
499176,75,74,89,,,,,,,,,75,,,,,,,,,,,,,,,,,,,,,,,75,
499361,100,,,,,,,,,,,,,,,,,,,,,,,,,,,,,,,,,,100,
499538,100,,,,,,,,,,,,,,,,,,,,,,,,,,,,,,,,,,100,
