UNITID,EFUG,PCUENRW,PCUENRAN,PCUENRAS,PCUENRBK,PCUENRHS,PCUENRNH,PCUENRWH,PCUENR2M,PCUENRUN,PCUENRNR
100654,5093.0,60,0,0,90,1,0,2,1,4,1
100663,13878.0,62,0,7,24,6,0,55,5,1,3
100690,298.0,71,0,0,69,3,0,26,0,2,0
100706,8027.0,41,1,4,9,6,0,71,4,3,2
100724,3614.0,64,0,0,93,1,0,2,1,1,2
100751,31670.0,56,0,1,11,5,0,77,4,1,2
100760,1546.0,58,0,1,15,2,0,74,3,5,0
100812,2688.0,69,1,1,13,4,0,76,2,3,0
100830,4375.0,66,0,2,45,1,0,42,3,1,4
100858,24505.0,49,0,2,5,4,0,81,3,0,6
100937,1129.0,54,0,2,14,5,0,77,1,0,1
101028,1399.0,68,0,1,40,7,0,40,5,7,0
101116,289.0,84,0,0,65,2,0,31,0,1,0
101143,1808.0,46,1,1,18,7,0,58,4,10,0
101161,6653.0,58,1,1,18,4,0,64,4,7,0
101189,2098.0,59,1,1,38,3,0,50,3,2,2
101240,3993.0,62,0,0,17,5,0,71,3,2,1
101277,86.0,99,0,0,1,9,0,90,0,0,0
101286,3681.0,67,0,1,27,4,0,61,3,3,0
101295,4763.0,66,1,1,6,7,0,81,2,1,1
101301,1316.0,65,0,0,75,1,0,21,2,1,0
101365,612.0,79,0,1,64,3,0,28,2,3,0
101435,920.0,50,1,1,18,7,0,67,4,3,0
101453,71.0,4,0,0,4,3,0,92,1,0,0
101462,825.0,59,1,1,62,5,0,23,5,2,2
101471,399.0,21,1,0,62,1,0,34,2,0,1
101480,7747.0,60,0,1,20,0,0,67,0,9,1
101505,8526.0,64,0,2,20,6,0,66,2,2,2
101514,8278.0,56,1,2,14,7,0,67,6,2,1
101541,229.0,96,2,0,18,1,0,76,0,1,0
101569,2823.0,66,0,0,80,3,0,13,3,0,1
101587,2248.0,66,1,0,41,2,0,44,2,7,3
101602,1666.0,56,1,1,17,2,0,62,2,15,0
101648,401.0,29,1,5,21,2,0,65,5,0,0
101675,1440.0,53,0,0,93,1,0,3,2,0,0
101693,1750.0,65,2,2,14,1,0,62,2,15,3
101709,2228.0,65,0,1,17,6,0,67,4,2,3
101736,3360.0,60,1,1,9,7,0,76,4,1,1
101879,5946.0,62,1,2,12,4,0,73,4,2,2
101897,2530.0,64,2,1,2,12,0,69,5,5,5
101912,1339.0,58,1,0,84,6,0,1,0,2,7
101994,279.0,53,1,0,54,1,0,40,4,0,0
102030,2176.0,66,1,2,57,2,0,29,4,3,2
102049,3576.0,68,0,1,6,4,0,86,2,0,1
102067,3743.0,58,1,1,35,3,0,56,3,1,1
102076,2006.0,63,0,1,7,15,0,70,3,2,0
102094,9050.0,61,1,3,22,4,0,60,4,3,2
102234,1061.0,61,1,2,14,6,0,65,2,5,5
102270,712.0,54,0,0,95,1,0,4,0,0,0
102298,1161.0,50,0,0,88,4,0,3,2,1,2
102313,1526.0,61,0,1,68,3,0,23,1,3,0
102368,12712.0,63,0,1,31,4,0,53,4,4,2
102377,2280.0,64,0,1,91,2,1,0,0,6,0
102395,137.0,21,0,1,18,12,0,55,9,4,0
102429,3204.0,59,0,0,13,3,0,75,3,6,0
102553,11323.0,61,5,7,3,9,3,50,10,12,2
102580,40.0,38,3,5,3,3,0,88,0,0,0
102614,5850.0,60,13,2,3,8,1,52,10,10,1
102632,1805.0,66,11,3,1,7,2,58,11,6,1
102669,312.0,77,26,2,2,10,1,31,15,14,0
102711,185.0,27,8,2,1,3,1,58,4,22,1
102845,2120.0,78,8,2,4,20,5,31,14,16,0
103501,412.0,88,17,21,10,10,3,27,9,3,0
103741,114.0,96,4,0,9,58,0,23,4,3,0
103893,986.0,85,4,4,11,46,0,27,2,4,1
103909,590.0,87,8,3,8,38,1,35,4,3,1
103927,346.0,86,1,2,7,61,0,25,2,1,0
103945,7.0,100,14,0,0,14,0,14,57,0,0
103954,52.0,94,2,2,8,44,0,35,10,0,0
103963,368.0,11,12,1,11,35,1,33,5,2,0
104090,1511.0,87,7,5,14,29,0,28,3,14,0
104151,63124.0,50,1,8,4,26,0,47,5,2,7
104160,6487.0,61,1,1,1,75,0,15,2,5,1
104179,35357.0,55,1,5,4,28,0,48,5,3,5
104346,4076.0,65,4,2,6,37,0,39,5,5,1
104391,52.0,96,6,6,2,29,2,56,0,0,0
104425,3327.0,58,0,2,5,45,0,41,5,1,1
104434,11.0,100,18,0,0,27,9,36,0,9,0
104443,44.0,91,7,2,23,32,0,34,0,2,0
104568,340.0,98,1,1,7,36,0,43,4,8,0
104577,4392.0,64,6,1,1,20,1,65,2,3,1
104586,2961.0,27,0,6,2,14,0,62,6,2,7
104708,14374.0,59,1,4,6,39,0,41,4,3,1
104717,63752.0,71,1,3,15,22,1,47,4,4,1
105145,4670.0,64,3,4,10,47,0,29,4,2,0
105154,16948.0,57,3,4,5,32,0,47,5,3,2
105206,3654.0,69,2,2,1,25,1,64,4,1,1
105215,789.0,6,2,1,4,12,1,63,12,5,0
105297,1369.0,72,98,0,0,1,0,1,0,0,0
105330,25228.0,63,3,2,3,26,0,54,6,4,2
105349,2700.0,60,28,1,0,14,0,40,2,15,0
105367,396.0,75,2,3,5,35,0,51,1,5,0
105428,9538.0,67,3,3,8,56,0,23,3,3,1
105525,15544.0,60,2,3,5,47,0,37,2,3,1
105534,1970.0,82,2,5,7,40,0,37,8,1,0
105543,606.0,87,17,1,3,50,0,18,10,1,0
105589,422.0,64,2,1,1,4,0,67,4,20,1
105659,897.0,7,13,1,9,31,1,38,5,3,0
105668,17362.0,62,1,4,6,26,0,53,5,4,0
105677,23.0,0,0,0,0,0,0,100,0,0,0
105747,7634.0,58,3,3,4,23,0,57,5,3,1
105792,3497.0,62,3,3,14,57,0,17,3,3,0
105899,925.0,39,1,2,13,27,0,44,7,2,3
106041,1845.0,4,4,2,2,21,2,31,9,29,0
106111,61.0,100,2,0,10,11,0,0,0,77,0
106148,6009.0,59,2,1,1,20,0,60,3,13,0
106245,6568.0,64,1,2,24,4,0,53,13,1,3
106263,859.0,83,0,5,11,10,0,66,3,4,0
106306,468.0,20,0,0,64,6,4,18,1,7,0
106315,15.0,80,0,0,80,7,13,0,0,0,0
106324,38.0,97,0,3,3,8,0,84,3,0,0
106342,665.0,45,1,2,8,9,0,56,2,18,5
106351,84.0,19,0,0,90,1,1,7,0,0,0
106360,29.0,90,0,0,7,7,0,86,0,0,0
106397,22825.0,55,1,3,4,10,0,75,4,1,2
106412,2507.0,59,0,0,90,2,0,3,2,0,1
106449,2982.0,63,0,1,6,5,0,80,3,4,0
106458,8486.0,61,0,1,13,4,0,74,3,1,4
106467,10110.0,56,1,2,6,10,0,75,4,0,2
106485,2352.0,56,0,1,28,7,0,55,8,0,0
106494,57.0,95,0,0,25,2,0,47,2,25,0
106546,661.0,87,0,2,27,5,0,62,3,1,0
106625,1350.0,66,0,0,3,3,0,90,3,1,0
106704,8615.0,61,0,2,16,6,0,67,4,0,4
106713,604.0,45,1,1,13,10,0,68,3,2,3
106795,1386.0,63,1,0,11,27,0,56,3,0,0
106810,192.0,41,0,1,18,2,0,79,0,1,0
106883,934.0,69,0,1,42,1,0,54,1,0,1
106892,80.0,95,0,0,76,5,0,19,0,0,0
106908,405.0,82,1,1,24,8,0,53,2,11,0
106980,1912.0,63,1,2,13,9,0,73,0,2,0
106999,1224.0,67,1,1,2,6,0,82,7,0,1
107044,3572.0,56,0,1,5,4,0,80,4,0,6
107071,2626.0,56,0,2,19,7,1,63,7,1,1
107080,1066.0,51,1,5,8,9,0,70,4,2,1
107099,81.0,98,1,1,14,4,0,74,6,0,0
107123,55.0,93,0,2,18,4,0,76,0,0,0
107141,1820.0,60,1,2,2,8,0,72,5,4,5
107220,192.0,95,4,4,4,19,0,69,0,0,0
107293,53.0,100,8,0,2,11,0,75,4,0,0
107318,1203.0,61,0,1,56,3,0,35,3,0,1
107327,1358.0,62,0,1,25,5,0,68,1,0,0
107442,35.0,34,0,0,100,0,0,0,0,0,0
107460,1604.0,61,0,1,2,9,0,82,4,2,1
107488,186.0,34,2,2,4,27,2,62,1,0,0
107512,1664.0,58,0,1,7,5,0,82,3,0,2
107521,1243.0,61,0,1,13,6,0,76,3,0,0
107549,1033.0,71,1,0,1,2,0,95,0,0,0
107558,836.0,50,0,1,7,13,0,42,3,6,28
107585,1836.0,64,0,1,8,10,0,72,6,0,1
107600,799.0,65,0,0,91,3,0,0,2,0,4
107619,1093.0,64,0,1,43,3,0,51,1,0,0
107637,1113.0,69,0,1,56,21,0,21,0,0,0
107655,38.0,100,0,0,47,3,0,47,0,3,0
107664,4810.0,66,1,2,39,5,0,44,4,6,1
107725,1211.0,70,0,1,29,8,0,60,1,1,0
107743,798.0,66,2,1,1,11,0,78,2,1,4
107789,101.0,99,3,0,0,15,1,81,0,0,0
107831,79.0,100,3,0,6,4,0,86,1,0,0
107840,223.0,73,0,0,85,1,0,13,0,0,0
107877,589.0,52,2,0,11,4,0,77,2,0,5
107974,1252.0,69,0,1,33,7,0,56,2,1,1
107983,3447.0,56,0,1,22,5,0,68,2,0,2
107992,769.0,57,0,0,42,4,0,45,8,0,1
108065,11.0,100,0,0,100,0,0,0,0,0,0
108092,5830.0,59,2,6,4,15,0,61,11,0,1
108232,6124.0,57,0,5,7,12,0,16,3,37,20
108667,5107.0,60,0,26,16,28,1,16,6,4,4
108807,10248.0,57,0,4,2,66,0,21,3,4,0
108852,106.0,62,0,1,16,17,0,30,7,0,29
108977,114.0,72,1,2,4,74,0,18,0,0,1
109040,1751.0,80,0,10,15,60,1,7,5,0,0
109086,7.0,43,0,14,29,0,0,57,0,0,0
109208,25422.0,57,1,14,7,26,1,40,6,4,0
109350,12057.0,60,0,4,12,61,0,16,5,2,0
109651,1912.0,57,0,33,1,9,0,12,3,0,40
109721,92.0,72,0,0,36,32,0,25,5,2,0
109730,45.0,16,0,0,29,33,4,27,0,7,0
109785,4498.0,66,0,12,6,36,1,32,6,3,3
109819,24903.0,60,0,5,4,69,0,18,3,1,0
109907,2444.0,70,1,3,15,46,1,27,6,2,0
109934,334.0,81,1,5,16,58,1,7,11,1,0
110060,285.0,27,0,16,9,19,0,7,3,0,46
110097,3683.0,63,0,15,3,21,1,44,7,4,5
110194,57.0,2,0,19,2,47,0,32,0,0,0
110219,1350.0,67,1,1,19,7,0,43,9,20,0
110246,9335.0,58,1,6,2,31,0,50,6,2,1
110316,98.0,77,1,4,10,16,0,55,6,6,1
110334,9792.0,58,0,3,1,47,0,41,5,1,1
110361,8109.0,63,1,6,6,38,1,37,6,4,2
110370,1239.0,62,1,18,5,14,0,17,1,4,39
110404,901.0,46,0,40,2,18,0,23,9,0,8
110413,2804.0,57,0,5,4,39,0,39,7,2,2
110422,21456.0,49,0,13,1,18,0,54,8,4,2
110468,431.0,59,0,5,7,32,1,29,3,21,1
110486,9979.0,64,0,6,4,62,0,14,2,6,4
110495,9903.0,66,0,9,2,58,1,19,3,4,4
110510,17250.0,62,0,5,5,68,0,11,2,3,6
110529,27912.0,47,0,22,3,49,0,14,3,3,5
110538,15747.0,54,0,6,3,36,0,43,5,4,2
110547,16022.0,63,0,7,11,67,0,5,2,3,5
110556,22704.0,59,0,12,3,56,0,17,3,4,5
110565,36975.0,58,0,21,2,48,0,17,4,3,5
110574,13141.0,60,0,23,10,37,1,15,5,4,5
110583,34216.0,57,0,21,4,46,0,16,5,2,6
110592,22832.0,59,0,11,3,72,0,4,1,2,6
110608,34916.0,55,0,9,5,53,0,21,3,4,6
110617,29296.0,57,0,20,6,36,1,25,6,4,3
110635,30799.0,54,0,35,2,19,0,22,6,3,13
110644,31162.0,61,0,28,2,24,0,22,6,1,16
110653,29638.0,53,0,37,2,25,0,13,5,1,16
110662,31636.0,59,0,29,3,22,0,26,6,3,10
110671,22693.0,54,0,35,4,41,0,11,4,1,4
110680,31842.0,50,0,33,2,22,0,19,5,2,17
110705,23196.0,55,0,18,2,25,0,30,9,3,13
110714,17207.0,47,0,23,2,27,0,30,8,2,8
110778,10.0,80,0,0,10,30,0,20,30,0,10
110875,47.0,100,0,0,6,43,0,47,4,0,0
110918,13.0,38,0,8,31,38,0,23,0,0,0
111045,24.0,58,0,17,21,4,0,0,0,0,58
111054,77.0,83,0,9,10,27,0,42,10,1,0
111081,762.0,56,0,8,5,14,0,40,7,4,21
111188,907.0,19,1,11,2,23,1,46,11,5,0
111434,5231.0,61,0,17,3,42,1,24,5,5,5
111461,20573.0,47,0,11,5,50,0,27,3,3,1
111513,179.0,98,0,16,5,42,1,34,2,0,0
111638,164.0,70,1,12,7,41,1,35,2,0,1
111708,197.0,16,0,40,8,36,2,13,2,1,0
111717,171.0,35,1,4,2,78,0,8,8,0,0
111726,144.0,31,0,0,0,97,0,2,1,0,0
111744,135.0,4,0,1,12,74,1,10,2,0,0
111762,116.0,59,0,0,1,97,1,2,0,0,0
111799,163.0,88,1,1,0,99,0,0,0,0,0
111887,20406.0,55,0,8,6,70,0,8,2,4,0
111896,5159.0,57,2,4,8,42,1,37,5,1,0
111920,11922.0,57,0,25,9,41,2,14,7,1,1
111939,20025.0,63,0,7,7,66,0,14,3,2,0
111948,7404.0,60,0,14,2,17,0,50,8,6,3
111966,241.0,68,0,12,33,30,0,4,5,15,1
112075,1704.0,62,0,11,4,26,1,47,8,0,4
112084,464.0,46,1,4,10,34,2,42,4,2,2
112172,11863.0,58,0,8,3,66,0,15,3,2,3
112181,81.0,100,1,6,2,20,4,63,1,2,0
112190,19707.0,55,0,34,7,27,1,20,5,4,2
112260,1262.0,51,0,13,5,17,0,38,7,5,14
112288,383.0,92,2,2,4,73,1,13,4,1,0
112367,507.0,89,2,17,7,50,3,17,4,1,0
112385,8826.0,47,0,21,7,31,0,29,5,4,2
112394,514.0,30,1,20,7,24,1,28,8,11,2
112455,86.0,80,2,9,5,70,1,6,0,7,0
112561,2132.0,58,1,2,3,21,1,69,0,3,0
112570,760.0,40,1,5,19,23,1,38,5,4,3
112686,4612.0,69,0,6,21,65,1,2,2,3,0
112826,6249.0,63,0,18,12,45,1,11,6,6,1
113096,14667.0,59,0,27,9,28,1,23,7,4,1
113111,6012.0,57,0,7,4,50,0,32,6,1,0
113193,10093.0,53,0,3,3,32,0,53,5,3,0
113218,8720.0,59,1,5,5,33,0,46,5,3,0
113236,15325.0,59,0,25,4,49,0,14,5,2,1
113333,18649.0,52,0,38,3,27,1,18,5,1,7
113449,164.0,77,1,6,4,58,0,29,1,1,0
113573,10932.0,60,0,3,2,74,0,16,3,1,1
113582,124.0,91,3,8,7,25,1,48,2,2,4
113634,18693.0,53,0,17,5,27,0,30,8,10,3
113698,1379.0,66,0,30,5,28,1,27,5,2,2
113856,33397.0,53,0,9,5,66,0,8,1,10,1
113980,20418.0,55,0,11,13,43,0,10,3,17,2
114123,166.0,75,2,2,2,46,3,36,1,8,0
114266,8699.0,58,0,41,2,43,0,6,3,3,1
114354,1847.0,83,1,11,9,23,1,33,1,5,16
114390,113.0,81,0,24,8,25,5,27,1,4,5
114433,1821.0,49,2,5,11,31,1,41,0,8,0
114460,303.0,91,1,10,11,37,0,36,5,0,0
114637,67.0,87,0,55,10,18,0,13,0,3,0
114716,14605.0,49,0,25,3,30,1,29,6,2,4
114761,53.0,83,19,9,2,2,4,62,2,0,0
114789,22278.0,57,1,12,4,60,0,19,3,1,0
114813,2711.0,73,1,4,5,59,0,24,0,4,1
114859,21427.0,55,0,14,3,59,0,16,4,2,1
114938,4494.0,55,0,7,2,61,0,24,4,2,0
114947,29.0,52,3,14,0,10,0,52,3,17,0
115001,12973.0,57,0,8,2,28,0,52,3,3,3
115010,632.0,74,1,18,4,46,1,21,8,1,0
115083,595.0,32,2,13,18,23,1,32,1,11,0
115126,11396.0,58,0,28,2,34,0,26,5,1,3
115296,15426.0,60,0,7,5,37,0,39,6,3,2
115357,125.0,81,0,4,10,74,0,10,0,2,0
115393,8673.0,56,0,4,2,73,0,7,2,12,0
115409,854.0,49,0,24,4,20,0,27,10,7,7
115658,104.0,88,2,25,3,63,0,3,1,4,0
115728,709.0,66,0,10,17,37,1,15,6,11,3
115755,6008.0,58,1,3,4,34,0,44,6,6,1
115773,227.0,77,0,9,7,34,3,22,2,12,11
115861,7123.0,60,0,1,1,91,0,4,1,2,0
115931,579.0,28,0,10,6,56,2,12,1,13,0
116226,139.0,97,0,14,3,14,0,57,10,0,2
116350,139.0,85,3,13,9,31,1,37,2,4,0
116439,12199.0,51,0,29,2,23,0,31,6,4,5
116563,184.0,97,1,6,15,38,1,29,9,1,0
116846,37.0,81,0,3,0,3,0,65,0,30,0
117052,6796.0,58,0,5,2,75,0,15,2,1,0
117104,490.0,57,1,3,4,42,1,37,6,5,1
117140,4120.0,60,0,5,7,58,1,18,4,4,3
117168,732.0,72,0,15,2,21,1,48,7,1,4
117195,2332.0,43,1,8,7,32,1,42,5,4,1
117247,9225.0,56,0,26,18,25,1,16,6,4,4
117274,1821.0,26,2,4,15,29,1,40,5,3,0
117283,60.0,48,2,0,2,97,0,0,0,0,0
117557,88.0,49,0,17,8,5,0,14,1,0,56
117575,50.0,40,0,4,14,24,2,48,8,0,0
117627,1577.0,60,0,17,7,49,1,11,5,0,10
117636,1168.0,76,0,24,5,38,0,24,4,0,4
117645,23147.0,59,0,10,11,59,1,14,5,0,0
117672,418.0,75,0,18,8,31,1,30,4,7,1
117690,8101.0,61,0,11,9,61,0,11,3,3,1
117706,17521.0,59,0,9,4,49,0,28,4,4,1
117715,5216.0,71,0,3,35,50,0,5,3,4,0
117724,11285.0,51,0,4,13,70,0,7,2,3,1
117733,15957.0,60,0,7,5,51,0,29,3,4,0
117751,1649.0,48,1,5,1,1,0,69,9,13,0
117788,14800.0,61,0,12,7,54,0,18,3,4,2
117803,200.0,68,1,28,6,45,0,18,2,1,0
117867,9451.0,64,0,5,3,75,0,11,1,3,0
117894,8521.0,60,0,11,11,42,1,20,7,7,0
117946,6673.0,54,0,10,7,23,0,43,7,0,10
117955,190.0,81,0,1,3,73,1,22,0,1,1
118134,92.0,100,0,1,2,68,0,24,0,3,1
118143,87.0,94,2,9,10,47,1,26,1,0,2
118161,79.0,96,5,1,3,28,0,62,1,0,0
118198,495.0,77,1,11,13,27,1,41,6,0,0
118347,4509.0,60,0,7,3,32,0,47,6,3,1
118541,515.0,53,0,6,8,46,1,21,8,1,8
118684,3338.0,67,4,5,1,38,0,46,2,3,0
118693,826.0,46,1,8,6,29,4,21,8,4,21
118718,10645.0,63,0,8,3,59,0,18,3,7,0
118772,6261.0,68,0,17,21,33,0,17,6,4,2
118888,613.0,100,0,8,12,34,0,34,10,1,0
118912,12645.0,61,0,7,3,38,1,39,7,3,1
118930,6504.0,58,0,41,3,31,0,16,5,2,2
118958,36.0,56,0,0,8,72,3,3,0,0,14
118976,16365.0,63,1,6,3,53,1,34,0,1,0
118994,288.0,40,0,2,27,24,1,5,5,35,0
119058,13.0,54,0,8,0,0,0,69,15,0,8
119067,7154.0,58,0,7,3,47,1,31,6,4,0
119137,14361.0,56,0,8,2,38,0,43,5,3,0
119164,28393.0,55,0,18,4,63,0,9,3,0,1
119173,2071.0,93,0,15,7,58,0,10,1,9,0
119216,13988.0,63,0,7,5,51,0,25,6,5,0
119270,714.0,26,0,7,6,11,0,26,6,8,36
119331,4931.0,61,0,14,5,47,1,24,6,2,0
119553,1071.0,72,1,10,11,24,1,28,14,12,0
119605,8441.0,53,1,0,10,29,2,34,3,20,0
119775,359.0,42,1,7,4,37,0,25,1,4,21
119845,89.0,81,1,2,7,65,0,24,1,0,0
119951,215.0,89,0,4,9,50,0,29,7,0,0
120069,121.0,88,0,2,10,77,2,3,5,0,0
120078,663.0,86,1,11,4,51,2,12,15,6,0
120087,175.0,85,0,6,5,71,1,12,1,4,0
120166,6.0,33,0,67,0,0,0,0,0,0,33
120184,211.0,64,1,15,5,48,1,16,5,6,3
120254,1839.0,59,0,15,4,16,0,47,10,1,6
120290,9060.0,52,0,45,3,24,1,14,6,4,3
120342,18125.0,52,0,22,2,34,0,30,5,1,6
120403,1030.0,67,0,25,5,21,0,23,6,3,16
120421,6994.0,58,0,5,2,74,0,14,3,2,0
120537,657.0,56,1,4,8,26,2,37,10,11,1
120661,733.0,79,0,5,4,30,1,5,0,55,0
120698,76.0,70,1,11,1,28,0,29,4,26,0
120768,496.0,92,1,3,10,57,0,18,3,6,1
120838,2.0,50,0,0,0,0,0,0,0,0,100
120865,955.0,62,0,21,7,29,1,22,7,8,3
120883,3524.0,52,0,37,4,23,1,21,5,2,8
120953,3854.0,12,1,3,10,40,0,39,3,3,0
120971,21141.0,51,1,7,3,46,0,35,6,2,1
121044,25034.0,56,0,23,4,50,0,15,4,2,2
121150,3459.0,58,0,12,5,16,0,48,7,1,10
121257,922.0,58,1,12,6,16,0,45,8,3,8
121275,96.0,35,1,7,13,25,3,36,5,9,0
121309,3216.0,66,0,7,2,27,0,53,8,2,1
121345,1475.0,54,0,18,11,18,0,30,7,4,11
121363,3964.0,68,1,3,1,79,0,13,3,0,0
121433,118.0,93,0,0,0,87,0,1,0,0,12
121619,20118.0,48,0,9,1,60,0,16,2,9,1
121637,80.0,83,8,3,8,24,0,53,3,4,0
121691,2842.0,59,1,6,4,41,0,38,7,2,2
121707,3891.0,58,4,4,3,22,0,53,8,6,0
121859,192.0,93,2,3,11,56,2,21,1,5,0
121868,139.0,99,0,5,7,55,2,24,4,4,0
121886,15692.0,50,0,5,1,85,0,5,1,2,0
121901,20080.0,62,0,6,8,65,0,16,3,1,1
121992,15.0,100,0,100,0,0,0,0,0,0,0
122117,3.0,100,0,33,0,0,0,67,0,0,0
122180,20027.0,61,0,19,9,33,1,27,6,4,1
122205,18984.0,57,0,11,2,28,0,46,6,4,2
122296,736.0,80,0,31,10,20,1,29,5,3,0
122339,14865.0,58,0,12,9,47,0,23,6,2,0
122375,20693.0,57,0,15,6,39,0,29,8,2,1
122384,13408.0,52,0,22,5,30,1,31,8,2,0
122409,31491.0,56,0,13,4,34,0,33,7,3,5
122436,5529.0,57,0,7,3,22,0,49,7,3,7
122454,26.0,62,0,4,0,23,0,38,4,12,19
122506,243.0,42,0,8,5,9,0,35,5,2,36
122597,24024.0,55,0,25,6,35,1,15,5,5,7
122612,5852.0,63,0,26,6,21,0,24,10,1,12
122658,18224.0,62,0,20,7,50,1,15,5,2,0
122685,1927.0,76,1,6,7,52,1,25,3,6,0
122694,740.0,70,1,5,6,63,1,21,3,1,1
122728,1289.0,60,2,5,4,21,1,50,2,10,6
122746,8378.0,61,0,25,5,47,1,13,4,4,1
122755,27701.0,50,0,37,4,30,1,14,5,4,7
122791,7494.0,52,0,23,3,32,3,25,7,3,5
122834,99.0,78,0,7,7,66,3,14,0,2,1
122852,99.0,78,0,7,7,66,3,14,0,2,1
122889,12525.0,58,0,5,3,38,0,39,5,7,3
122931,5608.0,48,0,19,3,18,0,44,8,2,5
122977,25948.0,57,0,9,8,42,0,26,5,6,5
123013,16757.0,58,1,5,2,38,0,42,5,7,1
123165,936.0,100,0,17,4,15,0,50,8,1,4
123217,12571.0,61,0,3,2,69,0,20,3,2,0
123280,31.0,52,0,3,3,13,0,81,0,0,0
123299,8121.0,63,2,4,2,18,0,63,7,4,0
123341,17503.0,57,0,7,3,28,0,52,6,2,0
123350,145.0,91,0,8,6,55,0,15,1,16,0
123457,696.0,62,2,5,3,27,1,48,8,6,0
123484,1276.0,57,3,2,4,21,0,58,8,3,0
123493,117.0,65,1,30,9,20,2,38,0,0,0
123509,8747.0,56,0,33,2,32,1,19,6,3,4
123527,12206.0,62,0,5,10,69,0,11,3,1,0
123554,2468.0,58,0,11,4,30,1,39,9,3,3
123563,9251.0,60,0,16,13,33,1,24,9,3,0
123572,7255.0,63,0,5,2,37,0,42,6,4,3
123642,254.0,93,1,8,4,41,0,29,12,4,0
123651,1997.0,68,0,5,5,45,1,35,2,6,0
123679,603.0,71,0,19,4,36,2,8,2,29,0
123800,17621.0,58,0,11,4,70,0,8,4,2,0
123952,249.0,37,0,10,1,15,0,14,2,0,57
123961,19786.0,52,0,23,5,16,0,35,6,2,12
124113,3566.0,57,1,3,4,61,0,27,4,1,0
124292,462.0,49,0,2,0,16,0,69,6,3,4
124487,119.0,54,0,10,29,19,1,29,8,0,4
124681,1104.0,68,0,0,4,24,0,0,0,71,0
124706,638.0,82,1,3,11,41,1,7,0,36,0
124937,613.0,68,0,3,0,46,0,1,0,48,0
125028,11789.0,60,0,5,2,62,0,24,4,3,0
125082,49.0,78,2,8,18,45,2,20,4,0,0
125091,10777.0,64,0,2,8,60,0,22,5,1,0
125170,6097.0,58,0,20,15,26,1,22,8,4,5
125231,7662.0,83,0,2,33,8,0,42,2,11,1
125310,26.0,81,0,15,0,77,0,4,4,0,0
125462,4229.0,55,1,8,3,68,0,14,2,3,0
125471,11417.0,62,0,6,20,48,0,15,4,5,1
125499,7513.0,56,0,21,2,30,0,35,7,2,1
125532,1709.0,90,3,12,11,34,3,27,4,6,1
125727,1226.0,60,0,7,2,20,1,54,6,9,1
125763,1490.0,57,0,7,5,53,0,23,7,0,4
125897,1019.0,53,0,10,5,40,0,34,3,0,7
126076,135.0,0,0,0,0,0,0,99,0,0,1
126119,5175.0,63,1,18,3,34,0,32,7,3,3
126164,60.0,100,2,0,0,33,0,48,0,17,0
126182,1902.0,47,1,1,7,36,1,43,3,7,1
126207,5981.0,56,1,2,2,34,0,53,3,5,1
126289,12001.0,56,0,4,2,15,0,63,4,10,1
126359,306.0,92,1,2,4,14,0,67,10,1,0
126562,14994.0,58,0,9,5,24,0,47,6,1,7
126580,10288.0,54,0,4,4,20,0,62,8,1,1
126605,292.0,10,1,3,5,15,1,67,6,2,0
126614,30307.0,46,0,6,2,13,0,68,6,1,4
126669,6661.0,67,1,3,11,15,0,65,3,3,0
126678,2025.0,56,0,5,3,11,0,64,7,2,7
126687,329.0,86,1,2,9,23,0,16,0,48,0
126711,5315.0,58,0,1,1,28,0,64,3,3,0
126748,993.0,61,1,1,3,17,0,69,4,5,1
126775,5200.0,31,0,5,1,12,0,70,5,3,4
126784,96.0,2,3,5,3,5,2,70,0,11,0
126818,24792.0,54,1,3,2,15,0,70,5,1,3
126827,24759.0,66,1,1,21,0,1,29,3,44,0
126863,7835.0,60,0,6,18,32,0,30,5,4,4
126915,217.0,60,0,0,0,20,0,75,2,3,0
126942,7273.0,63,1,5,11,36,0,35,4,3,5
126951,1529.0,7,2,1,7,33,0,48,4,5,0
127060,5699.0,54,0,4,2,13,0,68,6,2,5
127158,5059.0,12,1,1,5,31,0,55,2,2,2
127185,3359.0,54,33,0,1,13,0,40,10,2,1
127200,18703.0,59,1,4,2,24,0,61,4,3,1
127316,284.0,85,1,1,20,22,1,43,12,0,0
127389,723.0,60,2,0,3,34,0,54,3,2,2
127556,8945.0,54,1,1,2,21,0,66,4,3,1
127565,17988.0,55,1,4,7,32,0,49,5,2,1
127617,1376.0,64,1,0,6,32,0,55,2,2,1
127653,320.0,70,1,2,2,12,0,70,6,7,2
127714,608.0,49,1,6,8,7,0,74,4,0,0
127732,1293.0,59,0,1,2,17,0,72,3,2,2
127741,8494.0,67,0,2,4,23,0,64,5,1,1
127778,1216.0,61,1,1,5,39,0,44,3,4,3
127820,12506.0,60,1,3,7,21,1,58,6,3,1
127884,5551.0,63,2,1,3,35,0,52,4,3,0
127909,5932.0,54,1,3,2,20,0,66,4,3,1
127918,3197.0,62,0,5,4,24,0,50,4,10,1
127945,1631.0,72,2,4,8,13,0,60,2,11,0
127954,5.0,80,0,0,0,20,0,80,0,0,0
128106,4113.0,55,0,2,6,36,1,45,5,3,2
128151,903.0,48,1,3,15,48,0,27,2,2,2
128179,585.0,28,1,1,21,17,0,58,0,2,0
128188,874.0,63,6,0,3,35,0,52,0,3,0
128258,1404.0,61,1,0,3,44,0,40,2,7,3
128328,4307.0,28,0,7,7,11,0,64,7,2,1
128337,93.0,96,1,1,2,35,2,35,10,13,0
128391,2749.0,47,1,2,5,19,0,56,4,12,0
128498,1088.0,63,1,1,29,21,0,32,2,11,3
128577,1304.0,57,0,4,13,12,0,64,5,2,0
128586,35.0,0,0,0,0,0,0,100,0,0,0
128744,2350.0,70,1,5,32,27,0,26,2,2,6
128771,8593.0,47,0,5,13,17,0,58,3,3,1
128780,1538.0,73,0,3,17,17,0,54,2,6,0
128896,93.0,74,0,1,11,14,0,24,14,37,0
128902,1737.0,62,0,4,4,10,0,67,4,1,8
129002,371.0,53,0,2,40,22,0,25,6,4,0
129020,18917.0,52,0,12,7,13,0,53,4,2,10
129154,3213.0,82,0,3,20,21,0,47,3,6,0
129181,1036.0,7,1,1,15,18,0,38,4,23,0
129215,4475.0,58,0,3,9,13,0,64,4,7,1
129242,4354.0,58,0,3,2,7,0,77,2,6,3
129349,211.0,98,0,2,18,23,0,51,0,5,0
129367,2715.0,73,0,5,35,29,0,21,3,7,0
129482,383.0,93,1,1,27,42,0,23,6,1,0
129525,4521.0,54,0,4,16,13,0,51,3,8,5
129534,242.0,50,0,2,2,13,0,65,3,1,14
129543,3821.0,65,0,3,30,36,0,26,3,2,0
129695,4448.0,57,0,6,18,21,0,49,3,2,0
129729,5083.0,62,0,3,10,29,0,47,5,3,3
129756,2106.0,62,0,3,9,18,0,63,4,2,0
129774,599.0,43,1,2,14,16,1,50,6,11,0
129808,3160.0,63,1,4,9,19,0,58,7,1,0
129923,612.0,57,0,1,28,31,0,30,7,3,0
129932,307.0,9,1,1,30,31,0,37,0,1,0
129941,5097.0,56,0,4,11,16,0,63,1,4,2
130004,4420.0,60,0,5,16,38,0,34,2,2,2
130040,1228.0,68,0,1,3,16,0,75,2,2,0
130110,128.0,70,0,2,15,14,0,65,3,1,1
130174,1819.0,51,0,1,26,27,0,37,6,2,0
130183,12848.0,74,1,1,28,8,0,39,14,9,0
130217,1161.0,63,1,2,2,12,0,78,4,1,0
130226,6843.0,62,0,4,4,10,0,75,3,3,2
130253,6417.0,68,0,2,4,13,0,74,2,4,1
130314,898.0,78,0,5,12,14,0,60,4,4,1
130396,6003.0,63,0,4,24,28,0,37,3,2,1
130493,7440.0,63,0,3,18,14,0,51,5,7,1
130509,557.0,93,0,1,67,16,0,10,1,5,0
130590,2200.0,51,0,4,7,9,0,62,3,2,13
130606,3365.0,60,0,4,8,25,0,55,5,2,1
130624,1056.0,38,0,7,5,12,0,62,10,1,3
130697,2852.0,58,0,8,6,12,0,55,7,2,11
130776,4640.0,52,0,5,9,22,0,57,4,3,0
130794,4703.0,50,0,24,9,15,0,35,6,0,10
130837,78.0,83,0,1,6,4,0,77,12,0,0
130873,224.0,84,1,1,47,15,0,28,8,0,0
130907,12955.0,68,0,4,25,14,0,49,5,3,1
130934,4131.0,68,0,1,71,7,0,9,6,3,4
130943,19328.0,58,0,5,6,9,0,66,4,3,6
130989,676.0,53,0,3,25,13,0,40,4,8,7
131061,116.0,89,0,1,44,16,0,34,5,0,0
131098,813.0,56,0,1,41,9,0,36,7,6,0
131113,9421.0,63,1,3,21,13,0,51,4,3,5
131159,7953.0,62,0,7,8,12,0,51,4,3,15
131283,3055.0,56,0,3,5,15,0,67,4,3,4
131399,3385.0,63,0,2,62,17,0,5,3,6,6
131450,1019.0,55,1,5,16,18,1,45,3,5,6
131469,11763.0,64,0,12,9,12,0,49,4,4,10
131496,7357.0,56,0,12,7,9,0,48,5,4,15
131520,7857.0,72,2,3,67,7,0,1,4,13,4
131803,630.0,74,0,3,75,8,0,7,3,2,0
131830,32.0,53,0,3,34,3,3,28,13,6,9
131876,1444.0,98,0,2,54,32,0,2,2,8,1
132374,2543.0,18,1,2,33,25,0,37,2,0,0
132408,390.0,50,1,1,5,3,0,65,2,24,0
132471,3523.0,67,0,1,36,37,0,17,2,1,6
132602,2746.0,64,0,0,81,5,0,1,2,8,2
132657,2459.0,50,0,1,11,18,0,47,3,4,16
132675,131.0,44,0,2,33,2,0,60,3,0,0
132693,13937.0,62,0,3,10,16,0,63,5,2,1
132709,33243.0,62,0,3,27,38,0,16,7,4,5
132842,146.0,83,0,0,2,85,0,2,1,5,5
132851,6150.0,65,1,2,11,6,0,69,3,5,1
132879,160.0,39,0,1,20,26,1,42,1,5,6
132903,61401.0,55,0,7,10,29,0,46,4,1,3
132976,250.0,54,0,3,14,17,0,64,2,0,0
133021,1943.0,65,0,1,14,5,0,70,4,3,1
133155,736.0,51,0,2,15,53,2,26,2,0,0
133386,12728.0,62,0,2,12,19,0,60,4,2,0
133465,415.0,86,0,4,49,23,0,19,0,4,0
133492,1822.0,68,0,2,3,10,0,77,5,0,3
133508,15141.0,66,0,2,12,34,0,40,2,6,2
133526,2273.0,51,0,3,60,9,0,18,7,3,0
133553,8155.0,26,0,4,5,28,0,47,4,3,10
133650,7402.0,65,0,1,86,5,0,5,3,0,0
133669,25457.0,59,0,4,20,28,0,39,4,1,3
133702,22344.0,65,0,4,28,13,0,48,4,2,1
133711,2671.0,68,0,1,5,12,0,72,3,4,3
133809,488.0,53,0,1,5,8,0,78,3,3,1
133845,555.0,89,0,0,24,5,0,9,1,61,0
133854,434.0,77,0,1,25,17,0,4,0,52,0
133863,405.0,89,0,1,15,37,0,13,0,33,0
133872,1249.0,81,0,6,16,35,0,34,4,3,2
133881,3475.0,31,0,2,5,10,0,51,3,2,25
133942,62.0,95,0,3,5,8,0,84,0,0,0
133951,49049.0,57,0,2,12,68,0,9,2,1,6
133960,856.0,59,0,2,9,28,0,52,3,4,1
133979,887.0,53,0,0,65,8,0,1,2,5,19
133997,504.0,63,0,1,22,43,0,2,1,31,0
134079,2834.0,64,1,3,7,14,0,70,1,1,3
134097,32543.0,57,0,3,9,22,0,59,4,1,2
134130,34931.0,57,0,10,6,23,0,52,4,3,2
134228,32.0,63,0,0,56,16,0,28,0,0,0
134237,23030.0,31,1,2,26,17,0,39,6,9,0
134291,545.0,13,1,1,17,7,0,68,6,0,0
134307,798.0,7,1,0,13,74,1,11,1,0,0
134343,4410.0,65,1,3,11,6,0,68,4,6,0
134422,29.0,90,0,0,31,10,0,59,0,0,0
134495,19532.0,59,0,3,18,36,0,34,4,3,2
134510,145.0,56,1,4,2,8,0,81,0,1,3
134529,291.0,92,0,1,60,25,1,8,2,2,0
134574,157.0,80,0,2,23,17,0,42,5,11,0
134608,15236.0,62,0,2,15,30,0,46,3,3,1
134714,156.0,85,1,1,41,10,0,46,0,3,0
134811,874.0,67,0,1,15,34,0,19,0,8,22
134945,2771.0,61,0,2,20,14,0,49,4,3,7
135081,18146.0,73,1,2,19,28,0,30,1,18,1
135142,312.0,99,0,0,0,100,0,0,0,0,0
135160,3019.0,65,0,2,15,7,0,75,1,0,0
135179,723.0,39,0,1,14,2,0,81,1,0,0
135188,4760.0,62,1,5,9,23,0,54,3,4,1
135267,594.0,34,0,1,16,36,1,47,0,0,0
135276,1169.0,49,0,1,43,4,0,47,4,0,0
135294,382.0,49,0,1,50,26,0,19,2,0,2
135337,112.0,96,0,3,34,8,0,46,4,5,0
135364,221.0,33,0,1,41,4,0,51,0,3,0
135391,9242.0,64,0,3,8,22,0,57,2,5,2
135407,923.0,40,0,2,10,33,0,51,4,1,0
135522,450.0,42,7,2,15,18,0,54,2,2,1
135559,92.0,88,0,0,8,61,0,30,1,0,0
135610,100.0,64,0,1,16,43,0,35,4,1,0
135647,799.0,17,0,1,40,44,0,13,1,0,0
135717,46523.0,60,0,1,14,72,0,5,1,1,6
135726,11334.0,53,0,5,9,24,0,42,3,4,13
135735,2231.0,18,0,3,18,42,0,32,3,1,0
136109,171.0,98,0,1,26,11,1,58,2,2,0
136145,1181.0,72,0,1,19,8,0,70,1,0,0
136172,14550.0,57,0,6,10,15,0,62,5,0,2
136215,6314.0,71,0,11,14,36,0,27,4,3,4
136233,5004.0,64,0,3,8,11,0,62,7,8,1
136303,913.0,55,0,2,48,29,0,18,1,0,0
136330,2916.0,64,0,2,9,17,0,62,2,5,3
136358,26666.0,61,0,3,26,32,0,30,3,4,2
136400,9886.0,63,0,3,6,23,0,60,4,3,0
136473,9226.0,65,1,2,15,8,0,65,7,1,2
136491,663.0,37,0,2,18,15,0,60,4,0,1
136516,9961.0,67,0,3,16,26,0,49,4,1,1
136659,498.0,33,0,1,7,4,0,81,6,0,0
136765,365.0,50,0,1,18,48,0,33,0,0,0
136774,1624.0,72,0,9,3,15,0,46,5,3,18
136826,879.0,33,0,1,18,71,0,7,2,0,0
136950,2559.0,60,0,4,6,20,0,55,4,3,9
137023,360.0,54,0,2,21,8,0,70,0,0,0
137032,6945.0,61,1,1,25,16,0,32,1,20,4
137078,26430.0,63,0,4,13,16,0,60,4,2,1
137087,557.0,50,0,3,35,13,0,45,3,0,1
137096,12607.0,57,0,4,12,20,0,53,4,5,2
137120,1045.0,42,0,1,8,23,0,65,3,0,0
137209,16298.0,59,0,4,15,27,0,46,4,2,2
137245,1350.0,52,1,1,47,32,0,17,2,0,0
137272,57.0,0,0,4,11,32,0,37,0,0,18
137281,6828.0,64,0,3,9,12,0,67,5,3,0
137315,2710.0,67,0,2,10,39,0,44,2,3,1
137351,38582.0,57,0,7,9,22,0,48,4,4,6
137476,3670.0,53,0,1,18,51,0,14,4,7,5
137546,3125.0,57,0,2,9,19,0,56,6,1,6
137564,8312.0,59,1,2,12,23,0,56,4,2,1
137591,292.0,79,0,1,11,18,0,65,5,0,0
137713,196.0,67,0,0,19,8,0,73,0,0,0
137759,11245.0,56,0,1,31,17,0,45,3,2,1
137777,28.0,0,0,0,0,0,0,86,0,0,14
137801,397.0,50,0,2,25,39,0,27,3,3,0
137847,8657.0,60,0,2,3,12,0,61,2,14,6
137856,203.0,37,0,0,11,3,0,84,1,0,0
137865,283.0,40,0,2,12,7,0,72,5,0,1
137953,351.0,43,0,1,21,11,0,60,3,1,2
137962,214.0,46,1,3,24,14,0,47,2,7,1
138187,45949.0,60,0,5,17,39,0,26,3,6,4
138275,820.0,47,0,1,33,15,0,46,1,1,3
138284,334.0,40,1,1,16,2,0,79,1,0,0
138293,735.0,32,1,1,30,7,1,42,4,5,10
138309,9011.0,87,0,2,19,16,0,41,3,18,0
138354,9637.0,58,0,4,11,10,0,65,6,2,2
138372,1553.0,38,1,5,28,31,0,33,1,1,0
138479,777.0,42,0,6,31,36,0,24,2,0,0
138488,1389.0,49,0,5,15,45,0,32,2,0,0
138497,345.0,41,0,0,5,0,0,77,18,0,0
138558,3990.0,59,0,1,10,8,0,78,1,0,1
138600,1014.0,99,0,6,34,15,0,31,7,3,3
138655,730.0,33,0,7,45,25,0,23,0,0,0
138664,90.0,62,0,9,74,11,0,6,0,0,0
138682,3022.0,69,0,0,78,2,0,17,2,0,0
138716,6102.0,72,0,0,77,6,0,11,2,2,1
138761,301.0,54,0,0,49,8,0,36,1,4,1
138813,814.0,52,0,1,67,11,0,11,0,7,2
138822,510.0,97,0,0,66,4,0,29,0,0,0
138840,3030.0,70,0,1,85,6,0,4,2,0,1
138868,1916.0,58,0,2,28,7,0,49,6,4,2
138901,1704.0,66,0,1,86,5,0,2,3,1,2
138938,303.0,89,0,3,50,9,0,25,6,7,0
138947,3096.0,76,0,0,87,0,0,0,0,11,1
138956,3863.0,59,0,2,46,6,0,41,3,1,0
139144,2006.0,62,0,2,7,8,0,75,5,0,1
139153,344.0,48,0,11,58,8,0,15,0,0,9
139199,1710.0,90,1,3,29,11,0,46,2,3,5
139205,835.0,43,0,1,29,9,1,54,0,3,2
139250,3457.0,70,0,2,20,8,0,63,4,2,1
139278,6437.0,68,0,1,31,8,0,56,3,1,0
139311,6376.0,71,0,7,62,9,0,15,3,2,1
139357,2999.0,73,0,1,44,14,0,35,3,2,0
139366,6877.0,61,0,3,39,7,0,46,3,1,1
139384,6608.0,64,0,1,8,17,0,70,2,0,0
139393,865.0,54,1,1,3,1,0,87,5,0,2
139463,4794.0,63,1,2,4,32,0,57,1,2,1
139506,88.0,41,0,0,98,0,0,2,0,0,0
139579,246.0,70,1,2,49,8,0,36,1,3,0
139621,2415.0,62,0,1,45,6,0,43,4,1,0
139630,883.0,45,1,1,12,7,0,66,4,0,8
139658,7010.0,59,0,23,9,11,0,37,4,1,15
139700,5680.0,64,0,2,16,16,0,60,4,0,1
139719,2794.0,62,0,0,94,2,0,1,2,0,0
139746,67.0,81,0,10,61,1,0,27,0,0,0
139755,16561.0,39,0,26,7,7,0,44,4,2,9
139764,2634.0,64,0,2,26,6,0,57,3,0,6
139861,5605.0,65,0,1,5,6,0,83,4,0,0
139931,23469.0,57,0,2,26,7,0,58,4,1,1
139940,28787.0,60,0,15,41,13,0,21,6,1,3
139959,29765.0,58,0,11,7,7,0,69,4,1,1
139968,3231.0,67,0,1,37,5,0,53,3,1,0
139986,5232.0,72,0,1,47,6,0,42,2,1,0
139995,266.0,57,0,0,73,0,0,27,0,0,0
140003,225.0,88,0,7,57,25,0,12,0,0,0
140012,8576.0,60,0,9,34,18,0,31,3,3,2
140234,750.0,49,1,1,22,3,0,69,2,2,1
140243,5045.0,61,1,3,8,22,0,62,2,0,1
140252,941.0,53,2,3,28,3,0,41,0,12,10
140331,9432.0,60,0,3,27,15,0,49,4,1,1
140340,693.0,83,0,3,71,4,1,14,2,5,0
140447,4911.0,64,0,8,30,7,0,46,4,4,1
140553,2151.0,0,0,0,74,0,0,0,2,23,1
140678,2548.0,62,0,1,6,7,0,82,2,1,0
140696,1452.0,61,1,5,23,15,0,42,1,2,11
140720,189.0,54,1,0,93,3,0,1,3,1,0
140818,1278.0,66,0,2,12,7,0,70,1,7,0
140827,68.0,81,0,3,21,3,0,66,4,3,0
140872,1292.0,50,0,1,17,11,0,62,3,4,2
140942,3649.0,66,0,2,50,10,0,34,3,0,1
140951,11679.0,69,1,6,11,7,0,51,0,4,19
140960,3245.0,61,0,0,82,9,0,3,4,1,2
140988,1306.0,57,0,1,22,7,0,59,3,5,2
141006,1814.0,55,0,1,48,4,0,45,1,0,1
141015,178.0,62,0,3,12,4,0,71,5,4,0
141060,2207.0,100,1,0,98,0,0,0,0,0,0
141167,732.0,60,0,7,19,4,0,30,0,39,1
141185,1677.0,64,0,4,9,6,0,76,3,0,0
141237,2826.0,55,0,2,7,3,0,47,0,40,2
141255,3709.0,65,0,1,35,9,0,53,1,0,0
141264,9570.0,66,0,1,42,9,0,41,4,0,1
141325,745.0,94,0,2,40,8,0,41,3,2,5
141334,10331.0,65,0,1,36,8,0,48,4,2,1
141361,1396.0,58,0,2,9,6,0,69,3,7,4
141486,1634.0,71,1,26,3,7,19,11,8,23,1
141565,2671.0,64,0,15,1,15,8,19,37,0,3
141574,13203.0,58,0,36,1,13,3,18,26,0,3
141608,72.0,42,0,43,15,7,15,6,14,0,0
141644,3800.0,63,0,14,5,17,11,20,25,4,4
141680,3378.0,46,0,39,2,13,5,7,31,2,1
141796,6369.0,64,0,40,1,11,3,11,27,1,6
141802,1461.0,66,0,27,0,14,4,16,35,1,1
141811,6363.0,65,0,36,2,15,4,8,32,0,2
141839,2936.0,70,0,27,1,16,6,16,32,2,1
141981,3168.0,67,0,38,1,14,4,9,33,0,0
141990,2299.0,68,0,18,1,16,6,13,43,1,0
142054,534.0,85,1,11,1,24,1,57,1,4,0
142090,101.0,44,1,3,2,5,0,84,0,2,3
142115,20763.0,57,0,3,2,14,0,73,5,2,1
142179,1803.0,67,0,1,1,17,0,75,1,4,0
142276,9575.0,58,2,1,1,13,0,72,3,6,2
142285,8366.0,52,1,2,1,11,0,76,4,3,2
142294,1100.0,51,1,2,2,12,1,54,6,4,18
142328,3856.0,65,2,1,1,8,0,78,4,4,1
142407,76.0,91,1,0,0,45,0,50,3,1,0
142416,11.0,91,0,0,0,0,0,100,0,0,0
142443,4737.0,63,1,1,1,7,0,77,4,8,0
142461,1389.0,58,1,1,2,12,0,75,5,4,1
142489,18.0,100,0,0,6,6,0,83,6,0,0
142522,44481.0,56,0,1,1,3,1,67,9,2,17
142559,7321.0,63,0,1,1,22,0,65,2,7,1
142887,169.0,70,1,3,9,37,0,46,4,0,0
142957,8.0,38,0,25,25,13,0,13,0,25,0
143048,2487.0,74,0,10,5,10,0,36,4,5,31
143084,2377.0,55,0,3,4,12,0,66,4,1,11
143118,4158.0,66,0,3,6,36,0,44,3,7,1
143181,126.0,96,0,2,33,3,0,55,6,0,0
143215,6906.0,57,0,1,18,7,0,63,5,5,0
143279,3743.0,63,0,2,9,14,0,70,4,1,0
143288,516.0,57,1,1,9,7,0,72,3,6,1
143297,158.0,89,0,1,2,1,0,89,3,4,0
143303,11.0,91,0,0,0,0,0,100,0,0,0
143358,4574.0,51,0,4,7,12,0,70,3,2,2
143376,211.0,94,0,0,36,9,0,51,0,2,0
143464,79.0,96,0,0,53,22,0,22,1,1,1
143473,37.0,100,0,0,0,92,0,8,0,0,0
143482,46.0,96,0,0,78,20,0,0,0,0,2
143491,36.0,94,0,0,6,94,0,0,0,0,0
143552,49.0,98,0,0,49,8,0,41,2,0,0
143613,1755.0,64,0,1,5,8,0,76,4,6,0
143978,18.0,72,0,6,22,39,0,17,11,6,0
144005,1685.0,72,0,1,73,8,0,2,3,10,3
144050,7056.0,48,0,20,5,15,0,35,7,2,15
144157,1878.0,65,0,0,77,16,0,3,3,1,0
144166,7273.0,76,0,4,34,50,0,8,2,1,1
144175,1955.0,71,0,0,69,24,0,2,2,1,0
144184,5186.0,65,0,13,21,41,0,20,2,0,2
144193,4929.0,61,0,1,12,77,0,8,1,1,0
144209,6479.0,60,0,7,29,45,0,12,3,1,3
144218,7946.0,60,0,6,6,63,0,21,2,0,1
144281,6542.0,59,0,4,15,23,0,48,5,2,3
144351,1538.0,57,0,2,12,32,0,44,3,5,1
144485,531.0,24,0,2,41,43,0,10,4,1,0
144564,2171.0,58,0,1,11,5,0,74,2,7,0
144573,21.0,95,0,0,10,5,0,86,0,0,0
144740,14145.0,53,0,11,8,21,0,51,5,2,2
144795,352.0,79,0,2,13,42,0,38,3,3,0
144865,21010.0,55,0,11,7,25,0,50,3,3,1
144883,419.0,53,0,2,64,19,0,3,1,1,9
144892,6969.0,59,0,4,15,16,0,58,2,4,2
144944,7882.0,57,1,8,4,35,0,43,4,4,1
144962,2838.0,62,0,7,6,27,0,55,3,2,1
144971,511.0,49,1,1,11,2,0,79,2,3,1
145099,273.0,95,0,1,8,49,0,41,0,1,0
145239,404.0,83,0,7,11,29,0,49,3,0,0
145309,27.0,59,0,0,15,0,0,85,0,0,0
145336,3022.0,64,0,2,40,17,0,30,3,6,1
145354,63.0,95,0,2,6,2,0,89,2,0,0
145372,823.0,46,0,0,13,8,0,64,4,2,8
145406,438.0,100,2,6,16,33,2,39,4,0,0
145424,48.0,94,0,2,17,13,0,69,0,0,0
145433,128.0,98,0,3,11,34,1,47,4,0,0
145497,181.0,77,0,0,0,1,0,96,1,2,1
145521,1276.0,63,0,1,7,6,0,79,2,3,1
145600,21921.0,52,0,21,8,34,0,26,3,2,7
145619,2299.0,51,1,16,9,18,1,42,2,10,1
145637,33683.0,46,0,20,6,14,0,42,4,1,13
145646,1636.0,52,0,7,7,9,0,70,4,0,3
145682,7813.0,60,0,2,11,5,0,75,5,0,1
145691,1154.0,53,0,1,10,7,0,72,3,3,3
145707,906.0,57,0,1,2,1,0,93,2,0,0
145725,3122.0,32,0,16,5,18,0,37,4,4,16
145813,17987.0,57,0,2,10,12,0,71,3,0,1
145831,2413.0,58,0,1,1,16,0,75,2,5,0
146205,3328.0,61,0,1,8,2,0,74,0,15,0
146278,1881.0,63,0,1,4,2,0,89,3,1,0
146296,10267.0,59,0,3,9,28,0,54,3,2,0
146339,954.0,56,0,2,13,30,0,40,2,8,5
146348,2245.0,64,0,1,11,17,0,65,4,1,0
146366,2785.0,61,0,1,3,2,0,90,3,1,0
146418,2626.0,60,1,1,11,22,0,59,4,1,0
146427,1154.0,57,0,4,8,13,0,50,6,3,16
146454,44.0,98,0,0,2,14,0,82,0,2,0
146472,11854.0,58,0,6,6,41,0,38,3,4,1
146481,1558.0,59,0,5,4,18,0,49,4,6,13
146506,3862.0,59,0,1,3,3,0,89,3,1,0
146533,162.0,81,1,8,13,2,0,71,4,0,0
146603,4683.0,59,1,1,8,2,0,80,1,8,0
146612,4306.0,50,0,6,6,23,0,59,3,2,2
146667,322.0,45,0,2,12,2,0,79,0,0,5
146676,967.0,57,0,1,42,7,0,41,4,2,3
146685,4977.0,63,1,1,9,4,0,73,6,6,0
146700,944.0,35,0,1,35,49,0,11,2,2,0
146719,11612.0,67,0,13,5,18,0,54,5,2,4
146755,178.0,92,0,2,4,8,1,76,6,2,0
146807,55.0,87,0,2,7,49,0,42,0,0,0
146816,276.0,83,1,1,52,22,1,19,3,0,0
147004,7814.0,54,0,2,2,25,0,64,4,3,0
147013,1701.0,49,0,1,12,6,0,59,5,11,5
147129,557.0,89,0,4,14,4,0,74,3,1,0
147244,1875.0,57,0,2,13,4,0,69,3,5,4
147341,860.0,51,0,1,9,12,0,67,4,5,3
147369,2161.0,48,0,3,5,8,0,59,3,14,8
147378,11026.0,54,0,3,9,24,0,50,3,10,1
147396,79.0,3,0,0,5,4,0,89,1,1,0
147411,3618.0,61,0,1,4,83,0,6,1,6,0
147536,3604.0,73,0,2,19,52,0,15,2,7,2
147590,43.0,63,0,12,23,9,0,47,0,9,0
147642,50.0,98,0,16,4,26,0,54,0,0,0
147660,2475.0,54,0,4,5,16,0,65,3,4,3
147679,1846.0,59,0,10,10,32,0,36,3,3,6
147703,12277.0,53,0,6,19,21,0,48,4,0,1
147767,8559.0,53,0,19,6,13,0,42,6,4,10
147776,5220.0,59,0,9,11,42,0,24,2,11,1
147800,7313.0,53,0,21,7,18,0,46,3,4,0
147819,44.0,98,0,0,0,0,0,95,5,0,0
147828,2802.0,59,0,2,8,11,0,71,4,2,1
147916,5758.0,57,0,5,13,9,0,61,5,5,2
148007,2716.0,66,0,1,53,22,0,17,2,4,1
148016,340.0,46,0,3,2,6,1,63,2,3,21
148098,35.0,100,0,0,23,20,0,57,0,0,0
148131,1092.0,52,0,1,11,3,0,75,0,7,3
148256,1802.0,57,0,1,4,1,0,93,0,1,0
148292,2235.0,63,0,1,17,4,0,72,3,2,0
148380,5762.0,58,0,4,9,23,0,57,2,4,0
148405,1019.0,57,0,2,12,18,0,52,3,3,10
148487,3068.0,61,0,4,20,30,0,37,2,4,2
148496,2166.0,69,0,3,5,61,0,24,1,5,1
148511,104.0,71,0,1,19,44,0,27,1,7,1
148575,284.0,85,0,2,3,2,0,88,4,1,0
148584,1627.0,69,0,3,9,23,0,56,3,1,3
148593,107.0,86,0,3,5,3,0,88,2,0,0
148627,3080.0,64,0,3,12,44,0,37,2,2,0
148654,2654.0,53,0,4,14,11,0,63,4,1,2
148672,1386.0,63,0,1,3,15,0,77,2,1,0
148821,1176.0,66,1,0,13,4,0,74,0,6,0
148876,901.0,79,0,3,4,88,0,1,0,1,2
148937,1263.0,58,0,1,3,2,0,88,2,4,1
148955,4.0,100,0,0,0,100,0,0,0,0,0
148991,1239.0,59,1,0,7,4,0,86,1,0,0
149028,210.0,88,0,3,6,16,0,72,2,0,0
149204,52.0,98,0,0,2,4,0,94,0,0,0
149222,8299.0,48,0,2,14,10,0,66,3,0,4
149231,9942.0,56,0,3,13,5,0,72,4,1,2
149310,100.0,47,0,0,30,2,0,2,0,0,66
149329,82.0,0,0,0,0,0,0,98,0,0,2
149365,3366.0,64,0,2,54,20,0,18,3,2,0
149499,7.0,100,0,0,0,0,0,100,0,0,0
149505,1015.0,65,1,2,12,17,0,62,0,2,4
149514,571.0,40,0,3,18,11,0,53,3,8,4
149532,8819.0,56,0,3,13,42,0,33,2,5,1
149550,158.0,89,0,0,23,1,1,73,3,0,0
149639,82.0,39,0,1,10,30,0,32,4,22,1
149727,7564.0,57,0,4,7,36,0,49,2,2,0
149763,671.0,82,0,15,24,31,0,25,2,2,0
149772,5854.0,55,0,1,22,13,0,58,3,2,1
149781,2265.0,56,0,10,3,7,0,69,6,1,4
149842,12199.0,56,0,13,4,29,0,49,3,2,1
150048,344.0,57,1,1,28,12,0,56,3,0,0
150066,1205.0,58,0,1,7,8,0,77,5,1,1
150136,15780.0,61,0,2,9,6,0,76,4,2,1
150145,1195.0,64,0,1,9,10,0,70,6,1,4
150163,4492.0,60,0,3,4,6,0,83,3,1,1
150172,556.0,46,0,1,23,31,0,29,4,12,0
150251,123.0,95,0,1,10,14,0,72,0,4,0
150303,277.0,96,1,0,47,14,0,32,4,1,0
150400,1752.0,52,0,3,6,9,0,62,2,2,15
150428,22.0,95,0,5,18,27,0,50,0,0,0
150455,736.0,57,0,3,8,11,0,51,6,2,20
150534,2041.0,58,0,2,4,4,0,70,3,10,7
150604,938.0,52,0,1,4,4,0,84,3,3,0
150668,827.0,62,0,2,4,26,0,53,3,4,8
150677,1587.0,61,0,1,4,7,0,81,3,2,2
150756,1028.0,54,0,1,4,4,0,75,3,9,3
150765,102.0,97,0,1,13,3,0,76,6,1,0
150774,455.0,44,0,2,6,22,0,54,5,5,5
150853,119.0,99,1,1,7,5,0,83,3,0,0
150941,1150.0,60,0,1,3,6,0,81,5,0,3
150987,88170.0,57,0,2,10,5,0,71,5,6,0
151102,7584.0,53,0,4,6,9,0,74,4,0,2
151111,20966.0,60,0,6,10,10,0,65,5,0,3
151263,4271.0,63,0,3,12,8,0,63,4,4,6
151290,1612.0,40,0,2,17,7,0,53,6,4,10
151306,8431.0,63,0,2,4,4,0,85,3,1,1
151324,8938.0,57,0,2,17,6,0,69,4,1,2
151333,3016.0,65,0,1,4,8,0,80,4,2,1
151342,4375.0,65,0,2,8,15,0,66,6,1,3
151351,32986.0,50,0,7,5,8,0,69,5,0,6
151360,3414.0,72,0,3,16,26,0,50,4,1,1
151379,4090.0,62,0,2,7,5,0,81,4,1,0
151388,3200.0,65,0,2,6,6,0,76,4,5,2
151467,269.0,82,0,3,6,14,0,67,8,1,0
151564,47.0,98,0,0,0,21,0,77,2,0,0
151607,75.0,96,0,1,24,5,0,61,8,0,0
151652,205.0,98,0,3,35,7,0,47,6,1,0
151661,999.0,7,0,3,19,13,0,59,5,2,0
151777,1084.0,49,0,1,12,8,0,68,5,4,2
151786,2566.0,65,0,3,13,7,0,67,5,3,2
151801,2677.0,65,0,2,4,4,0,83,3,2,1
151810,170.0,72,0,0,92,0,0,4,3,1,0
151962,207.0,61,0,0,17,7,0,75,0,0,0
152044,91.0,52,0,3,37,20,0,34,5,0,0
152080,8874.0,48,0,5,3,11,0,68,6,1,6
152099,1100.0,57,1,1,5,2,0,79,4,6,3
152150,61.0,95,0,0,7,0,2,79,10,3,0
152275,155.0,69,0,5,50,8,0,29,8,0,0
152309,89.0,74,0,1,10,1,0,85,1,1,0
152318,1972.0,24,0,6,5,5,0,66,5,1,11
152336,1753.0,69,0,2,10,9,0,72,3,3,1
152381,761.0,83,1,0,6,7,0,80,3,2,0
152390,1438.0,99,0,2,2,15,0,75,3,3,0
152497,159.0,96,1,2,2,8,0,86,1,0,0
152530,2076.0,56,0,3,3,5,0,83,2,1,2
152567,3370.0,44,0,2,4,6,0,80,4,2,2
152600,2723.0,56,0,2,6,11,0,72,3,2,2
152628,42.0,95,0,0,2,0,0,98,0,0,0
152637,16048.0,49,0,2,8,24,0,58,3,3,1
152673,868.0,0,0,1,4,9,0,76,4,1,4
152798,374.0,89,0,2,2,2,0,83,2,9,0
152992,817.0,55,1,2,8,19,1,60,3,1,5
153001,1456.0,64,1,1,3,10,0,75,4,7,0
153074,137.0,96,0,1,7,6,0,85,1,0,0
153083,133.0,95,2,1,11,7,0,77,2,1,0
153108,1120.0,48,0,2,3,5,0,85,3,2,0
153126,659.0,51,1,1,10,11,0,65,4,5,2
153144,1394.0,55,0,3,8,12,0,65,3,6,2
153162,999.0,49,1,2,6,7,0,74,2,2,5
153214,18201.0,58,0,4,6,8,0,68,3,12,0
153241,69.0,49,0,23,0,1,0,0,0,0,75
153250,1436.0,48,0,1,0,3,0,80,1,5,8
153269,2848.0,59,0,5,6,8,0,74,4,1,3
153278,1778.0,42,0,1,15,9,0,63,3,3,5
153296,731.0,52,1,1,18,7,1,65,2,3,2
153302,194.0,51,2,3,7,8,0,68,2,8,2
153311,7081.0,60,0,3,7,11,0,70,4,5,0
153320,432.0,57,0,2,2,3,0,87,4,0,1
153366,959.0,56,0,1,11,12,2,61,4,4,5
153375,1694.0,54,0,3,9,10,0,63,4,7,3
153384,1493.0,53,0,8,5,9,0,51,5,4,19
153427,120.0,61,0,0,15,15,0,61,9,0,0
153445,5042.0,58,0,2,8,5,0,81,3,0,1
153463,20.0,95,0,0,15,5,0,75,5,0,0
153472,3279.0,52,0,1,6,8,0,76,3,3,3
153524,4704.0,51,0,2,9,9,0,63,4,10,2
153533,2288.0,54,1,1,6,5,0,77,0,8,2
153542,15.0,87,0,0,0,0,0,100,0,0,0
153597,89.0,96,1,3,12,16,0,63,4,0,0
153603,26843.0,43,0,4,3,6,0,76,3,3,4
153621,651.0,46,1,0,22,7,0,44,9,4,12
153630,5791.0,58,1,2,10,10,0,73,0,2,2
153658,22304.0,55,0,5,3,8,0,74,4,2,4
153737,12277.0,56,0,2,10,6,0,72,3,5,2
153746,18.0,100,0,0,22,0,0,78,0,0,0
153764,54.0,94,2,6,20,9,0,59,4,0,0
153773,54.0,94,0,0,0,7,0,93,0,0,0
153782,22.0,100,0,0,18,0,0,73,5,5,0
153825,1314.0,44,0,1,4,10,0,75,2,5,2
153834,1802.0,58,0,2,2,7,0,78,2,0,8
153861,541.0,75,1,3,8,9,0,39,1,38,2
153922,1836.0,58,2,3,3,23,0,53,2,12,3
153977,869.0,86,1,6,8,7,0,70,1,7,0
154004,1281.0,51,1,1,4,8,0,70,4,8,5
154013,1381.0,68,1,2,8,1,0,77,2,5,3
154022,39175.0,66,1,2,30,18,1,42,4,2,0
154059,2681.0,55,0,1,4,7,0,85,2,0,1
154095,8289.0,60,0,1,3,5,0,83,3,3,2
154101,1069.0,52,0,1,2,5,0,83,2,4,3
154110,4162.0,61,0,1,3,3,0,89,1,2,0
154129,1666.0,57,1,2,5,9,0,80,2,3,0
154165,13.0,100,0,0,0,0,0,100,0,0,0
154174,34.0,44,3,9,9,3,0,71,6,0,0
154208,139.0,99,0,1,4,4,0,87,1,3,0
154235,2305.0,56,0,2,5,9,0,74,3,4,2
154262,211.0,92,0,2,4,14,1,74,4,0,0
154332,60.0,95,0,2,25,13,0,55,3,2,0
154350,1225.0,52,0,2,4,7,0,79,5,2,2
154378,2260.0,61,3,1,6,6,0,22,2,58,2
154396,1503.0,61,0,1,4,6,0,84,2,1,2
154448,128.0,96,1,2,13,11,0,72,1,1,1
154457,11.0,100,18,0,9,18,0,55,0,0,0
154466,48.0,92,0,0,29,6,0,65,0,0,0
154493,3077.0,61,0,1,18,6,0,59,3,10,3
154518,2523.0,40,0,1,6,2,1,30,0,58,3
154527,1562.0,54,0,1,4,5,0,79,3,1,7
154545,97.0,36,1,1,31,9,0,47,10,0,0
154572,5360.0,62,1,2,4,20,0,64,3,2,4
154590,1276.0,46,1,1,18,10,0,55,4,6,5
154642,2113.0,62,1,2,7,6,0,80,4,0,0
154688,1335.0,57,1,1,8,10,0,69,5,4,2
154697,4094.0,59,1,4,12,16,1,62,4,1,0
154712,2124.0,51,0,1,3,10,0,77,4,2,1
154721,790.0,45,1,1,17,18,1,58,4,0,0
154749,484.0,49,3,2,14,13,0,60,1,0,6
154800,7175.0,63,1,5,8,14,0,60,0,10,2
154855,629.0,54,1,1,15,18,1,58,3,2,1
154907,1589.0,59,0,1,6,8,0,72,4,5,3
154925,1368.0,42,4,0,19,9,0,54,10,0,3
154934,1327.0,71,1,0,4,4,0,77,9,2,4
154952,2475.0,58,2,1,5,9,0,69,6,1,6
154998,1459.0,56,0,1,9,43,0,37,2,7,0
155007,336.0,79,0,9,34,44,0,11,1,0,1
155025,3181.0,64,0,1,5,13,0,66,5,6,4
155052,1222.0,47,1,1,2,20,0,72,3,0,0
155061,12211.0,60,0,1,3,8,0,51,3,0,34
155070,166.0,56,2,1,20,11,1,55,4,4,1
155089,1089.0,52,3,3,14,16,1,56,0,8,0
155098,1617.0,53,1,1,11,6,0,77,4,0,0
155104,1868.0,54,1,2,10,46,0,35,0,3,2
155140,731.0,61,100,0,0,0,0,0,0,0,0
155159,66.0,100,0,0,2,8,0,86,5,0,0
155177,359.0,58,1,3,6,15,0,58,4,1,13
155186,2700.0,56,2,2,10,5,0,70,6,5,0
155195,4907.0,58,1,1,6,12,0,68,3,9,1
155201,798.0,52,2,1,21,9,1,50,7,9,2
155210,13891.0,56,1,4,7,12,1,63,5,5,3
155283,323.0,90,0,2,22,9,1,26,0,41,0
155292,5148.0,58,1,4,18,23,0,40,5,4,4
155308,152.0,29,1,3,38,14,1,27,4,1,11
155317,19135.0,53,0,5,4,9,0,70,6,1,5
155335,1577.0,64,1,5,4,10,0,72,2,2,3
155353,91.0,25,0,1,41,15,0,23,3,16,0
155399,16257.0,49,0,2,3,8,0,79,4,1,3
155414,749.0,42,1,0,11,21,0,60,5,0,1
155423,1107.0,37,1,0,4,13,0,57,5,19,0
155450,1464.0,63,3,0,5,7,0,77,6,2,0
155487,842.0,44,1,2,6,12,0,74,5,1,0
155496,170.0,49,2,1,5,10,0,79,4,0,0
155511,838.0,31,3,1,15,18,0,52,4,7,0
155520,1222.0,57,1,2,13,0,1,58,4,19,2
155566,1727.0,63,1,1,6,8,0,77,4,1,3
155593,843.0,45,1,1,1,3,0,90,4,0,0
155618,676.0,35,1,0,7,13,0,75,2,0,2
155627,720.0,39,1,1,12,15,0,55,1,14,0
155636,257.0,81,0,2,4,8,0,77,0,8,0
155681,4825.0,50,1,1,3,7,0,79,6,0,2
155715,1164.0,52,1,1,9,13,0,60,3,12,2
155812,810.0,51,1,2,14,15,1,47,5,15,0
155830,697.0,54,0,1,2,10,1,79,5,1,0
155858,1580.0,59,1,2,3,54,0,30,1,8,2
155900,1272.0,34,1,2,10,12,1,36,3,32,3
155937,665.0,42,2,1,13,11,0,60,6,4,3
155973,586.0,40,1,0,15,16,0,56,9,0,4
156082,5070.0,62,1,1,6,11,0,57,4,17,3
156107,4606.0,51,1,4,9,20,0,55,5,3,2
156125,11946.0,56,1,7,6,13,0,56,5,2,11
156134,1157.0,47,3,1,19,12,0,59,5,1,0
156189,569.0,48,0,0,4,1,0,93,0,1,1
156213,1492.0,60,0,2,5,6,0,79,1,2,5
156231,2400.0,61,0,1,1,2,0,94,2,1,0
156277,40.0,98,0,10,20,0,0,63,8,0,0
156286,2484.0,63,0,2,6,6,0,77,5,2,1
156295,1432.0,60,0,3,18,14,0,50,9,1,6
156310,262.0,96,1,4,13,4,4,65,9,1,0
156338,4137.0,61,0,3,7,7,0,79,3,1,0
156356,893.0,63,1,3,11,7,0,63,0,16,1
156365,5794.0,60,0,3,10,5,0,74,1,3,3
156392,10180.0,61,0,2,12,8,0,72,4,1,0
156408,1333.0,51,0,5,5,7,0,72,4,2,5
156417,109.0,22,1,0,2,1,0,93,3,1,0
156426,210.0,95,0,0,12,3,0,81,1,1,0
156471,2848.0,90,0,2,16,6,0,69,5,2,0
156541,4511.0,63,0,1,0,1,0,12,0,84,1
156620,12070.0,58,0,1,6,4,0,83,4,1,1
156648,5850.0,56,0,1,6,4,0,82,4,3,0
156745,1109.0,55,0,1,7,5,0,78,5,2,2
156754,46.0,93,0,0,9,0,2,85,4,0,0
156790,2630.0,56,0,0,1,1,0,96,1,1,0
156842,207.0,93,0,1,12,1,0,74,4,7,0
156851,1331.0,74,1,1,7,5,0,72,5,10,0
156860,2076.0,70,0,1,20,9,0,62,5,2,0
156921,12196.0,59,0,4,20,10,0,59,5,2,0
156967,54.0,98,0,0,13,2,0,74,9,2,0
157021,210.0,90,0,0,6,2,0,45,8,38,0
157030,87.0,44,1,1,3,6,0,85,0,0,3
157058,2148.0,59,0,0,60,3,0,8,3,24,1
157076,887.0,50,1,1,13,3,0,66,1,14,0
157085,22227.0,57,0,3,7,6,0,75,4,3,2
157100,600.0,41,1,0,17,6,0,55,3,16,3
157216,1974.0,61,0,0,10,0,0,67,2,19,0
157289,15927.0,55,0,5,13,6,0,68,6,0,1
157304,3104.0,63,0,0,5,3,0,75,3,13,0
157331,3446.0,65,0,0,3,3,0,89,3,2,0
157377,1164.0,67,0,1,8,7,0,73,4,5,2
157386,8618.0,61,0,1,3,2,0,89,3,1,1
157401,7863.0,62,0,1,6,3,0,79,3,5,4
157438,4299.0,56,0,1,6,5,0,81,5,1,0
157447,11507.0,60,0,2,6,4,0,81,3,1,2
157483,4893.0,60,0,1,7,5,0,80,4,3,0
157535,1348.0,54,1,1,9,1,0,85,1,0,1
157553,2426.0,61,0,0,1,1,0,94,1,2,0
157614,96.0,98,0,1,30,4,0,60,3,1,0
157650,109.0,92,0,1,15,4,1,74,6,0,0
157669,86.0,98,0,1,57,5,0,24,3,9,0
157678,104.0,100,0,1,6,2,0,87,2,3,0
157711,4837.0,63,0,1,1,2,0,93,2,1,0
157739,2505.0,54,0,0,2,1,0,89,1,7,0
157748,964.0,49,0,2,2,1,0,88,0,1,5
157757,855.0,71,0,2,19,5,0,65,5,2,0
157793,2625.0,66,1,1,20,4,0,60,7,8,0
157809,1892.0,52,0,1,7,3,0,76,4,7,1
157818,958.0,59,1,3,5,4,0,78,5,4,0
157863,945.0,48,1,0,15,2,0,68,4,1,9
157951,15286.0,61,0,3,9,5,0,78,4,1,1
158088,2192.0,48,3,0,35,1,1,54,3,2,0
158246,174.0,67,1,1,68,3,0,25,2,0,0
158325,50.0,80,0,2,20,0,0,78,0,0,0
158343,48.0,54,0,0,38,0,0,63,0,0,0
158431,6090.0,70,1,1,38,5,3,46,4,1,1
158477,552.0,60,1,3,17,10,0,63,4,1,1
158538,43.0,95,2,0,47,0,0,51,0,0,0
158617,268.0,59,0,17,35,11,0,32,0,5,0
158662,13034.0,71,0,3,45,11,3,31,4,2,2
158778,56.0,93,2,2,45,0,0,50,2,0,0
158787,58.0,97,0,3,3,2,0,90,2,0,0
158802,1215.0,77,0,0,84,3,0,0,2,11,0
158884,2166.0,65,1,2,41,6,3,43,3,1,1
159009,4511.0,65,0,0,90,1,0,1,2,3,3
159027,44.0,95,2,2,36,5,0,50,0,5,0
159197,603.0,18,0,1,38,2,0,55,2,1,0
159328,82.0,96,0,9,18,6,0,63,2,1,0
159373,904.0,85,0,6,13,7,0,71,2,0,0
159382,3706.0,71,10,2,18,2,0,63,2,1,1
159391,27825.0,54,1,5,15,8,0,67,2,1,2
159407,3142.0,74,0,1,25,3,0,65,2,3,0
159416,2553.0,61,1,2,20,6,0,51,5,12,4
159513,138.0,95,0,2,57,1,0,38,2,0,0
159522,153.0,94,3,0,22,3,1,71,1,0,0
159531,26.0,100,0,0,12,0,0,88,0,0,0
159568,943.0,48,1,1,26,2,0,66,3,0,1
159601,17.0,88,0,6,47,0,0,47,0,0,0
159647,10013.0,48,0,1,11,4,0,72,3,7,1
159656,3219.0,66,0,3,18,19,0,45,5,6,2
159717,6674.0,60,0,1,16,4,0,69,4,0,5
159939,6895.0,52,0,8,22,13,0,47,4,3,2
159948,839.0,41,0,4,12,5,0,41,0,38,0
159966,6134.0,64,2,2,18,4,0,64,3,5,1
159993,6929.0,65,0,2,23,3,0,62,3,4,3
160010,935.0,38,1,0,41,4,3,47,2,1,0
160038,10339.0,71,1,1,27,6,0,56,5,1,1
160065,784.0,79,0,5,28,14,0,43,5,4,0
160074,1034.0,83,1,3,19,7,0,68,0,1,0
160117,105.0,100,0,0,70,0,0,28,3,0,0
160126,32.0,88,0,0,100,0,0,0,0,0,0
160199,52.0,98,0,0,2,4,0,88,6,0,0
160320,2337.0,96,0,1,23,18,0,50,2,5,0
160409,107.0,0,0,7,1,28,0,58,0,5,1
160472,240.0,96,0,2,24,30,0,45,0,0,0
160481,2105.0,69,5,1,20,5,1,58,5,6,0
160524,296.0,73,0,0,63,2,0,33,2,0,0
160579,2914.0,53,1,1,24,4,1,63,4,1,1
160597,137.0,66,0,1,99,0,0,0,0,0,0
160612,13456.0,63,0,1,20,7,0,63,4,3,1
160621,6145.0,66,0,0,92,1,0,2,2,2,1
160630,1941.0,72,0,1,89,2,0,2,1,4,1
160649,3013.0,71,0,0,90,2,0,6,1,0,1
160658,14020.0,58,0,3,21,6,0,63,3,3,1
160667,3552.0,56,0,1,31,4,2,55,2,5,1
160755,8537.0,61,0,5,6,8,0,69,4,2,5
160904,2517.0,77,0,3,83,5,0,2,4,2,2
160959,366.0,69,0,2,1,5,0,64,2,3,23
160977,1876.0,51,0,5,6,7,0,67,6,0,8
160995,493.0,79,1,0,2,2,0,80,3,11,0
161004,1777.0,51,0,9,8,11,0,56,8,0,7
161022,216.0,92,0,2,4,1,0,87,2,3,0
161077,3115.0,58,0,1,6,2,0,56,2,31,1
161086,2155.0,53,0,9,5,8,0,61,6,3,9
161138,2042.0,56,1,1,1,2,0,78,2,14,1
161192,2297.0,66,1,0,1,2,0,84,1,10,0
161208,48.0,10,0,0,2,4,0,90,0,0,4
161217,4165.0,70,1,1,3,3,0,80,4,8,0
161226,1582.0,68,1,1,2,3,0,87,4,3,0
161235,1624.0,71,0,1,4,3,0,79,3,5,5
161244,762.0,68,2,0,2,4,1,80,3,7,2
161253,9465.0,47,1,2,2,5,0,82,4,3,2
161299,928.0,17,1,2,2,4,0,81,1,9,1
161341,1467.0,64,1,1,2,4,0,78,3,8,3
161457,4065.0,68,0,5,3,1,0,68,2,21,0
161484,774.0,56,1,0,2,2,0,64,1,28,2
161493,158.0,96,1,2,6,1,0,82,3,6,0
161509,380.0,74,1,2,3,6,0,76,4,8,0
161518,1329.0,62,0,0,1,4,0,20,0,75,0
161527,226.0,86,0,4,3,2,0,91,1,0,0
161545,5789.0,57,1,3,8,4,0,78,3,3,1
161554,6098.0,60,1,3,7,3,0,77,3,5,1
161563,1601.0,53,1,2,3,1,0,86,4,3,1
161572,1193.0,66,1,1,3,7,0,75,3,11,0
161581,354.0,60,6,1,1,2,0,83,1,5,1
161688,2523.0,72,0,1,9,2,0,84,3,1,1
161767,11948.0,62,0,5,17,9,0,55,6,7,1
161800,102.0,54,0,0,57,8,0,34,1,0,0
161855,22.0,100,0,0,95,0,0,5,0,0,0
161864,4181.0,75,0,2,77,4,0,7,2,2,7
161873,1899.0,58,0,5,47,8,0,28,5,5,2
162007,5354.0,62,0,2,82,4,0,2,4,3,2
162061,361.0,20,0,6,23,11,0,38,3,18,0
162104,2090.0,63,0,2,7,6,0,77,5,1,1
162122,6164.0,64,1,4,27,8,0,51,7,2,1
162168,1904.0,68,1,2,12,6,0,70,3,4,1
162210,845.0,68,0,3,45,19,0,5,2,19,8
162283,2108.0,77,0,0,82,3,0,2,3,2,7
162335,38.0,97,0,0,63,3,0,32,3,0,0
162371,627.0,2,0,1,65,0,0,33,0,0,0
162557,5756.0,60,0,5,13,14,0,59,6,0,4
162584,4119.0,54,0,1,29,5,0,50,5,1,9
162609,626.0,51,0,1,15,2,0,79,3,1,0
162654,1114.0,68,0,4,21,13,0,48,5,7,2
162690,3517.0,67,0,2,11,8,0,70,5,3,0
162706,5256.0,59,0,4,16,6,0,68,4,2,1
162760,1187.0,64,0,3,19,12,0,57,6,2,1
162779,9566.0,59,0,13,27,11,0,32,6,5,5
162830,135.0,99,0,4,36,7,1,48,3,1,0
162928,6331.0,55,0,26,8,16,0,28,7,3,12
163028,870.0,11,0,4,44,20,0,21,3,7,0
163046,3822.0,58,0,3,7,12,0,73,3,0,1
163204,47080.0,45,0,5,26,15,1,37,5,9,2
163259,898.0,83,0,16,24,11,0,39,5,1,4
163268,10932.0,46,0,22,20,9,0,37,5,2,4
163286,30875.0,48,0,19,12,10,0,47,5,4,4
163295,1331.0,73,0,12,10,11,0,30,7,3,27
163338,2069.0,55,0,1,52,5,0,11,2,26,2
163347,558.0,96,0,1,78,4,0,9,6,2,0
163408,114.0,81,0,0,32,68,0,0,0,0,0
163426,20037.0,56,0,12,26,26,0,22,3,0,9
163453,6270.0,61,0,1,83,4,0,2,3,3,4
163462,2071.0,52,0,3,20,14,0,54,5,1,2
163532,305.0,0,0,0,0,0,0,92,0,0,8
163541,394.0,60,0,0,98,2,0,0,0,0,0
163578,755.0,97,0,5,21,13,0,40,4,15,1
163657,11357.0,66,0,4,66,15,0,4,4,4,3
163754,62.0,87,0,0,45,6,0,29,10,10,0
163815,44.0,93,0,0,39,7,0,48,0,7,0
163851,7150.0,55,1,4,14,5,0,70,2,3,1
163912,1486.0,60,0,3,10,8,0,70,6,2,1
163976,383.0,52,0,5,3,5,0,63,7,1,17
164076,18730.0,60,0,7,26,9,0,50,6,1,1
164155,4594.0,28,0,8,7,12,0,61,10,1,1
164173,3027.0,64,0,4,26,8,0,53,5,2,1
164216,1089.0,61,0,3,11,7,0,67,0,7,3
164270,1804.0,55,0,2,25,9,0,55,3,4,0
164313,2705.0,68,0,2,24,6,0,61,5,2,0
164368,624.0,34,0,1,3,6,0,2,0,8,79
164447,1381.0,60,1,2,23,23,1,34,6,7,3
164465,1745.0,52,1,15,10,14,0,40,7,2,10
164492,1126.0,44,0,1,14,9,0,57,4,13,3
164535,46.0,78,0,0,59,9,0,33,0,0,0
164562,2027.0,57,0,3,5,9,0,74,3,4,1
164580,2457.0,45,0,12,4,13,0,35,3,6,27
164599,48.0,79,0,6,6,4,0,81,2,0,0
164614,60.0,48,0,0,5,7,0,88,0,0,0
164632,1795.0,100,1,2,15,23,0,51,2,7,1
164641,325.0,65,1,4,27,10,1,51,1,5,1
164720,1638.0,60,0,3,9,12,0,57,3,15,1
164739,4061.0,40,0,9,4,9,0,58,3,3,15
164748,6004.0,43,0,5,7,13,0,43,5,2,24
164775,1465.0,68,1,2,9,11,0,68,3,7,0
164845,99.0,97,0,0,39,17,0,23,2,18,0
164872,336.0,54,0,7,8,15,0,36,5,12,17
164924,9780.0,53,0,10,4,11,0,58,4,5,8
164988,16872.0,58,0,19,4,12,0,35,4,5,21
165015,3493.0,60,0,15,5,8,0,44,4,3,20
165024,9028.0,60,0,2,12,8,0,71,5,2,0
165033,6256.0,67,0,2,9,9,0,64,5,10,0
165060,206.0,90,0,1,12,4,0,76,1,5,0
165112,9924.0,60,0,11,24,26,0,20,1,11,6
165167,1165.0,74,1,15,20,25,0,25,4,5,5
165194,2710.0,64,0,3,7,9,0,67,5,8,0
165255,326.0,99,0,3,3,22,0,66,4,1,0
165264,1188.0,90,0,3,37,12,0,41,3,4,0
165334,2233.0,62,0,7,5,10,0,61,3,4,10
165529,2206.0,62,0,2,14,8,0,64,3,7,1
165556,458.0,93,0,1,17,34,0,13,1,34,0
165574,1180.0,51,0,1,12,8,0,62,4,8,4
165608,54.0,94,2,4,4,11,0,72,4,4,0
165635,280.0,5,0,5,24,17,0,46,8,0,0
165644,541.0,48,1,3,17,20,0,45,4,1,9
165662,3708.0,63,0,5,4,13,0,59,4,2,13
165671,1838.0,78,0,5,6,11,0,66,3,7,1
165699,3076.0,63,0,1,1,5,0,82,2,7,1
165750,78.0,58,0,1,15,13,0,69,1,0,0
165802,1311.0,69,0,1,12,14,0,24,2,38,8
165820,3815.0,54,0,3,11,13,0,66,3,3,0
165866,3520.0,58,0,3,14,17,0,59,4,1,1
165884,463.0,16,1,6,36,28,0,15,1,12,1
165936,1451.0,61,0,5,5,11,0,68,2,2,7
165981,1620.0,62,0,4,5,10,0,74,4,4,0
166018,522.0,62,0,3,8,12,0,60,6,6,4
166027,8527.0,51,0,18,9,12,0,38,6,4,12
166045,26.0,50,0,0,0,0,0,100,0,0,0
166054,46.0,35,0,2,4,9,0,65,0,17,2
166124,2970.0,55,0,4,4,11,0,72,3,3,3
166133,4209.0,67,0,3,6,26,0,58,3,3,1
166391,1492.0,62,0,3,11,11,0,63,3,6,3
166407,288.0,91,0,5,16,18,0,55,5,0,0
166452,1861.0,78,0,6,10,18,0,53,4,5,4
166489,40.0,57,3,0,3,3,3,25,3,5,57
166498,59.0,93,0,15,3,19,0,59,0,3,0
166513,13813.0,41,0,12,7,13,0,56,3,5,3
166629,24233.0,51,0,11,5,8,0,61,3,4,7
166638,12871.0,57,0,14,17,18,0,33,3,5,10
166647,3762.0,56,0,5,14,22,0,48,3,7,2
166656,3970.0,75,0,19,11,9,0,35,2,9,15
166674,1770.0,73,0,7,4,12,0,55,4,14,4
166683,4361.0,48,0,32,7,16,0,26,8,2,10
166692,1538.0,13,0,1,1,4,0,83,3,7,0
166717,30.0,77,0,0,40,13,0,23,10,13,0
166805,58.0,29,0,0,9,16,0,67,5,3,0
166823,5665.0,62,0,2,29,8,0,48,3,8,1
166850,4202.0,54,0,2,4,8,0,76,2,7,2
166869,170.0,87,0,13,7,5,0,71,3,1,0
166887,6885.0,62,0,13,8,16,0,56,2,1,2
166911,362.0,76,0,3,3,12,0,47,1,33,1
166939,1915.0,100,0,7,6,9,0,44,4,1,28
166957,3187.0,68,0,3,9,19,0,63,4,2,1
167039,12.0,100,0,0,17,0,0,83,0,0,0
167057,404.0,47,0,12,1,2,0,34,5,1,44
167260,1279.0,35,0,1,7,10,0,75,3,1,2
167288,1076.0,62,0,1,8,11,0,70,3,7,0
167297,136.0,29,0,4,1,3,1,85,4,1,1
167312,4783.0,67,0,4,9,27,0,50,6,3,0
167358,15156.0,51,0,17,4,9,0,45,5,3,16
167376,4715.0,65,0,2,4,42,0,45,2,4,1
167394,1030.0,77,0,2,9,14,0,50,2,21,0
167455,192.0,49,2,1,27,23,0,8,4,14,22
167525,3154.0,65,0,7,24,10,0,44,2,9,3
167534,6942.0,63,0,5,13,21,0,52,3,5,0
167598,1308.0,82,0,3,10,16,0,40,1,30,0
167631,1200.0,67,0,2,62,22,0,7,3,4,1
167677,22.0,0,0,5,0,27,0,50,0,0,18
167729,5716.0,65,0,4,9,21,0,57,3,3,3
167783,1736.0,100,0,12,8,12,0,57,4,2,5
167792,343.0,63,1,8,6,6,0,51,3,16,9
167835,2183.0,100,0,10,7,14,0,47,5,3,15
167871,120.0,70,0,3,23,10,0,61,3,0,0
167899,2188.0,51,0,2,6,8,0,74,2,4,3
167905,4327.0,62,0,4,13,30,0,42,3,5,1
167987,6027.0,51,0,3,16,11,0,59,5,5,2
167996,2428.0,58,0,2,4,6,0,81,3,3,1
168005,4397.0,58,0,8,6,15,0,49,3,4,17
168032,25.0,96,0,4,16,4,0,76,0,0,0
168148,6114.0,54,0,15,4,8,0,51,6,5,11
168218,2280.0,100,0,23,7,14,0,35,6,1,13
168227,4222.0,22,0,9,7,10,0,59,3,6,6
168254,2552.0,41,0,3,5,10,0,75,3,3,2
168263,4633.0,56,0,2,6,13,0,71,3,6,0
168281,1670.0,60,0,5,6,9,0,68,4,2,5
168342,1962.0,50,0,14,7,13,0,46,6,6,8
168421,4892.0,40,0,8,3,9,0,63,3,7,7
168430,4958.0,61,0,5,9,14,0,63,3,4,1
168528,1781.0,50,0,0,7,6,0,67,4,11,5
168546,1506.0,52,0,2,18,13,0,55,4,7,1
168555,18.0,100,0,0,6,0,0,94,0,0,0
168573,852.0,3,0,0,29,2,0,56,0,13,0
168591,1435.0,58,0,1,4,5,0,81,4,2,3
168607,1436.0,58,2,1,2,2,0,92,0,1,0
168740,1579.0,53,0,13,18,17,1,27,6,3,16
168786,1372.0,58,0,2,4,8,0,68,3,12,4
168847,5680.0,72,0,1,9,5,0,76,8,1,0
168883,1898.0,64,2,1,1,3,0,87,4,1,0
168892,92.0,97,0,0,9,8,0,75,9,0,0
169080,3181.0,53,0,5,4,5,0,70,3,1,12
169187,122.0,79,1,2,15,3,0,80,0,0,0
169248,13031.0,60,1,1,11,5,0,75,4,1,1
169275,5920.0,64,0,1,13,6,0,71,4,4,0
169284,260.0,93,0,0,23,10,0,51,11,5,0
169327,509.0,46,1,1,8,0,0,69,0,14,6
169363,1002.0,53,0,1,9,5,0,74,5,3,2
169442,1462.0,61,0,5,12,7,0,55,4,10,6
169479,4999.0,56,1,3,13,7,0,64,3,8,3
169503,252.0,97,1,0,47,6,0,40,4,1,0
169521,6954.0,62,0,1,7,7,0,77,3,3,0
169576,76.0,93,0,3,75,1,0,16,5,0,0
169655,1537.0,7,1,3,14,22,0,33,5,21,0
169716,2633.0,62,0,6,12,8,0,58,2,6,7
169734,410.0,92,0,4,74,1,0,13,6,1,0
169761,325.0,93,0,2,78,2,0,11,6,0,0
169798,13572.0,61,0,3,17,7,0,61,4,6,2
169813,50.0,94,0,0,72,2,0,20,4,2,0
169910,9929.0,53,0,1,9,6,0,77,4,1,1
169947,16.0,25,0,6,44,13,0,31,6,0,0
169974,950.0,62,0,1,4,11,0,78,4,2,0
169983,1659.0,22,0,6,2,5,0,77,3,2,4
169992,896.0,61,2,0,2,2,0,89,2,3,0
170000,1009.0,55,1,1,17,7,0,45,2,26,0
170037,1461.0,61,0,2,10,7,0,74,3,0,5
170055,12107.0,57,0,4,8,13,0,63,3,7,0
170082,20405.0,61,0,2,4,6,0,82,4,0,1
170091,169.0,43,1,2,27,1,0,65,1,1,1
170240,11345.0,59,0,3,14,2,0,59,5,15,2
170286,1466.0,48,0,0,0,0,0,0,0,100,0
170301,3061.0,62,0,2,3,7,0,82,3,0,2
170444,4140.0,67,0,1,10,6,0,68,4,9,0
170532,1451.0,59,0,6,6,16,0,58,6,2,5
170541,6656.0,56,1,2,9,8,0,70,5,4,1
170550,3469.0,69,1,2,7,5,0,73,5,7,1
170587,1330.0,63,1,1,1,4,0,91,2,1,0
170611,96.0,99,0,2,14,8,0,72,4,0,0
170620,2499.0,64,0,2,12,12,0,62,4,7,0
170639,1909.0,55,9,1,1,2,0,67,0,18,3
170657,10306.0,57,0,4,8,8,0,71,4,4,1
170675,2138.0,31,0,3,9,3,0,61,2,14,8
170736,24.0,100,4,0,0,0,0,88,8,0,0
170790,16736.0,57,0,6,10,4,0,70,3,5,1
170806,2291.0,65,0,3,11,4,0,63,3,4,11
170967,1198.0,63,1,2,18,3,0,68,3,4,2
170976,31329.0,50,0,16,4,7,0,55,5,5,7
171012,171.0,15,0,0,85,5,0,6,1,3,0
171100,38491.0,51,0,7,8,6,0,68,4,1,7
171128,5640.0,29,0,2,1,3,0,87,4,2,1
171137,6725.0,46,0,9,8,6,0,67,4,2,2
171146,5424.0,63,1,2,13,5,0,68,3,6,2
171155,3291.0,64,1,1,3,5,0,84,4,2,1
171225,2302.0,62,0,1,3,3,0,77,1,14,0
171234,1414.0,64,0,0,0,1,0,46,1,51,0
171304,3456.0,61,1,2,7,8,0,76,4,3,0
171395,1748.0,65,4,1,1,3,0,85,5,1,0
171456,6734.0,58,1,1,2,4,0,85,4,2,1
171483,3278.0,53,2,1,1,4,0,80,3,8,0
171492,2254.0,41,0,2,10,6,0,69,3,8,2
171535,14511.0,56,0,4,17,6,0,58,4,4,7
171571,15100.0,57,0,5,8,4,0,71,3,5,2
171599,968.0,44,0,1,21,6,0,65,5,2,0
171775,37.0,97,0,8,27,5,0,59,0,0,0
171881,140.0,59,0,3,4,4,0,56,7,21,4
171988,100.0,95,0,0,14,9,0,42,6,29,0
171997,174.0,95,0,1,54,6,0,27,7,5,0
172015,184.0,93,0,1,45,3,0,35,3,14,0
172033,253.0,42,0,2,2,16,0,64,1,14,1
172051,7203.0,64,0,1,8,5,0,76,3,2,3
172200,8116.0,58,0,5,14,5,0,62,3,8,2
172264,1878.0,59,0,1,9,6,0,64,4,12,3
172291,3315.0,65,2,1,3,5,0,82,2,6,0
172307,1759.0,62,1,1,11,6,0,66,4,10,0
172325,297.0,35,2,0,41,2,0,49,5,0,0
172334,1350.0,68,0,1,8,4,0,70,3,12,1
172422,108.0,14,0,0,6,5,0,85,4,0,0
172440,402.0,45,1,1,6,8,0,59,4,20,0
172495,288.0,95,1,1,15,9,0,68,5,0,0
172608,722.0,49,0,5,5,5,0,79,2,1,2
172617,11140.0,56,0,4,14,6,0,65,6,2,2
172635,10748.0,66,0,2,66,2,0,21,5,5,0
172644,17503.0,59,0,12,16,6,0,55,7,3,2
172671,1058.0,67,1,0,1,10,0,83,3,1,1
172680,104.0,94,2,0,6,11,0,78,2,2,0
172699,15969.0,49,0,2,10,8,0,68,4,2,5
172866,95.0,13,1,4,5,4,1,63,4,16,1
172918,2549.0,54,1,1,1,4,0,88,2,4,0
172927,4.0,75,75,0,25,0,0,0,0,0,0
172954,1683.0,54,1,5,11,5,0,70,5,3,0
172963,8482.0,64,0,6,10,5,0,64,4,9,0
173045,2512.0,57,1,11,21,13,0,43,6,4,2
173063,3494.0,57,0,3,5,13,0,70,2,4,1
173115,825.0,74,7,1,4,2,0,78,4,3,0
173124,4165.0,57,3,1,3,3,0,78,4,5,2
173142,769.0,54,0,2,3,4,0,71,4,1,14
173160,2722.0,63,0,5,5,5,0,79,4,1,0
173203,4491.0,59,1,1,2,3,0,86,3,4,0
173258,1940.0,52,0,10,6,9,0,56,8,2,10
173300,1943.0,59,1,2,3,3,0,82,1,4,5
173328,3578.0,64,0,11,11,7,0,56,5,7,2
173416,2319.0,46,0,3,9,11,0,66,5,5,0
173452,850.0,52,0,1,1,2,0,91,2,0,2
173461,4762.0,58,1,2,3,4,0,83,4,3,1
173470,23.0,100,0,0,0,0,0,100,0,0,0
173559,5757.0,61,1,2,9,4,0,76,4,4,0
173638,3253.0,53,1,3,6,9,0,76,2,3,1
173647,2230.0,59,0,5,4,6,0,78,4,1,3
173665,1925.0,63,0,9,10,11,0,59,6,3,1
173708,4094.0,39,0,10,21,9,0,53,4,2,0
173735,913.0,61,1,1,7,3,0,83,5,0,0
173744,554.0,95,1,3,8,5,1,71,8,1,0
173799,4071.0,61,0,6,13,12,0,59,5,3,1
173805,1058.0,56,2,0,6,3,0,80,5,2,1
173902,2049.0,59,0,9,5,11,0,53,8,0,14
173911,2653.0,57,0,2,10,12,0,70,2,2,2
173920,12938.0,55,0,4,6,6,0,72,4,1,8
173957,283.0,77,1,7,6,5,0,74,0,6,1
173993,926.0,55,2,0,10,4,0,71,5,8,0
174020,6649.0,58,1,17,23,7,0,44,4,1,2
174066,36061.0,54,0,11,6,5,0,61,4,7,6
174075,2530.0,58,2,3,3,4,0,74,2,8,3
174127,670.0,70,3,9,7,10,0,64,2,3,2
174136,6429.0,59,1,6,30,13,0,39,7,3,2
174154,620.0,89,1,13,24,6,0,45,4,9,0
174190,149.0,93,1,12,19,5,1,54,3,5,0
174233,9301.0,49,1,4,2,3,0,76,3,11,1
174251,1339.0,60,9,2,3,7,0,57,16,2,4
174321,75.0,95,0,4,11,7,0,76,1,1,0
174358,4445.0,62,1,2,5,4,0,80,4,1,4
174376,5756.0,61,0,16,23,8,0,44,5,2,2
174428,9420.0,60,0,9,18,11,0,53,5,3,1
174437,1007.0,57,1,4,6,10,0,68,5,4,2
174473,2962.0,61,1,2,5,4,0,78,4,5,0
174491,3363.0,63,0,3,4,4,0,82,4,2,1
174507,379.0,72,2,3,6,2,0,30,1,56,1
174525,103.0,36,10,0,17,3,0,67,2,0,2
174570,1724.0,61,1,1,2,3,0,83,3,6,0
174604,173.0,58,2,0,14,14,0,57,9,2,2
174738,5115.0,63,0,5,13,8,0,67,4,1,1
174747,1668.0,100,1,4,3,9,0,80,0,0,3
174756,3931.0,60,0,2,15,5,0,72,4,1,0
174783,10187.0,54,0,5,8,4,0,69,3,3,7
174792,1569.0,0,1,4,5,7,0,78,0,0,4
174817,1329.0,57,0,3,7,10,0,71,1,6,2
174844,2953.0,59,0,7,3,8,0,68,4,1,10
174862,1141.0,55,0,5,5,7,0,79,3,0,1
174899,2244.0,71,1,3,4,3,0,82,4,2,1
174914,6333.0,47,0,5,4,7,0,74,4,4,3
174978,129.0,96,2,2,30,12,1,30,5,18,0
175005,2983.0,95,0,12,11,12,0,57,4,3,1
175014,3851.0,86,0,4,19,6,0,46,3,21,0
175041,5823.0,58,0,20,32,9,0,30,5,3,1
175078,6846.0,61,0,2,3,5,0,82,3,3,1
175120,257.0,35,1,9,46,6,0,27,9,2,1
175157,554.0,46,1,1,3,5,0,85,4,1,0
175227,1281.0,18,0,5,5,5,0,77,3,4,0
175236,3176.0,61,0,1,4,9,0,81,2,2,0
175263,1912.0,54,0,2,3,5,0,83,3,3,0
175272,6391.0,66,0,3,3,4,0,83,3,1,2
175315,8203.0,59,0,18,11,9,0,54,5,2,2
175342,2729.0,66,0,0,90,1,0,2,2,0,5
175421,2025.0,64,1,9,38,4,0,38,2,7,1
175430,925.0,57,0,1,14,5,0,75,3,2,2
175494,115.0,76,0,8,35,3,0,54,1,0,0
175519,1612.0,63,0,0,92,1,0,6,0,0,1
175573,2907.0,62,0,0,40,2,0,55,1,2,0
175607,4.0,100,0,0,100,0,0,0,0,0,0
175616,2331.0,59,0,1,30,3,0,58,2,3,4
175643,2388.0,61,6,0,33,4,0,52,3,1,1
175652,3392.0,57,1,1,47,2,0,45,0,4,0
175698,34.0,29,0,0,82,3,0,15,0,0,0
175722,34.0,100,0,0,47,0,0,53,0,0,0
175786,10723.0,62,0,1,51,2,0,37,4,4,0
175810,5409.0,67,0,1,42,2,0,50,1,3,0
175829,4696.0,61,0,1,25,2,0,69,2,1,0
175856,4668.0,66,0,0,92,1,0,3,1,0,2
175883,4535.0,62,1,1,32,1,0,63,2,0,0
175935,3003.0,73,1,1,44,2,0,45,2,5,0
175980,669.0,55,1,3,25,5,0,61,0,3,3
176008,2096.0,66,0,1,66,2,0,29,0,2,0
176017,16179.0,58,0,2,12,4,0,77,2,0,1
176035,2418.0,80,2,3,38,0,0,56,0,0,1
176044,1694.0,60,0,0,95,2,0,1,1,1,0
176053,2757.0,60,0,2,16,4,0,73,2,0,3
176062,52.0,98,0,2,21,0,0,77,0,0,0
176071,8677.0,62,0,2,23,5,0,56,4,8,0
176080,18803.0,50,1,2,17,3,0,73,2,1,1
176169,3243.0,62,0,0,18,2,0,76,2,1,0
176178,7092.0,62,0,1,30,5,0,60,2,1,0
176239,5065.0,65,1,1,30,2,0,62,0,4,0
176318,623.0,63,0,0,95,1,0,1,0,3,1
176336,62.0,27,8,0,58,3,2,24,3,0,2
176354,1888.0,62,0,0,40,2,0,55,2,0,0
176372,11451.0,64,0,1,29,4,0,61,3,0,1
176390,42.0,95,0,0,88,0,0,12,0,0,0
176406,762.0,68,1,0,96,1,0,0,1,0,1
176433,46.0,93,0,0,54,0,0,46,0,0,0
176479,3233.0,67,0,2,25,3,0,64,0,1,4
176628,1058.0,61,1,2,25,15,0,51,3,0,3
176664,202.0,43,1,2,7,3,0,81,5,0,0
176716,118.0,99,1,1,35,5,1,54,2,2,0
176770,742.0,87,1,2,2,1,0,86,4,4,0
176789,376.0,56,1,3,5,3,1,73,3,10,0
176798,275.0,73,0,0,12,0,0,86,1,0,0
176910,173.0,44,2,2,12,5,0,68,3,5,3
176947,1141.0,50,0,1,11,10,0,66,4,1,5
176965,7629.0,56,0,1,9,6,0,78,5,1,1
176983,53.0,23,0,0,0,4,0,94,2,0,0
177038,78.0,68,1,0,10,9,0,74,3,1,1
177065,7861.0,58,0,2,21,10,0,55,6,2,2
177083,42.0,0,0,5,0,21,0,67,5,2,0
177117,283.0,100,1,1,5,11,0,70,2,0,10
177135,4194.0,64,2,1,1,10,0,77,5,2,1
177144,954.0,45,1,1,15,7,0,69,3,0,3
177214,1409.0,56,1,1,4,2,0,78,3,3,7
177250,2593.0,63,0,1,1,3,0,91,3,1,0
177302,508.0,32,2,1,17,22,0,53,3,2,0
177339,1511.0,54,1,0,4,8,0,76,5,4,1
177418,816.0,62,0,2,23,2,0,62,4,4,3
177436,23.0,96,0,0,9,0,0,91,0,0,0
177472,11237.0,58,1,2,3,6,0,82,5,2,0
177542,671.0,61,0,1,5,3,1,78,1,6,5
177551,1400.0,71,0,0,84,3,0,4,4,3,2
177588,24.0,88,0,0,88,0,0,13,0,0,0
177603,103.0,100,2,0,26,9,2,54,7,0,0
177676,3740.0,63,0,1,2,4,0,88,2,2,0
177685,91.0,96,0,1,16,1,0,80,0,1,0
177719,529.0,90,0,5,10,0,0,81,4,0,0
177746,698.0,72,0,5,8,12,0,65,6,3,1
177870,10.0,0,0,0,0,0,0,100,0,0,0
177931,30.0,93,0,0,10,0,0,90,0,0,0
177940,1892.0,60,0,1,45,3,0,40,4,5,3
177968,4822.0,56,0,1,14,5,1,60,3,7,9
177977,1756.0,16,0,0,1,3,0,93,2,1,0
177986,320.0,67,2,3,11,2,1,65,7,11,0
177995,13085.0,61,0,3,15,12,0,58,7,2,1
178004,40.0,83,0,3,33,3,0,63,0,0,0
178059,5504.0,67,1,3,14,8,0,64,3,5,2
178077,59.0,98,0,0,3,2,0,90,3,2,0
178183,297.0,90,0,1,32,1,0,62,2,2,0
178208,880.0,32,1,3,5,8,0,71,1,11,0
178217,2410.0,66,0,0,2,2,0,89,2,2,1
178244,4046.0,59,1,2,7,2,0,75,2,10,1
178341,4927.0,62,4,3,7,8,1,71,2,3,2
178369,1640.0,47,0,1,14,11,2,50,5,2,15
178387,4717.0,62,1,2,9,3,0,74,7,4,1
178396,23383.0,54,0,3,7,5,0,78,4,1,1
178402,11027.0,58,0,7,11,10,0,60,5,2,3
178411,6083.0,23,0,4,3,5,0,81,3,1,2
178420,10973.0,57,0,5,13,3,0,69,2,6,1
178448,4878.0,63,0,1,7,4,0,81,4,2,0
178527,42.0,95,0,2,2,10,0,86,0,0,0
178615,4389.0,59,0,2,3,4,0,80,3,1,6
178624,5482.0,59,0,1,5,4,0,83,3,1,2
178679,629.0,48,2,1,1,6,0,83,3,1,2
178697,1489.0,55,1,1,1,4,0,86,3,3,2
178721,8504.0,46,1,2,18,23,1,43,6,5,2
178767,109.0,88,0,1,59,4,0,36,0,1,0
178828,19.0,89,0,0,0,0,0,95,5,0,0
178891,1823.0,7,1,1,18,4,0,65,2,9,0
178989,269.0,87,2,3,6,3,0,81,1,5,0
179043,2746.0,65,0,4,9,12,0,65,3,6,1
179052,84.0,70,1,0,0,2,0,96,0,0,0
179159,7723.0,61,0,11,6,7,0,66,4,1,4
179195,29.0,100,0,0,0,7,0,93,0,0,0
179229,27.0,96,4,0,7,4,0,85,0,0,0
179256,76.0,37,0,1,33,3,0,59,3,0,1
179265,286.0,65,0,12,13,5,0,63,5,1,2
179308,15206.0,65,0,4,30,3,0,55,5,2,1
179326,2379.0,63,1,1,4,3,0,64,1,25,2
179344,1920.0,67,1,1,2,3,0,87,2,3,0
179511,100.0,96,1,1,86,2,0,8,1,1,0
179539,3928.0,64,1,1,3,6,0,84,4,1,0
179548,443.0,99,1,1,11,4,0,67,8,7,0
179557,8929.0,61,0,1,9,2,0,81,2,1,3
179566,19621.0,59,0,2,4,4,0,80,4,4,2
179645,2759.0,69,1,0,9,2,0,78,0,10,0
179715,1591.0,73,0,0,2,4,0,88,4,1,0
179867,7653.0,53,0,18,9,10,0,48,5,2,7
179894,2563.0,56,0,3,13,6,0,64,4,7,2
179946,609.0,44,1,1,7,5,0,77,6,2,2
179955,738.0,52,0,1,8,8,0,72,6,1,3
179964,882.0,72,0,1,4,5,0,73,4,8,4
179991,33.0,97,0,0,3,3,0,91,3,0,0
180054,417.0,68,92,0,0,0,0,7,0,0,0
180063,18.0,100,6,0,0,0,0,94,0,0,0
180081,679.0,51,5,0,1,3,0,85,1,5,0
180090,32.0,97,6,0,3,6,0,84,0,0,0
180106,1100.0,61,0,1,0,5,0,80,4,8,1
180151,377.0,56,5,2,3,6,0,74,2,4,4
180179,3602.0,66,4,1,1,6,0,79,5,2,1
180197,2049.0,56,2,1,1,3,0,78,2,12,1
180203,143.0,57,88,0,0,0,0,12,0,0,0
180212,328.0,67,87,1,1,1,0,12,0,0,0
180249,1071.0,70,4,1,1,5,0,79,8,2,0
180258,790.0,69,2,4,6,5,1,75,0,5,2
180276,1324.0,58,1,1,0,5,0,82,4,6,0
180328,211.0,67,95,0,0,2,0,3,0,0,0
180373,567.0,69,4,1,1,4,1,80,2,2,4
180416,1431.0,37,2,1,1,2,0,81,0,7,4
180461,14228.0,47,1,1,0,5,0,85,5,1,1
180489,6975.0,57,5,1,1,6,0,76,5,5,1
180522,988.0,46,8,0,3,5,1,71,9,2,1
180595,839.0,49,3,1,3,8,0,74,7,1,4
180647,716.0,68,75,0,0,1,0,23,0,0,0
180692,1334.0,65,7,0,2,5,1,79,3,3,0
180717,57.0,42,9,0,26,9,0,51,4,0,2
180814,9665.0,52,1,4,14,15,1,51,2,14,0
180832,616.0,88,2,4,6,4,1,68,3,13,0
180878,661.0,92,0,3,4,5,0,86,1,0,0
180902,5974.0,61,1,1,3,24,0,70,0,0,0
180948,1863.0,60,1,0,4,10,0,78,4,0,1
180957,43.0,21,0,0,19,51,0,21,5,5,0
180984,2159.0,54,0,2,2,7,0,72,3,12,2
181002,4458.0,59,0,8,2,9,0,72,5,1,2
181020,1255.0,48,0,1,4,11,0,77,3,1,2
181127,956.0,52,0,1,6,11,0,71,3,5,3
181145,15.0,87,0,0,20,7,0,73,0,0,0
181190,131.0,96,1,3,2,29,0,62,4,0,0
181215,4385.0,61,0,1,2,12,0,76,3,1,5
181297,814.0,91,0,2,4,7,0,81,2,2,0
181303,13244.0,55,0,3,8,15,0,54,4,15,1
181312,2075.0,62,0,1,1,9,0,84,2,0,2
181330,1512.0,51,0,2,7,18,0,58,3,12,0
181394,12768.0,55,0,4,7,16,0,62,5,1,4
181419,210.0,65,85,0,0,2,0,12,0,0,0
181428,968.0,87,0,3,3,7,0,82,3,1,1
181446,1773.0,58,0,2,3,7,0,80,3,3,1
181464,20286.0,48,0,3,3,8,0,75,3,1,6
181491,5105.0,47,1,1,1,10,0,81,1,4,1
181534,1634.0,60,1,1,8,8,0,78,3,1,1
181543,34.0,38,0,0,0,6,3,79,9,0,3
181604,680.0,100,0,3,7,14,0,65,4,6,1
181640,9328.0,54,0,5,5,9,0,77,4,0,0
181738,669.0,57,0,6,9,24,1,51,4,1,4
181765,282.0,65,0,0,0,6,0,92,1,0,0
181783,3440.0,58,1,1,3,11,0,79,3,1,2
181817,1625.0,63,2,2,2,26,0,61,0,3,3
181853,457.0,48,2,0,13,20,1,53,0,4,7
181880,182.0,90,0,4,17,35,4,29,10,2,0
181941,385.0,38,3,5,3,32,1,53,2,2,0
182005,29965.0,59,0,10,10,36,1,28,7,6,1
182148,399.0,82,0,10,21,21,7,29,2,10,0
182281,25864.0,57,0,17,8,32,1,28,11,0,2
182290,16845.0,54,1,8,3,23,0,54,8,1,1
182306,3772.0,66,2,3,6,21,1,57,4,5,0
182458,274.0,51,1,2,3,3,1,82,0,7,0
182500,10249.0,57,1,7,3,31,0,52,5,2,0
182564,3495.0,57,2,3,2,23,0,59,4,7,0
182634,878.0,74,1,3,4,2,0,76,1,12,1
182652,33.0,97,0,0,6,6,0,82,3,3,0
182670,4170.0,49,1,15,6,10,0,49,6,2,11
182704,64.0,98,0,0,0,0,0,98,2,0,0
182722,164.0,91,1,4,2,2,1,84,2,2,0
182795,1436.0,55,1,2,7,8,0,72,3,4,3
182892,37.0,100,0,0,0,0,0,95,0,5,0
182917,71.0,54,0,0,1,6,0,93,0,0,0
182953,86.0,99,0,0,1,13,0,84,2,0,0
182980,1774.0,58,1,1,18,10,0,49,3,14,2
182999,24.0,100,0,0,0,0,0,100,0,0,0
183026,111519.0,64,1,2,14,11,0,53,2,17,1
183035,16.0,94,0,0,0,0,0,100,0,0,0
183044,11787.0,55,0,3,1,4,0,83,2,5,2
183062,3096.0,55,0,1,2,5,0,81,3,7,0
183071,704.0,51,0,6,3,7,0,71,2,11,0
183080,3739.0,49,0,1,3,5,0,78,3,9,1
183099,2945.0,64,0,2,4,5,0,78,3,8,0
183105,649.0,65,0,0,1,2,0,86,3,8,0
183114,694.0,78,0,2,3,4,0,80,3,8,0
183123,697.0,58,0,1,2,3,0,83,2,10,0
183132,2263.0,58,1,3,5,8,0,74,3,7,0
183141,1352.0,53,0,2,3,16,0,72,5,2,0
183150,1565.0,62,0,2,2,5,0,82,4,4,0
183202,80.0,91,0,0,3,3,0,90,0,5,0
183211,1296.0,81,0,3,7,5,0,73,2,9,0
183239,2019.0,61,0,1,2,4,0,86,3,4,0
183248,92.0,78,1,2,17,9,0,64,7,0,0
183257,1608.0,70,0,1,4,5,0,83,2,5,0
183275,80.0,59,1,0,0,4,0,81,3,9,3
183488,533.0,92,0,2,22,31,0,43,0,1,0
183600,45.0,98,0,27,0,9,0,24,0,0,40
183655,4464.0,65,0,7,13,26,0,45,3,5,0
183725,521.0,62,0,2,21,52,0,18,4,3,0
183743,11409.0,55,0,10,7,34,0,35,1,9,4
183789,2451.0,74,0,1,14,41,0,10,1,33,1
183804,3005.0,0,0,0,0,0,0,97,0,0,3
183822,1533.0,63,1,2,51,31,0,8,1,4,2
183859,10438.0,55,0,5,8,18,0,62,2,3,1
183877,7316.0,62,0,5,18,14,0,55,4,3,2
183910,1745.0,63,0,3,16,31,0,30,1,8,10
183938,8122.0,63,0,4,19,18,0,41,4,8,5
183974,1190.0,63,0,2,9,16,0,62,0,10,1
183983,60.0,5,2,5,17,20,0,57,0,0,0
184056,589.0,77,0,4,43,27,0,14,4,7,0
184092,716.0,92,0,2,15,70,0,10,2,1,0
184180,6697.0,48,0,6,5,23,0,55,2,7,2
184205,2651.0,68,0,2,14,36,0,39,4,5,0
184278,31.0,0,0,0,6,6,0,87,0,0,0
184348,1636.0,58,0,4,8,16,0,47,3,5,17
184427,283.0,3,1,1,16,28,0,46,1,7,0
184481,6360.0,62,0,3,46,27,0,8,1,6,9
184506,141.0,91,0,0,67,19,0,6,0,8,0
184603,5734.0,58,0,6,7,28,0,40,1,14,4
184612,2115.0,73,0,5,19,34,1,27,2,9,4
184694,2707.0,58,0,5,9,19,0,55,3,5,4
184746,104.0,3,0,2,13,57,0,26,0,2,0
184773,1642.0,72,0,2,9,14,0,52,1,19,2
184782,15939.0,47,0,6,10,12,0,65,4,1,1
184791,6369.0,60,0,3,11,8,0,56,4,18,0
184816,89.0,90,0,0,48,15,0,11,6,20,0
184959,781.0,86,0,8,21,28,1,39,1,2,0
184968,183.0,83,0,19,11,19,2,33,15,2,0
184995,7039.0,63,0,9,13,54,0,14,2,7,1
185129,5844.0,58,0,8,23,43,0,18,2,4,1
185174,72.0,24,0,3,18,15,0,56,7,1,0
185262,11686.0,61,0,6,20,33,0,30,2,6,2
185396,1493.0,3,0,3,33,36,0,21,6,0,0
185466,268.0,100,0,4,13,11,0,68,2,1,0
185509,6342.0,56,0,8,20,21,0,37,3,6,4
185536,10084.0,56,0,16,12,32,0,27,3,6,3
185572,4263.0,61,0,3,5,15,0,69,3,4,1
185590,16374.0,62,0,7,14,32,0,40,3,3,1
185679,648.0,88,0,11,30,22,1,27,6,2,0
185721,455.0,73,0,4,21,45,0,27,0,2,0
185767,270.0,86,0,3,10,50,0,36,0,0,0
185828,9084.0,26,0,22,8,20,0,31,3,8,8
185873,7480.0,58,0,3,6,16,0,65,3,6,2
185970,117.0,97,0,1,12,21,1,60,4,1,0
186016,453.0,95,0,1,14,55,0,21,2,6,1
186034,5549.0,64,0,6,11,57,0,18,1,6,0
186052,743.0,14,0,1,25,25,0,46,3,0,0
186131,4774.0,50,0,25,9,11,0,36,6,2,12
186186,249.0,0,0,0,0,0,0,83,0,0,17
186201,5412.0,58,0,9,6,19,0,57,0,7,1
186274,220.0,81,2,2,16,56,0,20,2,0,0
186283,3630.0,58,0,5,14,18,0,54,4,3,2
186371,5502.0,62,0,11,18,19,0,42,4,4,2
186380,35844.0,50,0,30,6,13,0,35,4,2,10
186399,9118.0,56,0,17,19,30,0,20,3,3,8
186405,16.0,94,0,0,0,6,0,88,0,6,0
186423,83.0,83,0,12,31,8,1,47,0,0,0
186432,2355.0,59,0,8,19,47,0,16,1,7,3
186469,865.0,64,1,2,19,11,1,54,2,11,0
186584,5913.0,53,0,11,8,19,0,51,4,4,3
186593,137.0,83,0,2,19,34,1,42,1,1,0
186618,786.0,69,0,3,31,26,1,22,2,12,2
186645,7080.0,54,0,8,11,23,0,47,2,7,2
186867,3791.0,29,0,18,2,13,0,59,0,5,3
186876,8846.0,60,0,7,9,16,0,63,3,1,1
186900,63.0,0,0,0,0,0,0,94,0,0,6
187000,284.0,3,0,2,10,34,1,11,5,38,0
187046,9576.0,40,0,4,14,13,0,49,3,15,1
187134,7105.0,57,0,12,6,15,0,62,2,3,1
187198,8298.0,63,0,4,29,40,0,17,3,6,1
187444,7971.0,58,0,7,19,34,0,35,3,1,1
187505,716.0,83,1,1,22,33,0,19,1,23,0
187532,21398.0,61,6,2,3,54,0,27,3,5,0
187596,1337.0,61,96,0,0,1,0,2,0,0,0
187620,7028.0,61,1,1,1,74,0,16,1,2,3
187639,2321.0,70,0,2,4,48,0,41,3,2,0
187648,3927.0,61,2,1,4,35,0,34,2,19,2
187666,1698.0,60,1,1,2,50,0,29,1,16,0
187745,649.0,66,70,0,1,14,0,8,6,1,0
187897,1699.0,64,9,0,6,58,0,18,3,2,3
187903,1406.0,66,1,1,8,55,0,29,1,5,0
187912,493.0,22,2,3,12,34,4,29,4,0,13
187958,2174.0,65,51,3,1,27,0,12,2,2,1
187967,1229.0,30,3,4,1,41,0,46,3,1,1
187976,929.0,53,6,2,2,50,0,33,3,2,2
187985,16209.0,58,6,4,3,50,0,30,4,1,2
187994,941.0,64,3,2,5,42,0,40,3,6,1
188003,1203.0,70,1,1,1,57,0,31,2,4,3
188021,622.0,72,32,1,2,43,0,18,2,1,2
188030,11575.0,57,3,1,2,62,0,25,2,1,3
188049,1435.0,67,6,1,1,63,0,23,2,2,2
188058,1234.0,59,8,2,2,67,0,13,5,2,0
188100,5240.0,69,30,1,1,20,0,39,4,4,2
188137,3459.0,66,5,2,1,53,0,30,1,3,5
188182,370.0,45,4,1,14,50,1,25,1,5,0
188216,450.0,70,100,0,0,0,0,0,0,0,0
188225,1046.0,64,10,2,1,54,0,27,3,4,1
188261,709.0,33,2,1,3,38,0,46,0,10,0
188289,70.0,94,7,1,0,61,0,13,3,9,6
188304,1874.0,67,2,1,4,52,1,22,1,13,3
188340,1438.0,13,0,14,15,32,1,13,2,16,7
188429,5124.0,69,0,12,9,18,0,48,3,6,4
188438,2994.0,59,0,1,4,5,0,85,3,2,1
188517,384.0,65,2,5,30,16,0,38,9,1,0
188526,686.0,60,0,19,8,7,0,51,6,5,5
188641,1593.0,50,0,2,12,9,0,59,2,7,8
188650,184.0,96,1,0,70,20,0,2,2,6,0
188669,20.0,90,0,0,30,0,0,10,15,5,40
188678,160.0,68,0,1,8,11,0,43,7,3,27
188687,463.0,68,0,2,25,15,0,50,0,8,0
188696,124.0,90,1,3,10,8,0,40,3,0,35
188854,1395.0,69,0,2,18,23,0,37,9,2,7
188890,1140.0,3,1,5,26,24,0,9,0,35,0
188915,38.0,84,0,0,3,3,0,95,0,0,0
188942,259.0,100,0,0,0,0,0,94,0,0,6
189088,2118.0,57,0,3,11,13,0,46,6,7,13
189097,2744.0,100,0,18,5,12,0,45,6,1,12
189219,111.0,7,0,10,28,35,0,27,0,0,0
189228,2376.0,65,0,2,17,24,0,4,0,39,13
189255,104.0,100,0,2,35,13,0,51,0,0,0
189273,97.0,0,0,0,0,0,0,100,0,0,0
189282,254.0,89,0,19,19,16,1,43,2,0,0
189404,157.0,99,1,3,44,31,0,17,4,1,0
189413,510.0,79,0,0,20,77,0,1,2,0,0
189468,184.0,99,0,4,18,31,0,44,3,0,0
189477,158.0,96,0,1,39,55,1,3,0,2,0
189547,5386.0,60,0,4,11,6,0,67,3,7,1
189565,542.0,73,1,2,33,8,0,50,4,0,1
189583,855.0,75,2,2,36,8,0,48,4,0,0
189592,375.0,78,0,2,38,11,0,43,4,1,0
189705,1980.0,49,0,3,9,7,0,70,2,4,4
189714,288.0,98,0,0,16,20,0,60,1,1,1
189811,747.0,72,1,15,35,21,1,13,4,10,0
189839,2906.0,62,1,1,5,2,0,60,0,30,1
189848,775.0,74,0,1,11,10,0,69,3,5,0
189857,513.0,0,0,0,0,0,0,88,0,0,12
189990,589.0,96,1,3,21,38,0,21,10,3,3
190008,25.0,52,0,4,12,12,0,60,0,0,12
190044,2905.0,31,0,4,3,5,0,79,4,2,3
190053,1060.0,56,2,1,3,2,0,60,0,30,1
190071,94.0,89,0,9,31,35,1,20,4,0,0
190099,3042.0,55,0,5,4,9,0,65,4,3,9
190114,528.0,71,1,2,53,31,0,7,3,2,1
190150,8148.0,49,0,17,7,15,0,33,6,4,18
190169,1445.0,68,0,4,7,9,0,72,3,3,0
190239,138.0,96,0,4,51,27,0,7,4,7,0
190248,755.0,74,0,6,14,24,0,40,0,9,7
190318,337.0,94,0,5,33,16,0,45,1,0,0
190372,806.0,44,0,28,4,12,0,32,3,7,14
190415,14743.0,54,0,21,7,15,0,35,5,8,10
190442,4063.0,59,0,1,3,2,0,43,1,51,0
190451,245.0,88,1,3,11,2,0,56,8,19,0
190503,3102.0,48,0,7,8,17,0,48,4,4,11
190512,15774.0,48,0,34,8,25,0,21,3,0,9
190521,22496.0,59,0,12,25,44,0,10,2,0,6
190530,8370.0,59,0,3,28,62,0,2,1,0,3
190549,14969.0,58,0,22,22,24,0,27,3,0,3
190558,11755.0,56,0,12,15,26,0,42,3,0,2
190567,12587.0,53,0,25,14,38,0,14,3,0,5
190576,2973.0,72,0,13,28,31,0,22,3,0,2
190585,6136.0,69,0,3,27,62,0,3,1,0,4
190594,17943.0,64,0,29,10,30,0,23,3,0,5
190600,13662.0,60,0,12,16,50,0,16,2,0,3
190619,15116.0,57,0,16,26,24,0,28,2,0,3
190628,16971.0,60,0,20,17,45,0,11,2,0,6
190637,12833.0,69,0,7,26,57,0,6,1,0,3
190646,5237.0,72,0,3,73,17,0,2,2,0,2
190655,15513.0,47,0,21,28,34,0,11,2,0,4
190664,16702.0,55,0,30,9,30,0,24,3,0,5
190673,12405.0,56,1,25,22,31,1,12,2,0,6
190691,7529.0,67,1,23,37,27,0,6,3,0,3
190707,19.0,84,0,0,5,5,0,84,0,5,0
190716,1475.0,76,1,8,10,6,0,64,3,5,2
190725,1631.0,70,0,3,11,7,0,74,1,2,2
190752,43.0,0,0,0,0,0,0,100,0,0,0
190761,1310.0,66,0,6,18,36,0,26,2,9,3
190840,8034.0,57,0,4,10,21,0,57,4,4,0
190956,143.0,94,1,8,8,7,0,75,2,0,0
190974,23.0,91,0,0,9,0,0,70,4,17,0
190983,715.0,68,0,2,5,6,0,76,3,4,4
191083,8364.0,55,1,5,16,6,0,60,4,7,2
191126,7959.0,83,0,13,10,22,0,41,4,2,9
191199,5640.0,59,0,2,7,8,0,76,2,6,0
191205,605.0,31,0,2,18,16,0,50,10,2,2
191241,9399.0,57,0,12,4,16,0,54,4,1,7
191287,405.0,54,0,17,10,23,0,39,4,6,0
191302,1946.0,58,0,1,3,9,0,64,3,17,2
191311,51.0,63,0,29,2,4,0,43,4,18,0
191339,4735.0,65,0,1,6,5,0,72,3,11,2
191515,1902.0,54,0,7,4,10,0,65,5,3,6
191533,1207.0,58,1,3,13,8,0,59,0,14,2
191597,525.0,88,1,7,65,12,0,13,0,2,0
191612,2224.0,60,0,2,12,6,0,70,2,5,2
191621,746.0,55,1,1,8,6,0,64,5,15,1
191630,1824.0,53,0,3,7,7,0,71,3,4,5
191649,6120.0,55,0,12,9,14,0,54,3,2,5
191676,870.0,59,0,4,6,1,0,75,5,6,3
191719,8933.0,53,0,7,10,7,0,68,3,4,0
191728,1099.0,81,1,2,16,28,0,45,6,3,0
191931,2959.0,50,0,2,11,23,0,45,2,13,2
191940,297.0,91,0,1,58,10,0,26,3,2,0
191959,68.0,10,1,1,9,25,1,47,4,10,0
191968,4957.0,58,0,4,6,10,0,72,4,2,2
191986,3430.0,62,2,1,3,6,0,81,3,4,1
192004,284.0,69,5,0,4,14,1,68,8,0,0
192022,2658.0,64,1,2,7,8,0,70,4,9,0
192040,133.0,59,1,0,0,4,0,80,0,13,2
192110,589.0,46,0,10,7,7,0,32,6,12,26
192165,158.0,0,0,0,0,0,0,100,0,0,0
192192,1301.0,75,0,1,5,5,0,79,4,5,0
192271,1349.0,89,1,8,22,19,0,40,0,4,6
192323,2801.0,62,0,4,7,7,0,74,3,3,1
192448,10403.0,63,0,11,9,14,0,47,2,14,2
192484,95.0,99,0,2,59,20,1,11,5,1,1
192509,1186.0,82,0,52,12,27,0,5,1,0,3
192624,158.0,0,0,0,0,0,0,100,0,0,0
192688,493.0,84,0,9,46,38,0,6,0,1,0
192703,3352.0,42,0,4,6,26,0,50,3,8,3
192712,497.0,51,0,6,9,2,0,43,3,1,36
192749,1409.0,59,0,2,10,28,0,51,2,4,3
192785,844.0,89,0,5,9,7,0,43,2,33,0
192800,11.0,91,0,0,18,0,0,82,0,0,0
192819,5682.0,57,0,3,4,12,0,68,3,9,2
192864,1722.0,82,0,3,12,19,0,54,5,5,2
192925,1431.0,74,2,2,20,4,0,66,0,6,0
192961,135.0,84,0,10,20,7,0,61,0,3,0
192970,19.0,79,0,11,11,16,0,63,0,0,0
193016,7080.0,71,0,5,25,42,0,19,2,6,1
193052,364.0,0,0,0,0,0,0,100,0,0,0
193061,43.0,0,0,0,0,0,0,100,0,0,0
193070,44.0,0,0,0,0,0,0,100,0,0,0
193122,23.0,83,0,4,30,26,0,13,0,26,0
193186,83.0,100,0,0,30,52,0,11,0,4,4
193201,466.0,86,0,0,20,4,0,22,0,53,0
193247,131.0,0,0,0,0,0,0,95,0,0,5
193265,87.0,11,0,0,8,1,1,87,2,0,0
193283,5704.0,57,0,6,8,8,0,72,3,3,0
193292,3510.0,73,0,7,9,20,0,58,2,2,1
193308,5739.0,67,0,2,41,43,0,4,0,0,8
193326,10161.0,59,0,5,20,12,0,56,4,1,1
193353,1781.0,73,0,2,8,19,0,57,1,13,0
193380,88.0,86,0,9,45,19,0,14,5,8,0
193399,2277.0,76,0,6,16,34,0,26,2,14,2
193478,13864.0,53,0,8,20,31,0,34,2,4,1
193584,2147.0,73,0,3,5,6,0,77,3,4,2
193609,44.0,55,0,2,11,20,2,43,0,0,20
193654,6399.0,75,0,11,5,12,0,33,5,5,30
193672,19.0,5,0,0,53,0,0,47,0,0,0
193858,381.0,92,1,7,25,63,0,4,0,0,0
193900,27444.0,57,0,19,8,16,0,23,4,5,24
193946,4389.0,61,1,1,9,5,0,76,4,2,1
193973,2726.0,64,1,2,5,5,0,66,3,2,16
193991,41.0,98,0,0,5,17,0,27,5,46,0
194028,1602.0,65,3,0,6,3,1,82,1,5,0
194091,3473.0,41,0,24,10,19,0,25,5,6,10
194116,456.0,91,0,5,4,14,0,55,4,9,8
194161,1109.0,57,1,4,24,26,0,10,2,2,31
194189,92.0,0,0,0,0,0,0,96,0,0,4
194222,8545.0,54,1,3,11,5,0,46,3,31,0
194240,5862.0,62,0,3,13,25,0,47,3,8,0
194259,25.0,96,0,0,0,12,0,88,0,0,0
194310,7994.0,64,0,7,10,16,0,48,5,4,9
194392,667.0,36,1,0,6,2,0,79,1,9,1
194435,137.0,99,0,2,24,4,0,61,7,1,0
194499,914.0,81,0,14,32,32,0,10,11,0,0
194569,79.0,46,0,6,8,4,1,61,6,13,1
194578,3122.0,71,0,15,4,11,0,34,3,1,32
194657,138.0,0,0,0,0,0,0,96,0,0,4
194666,379.0,0,0,0,0,0,0,100,0,0,0
194693,40.0,0,0,0,0,0,0,100,0,0,0
194718,34.0,0,0,0,0,0,0,100,0,0,0
194736,160.0,0,0,0,0,0,0,98,0,0,2
194763,281.0,0,0,0,0,0,0,100,0,0,0
194824,6283.0,31,0,17,5,11,0,44,5,3,16
194958,1197.0,69,0,2,10,8,0,69,6,1,4
195003,13412.0,34,0,10,5,8,0,61,4,8,5
195030,6521.0,52,0,12,5,8,0,43,4,2,26
195058,5735.0,56,0,5,17,27,0,31,2,17,1
195067,342.0,93,0,1,63,23,0,1,5,6,0
195128,1271.0,78,0,4,10,9,0,57,4,14,1
195164,1839.0,47,0,4,6,7,0,76,2,2,3
195173,2646.0,63,1,4,24,29,1,26,3,4,9
195191,383.0,89,1,4,5,1,0,79,3,7,0
195216,2280.0,55,0,2,4,6,0,75,2,1,9
195234,2249.0,67,0,3,16,6,0,53,14,3,3
195243,1612.0,51,0,4,10,19,0,55,3,5,4
195289,152.0,86,0,5,16,4,0,71,1,3,0
195304,1292.0,76,0,4,5,10,0,58,5,9,9
195322,4015.0,57,1,10,12,8,0,64,2,2,0
195438,178.0,0,0,0,0,0,0,96,0,0,4
195474,3297.0,56,0,5,3,9,0,77,3,1,2
195526,2582.0,60,0,5,6,10,0,62,5,2,10
195544,3903.0,69,0,3,9,20,0,56,2,8,1
195702,155.0,86,0,6,1,1,1,86,3,1,1
195720,2690.0,59,0,4,5,5,0,83,2,2,0
195784,746.0,85,0,4,32,16,0,36,4,8,0
195809,15693.0,57,0,14,10,17,0,49,4,4,2
195988,1701.0,57,0,2,15,25,0,38,3,16,0
196006,3667.0,38,0,2,15,10,0,71,3,0,0
196015,3135.0,57,1,2,13,11,0,65,3,3,2
196024,2976.0,55,0,2,16,18,0,57,2,4,0
196033,2079.0,56,0,2,12,12,0,68,3,3,1
196042,9948.0,42,0,10,10,24,0,51,3,0,2
196051,2486.0,54,0,1,27,9,0,58,3,2,1
196060,13182.0,52,0,8,20,18,0,44,4,2,4
196079,14333.0,51,0,15,5,12,0,58,3,1,5
196088,22306.0,45,0,16,8,8,0,47,3,5,13
196097,18010.0,50,0,30,7,14,0,30,3,7,10
196103,1754.0,47,0,4,2,7,0,78,3,4,2
196112,2239.0,35,0,8,7,9,0,71,3,0,1
196121,6289.0,58,0,2,12,9,0,69,3,4,1
196130,7309.0,58,1,5,32,14,0,44,4,0,1
196149,6256.0,56,0,1,6,14,0,73,2,4,0
196158,3853.0,58,1,2,8,10,0,73,4,1,2
196167,4829.0,64,0,4,3,8,0,79,2,2,1
196176,6597.0,62,0,5,6,22,0,59,3,3,2
196185,6190.0,62,1,2,5,16,0,70,2,4,0
196194,6673.0,52,0,3,11,13,0,68,3,0,2
196200,2842.0,63,2,2,11,13,0,66,3,3,0
196219,3600.0,60,0,4,13,26,0,49,5,0,1
196237,4659.0,60,0,12,28,28,0,27,3,1,1
196246,4680.0,60,1,3,11,13,0,64,2,3,5
196255,187.0,78,0,19,24,13,0,34,1,10,0
196264,9145.0,64,0,3,15,14,0,55,2,10,1
196291,1511.0,14,0,5,5,17,0,66,3,2,2
196307,205.0,79,0,5,2,3,0,73,1,13,2
196389,765.0,79,0,5,39,29,0,7,3,16,0
196413,14479.0,54,1,7,7,10,0,55,4,3,14
196431,331.0,0,0,0,0,0,0,92,0,0,8
196440,8.0,0,0,0,0,0,0,75,0,0,25
196565,4764.0,58,0,2,5,7,0,74,4,6,0
196583,45.0,0,0,0,0,0,0,100,0,0,0
196592,5520.0,70,0,3,12,9,0,60,1,13,2
196653,1376.0,85,1,2,22,6,0,60,2,6,0
196680,19624.0,48,1,3,17,12,1,62,4,1,1
196699,3089.0,54,0,3,6,17,0,63,4,7,0
196866,2047.0,47,0,6,5,10,0,68,3,0,8
197018,2168.0,0,0,0,0,1,0,95,0,0,4
197027,1028.0,21,0,6,2,5,1,80,6,1,0
197036,4530.0,24,1,8,13,12,0,62,3,1,1
197045,3303.0,60,1,4,10,10,0,67,2,6,1
197133,2463.0,62,0,12,4,10,0,56,9,0,9
197142,508.0,54,1,2,33,9,0,47,9,0,0
197151,3192.0,73,0,15,4,10,0,19,0,2,51
197197,1643.0,65,0,5,8,12,0,61,3,6,5
197221,101.0,24,0,5,0,5,0,80,8,2,0
197230,357.0,66,2,3,12,18,0,54,4,7,0
197285,934.0,70,0,2,37,49,0,7,1,3,0
197294,10072.0,55,0,4,19,41,0,29,2,4,1
197337,56.0,96,0,2,43,23,0,29,0,0,4
197531,466.0,57,0,3,3,8,0,70,2,8,6
197601,132.0,0,0,0,0,0,0,100,0,0,0
197647,91.0,0,0,0,0,0,0,89,0,0,11
197674,172.0,0,0,0,0,0,0,97,0,0,3
197692,88.0,0,0,0,0,0,0,100,0,0,0
197708,2840.0,46,0,0,0,0,0,73,0,21,6
197735,646.0,0,0,0,0,0,0,97,0,0,3
197744,182.0,0,0,0,0,0,0,89,0,1,10
197814,2508.0,69,1,1,11,5,0,66,4,10,3
197850,3019.0,66,0,4,15,12,0,55,3,10,0
197869,18061.0,57,0,2,4,8,0,81,4,1,0
197887,6601.0,62,0,2,5,11,0,76,3,4,0
197911,1105.0,55,1,1,26,8,0,55,4,1,4
197966,1382.0,67,0,1,26,11,0,58,2,3,0
197984,1467.0,49,1,2,12,3,0,63,0,18,2
197993,232.0,100,0,0,75,3,0,0,3,18,1
198011,1057.0,69,13,0,24,11,0,46,4,3,0
198039,2399.0,59,0,1,4,13,0,76,0,5,1
198066,761.0,44,2,1,13,7,0,68,6,1,3
198084,1553.0,64,1,1,10,9,0,71,4,4,0
198109,452.0,92,1,2,12,6,0,75,3,0,0
198118,3845.0,60,2,1,4,9,0,78,2,3,1
198136,3720.0,53,0,2,15,10,0,60,5,4,2
198154,8680.0,60,1,2,10,10,0,70,3,4,0
198190,41.0,37,0,0,63,5,0,32,0,0,0
198206,1347.0,67,1,1,6,7,0,80,3,1,0
198215,1308.0,54,0,1,21,8,0,58,4,3,5
198233,4328.0,58,0,8,6,14,0,67,3,2,1
198251,5154.0,65,1,1,14,21,0,55,3,3,1
198260,16668.0,59,0,5,25,14,0,45,3,3,5
198303,1100.0,45,1,0,58,3,0,18,2,14,4
198321,2269.0,65,0,1,18,6,0,68,2,4,0
198330,3571.0,63,1,5,19,12,1,60,0,0,1
198367,2629.0,59,1,4,16,10,0,62,5,3,1
198376,3765.0,66,1,2,13,9,0,69,3,4,0
198385,1983.0,52,0,6,6,8,0,66,4,1,7
198419,6717.0,51,1,21,9,12,0,41,4,5,8
198455,4672.0,64,0,5,31,16,0,33,4,5,6
198464,23056.0,58,1,2,17,8,0,64,4,4,0
198491,1459.0,77,1,0,53,7,0,35,1,2,0
198507,1910.0,59,0,1,68,5,0,18,5,2,1
198516,6291.0,60,0,2,6,6,0,80,3,1,2
198534,10932.0,62,3,2,37,13,0,36,5,3,1
198543,5661.0,71,2,2,57,9,0,19,5,6,0
198552,7587.0,64,0,2,22,15,0,53,3,4,1
198561,2071.0,64,1,1,19,4,0,60,3,12,0
198570,4909.0,67,0,1,12,7,0,53,2,23,2
198598,793.0,49,1,1,30,6,0,44,6,12,0
198613,1420.0,53,0,5,25,13,0,49,4,3,1
198622,10821.0,59,1,5,33,13,0,42,3,3,1
198640,988.0,69,2,1,45,4,0,40,2,5,0
198668,1440.0,64,2,1,5,5,0,84,1,2,0
198677,43.0,58,0,0,70,2,0,28,0,0,0
198695,4628.0,56,0,2,6,6,0,77,4,3,2
198710,2042.0,64,1,1,9,9,0,71,3,6,1
198729,1202.0,68,0,0,22,28,0,46,2,1,1
198756,1253.0,62,1,0,73,1,0,1,0,22,1
198774,4182.0,65,1,1,13,17,0,66,2,1,0
198808,836.0,67,0,1,8,6,0,73,2,7,3
198817,2361.0,65,0,1,28,13,0,54,2,0,1
198835,1783.0,59,0,2,11,9,0,66,5,3,4
198844,135.0,97,3,0,10,10,0,76,1,0,0
198862,845.0,49,1,0,89,0,0,1,4,5,0
198871,483.0,33,1,0,58,3,0,21,5,10,1
198899,1021.0,53,1,1,19,7,0,63,3,2,4
198905,944.0,62,1,1,37,1,0,45,0,15,0
198914,626.0,62,1,1,1,5,0,85,0,8,0
198923,1048.0,62,0,1,3,11,0,81,1,1,1
198950,1521.0,100,0,4,9,11,0,66,3,5,1
198969,1426.0,46,1,1,19,8,0,42,1,19,8
198978,2506.0,85,1,1,55,5,0,33,4,1,0
198987,3373.0,62,1,3,10,12,0,69,2,3,0
199005,27.0,100,0,0,30,11,0,59,0,0,0
199023,679.0,56,0,3,13,17,0,65,2,1,0
199032,830.0,45,1,1,15,8,1,63,4,5,2
199069,2350.0,66,0,1,27,9,0,55,3,2,3
199078,149.0,87,2,1,36,7,0,54,1,0,1
199087,2623.0,63,1,1,31,10,0,51,2,2,1
199102,11130.0,59,0,1,82,4,0,5,4,3,1
199111,3358.0,57,0,2,5,8,0,73,4,6,1
199120,19395.0,60,0,12,8,9,0,57,5,3,4
199139,24175.0,47,0,9,16,12,0,54,5,2,2
199148,15995.0,67,0,5,30,13,0,43,5,2,1
199157,6067.0,70,0,1,78,7,0,6,5,2,0
199184,920.0,60,1,2,9,11,0,67,6,2,2
199193,26150.0,48,0,8,6,7,0,68,4,4,3
199209,1603.0,56,1,0,42,3,0,29,4,13,8
199218,14650.0,64,0,2,5,8,0,78,4,2,1
199263,362.0,66,1,1,29,7,1,56,1,4,0
199272,830.0,54,1,2,24,12,0,53,5,2,1
199281,6436.0,63,14,1,30,9,0,37,6,1,1
199306,812.0,60,0,0,23,11,0,60,3,0,1
199324,1329.0,63,1,0,26,6,0,64,2,1,0
199333,7868.0,62,1,1,30,9,0,51,3,4,0
199412,1670.0,67,0,3,15,14,0,55,0,6,7
199421,2548.0,66,1,1,5,18,0,62,1,11,1
199449,2226.0,66,11,1,26,6,0,44,3,10,0
199458,165.0,37,1,1,24,7,1,65,1,0,2
199467,525.0,70,2,1,56,1,0,35,0,4,0
199476,1828.0,72,43,1,19,11,0,21,0,5,0
199485,1922.0,64,0,1,16,9,0,64,3,6,1
199494,7109.0,65,0,2,18,13,0,56,5,3,1
199582,1110.0,49,0,1,76,2,0,4,0,15,2
199607,492.0,98,0,2,15,17,0,50,6,11,0
199625,1492.0,69,1,1,17,28,0,48,3,1,2
199634,3990.0,62,2,1,15,13,0,53,4,11,0
199643,1152.0,59,0,3,59,3,0,2,12,16,4
199689,168.0,95,6,0,30,7,2,45,9,1,0
199698,862.0,56,2,1,19,7,0,28,4,32,8
199722,1228.0,67,5,0,19,5,0,63,4,3,0
199731,2259.0,63,9,1,2,9,0,75,3,1,0
199740,2432.0,74,0,2,16,5,0,65,2,8,1
199759,893.0,38,2,3,7,4,0,82,0,2,0
199768,3103.0,64,0,1,3,17,0,74,2,4,0
199786,4037.0,64,0,2,17,16,0,55,3,3,3
199795,991.0,61,1,1,1,4,0,87,2,3,0
199838,2963.0,69,1,1,31,8,0,45,2,9,1
199847,5441.0,54,0,4,6,8,0,69,4,0,9
199856,21760.0,57,0,5,21,13,0,50,3,3,2
199865,625.0,68,1,1,6,6,0,77,4,2,3
199883,150.0,91,1,5,24,7,0,60,3,0,0
199892,2701.0,61,0,1,25,16,0,54,2,1,0
199908,1792.0,66,0,7,6,9,0,78,0,0,1
199926,2435.0,60,0,1,2,11,0,79,2,5,1
199953,1862.0,70,1,1,36,14,0,42,2,3,1
199962,2683.0,60,0,2,23,7,0,51,8,4,4
199971,62.0,40,0,0,100,0,0,0,0,0,0
199980,34.0,15,0,0,56,12,0,32,0,0,0
199999,4689.0,76,0,1,75,4,0,7,4,8,1
200004,10517.0,55,1,1,5,8,0,78,3,1,2
200013,619.0,82,3,2,17,4,0,56,4,13,0
200022,3716.0,45,1,1,2,5,0,85,4,1,0
200059,1381.0,60,1,1,4,7,0,78,3,3,3
200086,179.0,65,73,0,2,6,0,10,9,1,0
200110,39.0,100,3,5,3,8,0,77,0,5,0
200156,912.0,43,1,1,5,10,0,73,3,1,6
200192,1771.0,58,2,1,3,4,0,80,4,2,4
200208,182.0,78,90,0,1,1,0,9,1,0,0
200217,2535.0,59,2,1,2,0,0,79,2,14,0
200226,1145.0,63,1,1,5,5,0,80,5,1,3
200253,2656.0,62,2,1,4,8,0,69,5,1,9
200280,9796.0,43,1,2,2,5,0,77,5,3,4
200305,2829.0,47,1,2,5,3,0,84,4,2,0
200314,1060.0,63,3,0,4,4,0,76,5,3,5
200332,10555.0,49,1,2,3,3,0,87,4,1,1
200341,959.0,62,1,2,4,9,0,72,6,2,5
200466,201.0,67,90,0,0,0,0,9,0,0,0
200484,151.0,48,1,1,7,5,0,81,4,1,0
200527,586.0,62,97,0,0,0,0,3,0,0,0
200554,326.0,60,94,0,1,0,0,3,0,0,1
200572,1541.0,59,1,1,3,4,0,85,3,2,1
200590,121.0,75,0,1,31,2,0,66,0,0,0
200785,502.0,88,0,1,39,3,0,47,3,5,0
200800,13651.0,48,0,3,10,3,0,76,4,2,1
200846,1658.0,62,0,1,3,3,0,86,3,3,0
200873,67.0,60,4,0,0,0,0,96,0,0,0
201034,551.0,52,0,0,16,3,1,68,5,8,0
201061,227.0,70,0,2,19,6,0,65,7,2,0
201098,37.0,70,0,0,0,0,0,100,0,0,0
201104,3148.0,63,0,1,6,4,0,78,2,6,2
201131,129.0,60,0,0,1,1,0,95,4,0,0
201140,44.0,18,0,0,2,2,0,82,0,14,0
201159,202.0,36,1,1,14,0,0,79,0,4,0
201177,355.0,89,1,1,4,2,0,87,2,3,0
201195,2860.0,55,0,2,8,6,0,77,5,0,1
201283,802.0,64,0,0,0,2,0,93,4,0,0
201371,691.0,46,0,0,12,3,0,73,4,4,3
201432,2085.0,65,0,0,6,7,0,80,4,2,0
201441,14988.0,56,0,1,7,4,0,79,3,2,2
201469,765.0,76,1,1,40,6,0,44,7,2,0
201478,145.0,59,0,0,2,0,0,84,1,13,0
201496,384.0,38,0,2,14,2,0,77,2,4,0
201539,78.0,91,0,0,29,0,0,47,12,12,0
201548,2282.0,61,0,3,9,4,0,75,6,1,2
201645,5430.0,46,0,23,4,9,0,43,5,1,14
201654,4024.0,55,0,3,2,0,0,89,3,1,2
201672,3029.0,71,0,3,11,3,0,68,7,8,0
201681,85.0,95,0,2,86,2,0,8,1,0,0
201690,4021.0,69,1,2,52,13,0,27,1,2,3
201751,170.0,78,1,1,29,3,0,65,2,0,0
201803,75.0,91,0,0,35,4,0,61,0,0,0
201821,1015.0,93,0,2,11,3,0,78,2,4,0
201867,112.0,80,1,1,5,4,1,85,4,0,0
201885,29262.0,50,0,5,7,4,0,74,4,3,4
201928,6873.0,61,0,3,25,3,0,56,4,7,2
201946,7443.0,55,0,3,8,3,0,74,4,6,2
201955,7056.0,60,0,5,16,5,0,64,5,2,2
201964,1961.0,59,0,1,18,3,0,49,2,27,0
201973,5396.0,67,0,1,13,3,0,75,6,2,0
202046,599.0,71,0,3,10,9,0,68,7,1,3
202073,234.0,51,0,22,3,0,0,35,0,22,18
202134,11166.0,56,0,4,15,8,0,64,4,1,4
202152,149.0,94,0,1,16,0,0,83,0,0,0
202170,982.0,70,0,3,8,7,0,67,7,4,3
202222,27621.0,56,0,5,19,6,0,56,3,10,2
202356,18754.0,61,0,3,21,7,0,57,5,5,2
202435,80.0,81,0,5,45,4,0,25,3,9,10
202453,66.0,11,0,0,65,2,0,33,0,0,0
202480,8644.0,49,0,1,4,7,0,80,3,1,4
202514,562.0,41,1,0,23,9,0,61,2,3,0
202523,2258.0,53,0,3,6,8,0,60,4,3,16
202648,4202.0,62,2,1,2,2,0,87,3,2,0
202657,276.0,67,0,0,6,2,0,87,5,0,0
202763,3732.0,64,0,2,4,4,0,66,1,21,2
202806,4008.0,55,1,2,15,3,0,58,3,16,1
202888,64.0,98,2,17,52,0,0,30,0,0,0
202903,314.0,50,0,1,6,4,1,80,3,0,5
202912,372.0,92,0,1,12,1,0,81,5,1,0
202949,189.0,21,1,1,17,1,0,69,5,7,0
202985,77.0,91,0,1,32,3,0,61,1,1,0
203030,81.0,90,0,1,85,1,0,6,6,0,0
203085,1045.0,50,0,0,8,4,0,80,4,1,1
203128,1091.0,56,0,1,13,7,0,44,2,32,1
203146,382.0,7,1,1,1,2,0,95,1,0,0
203155,2431.0,49,0,0,13,3,0,78,3,2,0
203234,112.0,93,0,0,57,1,0,21,4,17,0
203289,60.0,28,0,0,42,3,0,52,3,0,0
203331,40036.0,68,1,2,20,18,1,52,5,2,0
203368,2771.0,47,0,2,3,4,0,87,2,1,1
203386,2159.0,93,0,2,43,2,0,43,0,10,0
203438,92.0,97,1,0,20,0,0,77,2,0,0
203447,2049.0,64,0,1,6,5,0,80,4,3,1
203456,1173.0,68,0,1,6,2,0,82,3,5,1
203465,4944.0,62,0,1,6,3,0,81,4,3,1
203474,2290.0,62,0,1,7,3,0,81,4,3,1
203483,2212.0,59,0,1,5,3,0,83,3,3,1
203492,1729.0,72,0,1,5,3,0,84,2,4,1
203517,21621.0,62,0,2,9,4,0,75,4,3,3
203526,2476.0,64,0,2,12,3,0,75,4,3,1
203535,1615.0,57,0,5,4,7,0,68,5,2,9
203544,566.0,81,0,4,8,1,1,77,2,4,3
203580,759.0,48,1,1,13,6,1,64,4,8,4
203599,5331.0,63,0,2,11,5,0,74,3,5,0
203614,293.0,78,0,0,0,0,0,100,0,0,0
203678,3324.0,65,0,1,5,1,0,80,2,11,0
203720,184.0,44,0,1,31,20,0,45,3,1,0
203739,107.0,88,0,0,24,10,0,54,7,4,0
203748,10138.0,63,0,1,9,10,0,73,4,1,0
203757,1042.0,61,0,1,13,9,0,62,4,11,0
203775,1114.0,60,0,1,7,3,0,76,4,8,1
203845,1168.0,47,0,1,4,3,0,80,4,4,4
203881,2147.0,64,1,1,6,1,0,82,4,6,0
203942,59.0,51,2,0,5,3,0,90,0,0,0
203960,1502.0,87,0,2,12,7,0,74,4,1,0
204006,2451.0,51,0,2,9,5,0,73,4,2,4
204015,1640.0,53,0,2,4,3,0,69,4,1,16
204024,16522.0,51,0,3,4,5,0,75,4,0,9
204121,67.0,100,0,0,79,0,0,21,0,0,0
204158,167.0,65,1,1,23,2,0,71,2,0,0
204176,705.0,89,0,5,18,2,0,70,4,1,0
204185,1958.0,48,0,1,8,3,0,78,4,3,2
204194,1771.0,60,0,1,3,3,0,87,3,2,1
204200,1473.0,57,0,1,8,3,0,83,3,2,0
204255,2223.0,55,0,1,1,1,0,88,3,6,0
204264,1549.0,55,0,1,5,3,0,79,4,7,2
204334,136.0,96,1,1,24,2,0,66,5,0,0
204422,2729.0,61,0,1,3,3,0,88,3,2,0
204431,48.0,81,0,2,29,40,0,29,0,0,0
204440,3736.0,35,0,0,1,8,0,54,1,36,0
204459,57.0,53,0,0,77,5,0,18,0,0,0
204468,1470.0,52,0,1,29,5,0,55,3,5,1
204486,2944.0,15,0,1,4,4,0,76,0,12,3
204501,2647.0,59,0,5,6,8,0,59,9,1,12
204608,426.0,11,0,0,12,7,0,73,4,4,0
204617,951.0,52,2,2,25,6,0,54,5,5,3
204635,2130.0,45,0,1,3,1,0,78,4,11,1
204662,547.0,54,0,0,1,1,0,94,2,1,0
204671,988.0,55,0,2,7,4,0,80,4,2,0
204680,1011.0,57,0,2,11,5,0,76,4,2,0
204699,1157.0,51,0,5,4,4,0,80,3,3,0
204705,2870.0,51,0,5,19,5,0,63,5,2,0
204714,72.0,92,0,0,11,7,0,71,11,0,0
204723,247.0,22,0,1,58,0,0,41,0,0,0
204769,137.0,97,0,5,42,3,1,47,0,1,0
204778,88.0,97,0,6,35,2,1,55,0,1,0
204796,46984.0,50,0,8,7,5,0,66,4,3,7
204802,1054.0,61,0,1,3,2,0,87,4,2,1
204820,2332.0,65,0,1,3,2,0,87,5,1,1
204839,2535.0,65,0,1,4,3,0,86,4,2,0
204848,2516.0,60,0,1,4,2,0,85,4,2,1
204857,19284.0,61,0,2,6,4,0,81,4,2,2
204866,2097.0,71,0,1,3,1,0,87,5,2,1
204884,170.0,92,1,0,4,0,0,95,0,0,0
204893,49.0,84,0,0,0,0,0,100,0,0,0
204909,1426.0,55,0,3,7,6,0,71,5,1,6
204936,2313.0,62,0,3,7,6,0,75,5,3,0
204945,7536.0,52,0,1,9,8,0,73,3,4,1
204963,46.0,98,0,0,4,0,0,96,0,0,0
204981,83.0,63,0,0,35,6,0,54,1,4,0
205027,50.0,0,0,4,0,14,0,78,0,0,4
205054,350.0,88,0,1,42,4,0,42,7,3,0
205090,79.0,95,0,1,3,3,1,90,3,0,0
205124,39.0,0,0,0,0,0,0,100,0,0,0
205142,177.0,68,0,0,24,4,0,64,6,1,0
205179,559.0,81,1,1,31,1,0,59,6,1,0
205203,1536.0,64,0,0,3,1,0,77,0,17,1
205391,184.0,72,1,1,5,5,0,71,7,10,0
205443,3304.0,56,1,1,4,0,0,83,2,9,1
205470,18687.0,56,1,2,14,4,0,66,4,7,2
205559,116.0,84,0,1,52,3,0,21,6,16,2
205841,10772.0,60,0,3,13,2,0,77,3,2,0
205887,551.0,89,0,0,26,3,0,70,1,0,0
205957,2505.0,58,0,3,1,17,0,74,2,2,1
205966,2018.0,69,0,1,2,2,0,92,2,2,0
206011,2057.0,50,1,0,9,3,0,76,0,11,0
206039,28.0,96,0,0,4,11,0,86,0,0,0
206048,2194.0,51,0,1,16,3,0,52,1,21,5
206084,14406.0,51,0,3,9,6,0,69,4,4,5
206154,18.0,22,0,0,33,6,0,50,11,0,0
206172,27.0,93,4,4,0,0,0,93,0,0,0
206181,154.0,75,0,1,4,1,0,88,5,0,0
206279,575.0,45,1,2,17,27,1,37,3,13,0
206321,80.0,66,0,0,5,3,0,88,4,1,0
206349,674.0,92,0,3,23,1,0,58,6,6,2
206394,48.0,73,0,0,48,6,0,42,2,2,0
206437,1850.0,56,0,1,5,2,0,42,2,40,7
206446,1809.0,65,0,0,1,1,0,86,3,6,0
206491,439.0,63,0,0,96,0,0,1,0,3,0
206507,1165.0,55,1,1,9,3,0,77,4,4,1
206525,1445.0,53,0,1,9,5,0,77,5,2,0
206589,1924.0,54,0,3,9,7,0,60,4,1,15
206604,8332.0,55,0,3,11,4,0,74,5,1,2
206613,1739.0,59,0,1,4,2,0,90,2,0,1
206622,5272.0,57,0,3,10,6,0,75,4,1,1
206695,10401.0,55,0,1,9,5,0,75,4,4,3
206817,321.0,50,60,1,12,5,0,9,2,11,0
206835,791.0,53,7,0,9,10,0,57,7,1,8
206862,1529.0,53,3,2,16,16,0,55,7,0,2
206905,73.0,48,18,0,4,1,0,59,18,0,0
206914,3459.0,64,6,2,12,15,0,48,12,4,2
206923,1922.0,68,17,1,2,7,0,50,23,0,0
206932,421.0,93,2,1,31,7,0,39,16,5,0
206941,12564.0,62,3,4,9,13,0,53,11,3,3
206996,2069.0,69,23,0,5,6,0,46,18,0,1
207041,2939.0,58,17,1,5,4,0,52,3,6,12
207050,1342.0,67,29,1,5,4,0,58,1,2,0
207069,1917.0,60,11,1,5,10,0,69,2,2,0
207087,36.0,97,8,0,6,17,0,67,3,0,0
207102,95.0,78,11,1,16,8,1,52,9,2,0
207157,295.0,45,4,1,10,22,0,47,5,7,4
207209,1894.0,64,1,1,74,1,0,6,9,5,2
207236,2172.0,70,5,1,2,10,0,52,21,1,8
207254,708.0,10,4,2,6,19,1,34,4,19,13
207263,6004.0,64,20,2,5,6,0,48,15,1,2
207272,12.0,92,33,8,0,0,0,58,0,0,0
207281,3374.0,62,17,1,5,11,0,62,3,0,1
207290,1769.0,56,18,1,8,7,0,49,16,0,3
207306,1640.0,59,8,1,6,13,0,61,1,9,1
207324,1755.0,52,2,2,7,7,0,73,7,1,0
207342,806.0,90,3,7,5,13,0,61,2,10,0
207351,1337.0,55,7,1,10,26,0,51,2,1,3
207388,20323.0,51,4,2,4,9,0,68,10,0,3
207397,4949.0,65,4,3,10,18,0,55,8,1,0
207403,1647.0,59,4,1,6,2,0,67,17,2,2
207449,12227.0,64,5,4,8,17,0,51,9,0,6
207458,1527.0,67,3,3,5,12,0,63,9,0,5
207500,21383.0,51,3,7,5,11,0,60,9,1,3
207564,2349.0,34,14,1,4,8,0,52,19,2,1
207582,3682.0,61,3,3,14,12,0,37,4,15,13
207661,3324.0,63,13,2,3,7,0,55,17,1,2
207670,6722.0,63,5,3,14,7,0,53,12,5,0
207704,145.0,99,10,5,21,8,0,51,5,0,0
207722,733.0,65,5,1,6,11,0,55,11,2,9
207740,1476.0,68,16,0,4,8,0,56,14,1,0
207786,25.0,96,20,0,0,0,0,80,0,0,0
207847,3274.0,55,12,1,5,9,0,53,19,0,2
207856,458.0,44,6,2,20,11,0,41,6,1,13
207865,4015.0,60,3,2,5,11,0,64,10,3,2
207935,15568.0,64,7,4,7,13,0,51,12,4,2
207962,785.0,11,14,0,13,16,0,49,3,4,0
207971,2929.0,48,3,6,7,9,0,53,10,2,9
208035,1353.0,67,2,1,8,22,0,53,11,4,0
208044,34.0,85,6,0,0,18,0,76,0,0,0
208053,261.0,39,2,0,1,14,0,79,3,0,0
208275,1292.0,59,3,1,0,29,0,62,3,2,0
208318,4304.0,57,1,1,1,12,0,70,5,9,0
208390,8328.0,58,1,2,1,29,1,34,2,31,0
208406,5555.0,50,1,3,2,12,0,60,5,16,0
208415,754.0,57,1,1,1,18,0,64,3,13,0
208433,61.0,97,0,0,2,26,0,64,8,0,0
208479,466.0,86,2,3,7,22,2,30,0,34,1
208512,464.0,81,1,5,14,8,0,63,6,3,0
208637,177.0,79,2,4,3,7,1,76,7,0,0
208646,2586.0,60,2,2,2,14,3,66,5,5,1
208725,52.0,60,0,4,0,27,12,35,17,2,4
208822,2481.0,60,0,5,1,14,1,70,8,1,1
208859,39.0,85,0,0,3,0,0,90,8,0,0
209038,7702.0,55,1,3,2,15,1,67,6,3,3
209056,1830.0,62,0,4,2,13,0,65,9,2,5
209065,1392.0,62,1,6,2,20,1,61,8,1,1
209074,4956.0,59,1,3,1,12,0,61,5,14,2
209083,82.0,74,1,6,2,34,4,38,10,5,0
209153,34.0,91,0,0,0,9,0,85,3,3,0
209205,47.0,83,0,2,13,11,0,57,15,2,0
209241,33.0,0,0,9,0,58,0,21,9,0,3
209250,6812.0,48,1,8,3,15,0,51,6,14,1
209287,336.0,46,1,4,3,18,1,63,8,2,1
209296,38.0,89,3,3,0,3,3,71,11,8,0
209409,538.0,61,3,4,4,5,2,66,9,3,4
209490,809.0,81,1,5,2,17,1,65,7,1,0
209506,5184.0,51,1,8,2,13,0,67,4,2,2
209542,26644.0,48,1,8,2,12,0,62,7,3,6
209551,18045.0,55,1,7,3,14,0,60,9,2,5
209603,445.0,70,2,4,4,7,0,57,10,12,3
209612,1758.0,64,1,12,2,15,2,47,13,7,1
209667,54.0,98,2,2,4,7,0,74,7,4,0
209676,97.0,86,3,0,0,6,0,82,6,2,0
209694,50.0,86,2,0,2,34,0,42,14,6,0
209700,154.0,84,0,4,8,15,0,73,0,0,0
209719,74.0,95,0,4,5,24,0,66,0,0,0
209746,22904.0,58,1,8,5,16,1,55,7,6,1
209807,18656.0,56,1,9,4,18,1,47,6,10,4
209825,3559.0,61,0,18,2,14,1,51,8,3,2
209922,1366.0,53,0,7,1,11,0,58,10,2,11
209940,3413.0,60,1,1,1,20,1,68,4,3,0
210146,4518.0,61,2,2,2,12,1,60,9,11,1
210155,1541.0,63,2,1,1,13,1,65,6,9,1
210234,1470.0,58,1,1,2,27,0,59,4,6,1
210270,2140.0,62,2,2,2,0,1,81,5,7,0
210304,464.0,64,1,6,12,28,1,41,8,3,0
210331,966.0,58,1,2,2,13,1,62,7,10,2
210340,54.0,93,9,2,2,13,0,65,9,0,0
210401,1302.0,57,1,6,2,15,0,62,8,5,1
210429,4070.0,66,1,3,3,21,2,59,5,3,3
210438,31.0,58,0,0,0,6,0,48,10,6,29
210474,38.0,58,0,0,11,39,0,45,0,5,0
210492,261.0,52,0,3,16,2,0,56,2,16,5
210571,1539.0,58,0,2,26,17,0,48,4,2,1
210599,834.0,43,0,1,74,6,0,12,2,3,0
210605,13217.0,56,0,4,15,4,0,62,4,12,0
210669,1667.0,56,0,4,9,9,0,68,4,4,3
210711,34.0,94,0,0,18,35,0,38,3,6,0
210739,2398.0,63,0,3,6,12,0,69,3,8,0
210748,50.0,96,0,0,4,0,0,92,4,0,0
210775,2045.0,68,0,2,11,13,0,65,4,3,2
210784,141.0,99,0,1,32,11,0,43,7,6,0
210809,5233.0,30,0,3,5,1,0,52,1,38,0
211006,321.0,7,0,1,10,30,0,55,2,1,0
211024,507.0,49,1,2,6,6,0,82,2,0,1
211079,1713.0,60,0,1,8,2,0,81,4,4,0
211088,2014.0,68,0,7,12,10,0,58,4,7,2
211158,7731.0,60,0,1,6,8,0,77,2,5,0
211273,1299.0,100,0,12,5,10,0,46,5,3,19
211291,3695.0,52,0,5,4,7,0,75,4,0,5
211307,6988.0,60,0,6,6,9,0,71,3,5,0
211316,80.0,100,0,1,13,5,0,80,1,0,0
211334,29.0,100,0,0,3,3,0,93,0,0,0
211343,2984.0,63,0,1,2,3,0,87,2,5,0
211352,1471.0,61,0,3,21,13,0,55,3,5,0
211361,4785.0,56,0,1,11,4,0,76,4,2,1
211431,1277.0,84,0,3,16,3,0,71,4,2,0
211440,6622.0,50,0,35,4,9,0,25,4,7,16
211468,1088.0,93,0,3,9,14,0,59,2,7,5
211477,939.0,67,2,2,16,11,0,57,4,7,0
211556,1358.0,73,0,3,4,4,0,66,1,18,3
211583,1074.0,60,0,1,30,13,0,36,4,13,2
211608,623.0,62,0,1,79,11,0,1,4,3,0
211635,149.0,88,1,2,4,1,0,91,1,1,0
211644,3587.0,69,0,1,8,3,0,81,2,4,0
211802,187.0,87,0,1,2,0,0,97,1,0,0
211893,113.0,45,0,20,3,3,0,29,0,0,45
211927,9989.0,63,0,5,28,1,0,52,6,6,1
211981,1841.0,60,0,1,9,8,0,64,2,15,0
212009,1932.0,59,0,5,6,9,0,63,4,1,12
212045,207.0,78,0,0,4,2,0,87,4,0,0
212054,14616.0,48,0,21,7,7,0,49,4,3,9
212106,5383.0,64,0,4,5,5,0,80,3,0,2
212115,4988.0,58,0,2,20,15,0,54,4,3,0
212133,1879.0,68,0,2,21,16,0,43,3,12,3
212160,3146.0,60,0,1,6,4,0,82,0,6,1
212197,1688.0,61,0,3,3,5,0,85,1,2,1
212230,34.0,94,0,3,9,29,0,59,0,0,0
212267,68.0,97,0,0,28,19,1,35,10,6,0
212276,55.0,91,0,4,15,27,0,44,9,2,0
212294,64.0,97,0,0,2,11,0,83,3,2,0
212300,44.0,95,0,0,7,11,0,80,2,0,0
212328,63.0,97,0,2,22,27,0,22,8,19,0
212337,103.0,96,0,0,79,12,0,4,2,4,0
212355,138.0,98,0,0,7,7,0,81,3,2,0
212382,148.0,97,0,7,24,17,0,39,5,8,0
212391,94.0,96,0,1,13,46,0,30,7,3,0
212434,265.0,8,0,4,6,6,0,84,0,0,0
212577,2254.0,57,0,4,7,11,0,56,3,2,17
212601,3208.0,61,0,2,5,4,0,66,4,11,8
212656,1201.0,48,0,2,7,3,0,80,3,3,2
212674,2507.0,52,0,3,4,10,0,74,2,2,4
212753,87.0,97,0,0,18,10,0,16,1,54,0
212771,159.0,95,0,0,0,0,1,85,0,14,0
212805,2277.0,47,0,2,1,1,0,91,3,0,1
212832,1990.0,74,0,4,16,3,0,55,2,18,0
212869,1150.0,83,0,2,46,13,0,30,5,2,1
212878,15376.0,67,0,4,9,12,0,66,4,3,2
212911,1307.0,54,0,11,6,13,0,51,6,2,12
212975,133.0,28,0,1,16,5,0,62,2,15,0
212984,2138.0,75,0,7,15,5,1,63,0,9,0
212993,101.0,44,2,2,62,13,0,18,2,1,0
213011,1614.0,70,0,3,13,9,0,71,2,1,1
213020,8002.0,60,0,1,11,5,0,75,4,2,2
213163,114.0,89,0,0,4,4,0,85,6,1,0
213181,429.0,94,0,4,13,9,0,71,3,1,0
213215,104.0,98,0,0,11,23,0,66,0,0,0
213233,497.0,24,0,1,4,6,0,83,2,3,0
213251,1303.0,55,0,3,4,7,0,74,3,2,7
213303,1324.0,58,0,1,11,9,0,59,3,16,0
213321,2059.0,49,0,3,4,9,0,71,2,5,6
213330,11.0,100,0,0,0,0,0,100,0,0,0
213349,6945.0,57,0,2,8,9,0,73,3,4,1
213358,1085.0,59,0,1,12,5,0,61,3,5,13
213367,3293.0,64,0,5,18,17,0,51,3,2,3
213376,2043.0,58,0,1,13,12,0,57,2,15,0
213385,2514.0,51,0,4,5,7,0,66,4,4,9
213400,1610.0,54,0,2,19,5,0,50,16,8,0
213455,243.0,96,0,1,9,15,0,44,6,24,0
213473,119.0,77,0,7,24,11,0,59,0,0,0
213491,46.0,96,0,0,2,7,0,87,4,0,0
213507,1699.0,55,0,3,3,6,0,83,3,1,1
213525,6205.0,66,0,2,7,26,0,56,4,4,1
213534,429.0,72,1,1,9,53,0,29,5,1,0
213543,5203.0,46,0,8,5,10,0,61,4,3,9
213570,599.0,79,1,1,20,34,0,28,3,14,0
213589,389.0,8,0,5,38,20,0,17,6,14,0
213598,1895.0,69,0,0,84,6,0,1,3,3,3
213613,2727.0,62,1,1,7,3,0,86,1,1,0
213622,134.0,93,0,1,5,1,0,85,4,4,0
213659,4454.0,64,0,2,5,15,0,64,1,13,0
213668,1065.0,54,0,2,15,13,0,59,4,4,3
213774,833.0,77,0,4,34,11,0,43,3,4,0
213783,1776.0,64,0,1,11,5,0,77,3,3,1
213826,1808.0,67,0,2,2,9,0,74,2,10,1
213914,292.0,95,0,1,4,1,0,87,5,2,0
213932,144.0,85,0,8,26,5,1,54,7,0,0
213987,2370.0,59,1,1,4,4,0,81,1,3,4
213996,2614.0,60,0,3,3,6,0,81,3,0,3
214023,5.0,60,0,0,60,20,0,20,0,0,0
214041,6454.0,59,0,3,9,11,0,74,1,1,1
214069,1845.0,67,0,2,3,3,0,85,4,3,0
214111,9827.0,60,0,6,15,9,0,59,4,5,1
214148,365.0,100,0,4,13,9,1,59,8,5,1
214157,1997.0,61,0,2,3,12,0,71,2,6,3
214166,2770.0,67,0,1,2,1,0,50,0,45,2
214175,2046.0,61,0,3,4,8,0,75,3,4,2
214272,1942.0,64,0,2,28,7,0,55,3,4,1
214290,606.0,6,0,0,11,1,0,88,0,0,0
214379,8951.0,65,0,2,13,24,0,55,3,1,1
214476,44.0,91,0,0,2,0,0,95,0,2,0
214528,269.0,7,0,3,36,11,0,25,2,23,0
214582,454.0,85,0,2,59,3,0,17,3,16,0
214883,947.0,73,1,3,54,10,0,20,2,11,1
214892,238.0,63,0,2,14,0,0,80,3,2,0
214944,511.0,15,0,2,29,14,1,49,4,0,0
214971,135.0,75,1,4,7,4,0,58,10,4,11
215008,64.0,2,0,2,2,0,0,97,0,0,0
215044,104.0,77,0,2,38,9,0,27,11,14,0
215053,242.0,70,0,3,12,5,0,69,7,2,0
215062,11155.0,55,0,23,8,10,0,38,5,3,12
215105,1380.0,66,0,3,21,14,0,50,1,9,1
215114,924.0,55,0,4,11,4,0,68,8,2,4
215132,1461.0,65,0,32,7,4,0,43,5,8,1
215239,13672.0,68,0,10,41,16,0,23,3,4,3
215266,1305.0,58,0,4,16,7,0,66,5,2,1
215275,1408.0,57,0,3,6,6,0,78,4,2,1
215284,2356.0,44,0,2,4,5,0,81,2,4,1
215293,23157.0,55,0,11,5,5,0,69,4,1,4
215309,33.0,88,0,0,3,3,0,94,0,0,0
215336,25.0,96,0,0,16,0,0,84,0,0,0
215381,567.0,7,0,2,4,5,0,80,4,0,4
215390,191.0,67,0,0,6,2,7,80,4,1,0
215415,1559.0,43,0,1,6,1,0,60,5,26,0
215442,2791.0,61,0,2,13,6,0,71,4,1,3
215479,60.0,85,0,0,0,3,0,97,0,0,0
215530,71.0,96,0,0,0,0,0,93,7,0,0
215585,3924.0,68,1,2,10,38,0,47,3,0,0
215594,307.0,84,0,2,5,11,0,79,2,2,0
215637,296.0,60,0,4,30,9,0,50,4,2,0
215655,3312.0,45,0,1,5,4,0,75,6,2,6
215682,385.0,6,0,1,11,4,0,83,2,0,0
215691,480.0,64,0,1,34,14,0,34,5,10,1
215743,2279.0,63,0,2,5,1,0,84,2,4,1
215770,4299.0,53,0,3,6,8,0,76,3,2,1
215798,1462.0,45,0,1,6,5,0,81,3,3,1
215886,93.0,84,0,0,1,3,0,95,1,0,0
215929,3658.0,59,0,3,2,11,0,76,2,4,1
215947,1635.0,66,0,2,8,4,0,81,2,3,0
215974,336.0,85,0,3,11,1,0,79,3,2,0
215983,24.0,75,0,0,13,0,0,88,0,0,0
215992,122.0,62,0,0,11,0,2,80,7,1,0
216010,5324.0,53,0,1,14,6,0,72,5,1,1
216038,7399.0,56,0,1,5,3,0,84,4,2,2
216047,39.0,0,0,10,0,13,0,72,3,0,3
216074,142.0,99,0,1,43,3,0,49,2,2,0
216083,307.0,68,0,1,2,3,0,90,3,0,0
216162,228.0,93,0,0,8,16,0,75,0,0,0
216223,36.0,97,0,0,25,25,0,33,11,6,0
216278,2239.0,57,0,2,6,7,0,79,3,2,1
216287,1437.0,51,0,18,8,13,0,33,9,4,15
216296,1227.0,11,0,2,10,13,0,72,4,0,0
216311,132.0,0,0,0,0,0,0,98,0,0,2
216339,27306.0,55,0,13,14,8,0,55,4,3,4
216357,744.0,50,0,1,14,3,0,72,5,5,0
216366,3783.0,73,0,8,13,12,0,54,8,3,2
216436,109.0,9,0,1,46,3,1,48,2,0,0
216445,127.0,6,1,1,2,2,0,95,0,0,0
216454,132.0,8,1,0,1,3,0,95,1,0,0
216524,1493.0,49,0,4,7,7,0,74,4,3,1
216542,495.0,53,0,3,15,20,0,50,5,5,1
216551,110.0,12,0,7,8,17,0,57,5,1,4
216579,78.0,96,0,0,28,1,1,65,0,4,0
216597,7037.0,53,0,6,5,9,0,72,3,1,2
216630,42.0,86,0,0,0,0,0,100,0,0,0
216667,1165.0,50,0,2,8,6,0,75,4,5,1
216694,1257.0,58,0,1,3,4,0,85,3,4,0
216746,65.0,9,0,2,8,9,0,80,0,2,0
216764,14712.0,60,0,3,11,6,0,74,4,2,0
216773,123.0,81,0,2,7,2,0,84,5,1,0
216782,217.0,91,0,2,36,3,0,55,3,0,0
216807,1149.0,56,1,0,5,1,0,75,1,17,0
216825,4370.0,66,0,1,3,2,0,88,4,0,1
216852,2912.0,57,0,3,12,6,0,71,3,3,1
216931,2243.0,52,0,2,5,8,0,73,3,3,6
216940,249.0,0,0,0,10,6,0,82,2,0,0
217013,1041.0,76,0,1,6,6,0,73,3,9,1
217040,39.0,0,0,0,0,0,0,97,0,0,3
217059,3748.0,56,0,2,6,8,0,77,4,3,1
217077,708.0,63,0,3,6,15,0,68,6,1,0
217156,6792.0,53,0,18,7,11,0,41,6,4,12
217165,3281.0,38,0,4,3,7,0,77,2,1,6
217235,5120.0,61,1,3,13,14,0,57,2,6,4
217305,1843.0,38,0,0,1,11,0,8,3,77,1
217323,458.0,5,0,2,15,25,0,34,10,13,0
217402,4298.0,55,0,2,4,10,0,77,2,4,2
217420,5998.0,70,0,3,10,25,0,53,2,6,0
217475,13684.0,61,0,3,9,23,0,52,6,7,0
217484,14904.0,57,0,3,5,11,0,72,3,4,1
217493,1736.0,66,0,22,4,9,0,26,6,2,30
217518,4346.0,51,0,2,3,10,0,74,2,8,1
217536,2150.0,66,0,1,1,8,0,81,3,3,2
217581,83.0,99,1,5,16,35,0,29,13,1,0
217606,258.0,45,1,1,6,14,0,70,2,3,3
217615,1925.0,66,1,1,32,9,0,56,1,1,0
217624,656.0,45,1,0,93,2,0,1,0,4,0
217633,3083.0,68,0,2,5,5,0,83,3,2,1
217688,2720.0,64,0,1,17,6,0,61,3,11,1
217712,2119.0,72,0,1,26,15,0,52,4,1,0
217721,1727.0,59,1,0,84,3,0,1,1,2,8
217749,2639.0,55,0,3,2,7,0,72,2,9,5
217776,1085.0,65,0,1,19,5,0,68,3,4,1
217794,126.0,96,0,4,67,5,0,19,5,1,0
217819,9300.0,66,0,2,7,7,0,77,4,1,1
217828,38.0,97,0,0,47,0,0,53,0,0,0
217837,1465.0,72,2,1,45,3,0,45,4,1,0
217864,2858.0,14,0,2,7,7,0,75,5,2,1
217873,1969.0,71,1,0,92,1,0,1,0,1,2
217882,20868.0,49,0,3,6,6,0,80,4,0,1
217891,119.0,52,0,0,97,3,0,0,0,0,0
217907,954.0,57,1,0,29,2,0,54,3,5,5
217925,857.0,50,0,2,20,5,0,59,1,10,4
217934,979.0,87,0,1,40,7,0,36,3,13,0
217961,733.0,97,1,2,12,6,0,61,5,6,7
217989,491.0,67,0,0,75,1,0,19,1,4,0
217998,809.0,34,1,1,17,5,0,42,0,34,0
218025,3315.0,67,1,1,36,2,0,42,1,17,0
218061,3632.0,68,0,1,37,3,0,50,3,4,1
218070,2345.0,61,0,3,7,6,0,77,3,1,3
218113,10536.0,61,0,3,19,11,0,60,4,3,1
218140,6409.0,65,0,1,19,7,0,67,5,1,0
218159,126.0,94,0,0,35,2,0,63,0,0,0
218195,113.0,95,0,0,71,2,0,27,0,0,0
218229,3391.0,68,0,1,25,2,0,65,5,2,1
218238,1818.0,54,0,0,35,3,0,37,2,20,3
218335,318.0,86,1,4,10,5,0,74,5,2,0
218353,8794.0,63,0,2,35,7,0,46,5,5,0
218399,395.0,65,0,0,95,1,0,1,1,3,0
218414,1256.0,43,0,0,32,3,0,49,4,6,6
218441,1993.0,54,0,1,7,4,0,63,2,22,1
218487,2257.0,69,0,1,53,2,0,41,2,1,0
218520,4712.0,68,0,1,33,7,0,56,3,1,0
218539,1048.0,54,0,1,16,6,0,69,4,0,3
218645,3284.0,66,0,1,24,6,0,60,5,1,2
218654,1999.0,68,0,1,20,9,0,62,4,1,1
218663,27271.0,54,0,4,9,5,0,74,4,1,3
218672,1810.0,61,0,3,16,6,0,67,3,3,0
218681,878.0,63,0,1,31,4,0,55,4,3,1
218690,1387.0,59,0,3,20,5,0,56,3,10,1
218706,1071.0,55,0,1,17,5,0,71,3,2,0
218724,9500.0,56,0,1,18,6,0,66,4,3,1
218733,2020.0,57,0,0,93,0,0,3,1,1,0
218742,5519.0,67,0,4,31,7,0,50,4,2,1
218821,1051.0,52,0,1,39,10,0,44,5,0,0
218830,4108.0,60,0,4,19,10,0,60,4,1,0
218858,2885.0,69,0,1,40,4,0,52,2,1,0
218867,23.0,91,0,4,61,4,0,30,0,0,0
218885,5582.0,55,0,1,9,5,0,79,4,1,0
218894,11650.0,62,0,2,26,8,0,58,4,2,0
218919,368.0,61,0,0,97,0,0,1,0,0,2
218955,635.0,66,0,0,64,0,0,33,0,2,0
218964,4406.0,68,0,2,31,6,0,55,5,0,1
218973,1764.0,53,0,2,8,5,0,81,3,0,2
218991,4178.0,62,1,1,23,8,0,57,8,2,0
219000,1735.0,62,1,2,3,0,0,85,3,3,4
219037,48.0,98,8,0,2,2,0,81,6,0,0
219046,3413.0,63,3,1,1,5,0,82,4,3,2
219082,2740.0,38,1,2,3,4,0,83,3,3,2
219091,781.0,57,2,1,2,7,0,85,3,0,0
219125,77.0,96,14,1,1,4,1,70,8,0,0
219143,2217.0,49,3,1,1,2,0,89,0,4,0
219170,24.0,96,0,0,0,8,0,88,0,0,4
219189,1162.0,36,3,2,1,4,0,88,2,1,0
219198,987.0,52,3,1,6,7,0,77,2,1,4
219204,1108.0,57,2,2,22,26,0,35,3,9,0
219240,16.0,56,0,0,0,0,0,100,0,0,0
219259,2968.0,60,2,2,2,3,0,85,3,1,2
219277,1222.0,73,96,0,0,1,0,3,0,0,0
219295,598.0,63,3,2,11,10,0,66,5,2,1
219338,16.0,94,0,0,6,6,0,88,0,0,0
219347,2146.0,25,1,2,1,5,0,83,4,1,2
219356,9976.0,54,1,1,2,3,0,87,2,1,3
219374,375.0,73,94,0,0,0,0,6,0,0,0
219383,1354.0,64,1,1,4,2,0,83,6,1,0
219392,27.0,70,0,7,0,4,4,85,0,0,0
219408,125.0,64,90,0,4,1,0,5,0,0,0
219426,2330.0,57,3,3,5,4,0,82,1,3,0
219453,133.0,99,2,3,5,8,0,82,0,1,0
219471,7103.0,65,1,1,3,4,0,83,4,2,2
219480,1324.0,62,7,2,2,5,0,77,5,2,0
219505,55.0,33,0,0,96,0,0,0,0,0,4
219587,73.0,100,0,0,3,8,0,86,3,0,0
219596,177.0,35,1,1,3,3,0,90,2,0,0
219602,9087.0,61,0,2,20,9,0,58,7,3,1
219639,871.0,91,0,2,44,5,0,45,1,4,0
219709,6631.0,66,0,2,5,7,0,79,4,1,1
219718,3457.0,55,1,1,29,4,0,54,6,3,2
219790,1195.0,55,0,1,5,3,0,85,3,2,2
219806,1722.0,59,1,1,9,6,0,76,3,2,3
219824,7452.0,62,0,2,13,9,0,71,4,0,0
219833,1548.0,55,1,3,21,7,0,29,7,27,3
219842,106.0,54,0,0,12,31,0,14,0,39,4
219851,110.0,97,0,0,44,5,0,48,3,0,0
219879,3074.0,60,0,1,6,7,0,84,1,1,0
219888,5931.0,62,0,2,7,8,0,78,3,1,0
219903,1367.0,92,1,1,52,3,0,8,0,35,0
219921,333.0,43,0,0,29,2,0,64,5,1,1
219949,2397.0,59,1,2,10,5,0,60,0,19,3
219976,2997.0,61,0,3,7,9,0,72,3,3,3
219994,798.0,39,0,1,11,7,0,75,5,1,0
220002,204.0,80,0,0,50,5,0,31,7,3,3
220057,2650.0,72,0,0,17,4,0,74,2,1,0
220075,10705.0,60,0,1,7,4,0,79,4,4,1
220118,252.0,98,0,0,31,6,1,62,0,0,0
220127,468.0,46,0,0,7,4,0,84,1,1,1
220163,43.0,95,0,0,16,5,0,79,0,0,0
220181,879.0,67,0,0,80,1,0,0,1,7,10
220206,335.0,57,0,1,7,4,0,81,4,0,2
220215,1727.0,57,1,1,4,0,0,85,1,8,1
220251,394.0,44,0,0,3,5,0,86,4,1,1
220279,607.0,30,0,0,5,3,0,69,3,20,0
220321,528.0,44,1,1,6,5,0,82,4,2,0
220394,318.0,41,1,0,1,1,0,94,2,1,0
220400,4203.0,69,0,1,18,4,0,66,3,8,0
220464,167.0,58,1,1,12,3,0,82,1,0,0
220473,720.0,51,0,0,4,2,0,84,3,3,3
220491,231.0,97,0,2,30,7,0,55,1,4,0
220516,1435.0,64,1,1,4,0,0,82,2,7,2
220552,4175.0,83,0,3,27,3,0,63,2,2,0
220598,1095.0,50,0,0,83,1,0,0,1,15,0
220604,654.0,69,0,0,98,1,0,0,0,0,2
220613,4670.0,62,0,1,4,1,0,74,4,13,2
220631,1817.0,72,1,1,6,0,0,83,0,4,4
220640,1254.0,41,0,1,2,9,0,75,4,8,1
220701,791.0,59,1,0,10,5,0,73,4,4,3
220710,1072.0,57,1,1,9,6,0,75,4,2,3
220756,118.0,16,0,0,3,2,0,92,2,2,0
220765,340.0,81,0,1,60,6,0,33,0,1,0
220853,1444.0,40,0,3,54,4,0,32,3,3,1
220862,17383.0,61,0,4,35,7,0,46,4,2,1
220978,19188.0,54,0,4,18,7,0,65,4,1,2
221050,681.0,26,0,0,2,5,0,87,3,0,2
221096,6616.0,63,0,2,10,10,0,72,3,3,0
221102,508.0,35,1,3,19,9,0,63,5,1,0
221148,1638.0,6,0,1,32,8,0,56,1,1,0
221184,7064.0,64,0,4,27,9,0,53,4,2,0
221236,477.0,26,0,0,13,5,0,74,3,4,0
221281,243.0,45,0,0,9,3,0,82,3,1,0
221333,576.0,21,0,0,6,3,0,84,5,1,0
221351,1840.0,60,0,7,10,6,0,64,5,1,6
221388,219.0,62,1,0,44,1,0,47,5,2,0
221397,5172.0,67,0,1,2,4,0,87,3,2,0
221430,839.0,28,0,0,3,3,0,86,3,4,1
221485,7371.0,67,0,2,60,7,0,26,3,0,1
221494,468.0,21,0,1,9,8,0,76,2,3,1
221519,1716.0,53,0,1,4,6,0,81,3,0,4
221582,288.0,31,1,0,0,3,0,94,1,1,0
221591,494.0,32,0,0,1,3,0,89,3,2,1
221607,269.0,24,0,0,2,5,0,90,1,0,0
221616,562.0,26,0,1,20,6,0,66,4,4,0
221625,893.0,44,0,1,10,5,0,72,3,8,0
221634,280.0,32,0,0,44,5,0,45,3,3,1
221643,9334.0,54,0,2,6,6,0,80,4,1,1
221661,2384.0,56,0,13,8,25,1,41,7,0,6
221731,990.0,62,0,1,10,5,0,72,3,3,5
221740,10341.0,58,0,3,10,6,0,75,2,3,1
221759,24254.0,53,0,4,6,5,0,79,4,1,1
221768,6395.0,61,0,1,13,3,0,79,3,0,1
221829,290.0,97,0,1,2,3,1,93,0,0,0
221838,6000.0,64,0,1,82,2,0,11,2,1,1
221847,8778.0,46,0,2,4,4,0,83,4,1,2
221892,2103.0,61,0,1,12,11,0,60,4,2,9
221908,5397.0,56,0,1,3,4,0,88,3,1,0
221953,1353.0,58,1,0,10,3,0,64,2,16,5
221971,2096.0,66,1,2,17,1,0,70,0,6,2
221999,7057.0,51,0,16,11,10,0,42,6,5,9
222053,8832.0,64,0,1,9,7,0,76,3,3,0
222062,5742.0,65,0,1,2,5,0,88,3,0,0
222105,378.0,5,0,1,48,7,0,37,1,5,0
222178,3494.0,62,0,1,9,20,0,61,4,0,3
222567,5737.0,60,1,8,16,37,0,36,0,1,1
222576,9079.0,66,1,3,5,44,0,43,3,1,0
222628,186.0,62,2,5,28,8,1,35,0,1,20
222822,4195.0,66,1,1,13,29,0,52,3,1,1
222831,9107.0,60,0,2,5,39,0,49,4,0,1
222877,158.0,39,2,1,41,13,1,42,0,0,1
222886,344.0,92,0,1,35,31,0,33,0,0,0
222938,511.0,55,1,3,34,31,0,21,1,4,5
222983,1285.0,53,1,13,9,24,0,49,3,0,2
222992,39896.0,60,0,6,8,38,0,42,4,1,1
223056,45.0,93,0,0,4,44,0,49,0,2,0
223083,567.0,85,0,3,5,26,0,25,38,3,0
223117,49.0,16,0,2,24,14,0,57,0,2,0
223232,14399.0,60,0,8,5,16,0,61,5,1,4
223320,4105.0,63,0,1,2,75,0,19,0,1,0
223427,18220.0,53,1,2,8,24,0,59,4,2,0
223463,628.0,76,2,2,43,35,0,15,3,0,0
223472,202.0,90,0,0,10,49,0,31,6,3,0
223506,3852.0,56,0,1,6,44,0,44,3,2,0
223816,10173.0,59,1,4,25,29,1,31,7,3,0
223852,18.0,94,0,0,11,33,0,50,6,0,0
223898,3256.0,64,0,1,8,29,1,57,4,0,0
223922,1334.0,58,1,1,6,23,0,51,0,18,1
224004,1740.0,68,1,5,13,34,0,41,3,4,0
224013,29.0,97,0,0,0,28,0,69,3,0,0
224110,8223.0,59,1,4,8,24,0,56,4,1,2
224147,8483.0,61,0,3,4,52,0,36,2,1,2
224156,314.0,97,0,1,24,26,0,41,6,1,0
224226,2844.0,58,0,2,9,17,0,58,2,5,6
224244,246.0,44,1,1,25,13,0,33,10,17,0
224271,364.0,71,2,1,22,14,0,54,6,0,0
224323,1447.0,55,0,6,2,25,0,59,3,2,3
224350,10678.0,60,0,2,2,70,0,22,1,1,1
224527,1565.0,54,1,1,20,13,0,60,2,1,1
224545,1801.0,63,1,1,19,16,0,51,4,2,5
224554,8349.0,59,1,2,20,23,0,41,7,1,5
224615,74781.0,61,0,8,21,48,0,17,2,4,0
224642,26034.0,60,0,1,2,84,0,6,0,5,1
224660,579.0,44,1,1,8,65,0,17,8,0,0
224679,1324.0,15,1,0,4,76,0,12,6,0,0
224758,39.0,97,0,3,5,51,0,41,0,0,0
224776,491.0,53,1,4,30,21,1,32,1,8,2
224828,76.0,95,0,8,13,14,0,59,3,3,0
224891,1575.0,56,3,1,3,37,0,50,0,6,0
224961,2060.0,63,0,3,15,42,0,35,2,2,0
225070,4066.0,63,4,2,9,15,0,68,0,1,1
225201,929.0,34,1,3,12,45,1,30,5,4,0
225247,1618.0,52,1,1,12,24,0,54,4,1,3
225308,5600.0,62,1,1,12,25,0,55,2,5,1
225371,4038.0,61,1,1,4,28,0,60,4,2,0
225399,2733.0,67,0,9,20,37,0,22,4,3,5
225414,6582.0,63,0,8,7,45,0,35,3,1,1
225423,48329.0,62,0,11,27,36,0,13,2,2,9
225432,13663.0,63,0,9,18,52,0,13,2,1,5
225502,3513.0,65,0,6,14,43,0,30,3,1,2
225511,39165.0,51,0,23,10,37,0,21,3,2,4
225520,3674.0,64,0,1,3,49,0,43,2,0,1
225548,981.0,49,1,0,9,26,0,53,4,7,0
225575,1045.0,61,0,1,67,26,0,4,1,0,1
225627,5081.0,62,0,3,8,59,0,18,2,6,3
225876,482.0,56,1,1,15,40,0,28,4,10,1
225885,719.0,58,6,0,67,15,0,2,1,7,1
225991,71.0,55,0,3,42,21,1,24,1,6,1
226019,5100.0,59,0,1,20,23,0,49,4,1,2
226091,8588.0,60,0,5,25,22,0,41,3,3,1
226107,2382.0,68,0,2,18,9,0,71,0,0,0
226116,2485.0,65,0,6,31,34,0,27,1,1,0
226125,95.0,87,0,0,0,100,0,0,0,0,0
226134,9292.0,60,0,0,0,97,0,1,0,1,0
226152,7084.0,61,0,0,1,95,0,2,0,0,1
226204,7487.0,52,0,2,14,45,0,34,3,2,0
226231,2853.0,45,1,1,6,8,0,43,3,37,2
226277,1455.0,7,1,1,18,40,0,31,2,8,0
226383,1382.0,62,1,1,4,22,0,65,1,4,2
226408,4335.0,62,0,3,15,32,0,43,3,3,0
226471,3379.0,67,1,2,13,23,0,54,3,3,1
226578,7742.0,68,0,2,12,34,0,46,4,1,0
226587,1087.0,50,1,0,16,30,0,47,3,1,2
226675,353.0,86,1,3,5,36,0,43,2,11,0
226806,4737.0,61,0,2,6,51,0,32,2,5,2
226833,5141.0,63,1,3,15,22,0,47,4,1,8
226860,43.0,95,0,0,0,47,0,53,0,0,0
226879,180.0,83,1,3,34,14,1,35,5,7,0
226903,987.0,59,1,2,20,43,1,31,3,0,0
227058,104.0,98,1,6,39,37,0,11,0,0,7
227146,7139.0,63,0,1,17,17,0,58,4,2,1
227182,70109.0,61,0,7,13,40,0,30,4,2,4
227216,32814.0,53,0,7,14,27,0,41,5,1,5
227225,2758.0,64,1,1,10,34,0,50,2,0,2
227298,157.0,6,1,0,17,34,0,43,5,0,0
227304,7019.0,60,0,1,5,66,0,24,0,2,1
227313,260.0,100,2,2,52,25,1,12,7,0,0
227322,318.0,98,1,2,20,31,0,41,5,1,0
227331,1294.0,69,0,0,6,79,0,8,0,5,2
227368,26762.0,59,0,1,0,93,0,2,0,1,2
227377,8777.0,59,0,0,0,95,0,3,0,1,0
227386,2513.0,65,0,1,19,17,0,60,2,0,1
227401,4421.0,63,1,1,9,21,0,63,3,1,0
227429,468.0,57,0,0,75,22,0,1,0,0,1
227526,8372.0,67,0,1,85,8,0,1,2,0,1
227687,2200.0,59,0,1,4,30,0,60,3,1,2
227748,237.0,8,0,11,20,35,2,28,5,0,0
227757,4076.0,48,0,27,8,16,0,31,5,1,12
227845,3014.0,63,0,3,4,49,0,34,3,1,5
227854,12696.0,59,0,2,9,59,0,22,4,3,0
227863,2411.0,61,0,12,9,49,0,20,2,3,6
227881,18811.0,63,1,2,18,26,0,48,3,2,1
227924,19231.0,63,0,3,7,64,0,22,3,0,0
227979,31110.0,61,0,5,9,62,0,20,2,1,1
228042,1145.0,54,1,1,4,34,0,55,3,0,1
228088,31.0,100,0,3,0,55,0,39,3,0,0
228149,2139.0,57,0,3,3,69,0,15,1,4,5
228158,8880.0,60,1,1,6,49,0,42,0,0,1
228185,4.0,25,0,0,0,100,0,0,0,0,0
228200,282.0,51,0,0,0,95,0,4,0,0,0
228219,300.0,75,0,0,0,73,0,26,0,0,0
228246,6827.0,49,0,8,5,13,0,64,4,1,6
228282,25.0,92,0,0,36,48,0,16,0,0,0
228316,6480.0,60,0,0,0,87,0,10,1,1,0
228325,1632.0,52,4,1,13,20,0,53,6,0,1
228343,1506.0,55,0,4,5,25,0,59,4,1,1
228431,10987.0,64,1,1,14,20,0,58,4,1,1
228459,33193.0,59,0,3,10,41,0,42,4,0,0
228468,745.0,61,0,5,13,44,1,25,5,3,5
228486,84.0,42,0,0,95,2,0,2,0,0,0
228501,1789.0,62,1,0,5,69,0,21,3,2,0
228529,11893.0,63,0,1,8,22,0,63,4,0,1
228547,43000.0,61,0,7,17,35,0,34,4,4,1
228608,4940.0,68,0,2,16,31,0,46,1,3,0
228644,804.0,71,0,9,4,51,0,30,2,1,2
228653,708.0,83,0,21,7,26,0,40,3,1,1
228699,3810.0,64,1,1,21,8,0,61,5,1,1
228705,5675.0,51,0,1,5,75,0,15,1,0,3
228723,55568.0,47,0,9,2,25,0,58,3,0,1
228769,35064.0,62,0,13,15,31,0,31,4,2,4
228778,40048.0,56,0,23,4,26,0,37,4,1,4
228787,21187.0,44,0,37,5,18,0,28,4,2,4
228796,21117.0,56,0,1,2,86,0,5,1,1,4
228802,7237.0,60,0,4,10,24,0,54,4,1,3
228875,9704.0,59,0,3,5,16,0,67,3,1,4
228884,764.0,48,1,0,82,10,0,2,2,0,3
228981,1455.0,55,0,1,8,41,0,46,2,1,0
229018,4496.0,59,0,2,7,51,0,34,3,1,2
229027,29959.0,51,0,6,8,59,0,21,4,1,1
229063,5298.0,64,0,2,83,8,0,1,3,0,3
229115,33174.0,49,0,3,6,30,0,54,4,1,2
229160,1406.0,54,0,1,17,35,0,27,5,2,11
229179,10664.0,87,0,9,17,32,0,36,4,1,2
229267,2504.0,52,0,8,4,21,0,56,5,1,4
229300,687.0,87,0,26,14,25,0,27,3,2,2
229337,1393.0,86,2,6,9,27,0,55,0,1,0
229355,11749.0,64,0,2,17,26,0,49,4,2,1
229416,1602.0,5,0,1,7,27,0,13,5,47,0
229425,155.0,99,0,0,0,100,0,0,0,0,0
229504,2773.0,66,1,2,8,26,0,58,4,0,0
229522,110.0,89,0,2,11,61,0,25,2,0,0
229540,3274.0,68,0,2,6,50,0,40,2,1,0
229656,218.0,97,0,0,2,91,0,4,1,2,0
229780,3015.0,52,1,3,16,35,3,33,4,3,2
229799,5480.0,66,1,1,2,20,0,71,3,1,0
229814,7326.0,58,0,2,5,32,0,55,3,1,1
229832,1442.0,54,0,2,4,39,0,50,2,0,3
229841,6099.0,59,0,14,11,43,0,30,1,0,0
229887,615.0,57,0,0,90,2,0,4,0,0,3
230010,1469.0,42,1,1,1,11,0,80,2,5,0
230038,33376.0,51,0,2,0,7,1,81,4,1,3
230047,3180.0,62,0,3,0,5,6,27,13,1,44
230056,268.0,68,1,3,2,7,1,75,3,7,1
230065,205.0,97,0,3,1,41,1,49,0,2,1
230144,55.0,96,0,0,2,15,0,53,0,31,0
230162,3814.0,37,1,1,1,12,1,78,2,5,0
230171,11988.0,58,1,1,2,12,1,77,4,1,1
230199,49.0,92,2,0,0,2,2,94,0,0,0
230205,98.0,90,1,0,0,7,0,92,0,0,0
230214,303.0,86,0,2,2,20,2,57,2,13,2
230366,254.0,91,2,5,6,15,4,64,2,4,0
230418,1829.0,46,0,2,0,18,1,42,3,2,32
230490,2583.0,45,1,1,2,27,0,67,2,0,0
230597,5800.0,56,1,1,1,7,2,81,2,3,2
230603,11249.0,60,1,1,2,7,1,74,1,10,4
230621,127.0,70,2,2,1,24,1,52,16,2,0
230676,1109.0,31,5,0,0,7,0,87,0,0,0
230728,24647.0,55,2,1,1,6,0,83,2,4,1
230737,40311.0,49,0,1,1,12,1,79,4,1,1
230746,27293.0,56,1,4,2,19,1,66,4,2,1
230764,24643.0,48,0,6,1,14,0,65,6,2,5
230782,28685.0,57,0,2,1,11,1,75,4,5,1
230807,1426.0,61,0,2,3,12,0,70,5,4,4
230816,697.0,66,0,1,3,11,0,60,3,3,18
230834,1744.0,57,0,2,5,3,0,82,2,4,3
230852,3512.0,40,0,4,6,9,0,70,4,7,0
230861,5102.0,70,1,1,2,3,0,82,5,3,2
230889,155.0,72,5,1,6,1,0,35,9,44,0
230913,1706.0,61,0,1,3,5,0,76,4,11,1
230959,2580.0,53,0,8,4,11,0,60,6,1,10
230977,22.0,36,0,0,32,5,0,64,0,0,0
230995,3236.0,26,1,3,5,10,0,68,4,5,3
231004,56.0,86,2,4,0,0,0,88,7,0,0
231059,1537.0,53,0,2,2,6,0,82,2,2,4
231068,57.0,82,0,9,2,7,0,51,7,9,16
231095,139.0,57,0,4,1,2,0,71,2,14,5
231165,1516.0,51,0,2,3,3,0,84,4,3,2
231174,11136.0,61,0,3,1,5,0,82,3,3,3
231280,132.0,96,0,0,14,2,0,80,2,2,0
231411,461.0,9,0,3,31,8,1,49,2,6,0
231420,887.0,45,1,1,28,4,0,54,5,0,7
231536,3462.0,61,0,2,5,13,0,69,3,6,1
231554,851.0,53,0,0,16,3,0,54,4,21,2
231581,1552.0,55,0,1,15,8,0,64,7,3,2
231624,6236.0,59,0,9,7,9,0,59,6,5,5
231651,4533.0,62,0,2,26,9,0,51,5,6,0
231688,28.0,100,0,0,71,4,0,25,0,0,0
231697,3370.0,58,1,2,18,4,0,67,5,2,0
231712,4758.0,55,0,4,7,7,0,76,6,1,0
231721,12.0,83,0,0,92,0,8,0,0,0,0
231785,1515.0,81,1,3,61,5,0,25,5,1,0
231873,1075.0,58,0,1,4,3,0,86,4,2,0
231882,2411.0,58,0,1,28,6,0,60,4,1,0
232016,99.0,80,1,2,57,8,1,17,12,2,0
232025,956.0,52,0,0,10,4,0,78,4,3,0
232043,896.0,60,0,3,8,8,0,67,6,5,3
232052,677.0,61,1,1,28,12,1,48,3,6,0
232089,962.0,42,0,1,31,7,0,50,7,2,1
232186,27104.0,49,0,22,11,16,0,37,5,3,5
232195,7679.0,63,0,3,15,12,0,58,7,3,0
232256,881.0,0,0,0,7,5,0,82,3,2,0
232265,3063.0,66,0,0,95,1,0,1,0,1,1
232308,687.0,100,0,2,11,7,0,60,8,2,9
232414,7759.0,62,0,6,28,8,0,49,4,2,1
232423,19727.0,58,0,5,5,7,0,75,5,2,1
232450,9440.0,59,0,4,20,10,0,57,5,3,1
232557,47988.0,57,0,2,10,7,0,56,3,21,1
232566,3940.0,69,0,2,11,6,0,72,5,3,2
232575,6337.0,63,0,2,5,12,0,72,4,4,0
232609,1822.0,61,0,1,11,7,0,74,3,2,1
232618,314.0,90,0,0,3,0,0,39,0,58,0
232672,1477.0,80,0,2,23,8,0,52,5,9,1
232681,3993.0,65,0,4,8,11,0,68,5,3,1
232706,2041.0,65,0,7,16,25,0,31,5,3,14
232724,13.0,85,0,0,8,0,0,92,0,0,0
232788,2253.0,63,0,0,1,1,0,93,2,2,0
232797,810.0,89,1,1,30,3,0,25,6,34,0
232867,4137.0,51,0,3,4,3,0,82,3,3,1
232885,275.0,91,0,9,8,5,0,68,7,2,0
232919,436.0,13,0,1,55,5,1,30,8,0,0
232937,4992.0,68,0,0,84,4,0,3,6,2,0
232946,52873.0,54,0,16,15,21,0,36,5,4,3
232982,19622.0,56,0,5,32,9,0,44,6,2,1
233019,2050.0,59,0,1,20,10,0,62,4,2,1
233037,1237.0,66,0,1,32,4,0,54,5,3,0
233082,115.0,91,0,1,19,3,0,57,1,19,0
233116,4864.0,60,0,4,11,8,0,65,5,5,1
233277,7307.0,62,0,2,18,7,0,63,6,3,1
233286,138.0,91,1,1,36,4,0,59,0,0,0
233295,1554.0,55,0,1,9,6,0,76,5,1,2
233301,508.0,61,0,2,19,10,0,58,7,1,3
233310,2629.0,67,1,1,17,6,0,67,6,2,0
233329,454.0,91,1,2,68,4,0,18,5,2,0
233338,2218.0,61,0,6,25,6,0,43,1,17,1
233356,456.0,93,0,6,14,1,0,74,5,0,0
233374,3323.0,53,0,7,7,10,0,60,4,3,8
233408,303.0,89,0,5,15,5,0,67,7,1,0
233426,1920.0,57,0,2,5,5,0,82,4,0,2
233480,29.0,79,0,3,14,3,0,69,10,0,0
233541,2267.0,60,2,3,11,1,0,64,1,17,1
233602,61.0,46,0,0,2,11,0,85,0,0,2
233611,1140.0,48,0,1,4,4,4,77,5,4,1
233639,3123.0,67,0,1,35,5,0,52,4,2,0
233648,2295.0,66,0,1,2,1,0,92,3,1,0
233666,30.0,93,0,0,7,7,0,77,10,0,0
233684,3819.0,68,0,3,55,8,0,26,4,2,1
233718,356.0,100,0,3,11,4,0,72,1,7,2
233754,6256.0,61,0,4,29,9,0,47,7,3,0
233772,16769.0,61,0,5,28,9,1,48,7,2,1
233897,1905.0,62,0,1,12,2,0,69,1,15,0
233903,2086.0,62,0,1,2,3,0,90,2,1,0
233921,30020.0,43,0,11,5,8,0,63,5,3,6
233949,5738.0,60,0,4,10,5,0,75,4,2,0
234030,21943.0,62,0,14,20,11,0,43,8,2,2
234076,17310.0,56,0,16,7,7,0,56,5,5,4
234085,1698.0,13,0,5,6,8,1,75,3,0,2
234119,8.0,100,0,0,100,0,0,0,0,0,0
234137,122.0,32,0,0,99,1,0,0,0,0,0
234155,3659.0,60,0,0,95,0,0,3,0,1,1
234164,1209.0,53,0,0,89,2,0,1,0,6,1
234173,1274.0,59,1,2,24,10,0,53,6,2,1
234207,1822.0,51,0,4,3,6,0,77,4,1,4
234377,2244.0,65,0,0,3,4,0,88,2,1,0
234669,12286.0,56,1,18,4,10,0,41,10,10,6
234696,1848.0,55,1,4,1,13,0,63,9,10,0
234711,1892.0,57,1,1,1,41,0,47,5,4,0
234827,10518.0,54,1,5,4,18,1,52,9,8,3
234845,2314.0,62,1,1,2,14,0,64,7,10,0
234915,991.0,54,1,6,6,8,1,33,4,39,3
234924,298.0,88,0,0,1,25,0,21,14,38,0
234933,7665.0,61,0,6,2,12,1,66,6,6,1
234951,3591.0,67,1,7,11,11,2,49,10,8,1
234979,6745.0,56,1,2,1,41,0,47,5,3,0
235024,482.0,67,1,6,4,10,0,60,10,5,3
235088,229.0,3,0,1,6,5,0,73,11,3,0
235097,10036.0,56,1,3,3,18,1,51,7,14,2
235103,6545.0,57,1,14,8,11,1,41,8,9,9
235149,7580.0,59,1,8,3,13,0,53,8,10,3
235158,103.0,83,6,8,3,19,0,55,8,1,0
235167,2080.0,61,4,3,5,12,0,62,6,6,0
235237,8329.0,64,0,8,8,16,2,49,11,4,2
235307,84.0,93,6,2,4,6,0,79,1,2,0
235316,4852.0,53,0,6,1,11,0,70,7,2,1
235334,1553.0,54,2,2,4,14,1,63,11,5,0
235343,7493.0,52,1,12,6,12,1,39,11,7,11
235352,48.0,73,0,6,8,13,2,71,0,0,0
235422,812.0,75,10,1,1,67,0,13,1,7,0
235431,5829.0,62,0,17,15,16,2,24,12,10,4
235501,107.0,46,3,1,24,6,3,33,0,31,0
235547,109.0,77,1,10,2,3,3,65,6,10,1
235583,120.0,95,2,6,4,14,1,57,13,3,1
235671,3369.0,43,1,3,5,11,1,50,5,24,0
235699,3319.0,60,0,11,3,11,0,46,7,19,3
235750,2325.0,71,1,3,2,10,0,75,6,3,1
236018,53.0,92,0,4,38,9,6,32,11,0,0
236072,5240.0,61,0,9,8,10,0,43,10,17,4
236133,838.0,68,1,5,3,8,1,55,7,15,5
236188,5357.0,57,1,6,3,10,1,63,10,5,1
236212,881.0,17,1,1,0,52,1,40,3,1,1
236230,2544.0,64,0,11,4,14,1,56,11,2,1
236258,1727.0,61,4,2,3,10,0,60,7,11,3
236328,1898.0,59,0,8,2,10,1,66,9,3,1
236382,3214.0,33,0,10,10,10,0,22,5,42,1
236452,1394.0,56,1,10,7,18,5,44,11,3,3
236504,5324.0,33,1,9,8,7,1,35,8,26,4
236513,5763.0,60,0,15,13,9,0,29,10,12,11
236577,2702.0,67,0,14,7,15,1,46,9,3,5
236595,4244.0,60,0,21,3,13,1,39,9,3,10
236610,5382.0,60,0,11,6,9,0,41,11,8,12
236638,4227.0,55,1,3,2,21,1,62,7,3,1
236656,4665.0,60,1,6,3,12,1,55,14,6,2
236692,7081.0,58,1,2,2,8,0,59,5,22,1
236708,4189.0,60,1,2,2,10,0,66,7,9,3
236744,45.0,98,0,0,0,13,0,87,0,0,0
236753,5823.0,66,1,8,7,14,1,49,10,8,3
236887,2940.0,51,1,2,5,23,0,56,6,6,0
236896,1545.0,49,0,6,2,19,0,55,9,2,6
236939,25470.0,55,0,6,3,16,0,60,7,2,4
236948,32244.0,55,0,26,3,9,0,35,8,4,15
236975,3090.0,62,2,1,0,39,0,47,5,5,0
237011,14194.0,57,0,6,2,11,0,69,9,2,1
237039,2719.0,56,1,6,1,12,0,58,7,8,6
237057,1360.0,58,0,7,3,9,0,60,7,4,10
237066,2368.0,60,1,5,2,13,2,64,9,1,4
237109,3954.0,71,1,1,1,56,0,32,4,4,0
237118,766.0,44,1,1,31,8,0,53,1,0,4
237127,54.0,96,0,0,2,0,0,98,0,0,0
237136,221.0,53,1,2,2,0,0,91,0,0,4
237145,27.0,96,0,0,4,0,0,93,4,0,0
237172,29.0,31,0,0,0,3,0,97,0,0,0
237181,569.0,44,0,1,22,5,1,55,6,8,3
237215,1243.0,65,0,0,10,1,0,84,4,1,0
237242,108.0,39,0,0,7,0,0,93,0,0,0
237303,62.0,71,0,2,13,2,0,69,15,0,0
237312,2115.0,42,2,1,10,4,0,53,0,24,6
237321,47.0,89,0,0,0,0,0,96,0,4,0
237330,1463.0,59,0,1,7,1,0,79,5,3,5
237358,738.0,59,0,1,3,2,0,31,0,59,3
237367,3573.0,59,0,0,4,2,0,88,3,1,2
237385,1583.0,46,1,1,13,2,0,79,0,3,1
237437,212.0,82,1,0,13,0,0,80,6,0,0
237473,107.0,37,1,1,6,6,1,85,0,1,0
237491,24.0,88,0,0,4,0,0,92,4,0,0
237525,8771.0,58,0,1,5,2,0,83,3,4,1
237543,87.0,76,0,0,7,0,0,89,5,0,0
237552,48.0,83,2,0,2,0,0,96,0,0,0
237561,79.0,77,0,0,4,0,0,96,0,0,0
237570,82.0,94,0,2,9,0,0,84,2,2,0
237598,23.0,96,0,0,0,0,4,96,0,0,0
237640,253.0,44,1,1,5,8,0,49,2,12,22
237686,2624.0,64,0,1,1,1,0,90,4,2,0
237701,1193.0,56,0,1,7,3,0,81,5,2,0
237729,180.0,63,0,1,8,0,0,89,2,1,0
237783,809.0,54,0,0,22,8,0,40,1,14,14
237792,2716.0,59,0,2,7,6,0,75,5,3,1
237817,1474.0,68,0,0,1,0,0,98,1,0,0
237844,76.0,68,0,0,3,0,1,96,0,0,0
237899,3502.0,58,0,1,9,2,0,73,4,5,6
237905,57.0,82,0,0,0,0,0,98,0,2,0
237932,2125.0,64,0,1,4,1,0,78,1,13,2
237950,1645.0,52,0,1,4,3,0,79,5,3,4
237969,979.0,54,0,1,12,4,0,73,4,2,5
237987,218.0,89,0,0,14,0,0,85,1,0,0
237996,622.0,86,0,0,5,1,0,92,1,0,0
238005,85.0,88,0,7,40,7,0,46,0,0,0
238014,1253.0,68,0,0,2,2,0,91,3,1,1
238032,20495.0,51,0,2,4,4,0,82,4,1,4
238078,582.0,42,1,2,24,6,0,55,0,8,5
238096,28.0,89,0,0,0,0,0,93,7,0,0
238175,113.0,97,2,4,7,17,0,64,7,0,0
238193,1099.0,97,0,6,14,33,0,42,4,0,1
238263,13021.0,58,0,5,7,12,0,67,5,3,1
238324,471.0,89,1,1,0,2,0,90,1,4,0
238333,978.0,54,0,3,9,17,0,49,3,3,15
238397,2232.0,66,0,1,6,12,0,73,3,3,1
238430,1068.0,70,0,2,13,14,0,26,2,27,16
238458,2957.0,69,0,4,2,9,0,78,3,3,1
238476,2637.0,56,0,2,5,15,0,69,4,4,1
238616,3094.0,63,1,2,8,6,0,71,3,4,4
238661,1294.0,71,0,3,4,12,0,74,3,3,1
238722,11711.0,47,1,4,3,5,0,78,1,8,1
238759,7839.0,57,0,1,9,20,0,64,3,2,0
238810,31.0,97,0,0,13,3,0,81,0,3,0
238980,2112.0,60,1,5,6,6,0,71,2,8,2
239008,2420.0,54,0,8,2,7,0,77,2,3,0
239017,1430.0,55,0,6,6,11,0,59,4,0,12
239071,716.0,58,0,3,2,5,0,83,3,2,2
239080,1290.0,69,1,2,6,9,0,73,2,3,4
239105,8024.0,55,0,7,4,15,0,69,3,1,2
239220,2648.0,56,1,2,1,5,0,85,1,4,0
239248,12618.0,59,0,6,28,18,0,37,4,6,0
239309,925.0,73,1,5,6,17,0,64,6,0,0
239318,2510.0,28,0,5,2,8,0,72,3,7,3
239372,3414.0,60,1,1,3,6,0,85,2,2,1
239390,639.0,100,0,8,17,26,0,35,3,10,1
239442,1240.0,64,6,1,0,4,0,86,3,0,0
239460,5939.0,59,1,5,1,4,0,83,2,4,0
239488,10325.0,60,2,4,4,10,0,78,2,0,0
239512,570.0,54,3,2,4,7,0,67,5,6,7
239628,816.0,53,0,2,3,10,0,79,3,1,2
239716,1867.0,59,1,1,1,5,0,88,2,1,1
239877,34.0,91,6,3,0,12,0,79,0,0,0
239910,2581.0,62,1,1,2,2,0,90,4,1,0
240107,1736.0,75,0,2,7,5,0,79,3,2,2
240116,7367.0,56,1,4,2,3,0,84,2,5,0
240125,6952.0,50,0,3,6,9,0,73,3,5,0
240170,3855.0,55,1,4,2,5,0,80,3,4,0
240189,10423.0,49,0,2,4,8,0,82,3,0,1
240198,2818.0,64,4,1,1,2,0,88,2,1,0
240268,10310.0,62,0,3,1,4,0,86,3,0,2
240277,8498.0,67,1,5,2,7,0,81,3,0,1
240329,9562.0,57,0,2,1,4,0,89,3,0,0
240338,1034.0,55,0,1,5,8,0,76,3,6,0
240365,14068.0,60,0,4,2,6,0,82,3,1,1
240374,3791.0,56,0,4,7,20,0,62,5,0,1
240392,1647.0,85,1,2,29,9,0,51,3,5,0
240417,6889.0,42,0,4,2,4,0,87,3,0,1
240426,2165.0,64,2,1,2,4,0,82,2,0,7
240444,32688.0,52,0,8,2,6,0,68,4,3,9
240453,20056.0,54,0,7,7,13,0,66,4,0,2
240462,6892.0,36,0,1,1,5,0,89,2,0,1
240471,5421.0,65,0,3,1,4,0,89,3,0,1
240480,7698.0,56,0,3,2,5,0,85,3,1,1
240505,3551.0,59,1,1,1,9,0,79,2,5,1
240514,1755.0,59,9,1,1,12,0,62,3,10,0
240596,1430.0,59,1,0,1,9,0,85,1,0,2
240620,3838.0,62,1,1,2,15,0,62,4,15,0
240657,1438.0,60,1,0,2,8,0,83,2,1,3
240666,3741.0,48,1,0,0,9,0,85,3,0,0
240693,2776.0,56,0,1,1,13,0,78,3,2,2
240709,14.0,93,0,0,0,29,0,71,0,0,0
240718,585.0,4,2,1,1,16,2,77,0,1,0
240727,9342.0,52,1,1,1,6,0,76,4,8,2
240736,1081.0,68,0,0,0,0,91,0,0,0,9
240745,1716.0,57,0,46,1,0,49,2,0,1,0
240754,3118.0,59,0,48,0,1,45,2,0,3,1
240790,1255.0,65,0,44,0,2,37,1,7,0,8
240879,157.0,80,0,0,0,100,0,0,0,0,0
240985,99.0,74,0,0,0,100,0,0,0,0,0
241100,281.0,53,0,0,0,100,0,0,0,0,0
241128,349.0,59,0,0,0,100,0,0,0,0,0
241146,288.0,72,0,0,0,100,0,0,0,0,0
241182,432.0,79,0,0,0,100,0,0,0,0,0
241191,954.0,62,0,0,1,95,0,1,0,0,3
241216,1489.0,34,0,0,0,100,0,0,0,0,0
241225,936.0,70,0,0,0,100,0,0,0,0,0
241304,682.0,57,0,0,0,100,0,0,0,0,0
241331,661.0,85,0,0,0,98,0,0,0,1,0
241377,636.0,47,0,0,0,100,0,0,0,0,0
241386,188.0,72,0,0,0,100,0,0,0,0,0
241395,419.0,65,0,0,0,99,0,0,0,1,0
241410,4889.0,63,0,0,0,99,0,0,0,0,0
241517,277.0,78,0,0,0,100,0,0,0,0,0
241614,338.0,42,0,0,0,100,0,0,0,0,0
241720,840.0,64,0,0,0,100,0,0,0,0,0
241739,7003.0,68,0,0,0,100,0,0,0,0,0
241766,360.0,30,0,0,0,98,0,0,0,0,3
241836,921.0,68,0,0,0,100,0,0,0,0,0
241906,318.0,73,0,0,0,100,0,0,0,0,0
241951,405.0,68,0,0,0,100,0,0,0,0,0
242042,452.0,48,0,0,0,100,0,0,0,0,0
242112,488.0,64,0,0,0,100,0,0,0,0,0
242121,301.0,68,0,0,0,100,0,0,0,0,0
242130,227.0,75,0,0,0,100,0,0,0,0,0
242149,324.0,76,0,0,0,100,0,0,0,0,0
242413,60.0,77,0,0,72,27,0,2,0,0,0
242556,383.0,42,0,0,0,99,0,0,0,0,0
242565,265.0,27,0,0,0,100,0,0,0,0,0
242583,298.0,37,0,0,0,100,0,0,0,0,0
242617,3143.0,56,0,0,0,100,0,0,0,0,0
242626,3310.0,60,0,0,0,100,0,0,0,0,0
242635,3001.0,64,0,0,0,100,0,0,0,0,0
242644,1174.0,67,0,0,0,100,0,0,0,0,0
242653,4550.0,59,0,0,1,98,0,1,0,0,0
242662,3403.0,63,0,0,0,100,0,0,0,0,0
242680,1512.0,61,0,0,0,100,0,0,0,0,0
242699,1550.0,68,0,0,0,99,0,0,0,0,0
242705,4040.0,45,0,0,0,99,0,0,0,0,0
242750,83.0,71,0,0,0,100,0,0,0,0,0
242820,896.0,19,0,0,0,100,0,0,0,0,0
242945,125.0,70,0,0,0,100,0,0,0,0,0
242954,61.0,70,0,0,0,100,0,0,0,0,0
242972,24705.0,66,0,0,3,85,0,3,0,7,0
243106,2444.0,55,0,0,1,97,0,1,0,0,0
243115,3414.0,61,0,0,0,100,0,0,0,0,0
243133,3592.0,51,0,0,0,100,0,0,0,0,0
243142,2580.0,65,0,0,3,96,0,0,0,0,0
243151,2984.0,67,0,0,0,100,0,0,0,0,0
243179,3106.0,66,0,0,3,89,0,0,0,6,0
243188,554.0,53,0,0,4,85,0,0,0,10,0
243197,11966.0,46,0,0,0,94,0,0,0,6,0
243203,357.0,77,0,0,0,100,0,0,0,0,0
243212,2382.0,58,0,0,0,100,0,0,0,0,0
243221,10877.0,63,1,0,4,83,0,0,0,11,0
243346,6574.0,64,0,0,0,100,0,0,0,0,0
243443,4097.0,63,0,0,0,100,0,0,0,0,0
243568,123.0,85,0,0,0,86,0,1,0,13,0
243577,3718.0,26,0,0,0,99,0,0,0,1,0
243586,902.0,65,0,0,0,99,0,0,0,1,0
243601,10895.0,61,0,0,0,100,0,0,0,0,0
243638,1861.0,59,0,0,0,0,100,0,0,0,0
243647,553.0,58,0,2,0,0,97,0,0,0,0
243665,1587.0,70,0,1,72,12,0,3,1,4,6
243744,6366.0,51,1,25,7,17,0,29,10,0,11
243780,35706.0,42,0,10,3,6,0,64,4,1,12
243799,36.0,86,0,0,67,3,0,17,14,0,0
243823,462.0,70,1,4,25,19,0,41,3,6,0
243832,1240.0,71,0,0,0,100,0,0,0,0,0
243841,431.0,79,0,0,0,100,0,0,0,0,0
244233,297.0,78,0,3,51,12,1,27,7,0,0
244279,194.0,97,0,1,32,22,1,43,1,1,0
244437,17383.0,63,0,10,44,14,0,21,5,1,5
244446,2615.0,65,0,4,76,5,0,10,4,1,1
244613,321.0,3,1,1,23,36,0,37,0,2,0
245281,83.0,40,0,0,39,0,0,61,0,0,0
245625,3251.0,58,0,1,4,6,0,84,1,3,1
245652,268.0,46,0,3,1,10,0,57,7,2,20
245777,28.0,0,0,0,0,0,0,100,0,0,0
245838,169.0,71,0,2,7,23,0,44,4,19,1
245847,66.0,64,0,2,6,30,0,38,2,18,5
245883,99.0,72,0,2,7,10,0,41,1,38,0
245953,1600.0,64,7,1,13,22,0,42,1,10,5
245962,167.0,81,5,1,43,11,1,34,5,0,0
245980,28.0,93,7,0,4,11,0,71,4,4,0
245999,2025.0,49,2,6,14,22,0,48,7,0,0
246017,1167.0,44,13,1,3,1,0,61,13,8,0
246035,330.0,89,1,5,10,36,4,39,4,1,1
246071,64.0,86,0,3,5,14,2,75,2,0,0
246354,11193.0,62,0,1,4,77,0,15,2,0,0
246406,26.0,88,0,0,19,19,0,62,0,0,0
246415,60.0,87,0,0,0,100,0,0,0,0,0
246460,156.0,90,1,24,31,23,0,21,0,0,0
246813,4294.0,66,0,2,21,19,0,55,1,2,1
246895,524.0,69,2,2,6,54,0,29,5,1,0
246974,259.0,88,1,7,19,54,2,7,2,8,1
247010,36.0,97,6,0,0,0,3,92,0,0,0
247047,91.0,99,1,0,1,45,0,51,1,1,0
247065,748.0,93,0,1,14,0,0,81,2,1,0
247153,275.0,87,0,0,72,4,0,14,7,2,0
247162,8.0,38,0,0,75,0,0,13,13,0,0
247409,131.0,94,1,0,25,9,0,60,4,2,0
247603,2190.0,51,0,2,4,14,0,74,4,0,2
247649,501.0,33,1,3,5,7,0,68,4,12,1
247773,50.0,0,0,0,0,0,0,100,0,0,0
247825,13.0,54,0,0,46,8,0,46,0,0,0
247834,35390.0,57,0,12,12,21,0,47,5,2,2
247940,3901.0,54,0,2,3,3,0,87,3,1,0
248192,31.0,100,0,0,0,0,0,100,0,0,0
248527,75.0,97,0,0,39,0,0,60,0,1,0
248606,1504.0,34,2,2,4,12,0,44,6,31,0
248624,99.0,94,0,0,6,0,1,91,2,0,0
248633,62.0,97,0,0,5,3,0,92,0,0,0
248660,164.0,80,0,1,12,2,0,75,3,8,0
248703,152.0,99,1,5,22,34,1,32,4,1,0
248925,815.0,41,0,2,27,9,0,57,3,2,1
248934,13983.0,61,1,3,40,11,0,38,4,4,0
249061,44.0,98,0,0,39,11,45,2,2,0,0
249238,359.0,94,3,2,31,35,0,30,1,0,0
249566,169.0,8,0,0,21,1,1,76,1,0,0
249609,182.0,43,0,1,19,15,0,58,5,1,0
250027,238.0,64,0,0,7,0,0,90,0,2,0
250285,358.0,9,1,3,39,18,1,27,9,3,0
250744,400.0,88,0,1,81,1,0,11,6,2,0
250902,75.0,97,0,29,37,0,0,33,0,0,0
250993,514.0,46,4,1,2,13,0,69,11,0,0
251260,3950.0,57,0,1,19,3,0,69,3,5,1
251312,518.0,83,0,1,68,5,1,24,0,1,0
260336,17.0,94,0,0,6,0,0,94,0,0,0
260363,12.0,92,0,0,8,0,17,75,0,0,0
260372,278.0,78,80,0,9,0,0,10,0,0,0
260664,249.0,20,0,0,78,2,0,12,8,0,0
260691,822.0,73,5,4,5,26,0,52,8,0,0
260789,717.0,80,0,8,4,62,0,12,4,8,0
260813,227.0,87,0,7,6,22,0,57,6,1,0
260929,242.0,92,0,1,0,19,0,65,0,14,0
260965,61.0,98,0,0,23,16,0,61,0,0,0
260992,462.0,94,0,2,53,26,0,17,1,1,0
261436,803.0,95,1,1,14,4,0,74,3,2,0
261676,55.0,89,0,0,0,9,0,80,7,4,0
261685,59.0,97,2,3,51,3,0,29,0,12,0
261719,163.0,98,1,2,60,9,0,21,6,2,0
261773,39.0,79,0,0,10,3,0,82,5,0,0
261861,73.0,97,0,0,4,1,0,93,1,0,0
262031,6014.0,62,0,3,8,5,0,73,4,5,2
262086,6114.0,65,1,5,9,16,1,56,4,8,0
262129,646.0,65,0,4,4,18,0,67,4,1,3
262341,629.0,11,1,2,14,22,1,53,7,0,0
262369,85.0,99,0,4,2,48,0,34,12,0,0
262402,62.0,3,0,6,3,26,2,52,5,6,0
262457,511.0,85,1,3,4,40,0,14,2,35,0
262466,16.0,63,0,6,0,0,0,88,0,0,6
362700,306.0,89,1,1,18,42,1,36,1,1,0
362782,317.0,98,0,6,16,22,0,42,12,2,0
363013,48.0,96,0,0,10,6,0,81,2,0,0
363077,236.0,77,0,2,9,33,0,16,2,38,0
363147,421.0,97,0,2,41,10,0,34,11,1,0
363165,1027.0,47,1,2,16,34,0,16,3,27,0
363439,66.0,85,0,3,15,3,2,52,9,14,3
363633,720.0,62,1,1,1,81,0,15,0,0,0
363679,149.0,96,0,1,44,2,0,51,1,1,0
363712,47.0,0,0,0,0,0,0,89,0,0,11
363882,70.0,96,0,4,39,9,1,40,6,1,0
363907,392.0,32,0,0,0,92,0,0,0,0,8
363916,130.0,73,0,0,0,100,0,0,0,0,0
363934,789.0,20,2,3,11,15,1,51,10,6,1
364016,6575.0,58,1,3,4,28,0,55,5,4,1
364025,13395.0,54,2,6,4,26,0,54,5,3,1
364548,186.0,51,8,2,25,16,0,48,0,1,0
364575,32.0,97,0,0,0,0,0,100,0,0,0
364627,384.0,49,11,0,3,7,1,61,17,0,0
364636,134.0,73,1,3,23,3,0,63,6,1,0
364751,37.0,100,0,0,62,8,0,30,0,0,0
364760,81.0,96,0,0,10,89,0,1,0,0,0
364946,342.0,50,16,0,1,16,0,54,12,1,0
364964,34.0,91,0,3,9,0,0,88,0,0,0
365091,285.0,95,0,2,67,7,0,13,9,1,1
365125,99.0,98,1,4,1,45,0,43,4,1,0
365198,547.0,47,13,1,5,16,1,56,8,1,0
365204,2945.0,72,1,1,27,42,1,21,4,4,0
365213,706.0,47,3,1,3,20,1,58,6,10,0
365240,23.0,17,0,0,9,0,0,91,0,0,0
365374,1555.0,46,11,2,5,12,0,69,0,0,0
365383,140.0,95,0,1,18,9,0,69,0,4,0
365480,961.0,46,5,2,3,8,0,65,9,8,0
365505,30.0,93,0,10,7,7,0,77,0,0,0
365693,160.0,97,0,1,4,10,0,81,5,0,0
365763,33.0,70,0,0,55,21,0,24,0,0,0
365824,166.0,95,0,1,20,14,0,58,4,2,0
365833,173.0,95,1,4,31,31,0,28,3,3,0
366003,243.0,62,0,1,18,24,0,21,0,5,32
366155,31.0,35,0,0,97,0,0,3,0,0,0
366191,1181.0,3,0,2,6,38,0,44,7,3,0
366252,4565.0,39,0,1,3,4,0,87,3,1,0
366261,256.0,71,1,0,27,14,0,57,0,0,0
366270,287.0,94,0,0,76,0,0,22,3,0,0
366289,20.0,0,0,0,10,65,5,20,0,0,0
366340,311.0,72,96,0,0,0,0,2,0,0,1
366395,22570.0,56,0,3,9,28,0,46,1,13,0
366401,8005.0,54,0,23,4,30,1,32,8,2,1
366438,82.0,90,0,1,20,4,0,76,0,0,0
366465,2153.0,68,0,1,31,6,0,59,2,0,0
366535,248.0,73,0,0,46,0,0,23,2,28,0
366553,1125.0,77,0,2,25,17,0,50,3,2,0
366571,22.0,77,0,0,0,0,0,100,0,0,0
366623,260.0,47,4,0,0,11,0,77,8,0,0
366632,8.0,88,0,0,13,0,0,88,0,0,0
366711,15040.0,61,0,9,3,48,0,26,5,3,4
367051,90.0,98,0,2,36,23,0,37,2,0,0
367088,101.0,95,1,1,2,0,1,93,2,0,0
367103,28.0,71,0,0,32,0,0,68,0,0,0
367112,261.0,90,0,0,79,0,0,18,2,0,0
367158,59.0,92,0,0,31,19,0,37,2,12,0
367334,158.0,11,3,2,12,9,0,60,0,15,0
367361,67.0,48,0,0,60,31,0,9,0,0,0
367431,23.0,87,0,0,43,0,0,48,9,0,0
367459,7411.0,59,1,3,2,22,1,61,5,4,1
367875,142.0,46,0,1,39,30,0,26,1,3,0
367884,595.0,62,0,3,12,34,0,38,0,12,0
367972,114.0,96,0,2,58,2,0,36,3,0,0
367981,67.0,99,0,3,21,28,0,43,4,0,0
368036,17.0,94,0,0,12,0,0,88,0,0,0
368230,96.0,96,0,0,51,14,0,3,3,29,0
368364,332.0,42,2,1,5,27,0,46,17,1,0
368407,47.0,96,0,0,11,0,0,89,0,0,0
368443,655.0,90,1,1,35,6,0,40,6,11,1
368452,289.0,61,1,1,19,4,0,70,2,2,0
368540,25.0,88,0,0,4,40,0,52,4,0,0
368629,646.0,81,1,11,6,16,1,56,8,2,0
368647,27.0,100,0,0,0,0,0,96,4,0,0
368771,147.0,71,1,5,11,8,0,62,11,2,0
368832,53.0,85,8,81,0,11,0,0,0,0,0
368911,1792.0,71,0,0,22,10,0,63,3,0,1
369109,50.0,80,0,0,28,0,0,72,0,0,0
369400,2264.0,4,1,1,13,20,0,48,8,9,0
369419,653.0,56,0,2,28,40,0,23,4,2,0
369446,60.0,97,0,73,3,0,0,22,0,0,2
369455,171.0,78,1,2,23,4,0,64,6,0,0
369516,262.0,79,2,1,19,5,2,56,7,8,0
369668,113.0,49,0,0,1,1,0,98,0,0,0
369686,73.0,84,0,0,45,38,0,15,1,0,0
369695,78.0,87,0,79,6,12,0,1,1,0,0
369783,378.0,97,1,1,26,56,0,12,5,0,0
369950,101.0,14,1,0,47,6,0,43,0,4,0
371034,6.0,33,0,0,0,17,0,83,0,0,0
371052,399.0,78,1,2,63,2,0,24,3,6,0
371690,1130.0,78,0,6,6,78,0,8,1,0,0
371830,75.0,47,0,7,7,45,1,11,3,27,0
371928,95.0,73,0,9,4,38,4,29,6,6,2
371964,471.0,35,1,7,12,30,1,38,4,6,0
372028,115.0,77,0,4,8,62,2,17,4,3,0
372073,171.0,71,0,10,18,46,0,8,4,16,0
372082,73.0,78,0,10,8,74,0,8,0,0,0
372240,9.0,89,0,0,100,0,0,0,0,0,0
372329,408.0,87,0,0,2,33,0,61,1,3,0
372356,158.0,95,1,4,15,42,0,33,3,3,0
372462,113.0,91,0,0,23,8,0,62,7,0,0
372718,296.0,83,1,2,21,20,0,52,2,2,0
372921,678.0,68,0,2,64,15,0,13,4,1,0
373085,62.0,92,0,2,29,5,0,60,2,3,0
373216,116.0,91,0,2,14,18,0,66,1,0,0
373456,15.0,100,0,0,100,0,0,0,0,0,0
373526,291.0,20,0,0,75,1,0,23,1,0,0
373678,178.0,61,1,7,21,26,0,40,3,2,0
373696,126.0,45,0,0,9,33,0,58,0,0,0
373711,78.0,95,3,3,14,4,1,69,6,0,0
373784,525.0,49,2,1,65,3,0,10,3,17,0
374316,62.0,31,0,0,87,8,0,5,0,0,0
374343,37.0,100,0,3,16,3,0,78,0,0,0
374574,710.0,85,0,1,48,15,0,19,5,13,0
374592,49.0,65,0,6,29,31,0,33,2,0,0
375106,110.0,11,5,3,33,13,0,46,0,0,0
375230,187.0,0,0,0,0,0,0,100,0,0,0
375373,139.0,73,0,1,4,0,0,80,0,15,0
375407,117.0,80,0,1,23,0,0,72,4,0,0
375416,401.0,72,0,2,76,7,0,10,4,0,0
375540,84.0,99,0,0,50,6,0,36,8,0,0
375568,63.0,59,0,3,5,0,0,92,0,0,0
375656,163.0,46,1,0,1,25,0,17,1,55,0
375683,837.0,33,11,0,3,5,0,63,16,2,0
375726,541.0,51,25,1,4,5,1,55,4,4,0
375939,59.0,92,0,2,12,8,0,75,3,0,0
375966,123.0,87,0,3,62,5,0,28,0,2,0
375984,186.0,95,0,1,81,8,0,4,1,6,0
376224,177.0,81,0,0,0,100,0,0,0,0,0
376242,94.0,32,0,0,0,100,0,0,0,0,0
376288,89.0,66,0,0,0,100,0,0,0,0,0
376321,1605.0,83,0,0,0,100,0,0,0,0,0
376330,229.0,78,0,0,0,100,0,0,0,0,0
376385,108.0,65,0,0,0,100,0,0,0,0,0
376446,28.0,96,0,7,43,14,0,36,0,0,0
376631,20.0,80,0,0,5,5,0,90,0,0,0
376677,98.0,59,0,0,68,5,0,27,0,0,0
376695,1163.0,53,0,0,0,0,99,0,0,0,0
377111,372.0,75,0,0,36,22,0,13,29,0,0
377193,25.0,92,0,0,0,100,0,0,0,0,0
377218,152.0,2,1,2,6,22,0,64,3,2,0
377272,23.0,83,0,0,26,57,0,17,0,0,0
377281,85.0,91,0,5,14,67,0,14,0,0,0
377315,72.0,100,0,0,10,19,0,71,0,0,0
377342,574.0,84,2,0,31,23,1,27,5,11,0
377449,195.0,56,1,2,68,2,3,16,7,2,0
377458,213.0,80,0,1,65,5,0,17,9,2,0
377485,52.0,92,0,12,19,19,0,38,12,0,0
377546,101.0,60,4,14,6,14,3,57,0,2,0
377555,5659.0,47,0,33,8,10,0,34,6,2,6
377564,4567.0,52,1,21,10,16,2,38,9,2,3
377643,105.0,93,0,1,5,0,1,93,0,0,0
377652,113.0,96,0,0,9,0,0,60,1,30,0
377661,628.0,88,0,0,18,4,0,61,4,12,0
377722,424.0,94,2,7,4,29,2,43,10,3,0
377759,65.0,2,0,6,3,68,0,23,0,0,0
378105,319.0,94,0,3,2,88,1,6,0,1,0
378576,172.0,73,1,9,8,15,1,37,10,20,0
378886,227.0,79,0,0,58,26,0,14,2,0,0
378956,711.0,7,1,4,13,16,0,54,7,5,0
379621,67.0,88,1,1,18,6,1,67,3,1,0
379746,177.0,97,0,2,31,62,0,3,1,1,0
379782,243.0,85,1,2,28,31,1,37,0,0,0
380067,110.0,98,0,0,46,52,0,2,0,0,0
380359,438.0,81,60,0,2,2,0,35,0,0,0
380368,1639.0,62,8,1,3,2,0,78,6,3,0
380377,555.0,71,78,1,1,7,1,5,7,1,0
380438,579.0,85,2,2,1,13,1,77,2,2,0
380465,11.0,36,0,9,0,18,9,45,0,18,0
381255,79.0,24,1,0,1,96,0,1,0,0,0
381282,83.0,70,0,2,0,95,0,2,0,0,0
381325,132.0,89,0,1,0,95,0,4,0,0,0
381370,336.0,99,0,1,43,4,0,45,2,4,0
381404,336.0,96,3,1,52,25,0,10,7,1,0
381486,12.0,92,0,0,0,8,0,92,0,0,0
381699,16.0,100,0,0,0,25,0,75,0,0,0
381732,27.0,74,0,4,0,7,0,81,7,0,0
382258,85.0,73,0,9,9,40,1,40,0,0,0
382416,80.0,89,0,1,34,29,0,33,4,0,0
382461,45.0,98,0,0,38,2,0,60,0,0,0
382780,154.0,100,0,1,32,16,0,47,1,3,0
382911,48.0,48,0,4,15,44,0,23,6,0,8
382957,507.0,75,0,1,72,3,0,18,4,3,0
383020,10.0,80,0,10,0,0,0,90,0,0,0
383084,681.0,46,0,20,2,63,3,11,0,0,0
383163,254.0,97,0,0,0,100,0,0,0,0,0
383190,2430.0,62,0,16,0,18,8,14,40,1,2
383279,117.0,74,1,3,19,38,0,32,3,2,3
383297,190.0,97,2,2,8,19,0,62,2,5,1
383312,75.0,67,0,0,1,3,0,95,1,0,0
383330,96.0,93,0,0,33,5,1,49,5,6,0
383367,267.0,78,1,1,3,1,0,91,3,0,0
383464,132.0,93,1,15,25,21,0,34,2,2,0
383525,94.0,82,0,0,38,7,0,54,0,0,0
383765,136.0,99,0,1,60,10,0,18,3,7,0
383996,553.0,56,14,1,1,28,0,40,3,11,2
384236,859.0,63,0,1,5,37,1,4,0,53,0
384245,767.0,62,0,1,2,28,0,3,1,64,0
384254,427.0,37,2,5,17,9,0,63,2,0,0
384333,8768.0,64,1,3,7,55,0,27,4,2,0
384342,4485.0,58,0,3,10,9,0,71,5,1,1
384412,68.0,28,0,0,26,0,0,16,0,0,57
384421,73.0,0,0,0,0,0,0,99,0,0,1
385132,170.0,93,0,1,19,12,0,61,6,0,0
385503,279.0,94,0,6,13,14,0,58,6,4,0
385619,1877.0,45,1,1,19,21,0,45,2,10,0
386153,504.0,100,0,0,0,0,0,100,0,0,0
386472,693.0,85,0,4,33,24,0,31,2,5,0
387925,76.0,84,0,1,37,18,1,42,0,0,0
388520,431.0,35,0,7,44,31,0,16,2,0,0
388663,87.0,98,0,6,83,0,0,11,0,0,0
389860,165.0,44,1,1,8,1,0,87,4,0,0
390905,181.0,48,1,2,9,8,1,70,5,5,0
391005,250.0,97,0,1,98,0,0,0,0,0,0
391759,21.0,100,0,0,5,0,0,95,0,0,0
392257,2811.0,93,1,1,32,43,0,17,3,3,0
392354,19.0,63,0,0,0,5,0,95,0,0,0
392415,394.0,77,1,3,52,32,0,8,2,3,0
393524,46.0,98,2,59,0,28,0,7,0,2,2
393649,1142.0,57,0,1,18,30,1,1,2,46,0
393861,420.0,81,3,93,0,3,0,0,0,0,1
395362,1539.0,69,0,4,5,39,1,39,8,2,1
395690,223.0,42,0,1,41,30,0,23,3,2,0
397942,1034.0,68,0,2,4,30,0,4,1,58,0
399212,9003.0,50,0,10,2,51,0,29,5,3,1
399869,568.0,4,0,10,5,58,2,18,5,2,0
399911,392.0,66,0,13,3,14,1,17,5,2,47
400080,1036.0,39,0,5,13,52,1,19,9,0,0
400187,464.0,90,2,63,2,15,0,11,0,6,0
400558,38.0,55,0,97,0,3,0,0,0,0,0
401223,178.0,80,0,56,0,24,0,0,0,1,20
401481,3.0,100,0,0,100,0,0,0,0,0,0
401764,229.0,98,0,0,81,6,0,4,3,5,1
402563,184.0,96,1,1,29,2,0,64,4,0,0
402800,138.0,97,0,0,4,77,0,9,3,7,0
403469,1262.0,58,0,1,1,4,0,92,2,0,0
403478,723.0,60,0,1,5,2,0,89,2,0,0
403487,2222.0,31,0,2,2,2,0,92,1,1,0
404037,35.0,94,0,0,6,29,0,57,9,0,0
404055,555.0,90,5,1,11,40,0,21,1,20,0
404338,21.0,48,0,10,10,10,0,43,0,29,0
404426,3289.0,55,20,1,2,21,0,47,4,4,0
404684,289.0,70,0,0,0,100,0,0,0,0,0
404718,65.0,94,2,0,11,8,0,80,0,0,0
404806,168.0,61,0,0,0,100,0,0,0,0,0
404912,721.0,83,1,4,2,36,0,50,7,1,0
404994,2965.0,67,0,8,29,33,0,7,3,0,18
405012,90.0,100,0,2,2,0,0,94,0,1,0
405058,165.0,0,0,0,0,0,0,99,0,0,1
405076,675.0,83,0,1,5,50,0,43,0,1,0
405854,211.0,0,0,0,0,0,0,100,0,0,0
405872,3060.0,62,0,3,5,6,0,81,3,2,0
405997,13.0,46,0,0,0,54,8,8,0,31,0
406024,2296.0,88,0,4,21,13,0,52,7,2,0
406033,2587.0,86,1,3,14,39,1,33,9,2,0
406149,94.0,66,0,1,10,9,0,70,10,0,1
406325,110.0,87,1,3,11,3,0,79,4,0,0
406361,19.0,89,0,0,5,0,0,95,0,0,0
406413,48.0,85,0,0,21,2,0,63,15,0,0
406422,93.0,92,0,0,2,4,0,94,0,0,0
406486,105.0,74,5,5,2,10,2,72,3,1,0
406547,159.0,87,3,1,33,8,1,49,6,0,0
407090,499.0,98,1,2,43,22,0,31,0,0,0
407142,94.0,99,0,1,3,0,0,91,1,3,0
407151,43.0,95,0,0,0,0,0,100,0,0,0
407179,76.0,99,0,0,11,21,0,22,3,43,0
407355,152.0,91,0,0,9,24,0,65,3,0,0
407391,129.0,78,1,0,9,16,0,72,0,2,0
407407,73.0,78,0,1,41,29,0,27,0,1,0
407425,79.0,85,0,3,13,18,0,67,0,0,0
407434,61.0,100,0,0,15,2,0,80,0,3,0
407461,113.0,22,3,1,26,2,0,68,1,0,0
407470,143.0,97,0,0,85,0,0,12,3,0,0
407489,58.0,38,3,0,9,0,0,83,5,0,0
407513,177.0,60,0,0,1,1,1,92,4,2,0
407522,37.0,65,0,3,5,5,0,84,3,0,0
407568,151.0,98,1,3,32,5,0,54,5,0,0
407577,108.0,77,0,0,2,0,0,98,0,0,0
407595,75.0,84,0,0,25,3,0,61,3,8,0
407610,47.0,47,4,0,2,2,2,89,0,0,0
407629,7.0,71,0,0,14,29,0,29,14,14,0
407683,78.0,95,0,0,0,100,0,0,0,0,0
407708,251.0,98,2,7,7,15,1,51,16,2,0
407735,61.0,97,2,10,10,13,0,59,5,2,0
407832,202.0,31,0,1,3,0,0,87,3,4,0
408066,189.0,70,1,2,14,32,0,46,5,0,0
408163,56.0,98,0,0,23,4,0,70,4,0,0
408385,698.0,65,0,0,1,85,0,13,1,0,0
408729,78.0,86,0,0,5,0,0,92,1,1,0
408844,3876.0,73,0,0,4,78,0,2,0,0,16
408862,302.0,95,0,2,37,9,0,52,0,0,0
409032,56.0,98,0,0,0,100,0,0,0,0,0
409120,133.0,74,4,2,1,7,1,85,2,0,0
409193,150.0,4,0,0,0,100,0,0,0,0,0
409315,28233.0,59,0,1,0,95,0,2,0,1,0
409537,17.0,59,0,0,0,0,0,100,0,0,0
409591,68.0,81,0,0,7,18,0,63,4,7,0
409698,6509.0,62,0,6,3,51,0,25,5,4,5
410797,217.0,49,0,0,72,6,0,11,7,3,0
410964,34.0,100,3,15,3,18,0,62,0,0,0
411684,134.0,71,0,43,10,43,1,2,0,0,1
411754,34.0,71,0,6,9,3,0,79,3,0,0
412173,482.0,93,0,1,79,12,0,8,0,0,0
412535,17.0,82,0,6,76,0,0,18,0,0,0
412544,167.0,79,1,3,17,14,4,53,6,3,0
412599,638.0,68,0,0,91,1,0,5,1,0,0
413176,28.0,71,0,0,4,0,0,96,0,0,0
413413,11781.0,79,0,3,19,10,1,50,3,13,0
413617,173.0,72,84,0,1,2,0,13,0,0,0
413626,133.0,59,83,0,1,0,1,13,3,0,0
413680,391.0,9,1,11,9,57,4,9,3,6,1
413778,256.0,95,0,1,39,30,0,23,0,6,0
413820,18.0,100,0,0,6,6,0,89,0,0,0
413893,1314.0,68,0,0,33,3,0,1,1,62,0
413945,65.0,92,0,5,5,12,0,77,0,0,2
413972,20.0,100,0,0,5,15,0,80,0,0,0
414063,137.0,96,0,4,7,14,0,74,1,0,0
414124,292.0,33,0,1,11,19,0,55,1,12,0
414461,1947.0,4,0,0,0,99,0,0,0,0,0
414489,83.0,99,0,0,12,34,0,52,2,0,0
414540,376.0,96,0,5,32,7,0,53,2,1,0
414595,248.0,83,1,11,10,15,0,35,6,21,0
414823,659.0,64,0,1,39,24,0,17,2,8,9
414869,292.0,92,0,1,65,2,0,26,7,0,0
414878,334.0,58,0,2,5,5,0,70,3,5,10
414911,2456.0,65,0,1,4,1,0,85,2,6,0
414939,435.0,87,2,4,30,29,7,20,7,0,0
415039,65.0,98,0,0,2,9,0,75,8,6,0
415057,68.0,3,0,1,12,28,0,59,0,0,0
415987,91.0,97,5,4,47,20,1,0,1,21,0
416458,183.0,70,1,18,2,69,1,5,4,0,0
416801,328.0,76,0,29,8,28,0,25,2,2,7
417008,164.0,94,0,2,20,2,0,73,3,0,0
417062,39.0,100,3,0,0,74,0,23,0,0,0
417105,347.0,35,1,2,1,93,1,3,0,0,0
417123,39.0,69,3,3,0,51,0,41,0,3,0
417248,42.0,0,0,7,2,12,0,79,0,0,0
417275,53.0,8,0,0,2,15,0,70,6,8,0
417327,242.0,87,2,2,43,10,1,33,11,0,0
417442,54.0,98,0,0,52,4,0,44,0,0,0
417503,171.0,98,0,2,39,8,0,42,8,1,0
417600,14.0,100,0,0,0,0,0,93,7,0,0
417628,40.0,70,3,0,0,5,0,93,0,0,0
417637,68.0,57,0,0,0,0,0,100,0,0,0
417646,23.0,96,0,0,0,4,0,87,9,0,0
417655,19.0,100,0,0,5,0,0,95,0,0,0
417682,29.0,100,0,0,21,10,0,62,7,0,0
417716,126.0,93,0,1,83,0,2,13,2,0,0
417725,58.0,98,0,0,10,3,0,86,0,0,0
417734,203.0,89,1,1,8,0,0,87,2,0,0
417752,33.0,55,3,0,3,21,0,64,6,3,0
417831,50.0,34,6,0,18,26,0,50,0,0,0
417840,289.0,95,0,2,74,10,0,9,4,0,0
417868,40.0,78,0,0,3,0,0,95,3,0,0
417886,29.0,100,0,3,0,0,0,86,10,0,0
417910,212.0,85,0,3,80,10,0,7,0,0,0
417983,30.0,97,0,0,0,0,0,83,10,7,0
417992,37.0,84,0,3,24,24,0,49,0,0,0
418001,143.0,90,0,2,31,6,0,50,10,0,0
418010,63.0,97,0,0,16,3,0,79,2,0,0
418029,43.0,95,0,0,7,0,0,88,2,2,0
418038,161.0,94,1,3,40,6,0,32,14,1,3
418056,21.0,71,0,0,38,19,0,43,0,0,0
418065,234.0,91,1,3,29,19,0,38,3,8,0
418083,45.0,78,0,7,51,22,0,16,0,4,0
418126,263.0,73,0,24,13,21,0,32,0,3,6
418171,61.0,2,0,0,21,26,0,43,0,10,0
418199,32.0,19,0,3,31,3,0,63,0,0,0
418205,234.0,49,0,3,9,1,0,84,3,0,0
418223,112.0,96,0,0,78,3,0,14,5,0,0
418250,89.0,29,0,0,1,1,1,93,3,0,0
418269,144.0,42,0,0,66,6,0,7,6,15,0
418278,95.0,60,0,0,7,2,0,89,1,0,0
418296,1944.0,39,42,1,6,10,0,41,0,1,0
418302,474.0,49,3,1,1,23,0,61,9,0,0
418320,974.0,44,10,1,2,7,0,79,0,0,0
418348,582.0,33,5,1,5,5,0,69,12,2,0
418357,155.0,52,26,0,4,5,1,52,12,1,0
418409,116.0,39,0,0,27,8,0,60,5,0,0
418427,97.0,93,0,2,47,7,1,40,2,0,0
418445,19.0,95,0,0,0,0,0,100,0,0,0
418454,159.0,58,0,3,14,2,0,81,0,0,0
418481,18.0,94,0,0,11,0,0,89,0,0,0
418515,93.0,94,0,0,15,0,0,78,6,0,0
418524,55.0,91,0,0,0,2,0,98,0,0,0
418533,348.0,86,0,2,16,16,0,55,9,1,0
418542,122.0,91,0,4,34,19,0,43,0,0,0
418560,118.0,89,0,14,28,0,0,58,0,0,0
418588,20.0,85,5,0,0,5,0,90,0,0,0
418612,8.0,100,0,0,0,0,0,100,0,0,0
418658,388.0,9,0,3,53,1,0,39,4,1,0
418764,21.0,90,0,0,0,100,0,0,0,0,0
418773,322.0,61,0,0,0,100,0,0,0,0,0
418782,192.0,2,0,0,0,100,0,0,0,0,0
418889,62.0,13,0,2,13,6,0,71,5,3,0
418913,25.0,68,0,0,0,100,0,0,0,0,0
418968,219.0,100,0,5,64,23,0,6,0,0,1
419031,23.0,96,0,0,4,0,0,96,0,0,0
419095,37.0,97,0,0,5,0,0,86,8,0,0
419183,112.0,94,0,0,0,57,0,43,0,0,0
419217,91.0,80,0,0,20,75,0,3,2,0,0
419226,357.0,43,0,1,19,18,0,60,2,0,0
419235,129.0,74,1,1,80,5,0,13,0,0,0
419244,269.0,21,0,2,58,4,0,29,7,1,0
419253,96.0,29,0,0,18,13,0,68,2,0,0
419280,29.0,100,0,0,3,10,0,86,0,0,0
419332,9.0,11,0,0,11,0,0,89,0,0,0
419341,14.0,57,0,0,79,0,0,21,0,0,0
419420,20.0,70,0,0,5,0,0,95,0,0,0
419484,28.0,96,0,0,7,0,0,89,4,0,0
419633,79.0,94,0,0,6,56,0,38,0,0,0
419703,348.0,7,0,0,0,100,0,0,0,0,0
419712,104.0,9,0,0,0,100,0,0,0,0,0
419721,148.0,8,0,0,0,100,0,0,0,0,0
420024,164.0,74,1,2,65,6,0,13,13,0,0
420042,107.0,30,0,14,7,9,10,6,7,48,0
420130,346.0,95,0,1,77,10,0,10,0,1,0
420255,64.0,5,0,0,0,100,0,0,0,0,0
420325,71.0,0,0,0,0,0,0,100,0,0,0
420343,897.0,3,0,5,11,43,0,37,2,1,0
420370,493.0,76,0,1,80,11,0,8,0,0,0
420398,18542.0,59,0,3,6,64,0,20,4,2,0
420431,1835.0,65,0,0,46,2,0,49,1,1,0
420440,1575.0,66,0,2,2,3,0,85,3,5,1
420468,265.0,63,1,2,12,26,0,54,3,2,0
420538,1271.0,60,0,0,0,3,0,91,4,0,0
420556,825.0,71,1,1,0,29,0,63,3,2,0
420723,497.0,63,1,1,2,22,1,66,3,2,3
420981,392.0,90,0,24,19,14,0,39,0,4,0
421513,98.0,92,1,0,37,6,0,51,4,1,0
421610,105.0,96,2,1,0,19,0,76,1,1,0
421665,10.0,90,0,0,10,0,0,80,10,0,0
421708,524.0,90,6,1,16,47,0,22,6,1,0
421717,23.0,61,0,0,4,0,0,96,0,0,0
421771,29.0,97,0,0,41,3,0,55,0,0,0
421832,171.0,65,0,1,56,9,2,33,0,0,0
421841,257.0,61,1,1,19,21,0,45,3,4,7
421878,292.0,87,6,17,37,25,0,12,1,2,0
421896,157.0,66,0,0,0,100,0,0,0,0,0
422020,189.0,5,1,11,6,53,1,19,2,7,0
422695,240.0,83,0,8,12,55,1,15,9,0,0
422835,351.0,83,0,2,9,57,1,20,3,8,0
423120,243.0,96,0,0,0,100,0,0,0,0,0
423397,512.0,30,0,0,0,100,0,0,0,0,0
423412,33.0,18,0,0,30,58,0,12,0,0,0
423652,417.0,72,2,0,1,14,1,74,6,1,0
425250,114.0,82,0,4,50,23,0,24,0,0,0
425986,202.0,86,0,0,14,9,0,70,0,6,0
426314,10328.0,14,0,4,9,18,1,55,4,6,3
427308,139.0,97,0,76,0,0,0,24,0,0,0
427335,45.0,100,0,9,22,0,0,22,47,0,0
427894,101.0,1,0,24,63,7,0,6,0,0,0
427973,230.0,13,1,3,36,6,0,38,11,4,0
427982,160.0,44,0,1,68,4,0,21,4,2,0
427991,591.0,49,1,1,10,66,0,20,1,0,0
428000,66.0,64,0,2,12,35,0,52,0,0,0
428019,234.0,41,27,0,12,2,3,50,5,0,0
428055,190.0,79,0,0,0,100,0,0,0,0,0
428125,47.0,28,0,2,26,62,2,9,0,0,0
428143,105.0,89,10,0,29,6,2,46,9,0,0
428170,690.0,90,0,1,44,29,0,11,0,15,0
428259,105.0,76,0,2,12,8,0,69,1,9,0
428392,1492.0,59,3,1,1,19,0,66,4,5,0
429012,365.0,7,0,1,2,8,0,12,2,8,65
429128,554.0,93,0,16,16,63,0,3,0,2,0
430184,2344.0,75,1,1,73,5,0,14,5,2,0
430227,81.0,96,0,2,57,0,0,32,6,2,0
430245,684.0,85,0,1,10,75,0,14,0,0,0
430306,42.0,81,0,2,24,2,0,71,0,0,0
430403,119.0,84,2,3,52,24,0,18,1,1,0
430485,24.0,71,0,0,0,4,0,92,4,0,0
430564,20.0,65,0,20,25,15,0,40,0,0,0
430582,405.0,54,0,0,0,100,0,0,0,0,0
430670,62.0,81,0,0,0,100,0,0,0,0,0
430704,25.0,72,0,28,0,16,4,8,0,4,40
430795,178.0,76,0,2,7,2,0,89,0,0,0
430883,37.0,92,0,0,19,3,0,78,0,0,0
430908,41.0,73,0,0,0,2,0,98,0,0,0
430935,619.0,23,0,0,0,100,0,0,0,0,0
430971,73.0,86,0,1,86,0,0,12,0,0,0
431017,337.0,47,5,1,39,11,0,39,5,0,0
431071,21.0,76,0,0,10,14,0,76,0,0,0
431099,32.0,100,0,3,9,41,0,38,3,6,0
431105,81.0,95,0,1,54,6,0,31,6,1,0
431123,184.0,2,0,0,0,100,0,0,0,0,0
431141,1279.0,64,1,5,5,42,1,38,4,4,0
431169,76.0,86,0,1,16,1,0,78,4,0,0
431187,83.0,7,0,1,7,12,0,80,0,0,0
431196,111.0,94,0,2,45,1,4,45,4,0,0
431266,104.0,97,0,4,65,2,0,24,4,1,0
431275,79.0,95,0,3,11,5,0,81,0,0,0
431284,61.0,92,0,23,28,36,0,11,2,0,0
431558,319.0,69,1,2,11,34,0,50,0,0,2
431600,157.0,83,0,1,8,3,0,81,5,2,0
431716,316.0,43,0,1,12,16,1,69,2,0,0
431929,45.0,76,0,0,0,100,0,0,0,0,0
431983,75.0,0,0,0,0,0,0,99,0,0,1
432117,161.0,98,0,1,39,4,0,55,1,0,0
432223,11.0,55,0,0,9,9,0,36,0,45,0
432269,77.0,21,1,0,1,94,0,1,3,0,0
432384,522.0,77,1,3,10,61,1,18,5,1,0
432524,107.0,74,3,0,30,8,0,38,9,11,0
433004,323.0,77,1,48,8,29,3,6,3,1,1
433013,522.0,68,2,31,6,32,3,21,2,2,1
433040,40.0,93,0,0,40,13,0,45,3,0,0
433068,458.0,41,1,4,18,8,0,67,2,0,0
433101,818.0,93,1,1,28,24,0,24,5,18,0
433138,137.0,85,0,1,3,1,0,93,1,1,0
433174,514.0,89,0,3,16,5,0,69,7,1,0
433387,104919.0,63,1,3,10,11,1,61,3,11,0
433420,269.0,13,0,10,5,37,2,42,0,3,0
433536,443.0,90,2,1,58,7,0,26,3,4,0
433660,13871.0,56,0,2,7,24,0,60,4,1,2
434016,113.0,76,88,0,2,0,0,5,4,1,0
434061,5855.0,60,0,1,34,4,2,49,4,3,1
434140,737.0,81,0,8,4,58,1,22,8,0,0
434159,496.0,25,1,1,48,9,0,8,4,30,0
434274,83.0,86,0,5,35,7,0,53,0,0,0
434283,28.0,100,0,0,54,11,0,36,0,0,0
434292,3.0,100,0,0,67,0,0,33,0,0,0
434308,316.0,94,0,1,72,3,0,12,3,9,0
434344,240.0,98,0,0,5,15,0,75,4,0,0
434362,39.0,0,3,0,0,5,0,87,0,5,0
434432,13.0,92,0,8,8,0,0,85,0,0,0
434469,16.0,100,0,0,0,100,0,0,0,0,0
434496,70.0,100,0,3,14,10,0,73,0,0,0
434539,52.0,67,0,0,17,60,0,19,4,0,0
434584,232.0,69,59,7,3,3,6,20,0,1,0
434672,17573.0,64,0,6,39,6,0,37,4,1,6
434751,141.0,73,77,0,0,3,0,11,8,1,0
434821,987.0,95,1,1,87,4,0,8,0,0,0
434830,154.0,99,0,1,53,0,0,44,1,0,0
434900,345.0,74,0,0,0,100,0,0,0,0,0
434937,31.0,0,0,0,0,0,0,94,0,0,6
435000,29.0,86,0,3,28,10,0,59,0,0,0
436003,80.0,89,0,4,24,63,0,10,0,0,0
436030,155.0,72,0,0,99,0,0,1,0,0,0
436100,13.0,85,0,0,0,0,0,100,0,0,0
436304,2755.0,49,0,0,30,4,2,40,2,21,1
436429,5669.0,32,0,0,2,2,0,2,1,90,4
436553,306.0,89,0,0,0,100,0,0,0,0,0
436599,100.0,71,0,1,8,7,0,84,0,0,0
436614,50.0,56,0,0,2,4,2,82,2,2,6
436632,101.0,87,0,3,67,8,0,15,0,7,0
436641,87.0,60,1,0,34,7,0,53,3,1,0
436650,233.0,94,0,0,60,3,0,36,1,0,0
436775,147.0,97,0,1,6,15,0,55,1,22,0
436818,853.0,57,0,10,8,25,0,50,4,1,1
436827,564.0,53,0,9,3,16,0,63,6,1,2
436836,2354.0,51,0,10,15,32,0,33,4,1,5
437097,193.0,43,1,2,15,6,1,16,1,59,0
437103,7376.0,65,0,2,46,4,3,38,4,1,3
437237,60.0,10,0,0,5,2,0,63,0,30,0
437316,340.0,83,0,13,2,17,0,56,8,3,0
437325,172.0,84,1,5,2,12,0,66,5,9,1
437556,564.0,62,0,1,23,2,0,71,1,2,0
437608,182.0,36,0,0,0,99,0,0,0,1,0
437635,666.0,86,1,1,18,43,0,25,3,9,0
437705,12.0,100,0,0,0,100,0,0,0,0,0
437723,63.0,78,0,0,90,10,0,0,0,0,0
437732,81.0,93,1,10,51,10,0,21,1,6,0
437750,86.0,5,0,0,5,2,0,80,0,6,7
437769,159.0,92,0,0,72,6,0,22,0,0,0
437778,222.0,91,0,1,17,62,0,17,2,0,0
437857,112.0,96,0,3,13,4,0,74,7,0,0
437936,578.0,88,0,18,4,57,1,16,2,2,1
438151,76.0,68,1,0,4,30,5,42,9,8,0
438179,349.0,85,4,1,11,40,1,37,2,3,0
438221,193.0,83,1,0,6,4,0,84,4,2,0
438258,325.0,74,1,19,10,33,2,28,3,4,1
438285,172.0,93,0,1,26,41,0,27,1,4,0
438337,108.0,63,0,0,0,100,0,0,0,0,0
438498,1682.0,80,0,4,55,10,0,14,4,13,0
438504,1318.0,4,0,2,4,61,1,15,10,7,0
438586,1312.0,68,0,1,52,0,0,11,2,34,0
438674,50.0,98,0,0,76,2,0,22,0,0,0
438708,374.0,70,0,1,2,1,0,94,2,0,0
438735,193.0,9,1,2,23,9,1,58,6,1,0
438984,40.0,33,0,0,0,100,0,0,0,0,0
439020,12.0,42,0,17,17,17,0,42,0,0,8
439118,360.0,87,2,1,3,12,3,71,3,5,0
439190,2597.0,51,0,13,3,11,0,51,9,7,5
439288,375.0,62,2,4,8,25,0,50,2,8,1
439367,974.0,72,0,20,9,35,2,19,0,16,0
439446,69.0,78,1,16,23,13,1,30,0,3,12
439455,231.0,97,0,0,95,3,0,0,0,0,0
439473,267.0,55,0,0,100,0,0,0,0,0,0
439491,288.0,84,1,0,71,1,0,26,1,0,0
439507,359.0,92,1,1,26,64,0,8,0,1,0
439570,658.0,95,17,2,15,9,0,49,4,4,0
439622,403.0,84,2,2,41,5,0,49,0,1,0
439668,176.0,10,1,1,16,40,0,43,0,0,0
439686,21.0,100,0,0,0,100,0,0,0,0,0
439701,319.0,61,2,1,8,16,0,60,6,5,2
439738,408.0,79,0,0,77,2,0,19,0,0,0
439747,155.0,83,0,97,1,1,0,1,0,0,0
439774,48.0,63,0,0,0,100,0,0,0,0,0
439783,79.0,61,0,72,1,4,0,13,0,0,10
439792,489.0,92,0,2,41,7,1,40,6,3,0
439844,55.0,98,5,0,0,4,2,89,0,0,0
439862,273.0,63,0,0,4,10,77,7,1,1,0
439871,140.0,99,1,13,4,69,1,11,0,2,0
439899,71.0,41,0,0,1,1,0,96,0,0,1
439932,31.0,74,10,0,26,0,0,65,0,0,0
439969,41.0,68,0,5,10,66,0,20,0,0,0
440059,870.0,7,0,5,48,8,0,25,12,1,0
440101,106.0,96,1,0,51,11,0,26,6,5,0
440217,41.0,98,0,2,0,0,0,98,0,0,0
440226,55.0,100,2,5,11,2,0,78,0,2,0
440262,242.0,4,2,12,39,32,1,4,0,10,0
440271,129.0,43,0,0,91,0,0,9,0,0,0
440396,157.0,58,3,3,2,2,1,78,2,10,0
440402,1941.0,65,1,0,15,5,0,74,2,4,1
440651,558.0,74,0,0,0,100,0,0,0,0,0
440730,297.0,60,1,2,28,4,0,64,1,0,0
440749,118.0,27,1,3,15,29,0,47,3,2,0
440776,45.0,89,0,0,16,69,0,16,0,0,0
440794,414.0,74,0,2,19,52,0,17,5,1,3
440819,19.0,42,0,16,0,5,0,53,0,26,0
440828,1050.0,51,1,2,1,11,0,75,6,3,1
440855,114.0,93,1,0,16,55,0,24,4,1,0
440989,571.0,18,0,0,73,22,0,5,0,0,0
441025,309.0,82,0,0,70,4,0,21,4,1,0
441052,1274.0,75,1,19,7,54,3,10,5,0,0
441070,96.0,65,76,0,1,6,1,11,3,1,0
441168,31.0,94,0,0,6,23,0,65,6,0,0
441210,275.0,65,4,4,7,31,1,52,0,0,0
441229,809.0,70,0,5,3,42,0,50,0,0,0
441256,15.0,100,0,0,0,47,0,53,0,0,0
441371,7124.0,96,1,0,57,0,1,30,0,10,0
441380,221.0,60,0,0,71,25,0,4,0,0,0
441414,246.0,78,0,0,2,93,0,3,1,0,0
441423,239.0,78,0,0,1,99,0,0,0,0,0
441487,52.0,94,0,0,2,2,0,96,0,0,0
441496,173.0,9,0,1,25,9,1,55,6,3,0
441502,303.0,96,1,1,51,5,0,39,2,1,0
441548,61.0,74,2,8,21,25,0,36,3,5,0
441575,268.0,79,0,60,0,38,0,1,0,0,0
441593,27.0,93,4,0,48,0,0,48,0,0,0
441609,90.0,0,0,0,0,0,0,87,0,0,13
441618,14.0,93,0,0,7,0,0,93,0,0,0
441636,321.0,84,0,1,78,2,1,15,2,0,0
441645,120.0,96,0,2,22,3,0,72,3,0,0
441663,389.0,92,2,3,2,21,0,49,4,19,0
441672,43.0,79,0,0,0,0,0,100,0,0,0
441690,147.0,41,0,0,0,100,0,0,0,0,0
441706,164.0,71,0,0,0,100,0,0,0,0,0
441742,862.0,91,0,1,32,19,0,7,0,41,0
441760,4417.0,58,1,3,28,23,0,42,3,1,0
441788,567.0,8,1,5,25,24,1,32,8,2,1
441830,90.0,81,0,1,2,2,1,93,0,0,0
441858,190.0,91,0,2,33,8,0,49,6,2,0
441876,199.0,94,1,2,19,8,1,66,5,0,0
441900,7218.0,74,0,12,8,39,1,21,6,14,0
441937,6947.0,65,0,6,2,55,0,25,4,4,3
441982,310.0,52,0,17,4,12,0,39,9,11,9
442073,690.0,74,0,5,39,37,0,11,3,5,0
442134,463.0,87,0,3,10,23,0,51,11,1,0
442161,2.0,100,0,0,100,0,0,0,0,0,0
442213,76.0,100,4,0,8,7,1,53,5,17,5
442240,450.0,83,0,7,6,38,1,44,2,2,0
442329,979.0,8,1,1,29,13,1,50,4,1,0
442356,1848.0,89,0,4,10,12,0,68,2,3,0
442383,123.0,83,0,0,2,0,0,98,0,0,0
442426,501.0,91,1,1,46,1,0,49,2,2,0
442435,52.0,73,0,4,27,56,0,13,0,0,0
442444,862.0,47,0,6,6,53,1,12,8,13,0
442523,93.0,68,84,1,0,1,1,5,8,0,0
442569,5319.0,49,0,1,33,10,0,38,5,12,0
442602,440.0,85,15,1,3,56,0,20,2,3,0
442611,1204.0,5,1,1,16,15,0,56,8,2,0
442639,48.0,19,0,0,2,0,0,0,0,0,98
442657,136.0,90,0,0,7,86,0,7,0,1,0
442781,843.0,77,89,0,1,0,0,3,1,6,0
442842,43.0,74,5,5,26,14,0,40,2,9,0
442879,541.0,93,3,1,11,18,0,57,0,10,0
442888,186.0,8,1,3,9,58,0,24,4,2,0
442930,691.0,55,3,2,20,37,1,14,4,16,4
442949,2.0,100,0,0,0,0,0,50,50,0,0
442967,75.0,81,25,0,4,47,0,20,4,0,0
442976,66.0,92,0,2,29,2,0,62,3,3,0
442985,181.0,88,0,1,20,65,6,9,1,0,0
443021,101.0,23,0,0,87,11,0,2,0,0,0
443049,142.0,39,1,13,30,4,0,44,4,2,3
443058,42.0,57,2,2,7,10,0,55,2,2,19
443100,46.0,37,0,0,0,100,0,0,0,0,0
443137,269.0,80,0,1,29,4,0,61,4,0,0
443146,105.0,26,0,0,77,23,0,0,0,0,0
443207,138.0,2,0,16,1,65,2,8,0,7,0
443216,191.0,12,1,20,24,36,0,14,5,0,0
443225,62.0,6,0,23,23,23,0,29,3,0,0
443234,161.0,93,0,1,66,25,1,3,2,1,0
443252,1749.0,30,0,0,0,100,0,0,0,0,0
443261,200.0,90,1,1,52,2,0,33,2,11,0
443289,161.0,79,0,0,6,11,0,83,0,0,0
443298,40.0,25,0,0,93,8,0,0,0,0,0
443322,79.0,81,0,1,3,96,0,0,0,0,0
443331,2413.0,79,0,26,3,28,3,33,6,0,0
443340,47.0,57,0,6,9,19,0,66,0,0,0
443377,53.0,6,0,0,6,4,0,89,2,0,0
443410,1061.0,26,0,9,2,8,0,55,8,7,11
443492,1613.0,59,0,1,2,0,0,93,4,0,0
443562,363.0,69,0,0,0,100,0,0,0,0,0
443571,468.0,40,2,3,9,52,0,25,5,4,0
443599,602.0,93,3,1,16,12,1,62,3,1,0
443632,87.0,36,0,0,11,24,0,64,0,0,0
443641,137.0,97,0,1,1,4,0,24,3,67,0
443650,351.0,84,1,0,40,3,1,49,6,1,0
443669,93.0,83,3,3,3,43,1,41,3,2,0
443696,23.0,70,0,4,39,48,0,9,0,0,0
443748,684.0,78,0,4,63,20,0,8,3,2,0
443766,3670.0,83,0,0,71,1,0,23,3,1,0
443784,1973.0,81,0,1,52,11,0,30,4,1,0
443951,63.0,54,0,0,0,100,0,0,0,0,0
443979,106.0,99,0,7,10,6,0,73,0,5,0
444051,81.0,98,0,2,40,2,0,53,2,0,0
444088,608.0,88,7,2,5,64,0,18,2,0,0
444130,176.0,80,1,2,18,12,2,34,3,28,0
444194,55.0,93,0,0,0,100,0,0,0,0,0
444219,9542.0,57,1,13,5,21,1,49,6,4,0
444228,26.0,100,0,0,19,0,0,77,4,0,0
444255,139.0,81,0,1,31,6,0,45,14,2,1
444264,63.0,68,0,0,0,100,0,0,0,0,0
444282,75.0,99,0,0,27,0,0,7,1,65,0
444291,74.0,97,0,3,84,0,3,4,4,3,0
444307,78.0,99,0,1,46,1,0,35,8,9,0
444316,98.0,85,3,0,6,10,0,81,0,0,0
444325,83.0,89,1,11,10,59,1,17,0,1,0
444334,53.0,85,0,0,4,96,0,0,0,0,0
444343,59.0,98,3,17,10,49,3,10,0,7,0
444361,83.0,78,2,2,8,42,1,43,0,0,0
444370,30.0,3,0,0,0,100,0,0,0,0,0
444398,117.0,53,0,3,1,54,0,4,0,0,38
444404,22.0,36,0,0,41,45,0,14,0,0,0
444413,166.0,0,0,0,0,0,0,99,0,0,1
444440,42.0,95,5,10,19,0,0,64,0,2,0
444468,3.0,100,0,0,0,0,0,100,0,0,0
444486,386.0,94,0,1,33,7,0,54,4,1,0
444510,93.0,86,0,5,5,33,0,55,0,0,1
444529,21.0,95,0,0,0,57,0,43,0,0,0
444556,610.0,51,0,1,17,26,0,28,3,24,0
444565,382.0,50,0,6,26,39,0,27,1,1,0
444583,597.0,52,0,0,0,100,0,0,0,0,0
444635,99.0,85,0,0,27,15,0,55,3,0,0
444662,158.0,22,1,0,89,1,0,9,0,0,0
444671,154.0,54,0,0,0,100,0,0,0,0,0
444714,274.0,93,0,3,60,11,0,8,2,15,0
444732,18.0,67,0,0,0,100,0,0,0,0,0
444778,87.0,69,0,0,94,2,0,3,0,0,0
444787,1335.0,87,1,9,16,16,1,52,1,4,0
444796,85.0,24,0,0,98,1,0,1,0,0,0
444811,347.0,93,0,1,82,5,0,2,1,10,0
444857,144.0,100,2,6,1,26,2,57,5,1,0
444866,193.0,90,0,0,70,1,0,23,1,5,0
444893,220.0,90,0,0,90,5,0,4,2,0,0
444936,123.0,73,7,75,2,13,0,2,0,2,0
444945,158.0,94,1,0,59,0,0,25,0,15,0
444954,1292.0,62,1,0,4,1,0,83,0,11,0
445027,12830.0,64,1,1,29,4,1,26,3,34,0
445133,190.0,59,2,3,54,1,0,7,1,33,0
445188,8276.0,53,0,18,4,58,0,8,3,0,8
445203,347.0,89,0,1,46,40,1,9,3,0,0
445212,263.0,84,0,2,13,30,0,45,1,10,0
445230,843.0,75,1,15,11,34,1,28,9,1,0
445249,345.0,77,0,1,39,8,40,10,1,1,0
445258,128.0,91,5,1,41,12,2,33,5,2,0
445267,3123.0,71,0,1,4,4,0,86,2,3,0
445300,11.0,45,0,0,36,9,0,9,0,45,0
445364,522.0,89,1,6,7,61,1,13,5,6,0
445461,628.0,65,0,3,40,45,0,7,3,2,0
445498,31.0,0,0,0,0,100,0,0,0,0,0
445540,77.0,96,0,0,18,0,0,82,0,0,0
445638,73.0,96,1,4,3,3,0,82,4,3,0
445647,164.0,96,1,2,6,24,0,62,1,4,0
445656,190.0,93,2,3,5,4,1,75,6,6,0
445692,529.0,13,2,3,6,14,0,57,6,12,0
445708,1391.0,65,0,2,48,10,0,33,2,4,1
445735,555.0,74,0,34,5,9,1,34,12,4,1
445744,474.0,79,0,1,43,19,0,31,5,1,0
445762,181.0,4,0,8,34,24,0,22,12,0,0
445780,20.0,95,0,0,10,25,0,65,0,0,0
445799,1018.0,5,0,1,12,17,0,60,7,3,0
445841,132.0,98,0,1,42,3,0,53,0,1,0
445850,122.0,99,0,0,83,1,0,16,1,0,0
445911,796.0,65,0,2,30,25,0,25,4,14,0
445948,1723.0,86,1,6,29,33,2,19,9,0,0
445957,361.0,74,0,1,36,20,1,23,5,14,0
446048,1071.0,56,1,4,6,15,0,68,0,7,0
446084,99.0,89,0,0,42,1,0,54,3,0,0
446093,105.0,95,3,12,3,53,1,26,2,0,0
446109,377.0,94,0,1,52,26,0,17,3,0,0
446118,549.0,82,0,7,17,56,1,15,2,1,0
446127,230.0,95,0,2,37,12,0,32,2,16,0
446136,288.0,83,0,0,18,10,0,67,4,1,0
446163,490.0,7,0,0,74,13,1,6,6,0,0
446206,26.0,88,0,0,8,19,0,69,4,0,0
446224,11.0,36,0,45,0,0,0,55,0,0,0
446233,192.0,45,3,3,13,25,1,51,2,0,4
446242,89.0,83,0,0,40,1,0,55,3,0,0
446251,104.0,81,0,17,12,11,0,37,1,2,21
446260,597.0,96,2,8,6,14,1,57,3,9,0
446288,64.0,95,0,0,2,3,0,95,0,0,0
446303,22.0,95,0,0,41,45,0,14,0,0,0
446349,24.0,92,0,0,4,0,0,96,0,0,0
446385,249.0,41,1,5,7,14,1,37,1,4,31
446394,73.0,0,0,0,0,0,0,100,0,0,0
446455,35.0,11,0,0,14,3,0,83,0,0,0
446516,6.0,50,0,0,0,100,0,0,0,0,0
446525,211.0,17,0,0,53,4,0,39,1,3,0
446552,1712.0,48,1,1,26,30,0,39,2,1,0
446561,1508.0,76,1,21,4,36,3,18,6,11,0
446589,596.0,84,0,0,0,100,0,0,0,0,0
446598,29.0,72,0,0,3,3,0,86,0,0,7
446604,2268.0,0,0,0,0,0,0,100,0,0,0
446613,21.0,62,0,0,100,0,0,0,0,0,0
446640,745.0,38,0,4,34,15,1,39,4,1,2
446774,3912.0,67,0,1,6,5,0,82,3,2,0
447014,236.0,91,1,1,37,11,0,48,1,1,0
447023,870.0,53,0,0,76,3,0,19,1,2,0
447050,128.0,77,5,10,16,27,2,40,1,0,0
447148,138.0,94,1,1,17,45,1,21,2,11,0
447166,46.0,93,2,4,2,26,4,48,7,7,0
447175,65.0,97,3,0,45,28,0,17,3,5,0
447263,1309.0,87,0,2,2,12,1,78,1,3,0
447351,328.0,52,1,4,4,59,2,17,1,13,1
447379,163.0,61,8,1,26,23,1,34,7,1,0
447421,200.0,85,2,1,2,14,1,74,1,8,0
447449,46.0,80,0,0,37,0,0,59,4,0,0
447458,182.0,15,1,3,40,21,1,16,13,3,1
447467,83.0,93,0,0,70,0,0,30,0,0,0
447582,1043.0,65,0,0,5,0,0,91,3,0,0
447591,663.0,92,0,2,32,46,0,9,5,5,0
447607,1176.0,48,0,1,5,32,1,3,1,57,0
447616,1002.0,25,0,2,2,41,0,3,2,50,0
447689,11627.0,59,0,10,32,24,0,26,4,1,3
447704,101.0,93,1,0,1,29,0,14,3,52,0
447713,159.0,72,0,40,8,31,0,20,1,0,0
447722,31.0,87,0,16,3,77,0,3,0,0,0
447731,272.0,91,1,32,11,17,0,2,1,0,35
447759,185.0,71,0,17,9,59,0,15,0,1,0
447768,1435.0,83,0,8,10,61,1,13,6,0,0
447777,748.0,44,1,17,33,18,2,26,2,2,0
447795,39.0,74,0,56,0,5,0,23,0,0,15
447810,312.0,94,1,15,12,36,3,18,16,0,0
447847,305.0,5,0,2,4,17,0,12,0,0,64
447865,17.0,41,0,0,76,0,0,24,0,0,0
447874,216.0,3,1,0,13,10,1,74,1,0,0
447883,160.0,88,0,3,34,12,0,49,1,1,0
447892,125.0,86,0,0,86,3,0,10,1,0,0
447908,58.0,97,0,0,97,3,0,0,0,0,0
447917,20.0,75,0,5,40,0,0,45,10,0,0
447935,298.0,97,0,0,41,3,0,40,5,10,0
447953,417.0,52,0,10,18,29,1,38,0,3,0
447962,214.0,82,0,0,56,4,0,40,0,0,0
447971,90.0,93,0,0,43,23,0,33,0,0,0
447980,75.0,97,0,0,15,3,0,83,0,0,0
447999,173.0,74,1,2,29,5,0,60,2,2,0
448017,36.0,92,0,0,89,0,0,11,0,0,0
448026,152.0,97,3,2,9,4,1,78,3,1,0
448044,1.0,100,0,0,0,0,0,100,0,0,0
448071,325.0,92,0,3,32,27,0,22,8,8,0
448123,180.0,84,0,0,9,90,0,1,0,0,0
448196,124.0,87,0,2,52,28,0,17,1,0,0
448220,133.0,97,1,1,0,17,2,62,5,13,0
448239,119.0,100,1,3,0,5,0,91,0,0,0
448248,3795.0,47,1,1,1,17,1,77,2,0,0
448257,36.0,97,0,8,28,14,0,25,6,19,0
448275,24.0,92,0,0,13,0,0,83,4,0,0
448354,234.0,88,0,6,52,26,0,13,0,3,0
448372,197.0,54,1,21,3,14,2,57,2,1,0
448424,69.0,100,7,1,4,4,3,67,13,0,0
448433,1350.0,3,1,4,2,34,1,17,7,35,0
448594,3932.0,66,1,5,4,65,0,19,3,2,0
448600,283.0,95,1,1,29,5,0,62,2,0,0
448619,473.0,93,0,1,58,19,0,15,0,6,0
448646,57.0,98,0,0,40,0,0,44,0,16,0
448673,2407.0,91,0,4,33,15,0,25,3,20,0
448707,112.0,74,0,0,0,100,0,0,0,0,0
448770,272.0,4,0,4,14,31,0,49,3,0,0
448798,144.0,97,1,1,61,9,0,9,3,16,0
448859,131.0,5,0,1,6,21,0,71,1,0,0
448895,401.0,79,2,7,7,64,1,16,3,1,0
449038,1766.0,74,0,1,52,15,0,25,4,2,0
449074,666.0,88,1,14,14,23,1,36,8,3,0
449083,95.0,0,0,0,2,94,0,4,0,0,0
449092,140.0,0,0,1,6,91,0,2,0,0,0
449135,125.0,72,0,0,0,100,0,0,0,0,0
449250,679.0,79,0,1,11,62,0,21,3,2,0
449311,136.0,99,0,0,29,70,0,1,0,0,0
449320,562.0,5,0,7,32,43,1,8,3,6,0
449339,40362.0,36,1,3,15,16,1,52,5,8,1
449348,84.0,70,0,0,88,0,0,7,0,5,0
449357,78.0,87,0,4,18,60,0,18,0,0,0
449366,119.0,96,0,5,5,24,0,58,6,1,1
449384,575.0,35,0,17,1,16,1,34,6,10,14
449393,52.0,58,0,4,0,88,0,4,2,0,2
449445,129.0,78,0,4,14,60,0,22,0,0,0
449454,41.0,93,0,0,0,20,0,80,0,0,0
449463,196.0,83,0,2,27,26,0,44,0,2,0
449472,54.0,96,0,2,24,7,0,67,0,0,0
449490,44.0,86,0,0,68,9,0,9,0,14,0
449506,41.0,44,0,0,0,100,0,0,0,0,0
449524,228.0,91,1,0,44,9,0,38,3,4,0
449533,67.0,90,0,1,43,1,0,48,6,0,0
449597,3.0,100,0,0,33,0,0,67,0,0,0
449603,196.0,35,0,1,44,31,1,20,3,0,0
449612,114.0,51,0,0,45,4,0,51,0,0,0
449658,152.0,0,0,0,0,0,0,96,0,0,4
449676,204.0,55,0,21,27,37,0,9,4,0,0
449685,215.0,92,0,5,44,41,0,6,0,4,0
449700,286.0,83,0,0,42,1,0,51,1,4,0
449719,43.0,86,0,2,30,0,0,42,12,14,0
449728,78.0,97,0,0,1,6,3,55,33,1,0
449764,310.0,49,1,3,12,14,0,63,5,4,1
449773,200.0,78,2,6,53,18,0,17,5,1,0
449782,50.0,96,0,2,56,12,0,30,0,0,0
449807,101.0,100,0,3,13,5,0,76,3,0,0
449816,586.0,39,2,1,1,10,1,82,1,2,0
449861,231.0,92,2,1,33,18,0,37,0,8,0
449870,114.0,66,2,3,3,31,1,9,0,8,45
449889,85.0,86,0,6,19,15,0,52,2,4,2
449898,548.0,78,0,3,34,32,1,25,0,3,1
449904,132.0,100,0,1,17,73,0,8,0,1,0
449931,196.0,62,2,2,31,2,0,52,1,12,0
449959,225.0,86,0,0,13,26,2,44,4,9,0
449968,270.0,82,0,3,10,33,3,39,0,13,0
449977,209.0,95,0,1,26,1,1,62,1,8,0
449986,296.0,81,0,1,11,45,2,31,0,8,0
449995,197.0,93,1,4,32,9,0,35,18,0,2
450021,228.0,81,4,0,48,2,0,45,1,0,0
450058,1042.0,84,0,5,46,2,0,36,5,6,0
450067,587.0,74,0,5,67,1,0,21,4,1,0
450119,183.0,92,1,1,10,10,6,54,1,16,0
450128,521.0,95,0,1,58,3,0,29,1,8,0
450298,357.0,76,1,1,55,10,0,27,5,1,0
450377,1534.0,79,0,0,71,1,0,22,3,1,0
450395,113.0,97,1,3,17,8,0,66,4,2,0
450401,367.0,96,3,2,16,8,1,42,1,28,0
450571,625.0,90,2,4,4,5,0,68,4,14,0
450599,75.0,99,0,0,44,4,0,29,8,15,0
450605,68.0,97,0,0,57,0,0,35,0,7,0
450614,89.0,98,1,1,78,2,0,15,3,0,0
450632,151.0,79,1,1,11,3,1,72,2,11,0
450641,205.0,91,0,0,3,6,1,83,3,1,0
450650,290.0,94,1,2,19,18,0,54,4,1,0
450696,332.0,92,0,8,8,59,1,19,1,3,1
450702,217.0,92,1,3,6,28,1,50,5,5,1
450711,74.0,12,0,0,84,9,0,7,0,0,0
450720,557.0,96,1,6,29,28,2,23,11,1,0
450933,13254.0,36,1,1,16,3,0,54,2,22,0
450951,125.0,35,4,2,13,19,2,60,0,0,0
450960,374.0,87,1,10,25,54,4,3,2,1,0
450988,271.0,87,1,82,1,8,0,6,1,1,1
451042,19.0,68,0,0,47,47,0,5,0,0,0
451051,94.0,90,1,2,32,14,0,40,11,0,0
451097,67.0,81,0,15,7,40,0,37,0,0,0
451103,442.0,81,0,0,16,81,0,3,0,0,0
451121,126.0,88,2,0,10,63,0,16,2,6,0
451149,506.0,92,1,0,21,37,1,36,2,2,0
451158,633.0,95,0,1,20,11,1,62,3,2,0
451167,149.0,55,0,1,31,59,0,9,0,0,0
451194,27.0,85,4,0,7,4,0,67,19,0,0
451228,232.0,22,0,1,27,6,0,61,3,0,0
451237,163.0,98,1,0,4,2,0,87,2,4,0
451255,61.0,97,0,0,2,38,0,59,2,0,0
451264,152.0,84,1,8,25,21,0,36,7,0,3
451282,147.0,97,0,6,31,2,1,57,3,0,0
451291,16.0,94,0,0,6,13,0,81,0,0,0
451307,21.0,90,0,0,29,5,0,52,14,0,0
451316,59.0,80,0,0,25,0,0,73,0,2,0
451334,260.0,65,1,0,11,18,1,52,6,11,0
451343,91.0,98,0,1,45,0,0,46,2,4,1
451352,317.0,91,1,2,63,5,1,18,1,10,0
451370,57.0,0,0,0,0,0,0,100,0,0,0
451398,213.0,0,0,0,0,0,0,91,0,0,9
451404,423.0,0,0,0,0,0,0,100,0,0,0
451413,520.0,75,0,12,20,16,0,47,4,2,0
451459,64.0,77,0,2,27,9,3,48,5,6,0
451468,345.0,98,0,1,9,3,0,81,5,2,0
451477,3013.0,17,1,2,39,10,0,42,5,1,0
451495,257.0,83,0,0,66,21,0,14,0,0,0
451501,156.0,71,0,0,0,100,0,0,0,0,0
451529,72.0,92,0,0,8,1,0,90,0,0,0
451547,23.0,96,0,0,13,48,0,39,0,0,0
451556,1558.0,63,0,1,4,88,0,7,0,1,0
451565,182.0,95,0,1,15,26,0,55,2,0,1
451574,92.0,93,1,0,0,14,1,82,2,0,0
451583,815.0,28,1,1,0,13,2,80,2,0,0
451626,45.0,76,4,0,4,42,0,44,4,0,0
451714,314.0,87,0,1,8,54,0,28,7,1,0
451741,143.0,71,0,0,0,100,0,0,0,0,0
451750,1453.0,82,1,3,36,13,0,39,7,1,0
451820,236.0,42,0,3,23,33,1,31,0,7,2
451857,147.0,85,1,1,31,37,0,27,2,3,0
451866,348.0,87,0,0,73,1,0,22,1,3,0
451918,118.0,84,1,1,3,2,1,92,1,0,0
451927,340.0,51,0,7,1,4,1,66,0,21,0
452009,44.0,98,2,0,0,0,0,91,7,0,0
452072,59.0,100,0,0,12,8,0,71,3,5,0
452081,557.0,97,0,1,22,9,0,43,24,2,0
452106,80.0,3,0,0,0,100,0,0,0,0,0
452124,475.0,80,0,3,43,7,0,41,5,2,0
452373,231.0,97,0,3,74,0,1,17,3,1,0
452771,13.0,100,0,0,8,8,0,77,0,8,0
452780,23.0,100,0,4,0,0,0,91,4,0,0
452887,68.0,6,0,0,7,0,0,87,3,3,0
452948,1067.0,90,0,2,17,1,0,73,4,2,0
453163,4684.0,83,1,0,74,3,0,17,3,1,0
453215,903.0,79,0,2,56,16,0,19,4,2,0
453297,30.0,53,0,0,13,0,0,87,0,0,0
453756,229.0,39,0,0,79,2,0,7,4,7,0
453792,80.0,95,0,3,83,0,0,15,0,0,0
454184,442.0,64,2,5,5,9,0,67,0,7,5
454227,14851.0,90,0,7,17,15,0,53,2,5,0
454236,744.0,90,0,5,30,5,0,59,1,0,0
454245,725.0,85,1,10,5,25,0,54,4,0,0
454306,113.0,96,0,0,14,2,0,81,2,1,0
454458,38.0,79,0,0,5,39,8,47,0,0,0
454537,61.0,98,0,5,3,5,0,85,2,0,0
454546,63.0,98,0,3,40,27,0,17,2,11,0
454555,213.0,98,2,1,3,47,1,40,4,1,0
454582,163.0,62,9,5,11,9,0,48,0,17,0
454607,239.0,95,0,3,36,9,0,41,4,7,0
454616,133.0,17,1,3,12,6,0,73,2,2,1
454652,144.0,98,0,0,24,6,0,69,1,0,0
454689,2.0,100,0,50,50,0,0,0,0,0,0
454698,310.0,71,0,1,5,76,0,17,0,0,0
454722,24.0,63,0,0,4,88,0,0,0,0,8
454759,26.0,12,0,8,58,31,0,4,0,0,0
454768,263.0,84,0,7,11,55,1,17,2,8,0
454777,214.0,87,0,14,24,27,1,27,6,1,0
454786,897.0,41,2,21,16,25,3,27,2,4,0
454795,364.0,77,1,10,5,20,2,43,10,9,0
454801,164.0,79,6,9,35,31,1,16,0,2,0
454810,7600.0,68,1,1,37,12,1,37,7,3,1
454829,6399.0,86,1,4,18,15,1,48,4,10,0
454847,21.0,90,0,71,0,29,0,0,0,0,0
454856,1022.0,85,0,6,10,13,1,59,4,7,0
454865,654.0,88,1,4,45,17,0,26,7,0,0
454874,62.0,97,0,0,8,45,0,42,0,5,0
454917,617.0,84,0,0,11,75,0,8,0,0,5
454926,298.0,93,0,1,75,6,0,14,4,0,0
454935,72.0,100,0,0,0,1,1,97,0,0,0
454944,180.0,83,1,0,0,15,1,82,1,1,1
454953,28.0,100,0,0,36,11,0,21,7,25,0
454962,25.0,96,0,0,32,24,0,32,0,12,0
454971,235.0,85,1,3,27,47,0,16,6,0,0
454980,101.0,99,1,3,26,30,0,35,6,0,0
454999,112.0,98,0,4,38,4,1,46,6,2,0
455008,205.0,88,0,2,28,16,0,40,13,0,0
455026,95.0,13,1,4,40,14,0,34,7,0,0
455062,67.0,96,0,0,21,4,0,66,7,0,1
455071,131.0,83,1,1,24,3,0,63,5,3,0
455080,223.0,88,0,0,3,4,0,91,1,0,0
455105,80.0,99,0,0,26,1,1,71,0,0,0
455114,10196.0,60,1,2,2,17,0,69,2,5,1
455141,216.0,97,0,1,36,6,0,44,12,0,0
455187,239.0,85,0,0,2,98,0,0,0,0,0
455196,3514.0,92,0,3,60,12,1,16,2,5,0
455202,476.0,86,0,14,12,28,1,42,2,0,2
455211,268.0,96,1,9,11,26,2,28,23,0,0
455220,50.0,86,0,0,26,26,0,48,0,0,0
455239,26.0,92,0,0,8,0,0,92,0,0,0
455257,457.0,0,0,0,0,0,0,93,0,0,7
455275,258.0,98,0,2,30,3,0,54,8,3,0
455284,264.0,98,0,0,19,2,0,74,0,4,0
455327,15.0,93,7,0,40,13,0,40,0,0,0
455336,217.0,18,0,1,61,12,0,27,0,0,0
455354,362.0,96,1,1,5,57,1,33,2,1,0
455381,179.0,99,1,1,1,8,2,74,6,7,0
455460,165.0,84,1,0,76,1,0,22,0,0,0
455479,705.0,89,1,0,32,6,1,55,3,2,0
455488,284.0,72,0,1,82,2,0,14,1,0,0
455512,4598.0,65,0,14,2,44,0,26,5,3,5
455558,91.0,63,1,1,80,1,0,11,2,3,0
455628,551.0,70,0,1,82,2,0,11,2,1,0
455664,182.0,85,1,3,23,21,0,43,5,5,0
455707,50.0,84,0,8,20,0,0,72,0,0,0
455725,591.0,97,2,1,16,38,1,35,5,2,0
455734,17.0,82,0,6,6,82,0,0,6,0,0
455761,249.0,90,0,7,15,24,2,28,6,18,0
455770,121.0,47,2,2,3,46,1,37,4,2,2
455798,102.0,91,0,0,20,26,0,49,0,5,0
455831,120.0,83,0,0,28,54,0,18,1,0,0
455859,270.0,97,0,1,2,11,1,80,1,0,3
455868,293.0,87,2,14,5,69,1,5,0,2,2
455877,114.0,98,0,3,19,13,1,52,9,4,0
455886,136.0,96,2,1,17,33,0,43,4,0,0
455895,281.0,90,1,0,51,31,0,15,1,1,0
455901,195.0,93,0,1,11,7,0,73,4,5,1
455910,38.0,82,0,0,3,0,0,97,0,0,0
455929,57.0,98,2,0,7,2,0,79,11,0,0
455956,151.0,89,0,0,0,100,0,0,0,0,0
455965,129.0,95,0,3,3,16,0,74,4,0,0
455974,188.0,90,0,0,0,100,0,0,0,0,0
455983,371.0,67,0,36,2,7,0,31,0,0,24
456001,66.0,8,0,0,2,3,0,94,0,2,0
456029,230.0,94,0,1,59,3,0,34,0,2,0
456038,363.0,91,4,1,3,31,0,46,7,7,1
456065,184.0,95,0,1,43,5,0,49,2,0,0
456074,143.0,96,0,1,21,1,1,68,8,0,0
456135,79.0,100,1,4,61,14,0,11,3,6,0
456153,101.0,18,0,0,60,15,0,24,0,1,0
456205,282.0,86,0,1,60,17,0,14,6,1,0
456214,425.0,38,0,0,14,65,0,18,0,2,0
456287,51.0,92,0,0,4,8,0,84,2,2,0
456454,539.0,71,2,4,4,19,3,61,4,2,0
456481,80.0,46,0,0,0,100,0,0,0,0,0
456490,142.0,30,0,0,1,98,0,1,0,0,0
456506,173.0,93,0,1,29,16,0,39,6,9,0
456515,50.0,98,0,2,32,6,0,48,12,0,0
456551,75.0,99,4,0,3,4,0,89,0,0,0
456579,263.0,60,0,2,16,52,0,22,5,3,0
456588,40.0,98,5,8,15,68,0,0,3,3,0
456597,181.0,98,1,2,6,23,0,9,0,60,0
456621,307.0,78,1,0,12,1,0,82,4,0,0
456825,112.0,97,0,3,39,3,0,54,1,1,0
456852,372.0,78,1,2,14,55,1,20,4,3,0
456922,209.0,80,0,0,0,92,0,6,0,0,0
456931,307.0,45,0,1,5,71,0,21,2,1,0
456959,632.0,77,0,15,12,8,0,58,3,2,0
456968,717.0,98,1,1,64,9,0,20,2,2,1
456977,46.0,28,0,0,4,89,0,7,0,0,0
457031,67.0,99,0,0,3,6,1,90,0,0,0
457077,267.0,90,1,1,7,52,0,33,4,1,0
457086,125.0,83,0,35,42,20,0,3,0,0,0
457101,374.0,75,0,18,18,36,4,16,5,3,1
457110,526.0,84,1,7,3,23,0,59,3,2,1
457129,1084.0,88,0,6,40,27,1,23,3,1,0
457174,33.0,91,0,0,82,9,0,6,3,0,0
457192,38.0,39,0,0,97,3,0,0,0,0,0
457208,175.0,12,0,7,15,28,0,38,2,9,0
457226,40.0,28,0,0,13,13,0,63,8,5,0
457253,114.0,95,2,4,5,77,0,11,1,0,1
457299,298.0,81,1,36,11,31,0,2,1,1,17
457314,98.0,80,0,21,24,43,0,4,2,5,0
457323,346.0,93,1,3,5,42,0,34,13,1,0
457332,44.0,86,0,5,7,9,2,73,0,5,0
457341,158.0,99,0,1,11,18,1,69,0,0,0
457350,60.0,100,2,0,25,22,2,43,3,3,0
457378,198.0,55,1,2,12,4,0,79,3,0,0
457387,307.0,47,0,0,18,66,0,16,0,0,0
457396,134.0,80,0,1,43,9,0,44,0,2,0
457402,119.0,11,1,0,68,25,0,2,3,0,1
457411,248.0,5,0,1,19,46,0,27,6,0,0
457420,208.0,94,0,0,12,35,0,50,2,1,0
457439,96.0,98,0,1,36,14,0,42,5,2,0
457448,101.0,98,0,1,24,15,0,59,1,0,0
457466,32.0,16,0,0,100,0,0,0,0,0,0
457475,99.0,95,0,3,13,15,1,64,2,2,0
457484,123.0,45,0,13,6,21,20,20,20,1,1
457493,42.0,95,0,2,0,14,0,33,0,50,0
457527,229.0,86,0,24,21,19,0,33,0,2,0
457536,655.0,81,1,3,22,18,0,14,0,5,37
457545,109.0,96,0,2,12,2,0,83,0,2,0
457554,36.0,97,0,0,0,0,0,100,0,0,0
457563,288.0,97,1,0,8,3,0,85,3,0,0
457572,142.0,99,0,1,5,1,0,91,1,1,0
457581,172.0,97,1,2,2,17,1,70,8,0,0
457606,44.0,80,0,45,36,14,0,0,5,0,0
457615,19.0,100,0,0,5,26,0,63,5,0,0
457624,30.0,100,0,3,43,17,0,37,0,0,0
457633,200.0,98,1,3,39,8,2,43,7,0,0
457642,66.0,95,0,3,17,5,0,71,5,0,0
457651,42.0,74,0,2,10,5,0,74,5,5,0
457679,19.0,89,0,16,0,32,0,47,5,0,0
457688,342.0,28,1,4,29,14,1,37,4,10,0
457697,99.0,57,0,3,12,7,1,72,5,0,0
457721,15.0,100,0,0,0,0,0,100,0,0,0
457749,87.0,85,13,0,2,3,0,69,13,0,0
457767,179.0,42,0,1,68,27,0,3,1,0,0
457776,139.0,91,6,1,1,46,0,32,14,1,0
457785,52.0,98,0,0,0,44,0,48,8,0,0
457794,79.0,91,0,39,1,3,0,57,0,0,0
457800,105.0,90,0,34,25,37,0,2,0,2,0
457819,450.0,56,0,10,11,28,0,41,2,2,5
457837,169.0,96,1,1,23,9,0,62,5,0,0
457846,44.0,80,5,0,7,7,0,77,2,2,0
457855,35.0,91,0,0,14,20,0,51,3,11,0
457873,147.0,39,0,0,1,7,1,88,3,0,0
457916,88.0,100,0,2,8,8,0,74,7,1,0
457925,15.0,67,0,0,7,13,0,73,7,0,0
457943,66.0,85,0,0,0,0,0,100,0,0,0
457952,123.0,98,0,2,1,15,0,75,4,3,0
457989,58.0,98,0,0,90,0,0,10,0,0,0
457998,74.0,81,0,0,50,4,0,46,0,0,0
458007,72.0,97,0,3,11,0,0,85,1,0,0
458034,73.0,92,0,38,27,16,0,14,4,0,0
458043,108.0,100,0,3,19,26,0,45,6,1,0
458052,15.0,100,0,67,13,20,0,0,0,0,0
458061,43.0,91,0,53,2,30,0,14,0,0,0
458070,327.0,94,1,1,16,28,0,40,10,3,0
458098,166.0,98,0,4,10,22,0,55,8,1,0
458104,105.0,98,0,0,1,18,0,74,5,2,0
458113,35.0,69,0,9,43,3,0,43,3,0,0
458122,3.0,100,0,33,0,0,0,67,0,0,0
458131,23.0,96,0,9,0,4,0,61,17,9,0
458140,27.0,33,4,0,0,0,0,85,11,0,0
458168,60.0,93,0,3,8,7,0,77,3,2,0
458210,2990.0,78,0,40,3,25,3,21,6,0,0
458229,2408.0,79,1,25,5,37,3,22,7,1,0
458265,498.0,59,0,0,27,5,0,62,1,3,0
458274,209.0,89,0,0,43,26,0,27,1,1,0
458380,74.0,96,1,5,45,18,0,22,9,0,0
458405,259.0,68,5,0,68,5,0,16,7,1,0
458441,376.0,86,0,0,80,3,0,13,3,1,0
458496,223.0,55,0,2,50,9,1,32,0,7,0
458681,416.0,87,0,3,63,5,0,23,5,1,0
458803,114.0,97,0,0,93,0,0,1,2,4,0
458812,79.0,96,0,1,46,9,1,34,6,3,0
458821,43.0,91,0,0,88,0,0,12,0,0,0
458830,130.0,93,0,0,72,5,1,12,7,2,0
458858,148.0,95,0,0,68,4,0,11,0,17,0
458867,180.0,98,1,0,81,2,0,1,1,15,0
458885,407.0,84,0,0,62,3,0,29,4,2,0
458919,6536.0,80,0,0,79,3,0,13,3,2,0
458955,524.0,83,0,0,90,0,0,7,2,1,0
458964,2459.0,83,0,0,71,2,0,22,3,2,0
458973,3091.0,75,1,1,54,18,0,22,3,2,0
458982,395.0,56,1,1,18,45,0,24,1,7,2
459000,61.0,100,0,0,90,0,0,0,0,10,0
459019,77.0,95,0,0,84,4,0,3,1,8,0
459046,70.0,94,0,0,66,7,0,23,1,3,0
459055,69.0,99,0,3,58,16,0,19,1,3,0
459064,64.0,97,0,2,64,8,2,16,2,8,0
459116,102.0,94,1,0,16,33,0,50,0,0,0
459125,11.0,100,0,0,0,45,0,45,9,0,0
459170,334.0,93,0,3,4,36,1,22,17,18,0
459189,171.0,99,1,5,11,47,1,18,7,3,7
459198,303.0,83,0,4,4,27,0,61,2,1,0
459204,3618.0,86,1,22,6,14,3,10,3,40,0
459213,2462.0,82,1,29,7,28,2,20,8,6,0
459231,171.0,86,1,3,11,33,1,36,11,5,1
459259,289.0,85,0,2,48,7,1,40,0,2,0
459268,325.0,87,0,4,50,14,2,28,1,1,0
459277,333.0,94,1,2,5,20,0,60,10,3,0
459286,207.0,82,0,1,12,8,0,41,0,38,0
459295,84.0,92,0,4,8,14,1,61,10,2,0
459301,114.0,94,0,0,41,11,0,46,1,1,1
459310,105.0,83,1,1,12,84,0,2,0,0,0
459329,217.0,41,0,2,3,19,0,74,1,0,0
459347,110.0,98,1,1,5,17,0,73,3,0,0
459374,155.0,99,1,3,19,25,0,48,4,0,0
459392,163.0,99,1,0,4,2,1,91,1,0,0
459408,50.0,96,0,0,30,6,0,64,0,0,0
459417,72.0,24,0,3,1,13,0,75,6,3,0
459426,130.0,97,0,5,5,15,0,72,1,2,0
459462,282.0,13,2,1,46,23,0,15,9,4,0
459499,25.0,84,4,0,0,0,0,96,0,0,0
459514,131.0,91,1,0,40,50,0,8,1,1,0
459523,28.0,100,0,46,39,14,0,0,0,0,0
459532,68.0,99,0,0,0,100,0,0,0,0,0
459541,35.0,100,0,0,3,9,0,89,0,0,0
459550,133.0,98,0,5,3,6,2,66,14,4,0
459578,91.0,81,0,0,33,15,0,47,1,3,0
459727,518.0,70,1,3,18,8,1,45,8,17,0
459824,40.0,93,3,28,10,15,0,38,5,3,0
459842,667.0,87,1,10,16,28,0,42,2,1,0
459851,494.0,87,1,7,29,11,0,45,2,5,0
459949,6078.0,63,0,1,6,77,0,13,2,0,0
459958,390.0,77,1,1,40,46,1,7,2,3,0
459967,651.0,62,0,0,0,81,0,19,0,0,0
459985,581.0,51,0,0,0,79,0,21,0,0,0
459994,7124.0,70,1,1,33,11,0,46,4,3,0
460011,156.0,98,0,0,56,0,0,44,0,0,0
460020,569.0,84,0,0,78,2,0,18,2,0,0
460093,58.0,90,2,0,9,3,0,78,5,3,0
460109,161.0,98,1,1,28,24,0,30,6,11,0
460118,159.0,96,0,1,34,7,0,43,6,9,0
460127,121.0,93,0,1,31,6,0,49,2,11,0
460136,876.0,88,0,9,19,47,0,21,4,1,0
460145,260.0,50,0,0,72,7,0,5,7,10,0
460172,523.0,6,0,0,9,65,1,22,2,1,0
460181,545.0,86,0,1,13,18,0,3,0,63,0
460190,197.0,88,1,2,37,29,0,11,0,20,0
460206,519.0,84,0,2,8,57,0,10,0,23,0
460349,1318.0,72,0,3,23,13,0,50,1,8,2
460376,17.0,24,0,12,0,0,0,0,0,0,88
460385,53.0,92,0,0,6,0,0,94,0,0,0
460394,9158.0,61,0,5,9,67,0,14,3,1,1
460455,43.0,84,0,0,23,2,0,72,0,2,0
460464,10261.0,57,0,10,6,58,0,21,3,1,1
460482,146.0,92,0,0,59,5,0,27,6,2,0
460516,128.0,98,1,0,5,70,0,15,3,5,0
460525,96.0,94,1,0,3,55,1,39,0,1,0
460534,342.0,97,1,0,6,86,0,6,1,0,0
460543,1748.0,4,1,2,8,47,0,32,7,3,0
460677,346.0,72,0,0,0,100,0,0,0,0,0
460701,204.0,85,0,0,35,34,0,27,2,0,0
460738,1180.0,89,0,4,15,6,0,65,3,6,0
460756,150.0,98,1,24,1,9,37,2,21,4,0
460765,38.0,97,0,0,16,18,0,66,0,0,0
460783,344.0,89,0,0,11,1,0,2,6,77,3
460808,11.0,100,9,0,0,27,0,64,0,0,0
460817,238.0,67,1,1,32,13,0,45,5,2,0
460826,560.0,83,0,0,81,1,0,11,4,1,0
460835,323.0,79,1,0,54,4,0,37,3,1,0
460862,287.0,92,1,1,3,13,2,65,6,10,0
460871,622.0,91,0,9,55,15,0,16,3,0,0
460899,77.0,65,0,0,1,19,0,60,17,3,0
460914,318.0,99,1,2,2,7,0,37,5,47,0
460932,46.0,100,0,4,15,4,0,76,0,0,0
460969,373.0,89,0,0,6,93,0,1,0,0,0
460978,250.0,100,3,0,50,19,0,21,6,2,0
460987,126.0,96,0,0,17,6,1,75,0,2,0
460996,128.0,98,0,0,16,1,0,81,2,0,0
461014,1163.0,91,0,2,65,20,0,2,0,12,0
461023,601.0,88,1,0,6,8,0,34,0,51,0
461032,149.0,52,3,1,62,6,0,28,0,0,0
461087,1318.0,47,25,1,2,4,0,50,16,2,0
461111,30.0,10,0,0,17,50,0,27,0,7,0
461148,962.0,46,0,2,9,11,0,15,2,17,44
461175,195.0,95,4,38,13,23,1,4,1,9,8
461193,261.0,97,0,0,13,0,0,85,1,0,0
461218,614.0,92,0,2,38,3,0,57,0,0,0
461245,98.0,55,0,0,14,20,0,62,3,0,0
461254,41.0,80,0,0,0,15,0,73,12,0,0
461263,52.0,90,0,12,4,42,2,40,0,0,0
461272,65.0,100,0,0,2,9,6,82,2,0,0
461281,96.0,91,0,0,0,88,0,2,0,0,10
461290,34.0,97,0,9,0,9,0,82,0,0,0
461306,199.0,56,0,0,82,14,0,4,1,0,0
461315,79.0,77,38,1,1,0,0,44,15,0,0
461324,816.0,75,0,0,13,13,0,67,0,6,0
461333,3.0,33,0,0,0,0,0,33,0,0,67
461342,133.0,100,0,0,0,11,1,86,0,2,0
461379,33.0,79,3,0,36,3,0,58,0,0,0
461388,55.0,71,0,0,11,13,0,71,4,2,0
461412,152.0,76,0,8,49,11,0,23,7,3,0
461421,188.0,95,0,0,17,4,0,73,1,5,0
461430,605.0,8,1,5,15,39,3,35,1,1,0
461494,180.0,88,2,2,3,12,4,69,7,1,0
461500,15.0,80,0,13,0,53,20,13,0,0,0
461528,187.0,51,1,2,13,11,0,65,7,0,2
461537,36.0,100,0,0,0,3,0,97,0,0,0
461555,80.0,94,1,0,4,63,0,31,0,1,0
461573,128.0,2,0,1,40,5,0,55,0,0,0
461582,151.0,99,1,4,17,38,1,30,1,6,2
461591,130.0,92,2,17,5,4,37,16,13,5,0
461607,58.0,88,0,2,10,41,7,34,3,2,0
461625,11.0,9,0,0,0,100,0,0,0,0,0
461643,26.0,81,4,8,0,15,4,58,8,4,0
461652,49.0,98,0,6,2,12,0,65,14,0,0
461689,362.0,88,1,2,18,38,1,30,8,1,0
461704,149.0,87,3,1,1,5,0,84,5,0,0
461713,61.0,100,0,2,2,52,0,38,0,7,0
461722,31.0,94,0,0,3,0,0,97,0,0,0
461740,46.0,33,0,0,85,7,0,7,0,2,0
461759,140.0,52,0,0,96,1,0,1,0,1,0
461768,250.0,97,0,4,30,36,0,18,8,2,0
461786,27.0,100,0,0,0,11,0,89,0,0,0
461795,386.0,28,0,3,37,23,0,9,2,1,23
461810,30.0,83,0,80,0,10,0,10,0,0,0
461829,141.0,81,1,18,18,32,0,27,1,4,0
461838,205.0,99,1,3,26,28,0,36,0,5,0
461847,88.0,0,0,0,0,0,0,95,0,0,5
461856,300.0,68,1,6,17,44,0,17,1,14,0
461865,31.0,87,0,6,90,3,0,0,0,0,0
461874,74.0,91,0,0,18,22,0,61,0,0,0
461883,82.0,54,0,0,5,22,0,1,0,0,72
461892,142.0,89,1,1,85,1,1,9,1,1,0
461908,93.0,98,0,2,19,33,0,44,1,0,0
461917,178.0,95,0,0,5,3,1,83,6,2,0
461926,167.0,97,1,2,0,9,2,78,6,2,0
461944,45.0,98,0,4,22,4,0,58,7,4,0
461953,74.0,93,0,0,8,22,0,70,0,0,0
461962,199.0,30,0,0,7,0,2,84,4,3,1
461999,92.0,97,0,2,29,8,0,60,1,0,0
462008,274.0,92,0,7,10,18,6,44,15,0,0
462017,117.0,82,1,0,10,10,0,77,2,0,0
462035,335.0,66,0,1,17,34,0,42,5,1,0
462053,125.0,95,0,1,56,35,0,7,1,0,0
462062,101.0,100,2,4,8,46,3,34,2,1,1
462071,138.0,78,2,0,5,7,0,75,8,3,0
462336,50.0,96,2,8,2,4,0,76,0,8,0
462345,44.0,98,0,0,5,9,0,70,7,9,0
462354,274.0,53,0,3,1,29,1,46,6,9,4
463056,1683.0,53,0,18,14,18,0,42,4,1,2
464226,726.0,39,1,2,10,28,1,45,1,12,0
465812,11501.0,76,1,0,15,10,0,25,9,40,0
466921,466.0,93,0,3,18,5,0,68,3,3,0
466930,1558.0,86,1,17,38,23,0,17,2,1,1
467094,259.0,99,0,1,19,3,0,71,5,0,0
467368,174.0,92,1,4,3,69,1,21,1,1,0
467863,199.0,85,0,1,46,5,0,44,2,3,0
467872,209.0,96,1,1,25,11,0,55,6,0,0
467906,135.0,96,0,1,19,4,1,73,1,1,0
468246,137.0,93,1,0,4,7,1,74,12,0,0
468255,45.0,91,2,4,4,11,0,60,9,9,0
468291,105.0,92,1,1,3,82,0,11,1,0,1
468769,124.0,9,0,1,0,97,0,2,0,0,0
468848,719.0,55,0,1,3,25,1,5,1,63,0
468893,127.0,94,0,6,35,3,0,53,0,2,0
468909,809.0,58,0,1,2,49,1,3,0,43,0
468963,193.0,3,1,1,18,47,0,28,3,2,0
469416,241.0,86,0,0,0,100,0,0,0,0,0
469610,24.0,83,0,0,17,63,0,13,8,0,0
469629,293.0,13,8,0,13,6,0,59,2,12,0
469638,367.0,57,0,1,23,15,0,54,3,3,0
469911,67.0,96,0,0,54,0,0,40,0,6,0
469920,23.0,91,0,0,65,4,0,30,0,0,0
469957,140.0,94,3,1,11,16,1,13,7,46,2
470038,1055.0,63,1,1,7,28,0,4,1,58,0
470047,35.0,91,0,3,6,14,0,74,3,0,0
470296,23.0,83,0,0,13,52,0,35,0,0,0
470393,114.0,92,0,8,45,28,1,18,0,0,0
474863,1746.0,81,1,8,18,45,2,21,3,3,0
474890,129.0,72,5,2,12,49,2,22,6,2,0
474906,23.0,74,4,0,0,39,0,52,4,0,0
474915,437.0,97,1,2,7,41,0,35,1,13,0
474924,206.0,100,2,0,2,14,0,76,2,3,0
475015,173.0,98,0,2,2,7,0,84,3,2,0
475024,314.0,61,1,1,55,26,0,12,4,1,0
475033,259.0,74,0,4,27,19,0,39,4,2,4
475060,226.0,90,0,0,86,1,0,11,2,1,0
475121,3307.0,80,1,1,44,11,2,37,1,3,0
475176,662.0,57,0,4,6,42,2,22,3,20,0
475200,262.0,73,3,1,5,8,0,78,4,0,0
475273,446.0,81,1,0,41,24,0,25,3,4,0
475282,82.0,68,0,46,6,34,1,12,0,0,0
475325,147.0,86,0,2,35,44,5,11,3,0,0
475398,77.0,56,0,4,3,17,0,66,0,10,0
475404,114.0,97,0,1,8,28,0,27,24,12,0
475413,31.0,100,3,3,0,0,0,90,0,3,0
475422,115.0,90,1,1,23,1,1,73,0,0,0
475431,32.0,91,0,0,19,31,0,50,0,0,0
475459,687.0,69,0,0,88,1,0,9,0,1,0
475468,226.0,97,0,2,12,35,0,45,5,0,1
475477,193.0,71,1,1,34,9,1,42,12,0,0
475486,346.0,88,1,1,22,31,0,39,3,2,0
475547,128.0,80,0,0,0,2,0,6,92,0,0
475556,177.0,93,0,2,31,8,1,56,1,2,0
475565,1021.0,55,0,6,25,58,0,5,2,0,5
475574,46.0,61,0,0,85,11,0,4,0,0,0
475608,158.0,32,1,3,15,8,0,58,3,9,3
475635,14.0,71,0,0,43,14,0,36,0,0,7
475653,29.0,97,0,0,48,0,0,34,17,0,0
475662,41.0,98,0,0,0,100,0,0,0,0,0
475705,24.0,63,0,25,4,33,0,29,0,0,8
475714,527.0,23,0,0,6,81,0,9,2,2,0
475723,466.0,45,2,1,1,16,1,75,2,1,0
475732,1330.0,90,0,5,60,8,0,23,3,0,1
475741,275.0,92,0,7,28,5,0,58,1,1,0
475750,35.0,71,0,14,49,11,0,17,3,6,0
475839,197.0,68,0,1,15,6,1,59,6,12,0
476063,218.0,4,0,1,43,14,0,36,4,1,0
476179,125.0,95,0,1,70,1,0,16,5,7,0
476230,68.0,93,0,0,13,1,0,75,7,1,1
476294,132.0,86,0,2,2,22,2,69,4,0,0
476355,37.0,43,0,0,11,14,0,76,0,0,0
476489,99.0,14,0,0,100,0,0,0,0,0,0
476498,158.0,23,0,0,0,98,0,2,0,0,0
476513,44.0,98,0,0,2,39,5,41,14,0,0
476540,146.0,94,0,0,16,68,0,8,2,5,1
476559,143.0,96,0,1,10,66,1,11,1,10,1
476568,8.0,50,0,0,100,0,0,0,0,0,0
476595,79.0,81,0,10,5,82,0,3,0,0,0
476601,60.0,0,0,0,0,0,0,100,0,0,0
476610,52.0,25,4,2,63,23,0,8,0,0,0
476629,144.0,94,1,1,6,5,0,83,2,1,0
476674,23.0,91,0,0,0,91,0,0,9,0,0
476683,338.0,95,0,3,70,3,0,20,1,3,0
476692,34.0,0,0,0,0,0,0,100,0,0,0
476708,150.0,24,5,5,7,31,4,39,9,1,0
476717,566.0,0,0,0,0,0,0,100,0,0,0
476726,879.0,83,0,1,0,98,0,1,0,0,0
476735,48.0,52,0,2,10,46,0,42,0,0,0
476753,215.0,94,1,1,1,51,0,33,7,5,0
476780,78.0,86,0,92,0,8,0,0,0,0,0
476799,230.0,81,1,25,5,4,3,4,1,58,0
476805,46.0,98,0,0,28,0,0,72,0,0,0
476814,278.0,21,0,1,35,21,0,29,11,2,1
476841,226.0,84,2,1,4,28,1,28,2,34,0
476850,58.0,29,0,3,10,31,2,41,7,5,0
476869,89.0,97,0,1,2,20,0,76,0,0,0
476878,79.0,99,0,1,22,0,1,76,0,0,0
476887,387.0,97,1,1,81,6,1,6,2,4,0
476896,79.0,96,0,3,4,48,0,37,1,8,0
476902,72.0,99,0,4,36,13,0,38,8,1,0
476939,558.0,88,0,1,14,76,0,2,0,8,0
476948,312.0,20,0,1,74,8,0,5,4,9,0
476957,15.0,100,0,0,0,40,0,53,7,0,0
476966,70.0,11,0,0,41,53,0,6,0,0,0
476975,7970.0,55,1,4,7,16,0,63,5,4,1
476984,211.0,95,0,0,13,5,0,51,27,3,0
476993,212.0,99,0,2,1,10,0,81,4,0,0
477002,44.0,98,0,5,2,0,0,84,0,9,0
477039,1182.0,87,0,13,35,24,0,23,4,0,0
478582,138.0,96,1,0,59,6,1,14,4,15,0
478591,115.0,99,2,1,17,28,0,46,6,1,0
478616,105.0,89,1,0,76,2,0,8,4,10,0
478634,135.0,40,0,5,9,42,4,27,7,6,0
478661,74.0,81,0,3,24,39,0,27,5,1,0
478917,40.0,100,0,0,0,8,0,85,8,0,0
478953,155.0,97,0,1,7,10,0,69,13,0,0
479062,60.0,8,0,3,8,8,0,78,0,2,0
479248,185.0,70,0,35,1,3,0,35,0,0,26
479424,309.0,89,1,13,8,9,2,1,4,61,0
479965,162.0,86,1,2,27,3,0,59,0,9,0
479974,110.0,65,2,5,15,70,0,8,0,0,0
479983,62.0,92,0,2,2,21,2,56,18,0,0
479992,13.0,23,0,15,8,46,0,31,0,0,0
480000,42.0,17,5,0,36,45,7,7,0,0,0
480019,670.0,8,0,1,5,67,0,24,0,1,0
480028,102.0,22,1,15,25,24,1,20,3,0,12
480037,1995.0,20,1,2,40,17,0,37,3,1,0
480073,399.0,78,1,7,30,27,1,32,1,3,1
480091,8026.0,87,1,1,38,7,0,46,5,1,0
480125,313.0,96,2,1,14,54,0,19,6,3,0
480161,10.0,100,0,0,20,0,0,80,0,0,0
480189,446.0,85,0,1,14,4,0,76,0,5,1
480198,272.0,70,3,5,15,16,1,56,2,3,0
480204,512.0,85,0,2,9,59,1,21,6,1,0
480310,80.0,98,1,3,75,4,0,16,1,0,0
480347,35.0,94,0,0,6,23,0,51,11,9,0
480471,706.0,74,1,2,13,27,1,4,1,51,0
480499,20.0,45,0,0,0,10,0,85,5,0,0
480523,115.0,98,0,2,43,3,0,43,2,8,0
480532,74.0,97,0,1,3,8,0,77,8,3,0
480550,80.0,96,0,0,13,5,1,63,10,9,0
480569,1101.0,59,0,3,19,16,0,52,2,7,2
480657,687.0,91,1,2,14,8,0,54,6,15,0
480693,112.0,68,0,43,4,19,0,29,0,0,6
480727,22.0,18,0,0,5,0,0,95,0,0,0
480736,71.0,38,0,0,44,35,0,17,4,0,0
480781,91.0,22,0,1,31,34,0,8,7,4,15
480824,465.0,89,0,3,40,40,0,9,3,3,0
480833,704.0,91,0,2,20,40,0,26,2,9,0
480842,13.0,69,0,0,92,0,0,8,0,0,0
480851,108.0,44,0,0,32,50,0,11,6,1,0
480879,44.0,95,0,2,2,2,0,93,0,0,0
480888,174.0,75,0,1,41,25,0,29,3,0,0
480903,391.0,9,0,1,44,42,0,12,1,0,0
480912,7.0,43,0,0,0,29,0,71,0,0,0
480921,57.0,21,0,2,25,30,0,35,7,2,0
480930,143.0,94,0,0,38,15,1,37,8,1,0
480967,252.0,62,69,0,0,7,0,0,20,4,0
480976,51.0,94,0,0,12,6,0,78,4,0,0
480985,232.0,100,2,0,15,7,0,71,2,3,0
480994,80.0,98,0,0,79,14,0,4,3,0,1
481003,136.0,11,0,3,50,24,0,19,2,2,0
481021,57.0,26,0,4,4,21,0,70,2,0,0
481049,26.0,88,4,0,4,0,0,92,0,0,0
481058,88.0,68,0,70,0,0,0,0,0,1,28
481085,178.0,92,0,8,78,7,0,7,0,0,0
481100,109.0,79,0,71,1,14,5,10,0,0,0
481128,93.0,84,5,41,1,51,0,2,0,0,0
481137,87.0,46,0,5,7,5,0,71,10,2,0
481146,179.0,91,1,1,82,4,0,3,2,7,1
481155,280.0,73,0,0,78,0,0,16,4,1,0
481182,29.0,93,10,14,3,34,0,38,0,0,0
481191,222.0,91,0,0,9,77,0,10,0,3,0
481207,99.0,83,1,4,31,16,2,45,0,0,0
481225,22.0,41,0,0,9,9,0,18,0,0,64
481243,251.0,99,0,2,11,23,0,63,0,0,0
481252,126.0,90,2,1,81,9,0,8,0,0,0
481289,82.0,80,0,23,6,33,17,16,4,1,0
481298,25.0,84,16,0,12,60,0,12,0,0,0
481313,109.0,94,0,3,37,37,0,24,0,0,0
481322,58.0,98,0,0,0,100,0,0,0,0,0
481331,33.0,33,0,0,55,12,0,27,6,0,0
481340,48.0,96,0,0,8,10,2,77,0,2,0
481368,37.0,95,0,5,3,16,0,76,0,0,0
481386,246.0,87,0,14,21,54,2,8,0,0,0
481401,163.0,28,0,2,14,4,0,23,1,53,2
481410,85.0,0,0,0,0,0,0,100,0,0,0
481429,176.0,85,0,5,82,10,0,3,0,0,0
481438,52.0,0,0,0,0,0,0,100,0,0,0
481447,25.0,96,0,0,8,8,0,68,8,8,0
481456,32.0,75,0,0,31,3,0,63,0,3,0
481465,40.0,100,0,0,93,3,0,5,0,0,0
481474,142.0,99,2,10,3,28,1,46,7,2,1
481483,157.0,89,1,0,20,28,0,48,0,2,1
481508,61.0,97,0,0,8,13,0,70,2,7,0
481517,93.0,98,2,1,3,11,0,78,4,0,0
481526,165.0,99,0,2,41,4,1,39,13,0,0
481571,6.0,67,0,0,17,50,0,17,17,0,0
481678,90.0,91,1,0,66,3,2,11,1,16,0
481720,20.0,95,0,0,50,15,0,35,0,0,0
481739,71.0,92,0,0,38,28,1,23,7,3,0
481748,154.0,99,1,1,59,16,0,5,1,16,0
481775,213.0,68,2,2,23,52,2,14,3,2,0
481845,77.0,99,0,3,35,10,0,47,0,5,0
481863,87.0,95,0,0,16,9,0,54,9,11,0
481890,142.0,97,0,0,11,8,2,63,13,2,1
481906,135.0,87,0,0,23,4,0,65,6,2,0
481960,213.0,34,3,8,17,29,5,23,8,7,0
482015,901.0,45,0,0,14,53,1,30,2,0,0
482060,280.0,92,0,3,3,73,1,16,1,3,0
482097,466.0,48,0,0,4,3,0,88,3,2,0
482149,5674.0,66,0,6,26,8,0,50,7,2,1
482158,8015.0,57,0,3,34,6,0,51,4,0,1
482167,250.0,100,0,0,95,3,0,1,0,1,0
482176,200.0,94,1,2,2,27,1,65,3,1,0
482185,135.0,25,0,2,4,9,1,57,14,12,1
482194,48.0,81,0,10,27,27,0,25,10,0,0
482200,49.0,59,0,0,71,4,0,20,2,2,0
482228,164.0,32,0,6,3,7,1,79,4,0,0
482246,28.0,7,0,0,4,7,0,89,0,0,0
482255,292.0,12,0,10,17,24,4,32,12,1,0
482291,1225.0,64,0,1,4,19,0,4,0,72,0
482325,12.0,92,0,0,58,25,0,17,0,0,0
482413,878.0,48,1,5,33,27,0,25,1,6,3
482422,178.0,21,4,3,13,25,1,40,2,11,0
482431,1619.0,38,1,12,13,34,3,29,2,5,1
482440,109.0,63,0,6,6,21,1,61,4,1,0
482459,518.0,51,0,2,27,29,1,35,1,3,2
482468,901.0,59,1,2,56,7,0,26,2,6,0
482477,17174.0,67,1,3,26,15,0,46,3,5,0
482486,30.0,67,0,0,23,17,0,53,0,7,0
482538,46.0,22,2,2,15,9,0,63,4,2,2
482547,35.0,37,0,11,20,29,3,29,3,6,0
482556,169.0,30,0,9,24,27,0,30,1,5,4
482565,24.0,50,0,0,50,21,0,17,0,13,0
482574,384.0,44,1,1,21,3,0,65,3,5,0
482608,102.0,46,0,2,32,13,1,37,0,15,0
482617,20.0,40,5,0,35,10,5,40,0,5,0
482635,234.0,38,1,2,32,26,0,32,2,3,2
482653,118.0,46,0,5,42,14,0,31,3,6,0
482680,19019.0,57,0,3,4,14,0,72,4,1,1
482699,2028.0,67,0,1,23,9,0,64,2,1,0
482705,3238.0,56,0,11,9,10,0,45,4,7,15
482936,1349.0,16,0,5,6,21,0,60,4,1,2
482963,324.0,90,0,1,15,26,0,50,6,2,0
482981,143.0,17,0,1,29,59,0,3,8,1,0
482990,355.0,91,15,2,16,25,1,34,6,1,0
483009,184.0,89,0,0,8,91,0,0,0,1,0
483018,116.0,60,3,1,25,16,0,49,3,3,0
483036,1886.0,60,1,3,27,26,1,38,3,1,0
483045,8140.0,64,0,1,47,5,0,43,2,0,0
483054,67.0,22,0,0,27,3,0,66,3,1,0
483106,211.0,84,0,2,21,30,1,30,1,14,0
483124,40485.0,62,1,5,7,21,0,58,5,3,0
483212,3874.0,61,0,0,33,3,2,48,3,10,1
483221,72.0,51,0,1,0,1,0,0,0,0,97
483230,178.0,3,2,2,2,26,1,55,11,3,0
483258,37.0,14,0,0,84,14,0,3,0,0,0
483276,58.0,21,0,0,62,14,0,24,0,0,0
483328,134.0,93,0,0,10,26,1,59,1,4,0
483337,153.0,96,1,0,29,4,0,60,6,0,0
483346,43.0,86,2,7,37,12,0,26,14,2,0
483355,236.0,97,0,1,59,2,0,37,1,0,0
483364,146.0,93,0,2,58,3,0,36,1,0,0
483373,55.0,93,0,13,13,60,0,7,0,7,0
483382,207.0,4,1,2,21,27,0,44,0,4,0
483425,46.0,98,0,4,13,2,0,67,11,2,0
483443,632.0,17,1,40,10,13,4,14,3,16,0
483470,36.0,94,0,0,0,100,0,0,0,0,0
483504,359.0,66,0,0,71,7,0,15,3,3,0
483513,44.0,39,0,0,20,48,0,25,5,2,0
483559,48.0,79,0,0,35,17,0,48,0,0,0
483577,34.0,94,0,9,9,12,0,44,0,26,0
483595,1257.0,74,0,0,1,98,0,1,0,0,0
483647,34.0,94,0,0,50,6,0,44,0,0,0
483708,125.0,63,0,7,30,28,0,22,8,6,0
483726,39.0,100,0,0,82,3,0,10,0,5,0
483735,26.0,88,8,0,8,42,0,42,0,0,0
483744,63.0,21,0,0,92,5,0,0,0,3,0
483753,25.0,12,0,4,44,28,0,12,12,0,0
483780,46.0,28,0,7,0,0,0,0,0,15,78
483799,35.0,83,0,9,9,0,0,83,0,0,0
483814,441.0,91,0,7,79,7,0,5,1,0,0
483823,593.0,32,1,0,85,8,0,4,1,1,0
483841,28.0,100,0,93,0,7,0,0,0,0,0
483850,7.0,86,0,86,14,0,0,0,0,0,0
483869,122.0,71,0,0,0,100,0,0,0,0,0
483878,160.0,85,1,19,17,28,1,9,6,19,0
483887,37.0,73,0,0,16,8,0,76,0,0,0
483896,168.0,99,0,4,60,12,0,21,0,4,0
483911,12.0,100,0,0,8,0,0,92,0,0,0
483920,69.0,43,0,0,80,6,0,14,0,0,0
483939,20.0,40,0,0,100,0,0,0,0,0,0
483948,29.0,34,0,0,97,3,0,0,0,0,0
483957,33.0,91,0,0,3,70,0,27,0,0,0
484002,1016.0,92,1,4,16,50,0,26,3,0,0
484011,109.0,83,0,0,6,2,0,10,17,66,0
484020,45.0,20,0,0,76,11,0,13,0,0,0
484039,118.0,21,2,0,79,12,0,5,1,0,2
484048,13.0,23,0,0,69,31,0,0,0,0,0
484057,196.0,93,1,54,25,11,0,7,2,1,0
484066,337.0,95,1,1,31,7,0,53,5,1,0
484075,41.0,32,0,2,49,20,0,27,2,0,0
484084,84.0,98,0,0,13,7,0,63,17,0,0
484093,136.0,94,0,0,30,4,1,59,2,4,0
484109,95.0,99,0,0,5,14,0,80,0,1,0
484127,92.0,83,0,7,2,18,0,72,0,0,1
484136,29.0,93,0,3,55,10,7,0,3,21,0
484163,240.0,72,3,1,8,22,0,65,2,0,0
484172,11.0,91,0,0,0,100,0,0,0,0,0
484190,26.0,15,0,0,81,0,0,15,0,4,0
484206,203.0,99,1,12,3,51,1,17,6,9,0
484233,178.0,42,0,4,10,48,0,28,7,3,0
484321,56.0,95,0,2,34,18,0,39,5,2,0
484330,37.0,95,0,0,14,3,0,76,5,3,0
484349,97.0,93,0,0,18,3,0,77,2,0,0
484358,106.0,92,0,1,6,2,0,81,9,1,0
484367,205.0,89,0,4,3,70,1,15,7,0,0
484376,448.0,88,3,10,13,54,3,6,8,3,0
484394,188.0,90,3,1,3,12,2,77,2,0,1
484473,4407.0,55,0,5,5,23,0,60,3,3,1
484604,480.0,98,1,1,61,19,0,10,6,2,0
484613,69408.0,70,1,1,19,11,1,25,2,40,0
484631,2392.0,36,1,3,9,24,1,14,3,45,0
484668,38.0,58,0,0,21,29,0,21,3,26,0
484677,27.0,52,0,0,56,11,0,7,4,22,0
484710,127.0,35,2,3,20,13,2,17,2,41,0
484729,14.0,64,0,0,57,0,0,7,14,21,0
484756,228.0,46,0,1,30,11,0,11,1,45,0
484783,9.0,67,0,0,56,0,0,0,0,44,0
484826,72.0,97,3,7,17,11,0,58,1,3,0
484835,105.0,78,0,0,0,100,0,0,0,0,0
484862,3.0,33,0,0,33,0,0,33,0,0,33
484871,115.0,0,0,0,0,0,0,100,0,0,0
484899,127.0,97,2,3,8,17,1,44,18,6,0
484905,3387.0,68,0,2,28,57,0,10,2,1,1
484923,56.0,100,0,7,21,25,0,45,2,0,0
484932,1662.0,64,1,1,4,2,0,88,0,5,0
484950,69.0,90,4,0,1,19,0,68,4,3,0
484996,143.0,99,0,21,29,47,0,3,0,0,0
485014,75.0,96,0,3,64,5,0,21,5,1,0
485032,161.0,96,1,0,46,3,1,47,2,1,0
485111,7501.0,64,3,2,40,8,0,45,0,1,0
485139,183.0,18,1,2,52,28,0,15,2,0,0
485166,132.0,90,1,5,17,12,0,61,3,2,0
485236,87.0,99,0,0,62,2,1,33,1,0,0
485263,235.0,46,1,11,17,43,3,16,4,5,0
485272,1194.0,87,0,2,15,70,0,9,3,0,0
485306,28.0,93,0,0,4,11,0,82,4,0,0
485342,417.0,47,0,3,15,34,2,42,2,3,0
485360,27.0,93,0,7,56,30,0,4,0,4,0
485379,275.0,75,0,1,25,47,0,4,0,22,0
485388,316.0,88,0,0,33,50,4,11,2,0,0
485397,105.0,93,0,0,90,3,0,2,0,5,0
485412,73.0,82,1,5,5,56,0,29,3,0,0
485458,3606.0,64,0,2,20,10,0,65,2,1,0
485476,76.0,99,4,1,0,8,0,79,8,0,0
485485,179.0,84,0,0,6,84,0,4,3,0,3
485494,81.0,11,0,4,35,43,0,17,0,1,0
485500,74.0,14,3,19,15,42,0,12,4,5,0
485519,431.0,29,0,1,25,16,0,52,4,0,1
485546,161.0,62,2,4,28,35,2,24,1,4,0
485564,278.0,95,0,1,81,1,0,17,0,0,0
485573,177.0,79,0,1,1,20,0,77,0,1,0
485582,65.0,100,0,5,8,18,0,57,9,3,0
485591,38.0,97,0,0,95,0,0,5,0,0,0
485607,39.0,95,0,0,36,38,0,15,10,0,0
485698,93.0,11,0,1,3,0,1,95,0,0,0
485704,9.0,89,0,0,0,0,0,100,0,0,0
485768,121.0,42,0,2,9,64,0,1,0,6,18
485801,94.0,98,0,1,27,53,0,12,0,0,7
485810,14.0,21,0,0,43,21,0,36,0,0,0
485856,40.0,57,0,0,3,0,3,95,0,0,0
485874,186.0,97,1,4,29,39,0,26,1,0,0
485908,171.0,73,1,1,9,13,1,51,3,21,1
485926,178.0,75,0,0,0,96,0,2,0,2,0
485953,41.0,15,0,0,20,7,0,73,0,0,0
485962,44.0,41,0,0,86,0,0,14,0,0,0
485999,142.0,0,0,0,0,0,0,100,0,0,0
486017,36.0,0,0,0,0,0,0,97,0,0,3
486026,106.0,0,0,0,0,0,0,100,0,0,0
486053,119.0,40,1,8,5,3,0,76,3,1,4
486105,11.0,91,0,0,73,9,9,0,0,0,9
486123,22.0,36,5,5,23,23,0,14,0,14,18
486141,10.0,100,0,20,40,30,0,10,0,0,0
486150,75.0,75,0,0,41,17,0,41,0,0,0
486169,78.0,22,0,3,42,6,0,47,0,1,0
486196,187.0,0,0,0,0,0,0,96,0,0,4
486202,19.0,74,0,0,0,0,0,100,0,0,0
486239,132.0,59,0,0,0,53,0,0,0,0,47
486248,109.0,55,0,5,13,70,0,8,0,5,0
486257,289.0,56,0,4,36,19,0,36,2,1,1
486284,313.0,73,0,1,4,0,0,72,3,19,1
486309,5.0,100,0,0,0,0,0,100,0,0,0
486345,161.0,1,0,2,17,65,0,10,2,4,0
486354,56.0,63,0,0,0,4,0,0,0,0,96
486372,40.0,25,0,5,28,5,0,60,3,0,0
486381,180.0,91,0,0,24,26,0,50,0,0,0
486390,86.0,36,1,0,42,28,0,16,8,5,0
486406,6.0,67,0,0,0,0,0,83,17,0,0
486415,258.0,81,0,4,78,12,0,4,1,1,0
486424,124.0,96,0,0,100,0,0,0,0,0,0
486442,6.0,83,0,0,0,0,0,100,0,0,0
486488,35.0,29,0,3,20,14,6,54,0,0,3
486497,45.0,18,2,29,2,22,2,38,2,2,0
486503,55.0,100,0,0,0,100,0,0,0,0,0
486512,245.0,42,0,0,0,100,0,0,0,0,0
486530,157.0,99,0,1,71,2,1,25,1,0,0
486558,280.0,10,0,15,15,23,6,17,11,13,0
486567,197.0,96,3,1,12,10,1,75,0,0,0
486576,157.0,72,0,0,0,100,0,0,0,0,0
486594,41.0,51,0,0,24,15,2,54,0,5,0
486619,115.0,96,1,4,3,14,1,70,6,1,0
486691,122.0,98,0,1,92,4,0,1,0,2,0
486707,131.0,93,1,2,54,5,0,31,6,1,0
486716,103.0,95,0,1,20,6,1,61,8,3,0
486734,76.0,64,0,1,42,28,0,13,3,13,0
486752,117.0,97,0,0,17,3,1,72,6,1,0
486770,104.0,71,0,1,57,22,0,15,2,3,0
486798,1628.0,8,1,0,31,32,0,23,3,8,0
486813,467.0,81,0,0,3,74,0,19,3,1,0
486822,812.0,90,2,1,6,41,0,41,8,1,0
486840,37390.0,49,0,5,23,13,0,50,5,2,1
486859,38.0,95,0,0,11,13,0,74,3,0,0
486868,8.0,100,0,0,0,13,0,88,0,0,0
486877,11.0,100,0,0,9,18,0,73,0,0,0
486886,22.0,95,0,0,5,23,0,64,0,9,0
486901,941.0,52,0,1,5,5,0,80,1,1,6
486938,508.0,82,0,25,9,25,2,31,7,1,0
486947,497.0,88,0,7,18,5,0,64,3,2,0
486956,1023.0,87,0,9,38,19,0,31,2,1,0
486965,266.0,64,0,3,14,5,1,64,11,2,0
486983,38.0,79,0,5,21,13,0,53,5,3,0
487010,218.0,92,0,3,20,2,0,71,1,3,0
487047,77.0,97,0,0,78,4,0,14,0,4,0
487065,74.0,95,0,0,1,49,0,46,1,3,0
487083,38.0,95,3,0,0,11,0,84,3,0,0
487092,947.0,55,0,30,7,10,0,31,4,2,16
487162,4154.0,70,1,1,32,9,0,56,1,1,0
487232,97.0,97,0,0,9,47,0,43,0,0,0
487296,349.0,54,0,3,5,52,0,34,5,1,1
487302,575.0,77,0,5,39,2,0,46,4,4,0
487311,376.0,8,0,1,25,15,0,49,2,7,0
487320,10654.0,32,0,0,4,54,0,29,1,11,0
487348,156.0,97,1,4,1,8,0,75,8,3,0
487375,746.0,88,1,24,20,23,2,20,8,1,0
487384,676.0,66,0,0,36,20,1,3,1,39,0
487393,869.0,63,0,0,31,21,0,5,1,41,0
487409,809.0,57,0,0,24,30,0,1,0,44,0
487418,1048.0,59,0,0,32,4,0,1,1,62,0
487427,733.0,72,0,0,16,11,0,3,1,69,0
487436,684.0,80,0,1,39,7,0,7,2,45,0
487445,681.0,57,0,0,28,9,0,3,0,60,0
487454,720.0,66,0,0,33,11,0,3,0,53,0
487472,1112.0,64,0,1,26,22,0,5,1,45,0
487481,1271.0,77,2,0,6,24,0,5,1,63,0
487490,1155.0,68,0,0,28,12,1,2,2,56,0
487506,100.0,96,0,2,9,6,0,83,0,0,0
487524,2679.0,60,1,1,5,1,0,84,3,3,2
487533,112.0,96,1,5,21,15,1,55,2,0,0
487588,394.0,94,1,1,70,4,0,12,0,13,0
487597,1104.0,3,0,4,3,58,1,12,1,19,0
487603,1044.0,55,1,2,2,5,1,27,3,58,0
487621,25.0,24,0,0,100,0,0,0,0,0,0
487658,112.0,29,0,2,13,4,1,63,10,8,0
487676,191.0,94,0,1,25,8,0,63,0,2,2
487746,28.0,0,0,0,0,0,0,93,0,0,7
487773,47.0,91,4,4,0,34,0,45,13,0,0
487791,552.0,9,0,1,27,29,0,39,3,1,1
487807,49.0,45,0,0,86,4,0,8,2,0,0
487816,17.0,100,0,0,100,0,0,0,0,0,0
487852,30.0,70,0,3,17,17,0,57,7,0,0
487861,288.0,89,0,6,89,0,0,6,0,0,0
487889,97.0,86,4,0,1,81,0,12,1,0,0
487898,30.0,27,0,7,87,0,0,7,0,0,0
487904,39.0,28,0,0,3,8,3,87,0,0,0
487913,16.0,0,0,0,13,0,0,81,6,0,0
487922,54.0,100,0,0,9,4,0,85,0,0,2
487959,77.0,99,0,0,8,43,0,48,0,1,0
487968,61.0,92,0,2,89,7,2,2,0,0,0
487977,1691.0,93,1,2,20,18,1,53,4,0,0
487995,54.0,70,0,76,2,4,0,4,0,0,15
488004,23.0,0,0,0,0,0,0,100,0,0,0
488013,55.0,98,2,7,38,35,2,4,7,5,0
488022,67.0,43,0,0,94,1,0,3,0,1,0
488031,69.0,51,3,7,9,30,1,22,3,25,0
488040,19.0,11,0,0,100,0,0,0,0,0,0
488059,114.0,59,0,0,9,83,0,8,0,0,0
488068,119.0,84,2,1,7,8,0,76,4,1,1
488077,2709.0,1,1,1,4,11,1,76,4,3,0
488101,143.0,0,0,0,0,0,0,100,0,0,0
488110,43.0,98,0,0,7,51,0,42,0,0,0
488129,25.0,92,0,0,100,0,0,0,0,0,0
488138,59.0,98,0,0,41,2,0,58,0,0,0
488147,19.0,100,0,0,53,47,0,0,0,0,0
488174,25.0,44,0,0,64,12,0,20,4,0,0
488183,26.0,92,0,0,8,0,0,92,0,0,0
488192,76.0,1,1,4,7,54,3,25,7,0,0
488217,192.0,96,0,0,6,2,0,90,1,2,0
488226,10.0,80,0,0,10,10,0,80,0,0,0
488235,15.0,93,7,0,0,0,0,87,0,7,0
488253,79.0,29,0,3,27,33,0,18,4,5,11
488262,32.0,38,0,0,44,16,3,22,16,0,0
488271,98.0,96,3,3,7,9,3,74,0,0,0
488280,32.0,28,0,0,25,28,0,31,16,0,0
488299,12.0,75,0,0,0,100,0,0,0,0,0
488305,103.0,45,0,1,6,16,0,65,4,6,3
488314,50.0,0,0,0,0,0,0,92,0,0,8
488332,122.0,89,0,2,95,2,0,1,0,0,0
488350,77.0,0,0,0,0,0,0,91,0,0,9
488369,59.0,19,0,2,46,14,0,32,2,5,0
488378,35.0,100,0,6,11,0,0,83,0,0,0
488396,57.0,23,0,0,98,0,0,0,2,0,0
488411,90.0,99,2,2,0,14,0,73,6,2,0
488420,138.0,87,0,1,13,7,0,72,7,0,0
488439,137.0,20,0,4,69,1,0,23,1,1,0
488448,73.0,32,4,10,10,11,0,60,5,0,0
488590,14.0,79,0,7,0,7,0,86,0,0,0
488651,207.0,83,0,0,3,76,0,15,1,3,0
488679,6495.0,74,0,1,25,5,0,63,3,1,1
488730,6657.0,59,0,3,10,53,0,28,5,1,0
488749,138.0,89,0,0,49,11,0,36,0,0,4
488776,60.0,63,0,3,10,13,0,53,0,20,0
488785,238.0,47,1,4,10,42,1,29,6,0,6
488800,632.0,69,1,7,4,29,1,50,4,4,0
488828,16.0,75,31,0,25,6,0,38,0,0,0
488837,172.0,15,0,4,67,0,0,21,8,0,0
488846,18845.0,39,0,0,1,1,0,2,0,97,0
488891,282.0,67,0,0,34,62,0,3,0,0,0
488916,25.0,100,4,0,44,0,0,52,0,0,0
488925,75.0,1,0,0,4,4,0,89,3,0,0
488934,3985.0,45,10,4,10,27,0,45,5,0,0
488952,93.0,96,2,0,34,28,0,34,0,1,0
488961,91.0,97,0,0,18,18,0,59,3,2,0
488970,68.0,93,3,0,4,6,0,85,1,0,0
488989,200.0,96,0,1,10,46,0,41,1,2,1
488998,148.0,89,0,0,0,3,0,4,17,76,0
489122,44.0,82,2,2,27,16,0,43,0,9,0
489131,44.0,70,2,7,5,18,0,59,0,9,0
489140,34.0,91,6,3,21,6,0,65,0,0,0
489159,157.0,98,0,1,53,4,0,40,1,1,0
489201,8868.0,62,0,13,3,47,0,32,4,1,0
489238,155.0,70,0,0,28,36,0,29,0,6,1
489247,37.0,84,0,0,0,38,5,54,0,3,0
489256,217.0,9,0,0,0,100,0,0,0,0,0
489283,545.0,85,0,0,0,96,0,3,0,1,0
489344,259.0,90,0,8,43,10,0,36,2,1,0
489353,263.0,78,1,19,3,14,2,52,8,1,0
489371,179.0,7,3,4,11,51,2,20,6,2,0
489760,23.0,4,0,0,17,65,0,17,0,0,0
489779,33192.0,61,1,2,19,14,1,57,4,2,0
489812,50.0,94,0,0,0,8,0,88,4,0,0
489830,74.0,95,0,0,27,4,0,69,0,0,0
489937,443.0,49,0,1,19,12,0,54,5,7,2
490018,20.0,25,0,0,45,10,0,35,10,0,0
490045,42.0,64,0,64,0,0,0,0,0,0,36
490054,709.0,71,0,1,40,13,0,28,4,13,0
490063,74.0,53,0,0,0,0,0,0,0,0,100
490081,65.0,43,0,23,5,9,2,3,0,0,58
490090,52.0,48,0,0,71,13,0,15,0,0,0
490115,33.0,36,3,0,55,3,0,39,0,0,0
490124,5.0,60,0,40,0,40,0,20,0,0,0
490133,981.0,39,1,2,7,7,1,11,4,61,7
490142,42.0,83,0,0,100,0,0,0,0,0,0
490151,78.0,90,0,8,31,5,0,56,0,0,0
490160,28.0,64,0,14,4,25,7,43,4,4,0
490197,41.0,88,0,17,5,66,0,0,7,5,0
490203,156.0,94,2,1,1,3,0,90,3,0,0
490212,22.0,95,0,5,9,77,0,5,5,0,0
490221,18.0,94,0,0,0,6,0,78,0,11,6
490230,152.0,51,0,53,1,4,0,1,0,4,37
490249,29.0,3,0,3,38,59,0,0,0,0,0
490258,80.0,68,0,4,8,46,0,33,10,0,0
490267,23.0,22,4,0,17,13,0,65,0,0,0
490276,83.0,0,0,0,0,0,0,100,0,0,0
490285,332.0,15,0,10,17,20,1,17,35,0,0
490294,141.0,63,6,1,5,71,0,17,0,0,0
490300,91.0,71,0,0,8,27,0,62,1,0,2
490319,24.0,0,0,0,0,0,0,100,0,0,0
490328,57.0,0,0,0,0,0,0,100,0,0,0
490337,99.0,68,0,41,43,12,0,3,0,0,0
490346,47.0,100,0,0,0,0,0,100,0,0,0
490382,97.0,85,0,3,59,10,0,27,1,0,0
490391,37.0,100,0,3,0,97,0,0,0,0,0
490407,142.0,99,0,4,80,6,0,9,1,0,0
490416,33.0,6,0,0,55,0,0,45,0,0,0
490425,146.0,99,0,4,12,23,0,51,4,5,0
490434,35.0,100,0,0,14,0,0,86,0,0,0
490443,126.0,98,0,13,39,12,0,18,11,6,0
490452,31.0,94,3,6,16,26,0,45,0,3,0
490461,105.0,96,0,4,23,23,0,39,0,11,0
490470,24.0,96,0,0,50,8,0,38,4,0,0
490489,27.0,15,0,0,78,0,0,22,0,0,0
490498,36.0,36,0,0,28,8,0,61,0,3,0
490504,37.0,0,0,0,0,0,0,100,0,0,0
490513,41.0,0,0,0,0,0,0,90,0,0,10
490522,16.0,94,0,13,50,13,0,19,0,6,0
490531,35.0,20,0,0,97,3,0,0,0,0,0
490540,30.0,93,0,0,77,0,0,23,0,0,0
490559,508.0,95,1,2,66,18,0,8,2,4,0
490568,150.0,99,1,0,3,3,0,87,2,4,0
490674,4.0,100,0,0,25,25,0,50,0,0,0
490692,52.0,12,0,2,65,0,0,27,2,4,0
490717,69.0,96,3,3,12,38,0,32,7,6,0
490735,160.0,75,0,2,54,33,0,10,1,0,0
490744,23.0,13,0,0,83,9,0,9,0,0,0
490753,4.0,50,0,0,0,25,0,50,25,0,0
490805,8539.0,57,0,3,10,23,0,58,3,1,2
490814,130.0,96,0,1,18,8,0,62,6,4,0
490832,279.0,93,0,1,25,2,0,53,4,16,0
490841,246.0,94,0,1,33,13,0,30,3,19,0
490869,390.0,88,0,1,42,35,0,16,3,3,0
490878,452.0,77,1,9,2,31,0,17,4,37,0
490896,77.0,88,0,4,22,23,0,48,0,3,0
490948,18.0,33,0,0,89,11,0,0,0,0,0
490975,388.0,90,0,1,32,57,0,7,3,0,0
491057,171.0,0,0,0,0,0,0,100,0,0,0
491066,54.0,100,0,0,0,54,0,24,22,0,0
491075,28.0,4,0,0,25,7,0,68,0,0,0
491084,60.0,98,0,0,83,2,0,12,0,3,0
491136,91.0,98,1,0,35,18,0,23,2,21,0
491145,92.0,95,0,0,25,25,0,46,4,0,0
491181,509.0,83,0,0,1,0,0,97,2,0,0
491215,69.0,1,7,0,3,38,0,52,0,0,0
491224,56.0,89,0,4,14,9,0,68,5,0,0
491233,36.0,97,0,11,64,0,0,25,0,0,0
491242,55.0,58,5,0,0,29,5,38,9,13,0
491251,72.0,39,0,0,14,18,0,50,18,0,0
491260,26.0,92,0,0,0,19,0,77,0,4,0
491288,590.0,69,1,4,3,5,0,83,3,1,0
491297,145.0,58,0,3,5,8,0,79,3,2,0
491394,67.0,9,0,4,45,27,0,19,3,1,0
491446,131.0,100,0,0,0,0,0,100,0,0,0
491464,195.0,78,1,15,8,62,1,9,0,4,0
491473,351.0,25,1,1,23,5,0,69,1,0,0
491482,41.0,98,0,7,22,34,2,24,0,10,0
491507,30.0,80,0,7,17,43,0,27,0,7,0
491525,64.0,41,2,2,3,9,0,83,0,0,2
491534,13.0,100,0,0,8,54,0,38,0,0,0
491543,66.0,74,2,41,14,32,0,5,0,0,8
491552,20.0,95,0,0,5,20,0,75,0,0,0
491570,24.0,100,0,4,42,8,0,42,4,0,0
491589,33.0,24,0,0,67,21,0,6,3,3,0
491598,12.0,92,0,0,0,67,0,33,0,0,0
491613,76.0,0,0,0,0,0,0,100,0,0,0
491622,74.0,0,0,0,0,0,0,88,0,0,12
491631,147.0,100,0,0,0,0,0,100,0,0,0
491640,156.0,0,0,0,0,0,0,100,0,0,0
491659,100.0,46,1,11,17,35,2,26,6,2,0
491668,155.0,99,0,0,0,100,0,0,0,0,0
491677,18.0,39,0,0,11,50,11,17,0,11,0
491686,43.0,14,0,2,35,16,0,30,16,0,0
491695,44.0,93,0,0,98,0,0,2,0,0,0
491701,50.0,84,0,0,0,4,0,94,0,2,0
491710,111.0,0,0,0,0,0,0,98,0,0,2
491729,29.0,93,0,0,97,0,0,3,0,0,0
491738,56.0,96,0,32,2,4,14,20,23,5,0
491747,16.0,50,0,0,13,31,0,50,0,6,0
491756,146.0,11,0,6,26,47,2,5,10,3,1
491765,95.0,0,0,0,0,0,0,100,0,0,0
491774,154.0,90,0,19,69,10,0,1,0,0,0
491783,55.0,22,0,0,4,16,0,78,2,0,0
491792,100.0,96,0,0,3,10,1,73,3,10,0
491817,218.0,100,0,0,0,0,0,100,0,0,0
491826,78.0,100,3,0,4,65,0,22,6,0,0
491835,92.0,95,1,1,12,36,1,34,15,0,0
491844,106.0,75,92,0,0,0,0,2,7,0,0
491853,44.0,100,0,5,0,91,0,2,2,0,0
491871,17.0,100,0,6,6,71,0,6,0,12,0
491880,36.0,3,3,6,14,33,3,42,0,0,0
491899,90.0,87,0,21,27,43,0,9,0,0,0
491905,175.0,98,0,1,67,11,0,20,0,0,0
491914,154.0,0,0,0,0,0,0,97,0,0,3
491923,123.0,98,0,2,53,6,0,38,1,0,0
491932,16.0,6,0,0,19,25,0,56,0,0,0
491941,107.0,99,0,0,7,5,0,83,3,2,0
491950,789.0,83,1,10,13,42,2,25,3,4,0
491969,15.0,93,0,0,13,7,0,73,0,7,0
491978,7.0,71,0,0,100,0,0,0,0,0,0
491996,31.0,94,0,0,6,39,0,39,10,6,0
492005,40.0,100,0,0,3,0,0,88,10,0,0
492032,32.0,100,0,41,16,13,0,28,3,0,0
492069,80.0,34,1,0,20,4,0,19,4,51,1
492078,3.0,0,0,0,0,33,0,67,0,0,0
492096,10.0,100,0,0,60,0,0,40,0,0,0
492139,124.0,27,0,0,57,7,1,31,4,0,0
492157,132.0,8,0,2,37,32,0,19,11,0,0
492281,7.0,43,0,0,100,0,0,0,0,0,0
492306,90.0,84,2,1,1,61,3,24,7,0,0
492315,90.0,88,0,18,0,12,2,63,0,4,0
492324,264.0,86,0,3,3,55,6,23,11,0,0
492360,53.0,74,0,2,40,9,0,49,0,0,0
492379,12.0,0,0,0,0,0,0,100,0,0,0
492397,30.0,97,0,0,0,3,0,90,3,3,0
492421,11.0,0,0,0,100,0,0,0,0,0,0
492449,567.0,84,1,7,2,50,1,29,11,0,0
492476,171.0,75,0,0,0,100,0,0,0,0,0
492591,71.0,17,0,1,11,55,0,14,4,14,0
492643,99.0,79,0,4,31,12,0,28,6,18,0
492652,16.0,56,0,0,75,0,0,25,0,0,0
492661,260.0,87,3,11,15,49,1,15,2,3,0
492689,288.0,82,0,2,5,78,0,12,0,1,0
492722,375.0,95,0,0,4,81,0,12,0,2,0
492731,117.0,74,0,4,38,24,1,27,3,1,3
492759,300.0,91,1,3,48,12,0,32,3,0,0
492801,1020.0,64,1,1,5,8,1,76,2,5,1
492935,102.0,96,0,0,30,70,0,0,0,0,0
492953,58.0,93,2,2,2,53,2,7,2,31,0
492962,3846.0,64,0,1,30,6,0,52,3,8,0
493071,486.0,80,0,0,0,100,0,0,0,0,0
493080,299.0,47,1,18,4,21,1,36,12,7,0
493132,940.0,3,0,2,7,35,0,18,6,32,0
493150,130.0,92,0,1,41,5,0,45,8,0,0
493372,21.0,81,0,0,5,62,0,19,14,0,0
493451,80.0,84,3,0,8,4,0,85,1,0,0
493479,8.0,75,0,0,0,38,0,50,13,0,0
493488,17.0,88,12,0,82,6,0,0,0,0,0
493497,8.0,75,0,0,0,0,0,0,0,50,50
493503,12.0,33,8,0,17,33,0,33,8,0,0
493512,89.0,42,1,0,19,64,0,16,0,0,0
493521,2.0,50,0,0,50,0,0,50,0,0,0
493530,37.0,76,0,0,8,3,0,89,0,0,0
493549,110.0,3,0,0,2,93,0,5,0,0,0
493558,14.0,0,0,0,0,0,0,100,0,0,0
493567,66.0,98,0,0,30,61,0,9,0,0,0
493576,13.0,100,0,0,77,0,0,15,8,0,0
493585,44.0,86,0,0,91,5,0,5,0,0,0
493594,33.0,0,0,0,0,0,0,100,0,0,0
493600,173.0,0,0,0,0,0,0,100,0,0,0
493619,27.0,48,4,0,0,11,0,52,11,11,11
493628,96.0,89,1,14,24,40,0,16,1,4,1
493637,59.0,98,0,0,2,0,0,98,0,0,0
493646,247.0,100,0,0,0,0,0,100,0,0,0
493655,35.0,23,0,0,29,63,0,9,0,0,0
493664,70.0,0,0,0,0,0,0,100,0,0,0
493682,106.0,93,0,7,33,20,0,34,7,0,0
493691,34.0,100,18,0,3,0,0,68,12,0,0
493707,81.0,0,0,0,0,0,0,96,0,0,4
493716,71.0,0,0,0,0,0,0,100,0,0,0
493725,798.0,64,2,1,24,3,1,62,3,5,0
493734,8.0,13,0,0,100,0,0,0,0,0,0
493743,171.0,38,0,1,43,49,0,8,0,0,0
493752,15.0,100,0,0,100,0,0,0,0,0,0
493761,89.0,54,0,12,38,30,2,10,4,2,0
493770,27.0,100,0,0,26,4,0,70,0,0,0
493789,93.0,100,0,0,31,32,0,37,0,0,0
493798,127.0,100,0,0,0,0,0,100,0,0,0
493804,72.0,22,0,0,33,61,0,6,0,0,0
493813,102.0,94,1,1,45,27,0,20,2,4,0
493822,158.0,72,3,2,23,40,0,17,3,12,0
493831,34.0,26,0,0,50,18,0,12,12,9,0
493868,35.0,37,6,0,23,54,0,17,0,0,0
493895,122.0,22,0,5,5,15,0,54,3,14,4
493992,347.0,78,0,0,38,28,0,30,3,0,0
494001,124.0,95,0,0,51,11,0,32,5,1,0
494029,17.0,24,0,0,88,12,0,0,0,0,0
494162,177.0,92,0,9,50,19,1,16,5,0,0
494171,931.0,91,3,3,10,20,1,51,10,2,0
494232,97.0,95,0,0,67,11,1,19,0,2,0
494250,221.0,93,0,0,38,10,0,21,1,29,0
494269,40.0,13,3,3,18,8,0,55,5,10,0
494278,194.0,84,0,0,0,100,0,0,0,0,0
494287,270.0,66,0,0,0,100,0,0,0,0,0
494357,928.0,73,1,3,7,16,1,3,2,68,0
494436,302.0,83,0,0,3,5,0,90,2,1,0
494463,244.0,100,0,0,0,0,0,100,0,0,0
494472,17.0,100,0,0,41,24,0,35,0,0,0
494524,109.0,96,0,1,7,39,0,42,9,0,1
494588,205.0,86,0,2,8,67,0,15,7,0,0
494621,76.0,88,0,3,21,1,0,66,7,3,0
494630,42.0,48,0,0,0,71,0,12,0,0,17
494649,47.0,100,0,0,0,4,0,96,0,0,0
494658,22.0,95,0,14,18,45,0,9,5,0,9
494685,365.0,59,2,1,6,17,0,68,4,1,1
494694,58.0,100,0,17,48,5,0,24,0,5,0
494700,56.0,98,0,0,0,91,0,0,0,2,7
494719,47.0,23,0,0,72,17,0,9,2,0,0
494728,38.0,13,0,0,63,34,0,3,0,0,0
494737,142.0,0,0,0,0,0,0,100,0,0,0
494746,180.0,82,1,16,8,17,3,22,17,16,1
494755,52.0,94,0,2,12,0,0,85,2,0,0
494764,185.0,7,1,2,35,13,0,41,5,3,0
494807,54.0,85,0,0,0,100,0,0,0,0,0
494834,20.0,80,0,0,0,100,0,0,0,0,0
494843,712.0,92,0,2,64,23,0,6,3,1,0
494852,578.0,79,0,1,17,19,0,56,6,0,0
494898,72.0,89,0,0,14,8,0,64,1,13,0
494904,89.0,66,0,6,21,34,0,33,3,3,0
494959,70.0,79,0,1,1,6,0,87,4,0,0
494977,25.0,84,4,16,64,16,0,0,0,0,0
494986,46.0,91,0,0,0,17,0,67,11,4,0
494995,30.0,20,0,0,33,33,0,33,0,0,0
495013,180.0,8,1,4,2,30,0,47,4,12,0
495031,68.0,0,0,0,0,0,0,100,0,0,0
495040,53.0,100,2,32,4,9,15,8,30,0,0
495059,60.0,47,0,0,8,58,0,28,5,0,0
495077,4.0,100,0,0,0,100,0,0,0,0,0
495101,40.0,80,0,0,0,10,3,83,5,0,0
495110,20.0,0,0,0,0,5,0,90,5,0,0
495129,91.0,22,8,3,8,62,2,18,0,0,0
495138,12.0,50,0,0,67,17,0,17,0,0,0
495147,36.0,58,0,3,0,11,0,78,0,0,8
495156,3.0,67,0,0,0,0,0,100,0,0,0
495165,22.0,82,0,18,23,59,0,0,0,0,0
495174,18.0,50,0,0,0,100,0,0,0,0,0
495183,98.0,56,0,0,2,50,0,12,1,0,35
495208,18.0,28,0,6,78,17,0,0,0,0,0
495217,30.0,20,0,0,60,0,0,40,0,0,0
495226,4.0,100,0,0,0,25,0,75,0,0,0
495235,12.0,75,0,0,100,0,0,0,0,0,0
495244,29.0,97,0,3,69,17,0,10,0,0,0
495253,48.0,83,19,0,6,10,0,60,4,0,0
495262,25.0,100,0,0,4,0,0,88,4,4,0
495271,51.0,76,61,0,0,29,0,4,0,4,2
495280,40.0,60,93,0,0,0,0,8,0,0,0
495299,12.0,100,0,0,0,100,0,0,0,0,0
495305,56.0,82,0,0,0,95,0,0,0,0,5
495341,31.0,45,0,0,26,6,0,48,10,6,3
495350,9.0,78,0,0,0,22,0,78,0,0,0
495369,53.0,92,2,0,11,13,0,8,11,55,0
495378,61.0,95,0,2,11,15,0,72,0,0,0
495387,28.0,32,0,0,100,0,0,0,0,0,0
495396,32.0,100,0,13,22,63,0,3,0,0,0
495411,167.0,93,0,0,0,3,1,5,29,61,1
495420,143.0,94,0,2,32,26,1,31,8,0,0
495439,124.0,94,0,1,73,10,0,8,7,1,0
495448,263.0,93,1,3,7,40,0,43,5,2,0
495457,85.0,89,5,5,19,39,1,26,6,0,0
495518,59.0,97,0,0,46,3,0,19,3,29,0
495730,56.0,91,4,13,23,2,0,57,2,0,0
495767,74446.0,46,0,7,6,8,0,65,4,2,8
495776,43.0,7,0,0,16,60,0,16,0,2,5
495794,183.0,97,0,0,22,4,0,68,2,3,0
495837,149.0,91,1,0,34,11,0,41,8,4,0
495916,13.0,54,8,0,0,46,0,38,0,8,0
495925,86.0,92,0,0,1,73,0,10,1,14,0
495934,85.0,94,0,7,0,87,0,5,1,0,0
495943,63.0,98,0,0,0,54,0,37,6,3,0
495952,103.0,71,1,2,5,62,2,9,10,10,0
495961,85.0,84,0,4,2,67,0,18,6,2,1
495970,169.0,63,0,0,0,100,0,0,0,0,0
495998,122.0,93,2,2,2,74,1,18,2,0,0
496052,5.0,60,0,0,20,40,0,40,0,0,0
496061,126.0,88,0,16,11,19,0,44,10,0,0
496186,134.0,9,0,8,19,16,1,13,43,0,0
496265,26.0,8,0,0,0,4,0,96,0,0,0
496283,16.0,100,0,0,0,19,0,75,0,6,0
496326,22.0,86,0,5,0,5,9,68,9,5,0
496371,3.0,0,0,0,0,0,0,100,0,0,0
496423,7.0,100,0,14,0,29,0,57,0,0,0
