UNITID,EFUG,PCUENRW,PCUENRAN,PCUENRAS,PCUENRBK,PCUENRHS,PCUENRNH,PCUENRWH,PCUENR2M,PCUENRUN,PCUENRNR
100654,5273.0,60,0,0,91,1,0,1,1,5,1
100663,13836.0,61,0,7,24,6,0,55,4,1,3
100690,365.0,71,0,0,73,2,0,19,4,2,0
100706,7989.0,42,1,4,9,6,0,71,4,4,2
100724,3750.0,63,0,0,93,1,0,2,1,1,1
100751,32795.0,56,0,1,10,5,0,77,4,1,3
100760,1799.0,56,0,1,20,3,0,74,1,1,0
100812,2774.0,68,1,1,13,3,0,76,3,3,0
100830,4523.0,65,0,2,42,1,0,44,4,1,5
100858,24594.0,48,0,2,5,3,0,79,3,0,7
100937,1209.0,53,0,2,14,3,0,79,1,0,2
101028,1592.0,65,1,1,43,6,0,44,4,1,0
101116,251.0,81,0,1,66,0,1,31,0,1,0
101143,1804.0,49,1,1,21,6,0,67,3,0,0
101161,7535.0,58,2,1,23,3,0,67,3,1,0
101189,2192.0,58,0,1,40,3,0,50,3,2,2
101240,4599.0,61,0,1,16,5,0,66,3,6,2
101277,83.0,100,0,0,1,20,0,78,0,0,0
101286,4478.0,67,0,1,28,4,0,64,2,0,0
101295,4985.0,65,1,2,6,6,0,81,2,2,1
101301,1529.0,59,0,1,75,1,0,19,1,2,0
101365,571.0,79,1,0,60,2,1,32,3,2,0
101435,1008.0,51,1,1,19,5,0,68,4,2,0
101453,59.0,3,0,2,5,7,0,81,3,0,2
101462,789.0,53,1,1,53,5,0,27,6,5,2
101471,485.0,25,1,0,56,1,0,42,0,0,0
101480,7749.0,59,0,1,19,1,0,69,0,9,2
101505,8711.0,62,0,2,20,6,0,64,3,4,2
101514,9315.0,53,1,2,15,7,0,63,6,4,1
101541,250.0,99,1,0,19,2,0,70,1,7,0
101569,3375.0,62,0,1,81,3,0,13,1,0,0
101587,2239.0,61,0,0,41,2,0,45,2,5,4
101602,1767.0,56,0,1,20,2,0,73,3,0,0
101648,409.0,27,1,3,20,7,1,64,4,0,0
101675,1456.0,50,0,0,93,1,0,4,2,0,0
101693,1769.0,64,2,2,14,1,0,73,2,4,2
101709,2236.0,65,0,1,16,5,0,69,4,2,3
101736,3512.0,61,1,1,10,7,0,74,4,2,1
101879,6050.0,61,1,2,12,3,0,73,3,1,5
101897,2981.0,62,3,1,2,11,0,81,2,0,0
101912,1461.0,58,2,0,80,5,0,0,0,5,7
101994,489.0,60,0,0,58,1,0,39,1,0,0
102030,2846.0,61,1,2,63,2,0,28,2,0,1
102049,3591.0,67,0,1,7,3,0,85,2,0,1
102058,310.0,57,0,0,97,1,0,2,0,0,0
102067,4201.0,56,0,1,35,4,0,54,2,3,1
102076,2237.0,61,1,1,7,15,0,65,4,7,0
102094,9601.0,60,1,3,22,4,0,61,4,3,2
102234,1160.0,62,0,1,14,4,0,68,3,5,5
102270,861.0,53,0,0,86,0,0,4,0,9,0
102298,1230.0,54,0,0,88,4,0,3,2,0,3
102313,2042.0,57,0,1,71,3,0,24,0,0,0
102368,12995.0,63,0,1,30,4,0,53,3,3,5
102377,2394.0,64,0,1,89,1,1,0,2,6,0
102395,232.0,22,0,1,16,11,0,60,6,4,1
102429,3787.0,58,0,1,13,2,0,81,1,1,0
102553,12103.0,59,5,7,3,9,3,51,11,9,2
102580,40.0,38,3,3,3,3,0,80,10,0,0
102614,6206.0,61,13,2,3,8,1,50,9,12,2
102632,1886.0,67,12,2,1,7,3,56,10,8,1
102669,337.0,71,24,2,3,8,1,39,12,11,0
102711,631.0,17,14,2,1,3,0,40,8,33,0
102845,2474.0,74,7,0,6,21,5,36,15,9,0
103501,361.0,86,16,20,11,8,2,36,6,1,0
103741,106.0,95,5,3,8,48,0,32,0,4,0
103893,1644.0,85,6,3,7,49,0,28,3,2,1
103945,36.0,83,36,0,3,17,0,3,42,0,0
103954,40.0,98,5,5,15,38,0,30,8,0,0
103963,490.0,8,10,1,11,35,2,36,4,1,0
104090,1437.0,83,7,5,19,14,0,43,3,8,0
104151,44461.0,45,1,8,4,22,0,49,5,1,9
104160,7500.0,60,1,1,1,74,0,15,2,4,1
104179,34516.0,53,1,5,4,27,0,49,5,3,6
104188,92.0,54,5,2,4,49,0,37,0,2,0
104346,4793.0,61,5,2,6,37,0,38,4,7,1
104391,58.0,98,2,3,5,28,0,50,2,10,0
104425,3672.0,56,1,2,5,44,0,42,5,1,1
104434,26.0,100,15,0,0,15,4,54,4,8,0
104443,59.0,92,7,2,25,22,0,27,7,10,0
104568,284.0,97,4,3,6,38,0,44,4,1,0
104577,6027.0,56,5,1,2,21,0,65,2,3,1
104586,2894.0,26,0,6,1,14,1,62,6,3,7
104708,18054.0,55,1,5,6,39,0,40,4,4,1
104717,58997.0,71,1,3,16,21,1,47,4,6,1
105145,5067.0,59,3,3,11,49,0,27,3,2,0
105154,20351.0,54,3,4,5,31,0,46,4,3,2
105206,4348.0,67,1,2,1,25,0,65,4,1,1
105215,840.0,5,3,1,3,11,1,68,10,3,0
105297,1463.0,69,99,0,0,0,0,0,0,0,0
105330,26511.0,61,3,2,3,25,0,54,6,3,4
105349,3008.0,60,34,1,0,14,0,44,2,5,0
105367,390.0,75,2,2,10,27,0,54,1,4,0
105428,11109.0,65,2,3,8,56,0,22,3,4,1
105525,19512.0,56,2,3,4,47,0,37,2,3,1
105534,1931.0,81,2,4,7,41,0,37,9,1,0
105543,708.0,82,13,0,4,53,0,20,9,1,0
105589,503.0,67,2,1,3,7,1,66,7,14,0
105659,903.0,6,13,1,10,30,1,37,5,2,0
105668,19103.0,62,2,4,6,25,0,53,4,5,1
105677,19.0,0,0,11,0,5,0,84,0,0,0
105747,8602.0,56,5,3,3,21,0,58,4,4,1
105792,4321.0,59,3,3,15,57,0,14,3,4,0
105899,870.0,38,1,1,14,24,0,47,5,3,5
106041,1873.0,4,6,2,3,32,2,42,10,2,0
106111,78.0,96,5,0,14,18,0,6,0,56,0
106148,7428.0,59,2,1,1,18,0,60,3,15,0
106245,7120.0,63,0,2,24,4,0,53,13,0,3
106263,666.0,83,1,3,10,7,0,69,3,6,1
106306,531.0,23,1,0,79,2,0,14,0,4,1
106315,8.0,88,0,0,50,38,0,0,0,0,13
106324,18.0,100,0,0,6,11,0,83,0,0,0
106342,662.0,44,3,5,9,6,0,55,0,21,1
106351,82.0,18,0,0,93,2,0,5,0,0,0
106360,32.0,94,0,0,13,9,0,75,0,3,0
106397,23025.0,54,1,3,4,9,0,75,4,1,3
106412,2382.0,59,0,0,90,2,0,3,2,0,1
106449,3317.0,60,1,1,7,5,0,82,2,2,0
106458,8928.0,60,0,1,13,4,0,74,2,1,5
106467,11015.0,55,1,2,6,9,0,75,4,0,3
106485,2545.0,57,0,0,27,7,0,61,3,0,1
106494,32.0,97,0,3,28,0,0,69,0,0,0
106546,616.0,88,0,1,26,4,0,67,1,1,0
106625,1472.0,66,0,0,2,3,0,93,1,0,0
106704,9134.0,60,1,2,15,6,0,67,4,0,5
106713,666.0,47,2,1,14,5,0,71,3,2,2
106795,1519.0,63,1,0,11,28,0,57,3,0,0
106810,187.0,44,0,1,12,1,0,84,0,2,0
106883,1350.0,63,0,1,42,2,0,53,2,0,1
106892,144.0,94,0,0,78,3,0,19,0,0,0
106908,359.0,94,1,1,29,8,0,59,1,2,0
106980,2077.0,62,1,1,13,9,0,75,0,1,0
106999,1459.0,65,1,1,2,8,0,82,6,0,0
107044,3779.0,55,0,1,5,4,0,81,3,0,6
107071,3430.0,58,0,1,18,6,1,67,5,1,1
107080,1109.0,52,0,3,7,7,0,61,3,17,2
107099,57.0,95,2,2,11,5,0,75,5,0,0
107123,56.0,96,0,0,20,5,0,75,0,0,0
107141,1777.0,59,1,2,2,7,0,74,5,3,6
107220,184.0,96,7,3,5,15,1,68,2,0,0
107293,63.0,98,6,2,13,16,2,57,5,0,0
107318,1330.0,61,1,1,56,4,0,34,4,0,1
107327,1562.0,62,0,1,27,5,0,66,1,0,0
107442,30.0,37,0,0,93,7,0,0,0,0,0
107460,1676.0,60,0,1,1,9,0,84,4,0,0
107488,181.0,31,1,2,4,31,2,58,3,0,0
107512,1633.0,57,0,1,7,6,0,81,3,0,2
107521,1151.0,55,0,0,15,7,0,72,5,0,0
107549,1170.0,69,1,0,1,2,0,96,0,0,0
107558,824.0,51,1,1,7,11,0,44,4,6,26
107585,1836.0,64,0,1,9,9,0,74,5,0,2
107600,996.0,64,0,0,92,1,0,0,2,1,3
107619,1541.0,60,1,1,48,3,0,46,2,1,0
107637,1285.0,66,0,1,61,15,0,21,2,0,0
107655,44.0,100,0,0,48,2,0,50,0,0,0
107664,5531.0,64,1,2,40,2,0,47,4,4,1
107725,1396.0,69,1,0,32,8,0,57,1,1,0
107743,865.0,65,2,1,1,8,0,82,2,1,4
107789,102.0,94,3,3,1,13,1,79,0,0,0
107831,73.0,99,4,0,1,4,0,90,0,0,0
107840,221.0,71,0,0,94,3,0,2,1,0,0
107877,526.0,47,0,0,13,4,0,74,2,0,7
107974,1443.0,69,0,1,34,6,0,56,2,1,1
107983,3586.0,56,0,1,23,4,0,68,2,0,2
107992,1102.0,53,0,0,36,5,0,50,9,0,0
108065,15.0,100,0,0,100,0,0,0,0,0,0
108092,6229.0,57,2,6,4,14,0,64,9,0,1
108232,6694.0,57,0,5,6,11,1,15,3,33,26
108649,47.0,100,0,9,30,38,2,15,2,4,0
108667,5667.0,57,0,28,17,28,0,13,5,4,4
108807,11894.0,55,0,4,2,64,0,21,3,6,0
108852,251.0,64,1,1,10,9,0,38,7,3,30
108977,92.0,64,1,1,1,87,0,8,1,1,0
109040,1567.0,78,0,12,13,63,2,6,3,0,0
109086,9.0,44,0,0,22,0,0,56,0,0,22
109208,31265.0,47,0,12,7,29,1,38,5,7,0
109350,13909.0,58,0,4,14,58,0,15,4,4,0
109651,2062.0,57,0,33,1,10,0,12,3,0,39
109721,335.0,54,0,1,43,38,0,9,5,4,0
109730,85.0,22,0,2,25,42,5,21,0,5,0
109785,5136.0,66,0,10,6,34,1,36,7,3,3
109819,26380.0,56,0,4,4,70,0,16,3,2,0
109907,3078.0,65,1,3,15,44,1,24,7,5,0
109934,239.0,69,1,8,13,63,1,3,10,1,0
110060,258.0,30,0,14,12,13,0,7,2,0,52
110097,4043.0,63,0,15,3,21,1,45,6,4,5
110194,53.0,0,0,13,4,58,0,23,0,2,0
110219,1115.0,68,1,1,21,7,0,42,7,21,0
110246,10100.0,55,1,6,2,30,0,50,6,3,1
110316,69.0,74,0,4,9,17,0,59,7,1,1
110334,11033.0,54,0,3,1,47,0,41,5,2,1
110361,8190.0,62,1,6,6,36,1,39,6,3,2
110370,1466.0,64,1,14,4,14,1,19,1,2,43
110404,938.0,45,0,37,2,17,0,27,9,0,8
110413,3078.0,56,0,5,4,37,1,41,7,3,3
110422,20503.0,48,0,14,1,18,0,54,8,4,2
110468,631.0,57,0,8,4,28,1,23,3,26,8
110486,9981.0,62,0,6,5,59,0,15,2,8,4
110495,9723.0,65,0,9,2,56,0,20,3,5,4
110510,18282.0,61,0,5,5,66,0,11,2,4,7
110529,26454.0,47,0,21,3,47,0,15,4,3,6
110538,16164.0,53,0,6,3,34,0,43,5,5,3
110547,15365.0,62,0,7,10,66,0,5,3,3,5
110556,21541.0,59,0,13,3,54,0,18,3,4,6
110565,35335.0,57,0,21,2,46,0,18,4,3,6
110574,13202.0,60,0,23,10,36,1,15,5,5,6
110583,33054.0,56,0,21,4,44,0,17,5,3,7
110592,22797.0,58,0,12,3,70,0,5,1,2,7
110608,34799.0,55,0,9,5,51,0,20,3,4,7
110617,28819.0,56,0,19,6,35,1,25,6,4,4
110635,31348.0,54,0,36,2,16,0,24,6,4,13
110644,30982.0,61,0,28,2,23,0,23,6,1,17
110653,30382.0,52,0,36,2,26,0,13,4,1,17
110662,31543.0,58,0,28,3,22,0,26,6,3,11
110671,22055.0,54,0,34,4,41,0,11,4,1,4
110680,30794.0,50,0,33,2,22,0,19,5,1,18
110705,23349.0,55,0,17,2,25,0,30,8,2,15
110714,17517.0,48,0,22,2,26,0,31,8,2,9
110778,9.0,78,0,0,11,22,0,44,0,0,22
110875,105.0,98,4,5,6,53,1,30,1,1,0
110918,11.0,27,0,18,18,45,0,18,0,0,0
111045,18.0,61,0,0,33,11,0,0,0,0,56
111054,128.0,80,0,9,8,30,0,43,11,0,0
111081,1021.0,56,0,11,4,13,0,40,6,4,21
111188,911.0,17,1,10,3,22,2,45,11,5,1
111434,5799.0,60,0,13,3,44,1,21,4,9,5
111461,19089.0,48,0,11,5,49,0,28,2,3,1
111513,159.0,99,1,14,5,44,1,33,2,0,0
111638,162.0,67,0,11,6,36,1,46,0,0,1
111708,170.0,24,1,21,13,48,0,18,1,0,0
111717,229.0,36,1,6,4,78,0,7,3,0,0
111726,217.0,28,0,0,0,100,0,0,0,0,0
111744,166.0,8,2,1,13,66,0,17,2,0,0
111762,116.0,63,0,0,0,100,0,0,0,0,0
111799,144.0,80,1,0,1,97,0,1,1,0,0
111887,22287.0,52,0,7,5,65,0,8,2,12,1
111896,5607.0,60,2,4,7,42,0,37,5,2,0
111920,13522.0,52,0,24,10,41,2,14,6,3,1
111939,22731.0,60,0,6,7,67,0,13,3,3,1
111948,7505.0,60,0,14,2,16,0,50,8,7,4
111966,198.0,67,0,11,39,30,0,5,6,8,2
112075,1738.0,61,0,10,4,25,0,48,7,0,5
112084,488.0,53,1,3,11,33,1,39,6,4,3
112172,13130.0,55,0,8,4,65,0,14,3,2,3
112181,123.0,98,1,5,3,23,4,59,2,3,0
112190,24441.0,53,0,34,7,27,1,20,5,5,2
112260,1343.0,50,0,11,4,15,0,41,7,5,16
112288,395.0,91,2,1,2,76,1,16,2,0,0
112367,671.0,86,0,25,4,55,0,14,1,0,0
112385,10822.0,43,1,20,10,33,0,29,4,3,1
112394,542.0,32,1,22,8,22,0,28,5,12,2
112455,83.0,78,1,8,8,66,0,16,0,0,0
112561,2616.0,55,2,1,3,20,0,68,0,4,0
112570,870.0,39,1,4,18,23,0,37,8,4,3
112686,5760.0,65,0,5,19,65,0,1,2,6,0
112826,7127.0,61,0,19,16,47,1,10,5,2,1
113096,14398.0,56,0,29,10,27,1,22,7,2,1
113111,6749.0,54,0,7,3,50,0,33,5,2,0
113193,11281.0,51,1,3,2,33,0,49,5,6,0
113218,8697.0,56,1,5,5,36,0,42,6,4,0
113236,15679.0,56,0,24,4,48,0,15,4,4,1
113333,18669.0,49,0,37,3,27,0,17,4,1,9
113449,143.0,76,0,2,2,62,0,30,1,2,0
113537,18.0,78,0,0,0,0,0,61,6,6,28
113573,11919.0,56,0,3,3,74,0,16,3,1,1
113582,121.0,90,1,7,7,21,2,51,3,0,7
113634,19871.0,52,0,18,5,27,0,34,9,2,5
113698,1461.0,69,0,27,5,25,0,29,6,6,2
113856,36885.0,50,0,8,5,67,0,6,1,12,1
113980,24223.0,51,0,10,13,44,0,10,4,17,2
114123,299.0,81,2,2,3,44,2,42,2,3,0
114266,9774.0,54,0,41,2,43,0,6,2,4,1
114354,2195.0,83,1,11,7,22,1,33,1,6,20
114390,188.0,84,2,21,5,23,3,30,2,5,8
114433,2058.0,52,2,6,10,31,1,42,0,7,0
114460,326.0,84,0,7,8,43,1,36,5,0,0
114637,76.0,88,0,70,8,13,0,5,0,4,0
114716,15123.0,48,0,24,4,29,1,29,5,2,5
114761,55.0,91,15,2,2,7,2,64,9,0,0
114789,24806.0,54,0,12,5,59,0,19,3,1,0
114813,2947.0,73,1,4,5,56,0,26,0,6,2
114859,22613.0,53,0,13,3,57,0,17,3,6,1
114938,5573.0,52,0,7,2,60,0,24,4,4,0
114947,167.0,46,2,23,1,6,0,51,3,13,0
115001,13584.0,55,0,8,2,30,0,49,3,4,4
115010,611.0,76,0,17,4,49,0,20,8,2,0
115083,511.0,33,1,12,14,21,4,30,2,16,1
115126,12025.0,55,0,27,2,36,0,25,5,2,2
115296,16958.0,59,0,8,6,37,0,34,7,5,3
115357,92.0,74,2,4,18,55,1,16,0,2,0
115393,13024.0,46,0,5,3,65,0,21,2,4,0
115409,904.0,49,0,19,4,19,1,30,11,7,8
115658,111.0,89,0,25,5,65,1,1,2,2,0
115728,669.0,64,0,11,17,40,1,15,4,8,3
115755,6580.0,57,1,3,3,35,0,44,7,6,1
115773,309.0,73,0,8,8,31,3,19,1,12,17
115861,8511.0,56,0,1,1,91,0,4,0,2,0
115931,542.0,23,0,12,2,68,0,11,2,5,0
116226,139.0,96,1,17,3,12,0,58,6,0,4
116350,191.0,90,1,12,6,35,1,42,1,2,0
116439,12812.0,50,0,27,2,24,0,30,5,5,7
116563,200.0,96,1,6,13,35,2,31,13,1,0
116712,373.0,66,1,4,19,6,0,37,14,18,0
116846,33.0,70,0,0,0,0,0,58,0,42,0
117052,11296.0,60,0,6,2,73,0,16,2,1,0
117104,459.0,55,1,2,4,41,0,40,6,6,0
117140,4528.0,59,0,5,6,55,0,20,4,5,4
117168,784.0,72,1,17,2,22,1,48,5,1,4
117195,2577.0,43,1,7,7,30,1,43,4,7,1
117238,134.0,75,0,2,24,47,1,24,1,1,0
117247,10424.0,55,0,27,19,25,1,14,5,5,4
117274,2526.0,19,2,4,17,32,1,36,4,3,1
117557,95.0,55,0,16,7,3,0,11,7,0,56
117575,43.0,33,0,2,14,19,2,56,7,0,0
117627,1743.0,60,0,17,7,48,1,12,3,0,11
117636,1192.0,74,0,23,6,37,0,26,5,0,3
117645,24127.0,57,0,10,11,60,1,13,5,0,0
117672,338.0,74,1,23,7,34,0,23,2,10,0
117690,8694.0,60,0,4,11,59,1,11,2,11,1
117706,18765.0,55,0,5,5,48,0,29,3,9,1
117715,6409.0,69,0,1,41,48,0,3,3,5,0
117724,13094.0,46,0,2,15,69,0,5,2,5,1
117733,16982.0,58,0,3,5,51,0,30,2,8,0
117751,1305.0,48,0,3,3,8,0,66,10,8,1
117788,14937.0,58,0,8,7,55,0,18,2,8,2
117803,199.0,70,0,25,8,48,1,17,3,1,0
117867,10128.0,61,0,2,3,78,0,10,1,5,1
117894,9435.0,57,0,11,13,43,1,22,8,2,0
117946,6778.0,55,0,10,7,23,0,43,7,0,11
117955,215.0,77,0,1,3,71,0,23,0,1,0
118134,88.0,100,0,1,5,68,0,22,0,3,1
118143,83.0,96,0,8,4,55,1,27,2,0,2
118161,115.0,97,2,3,1,32,0,59,2,1,0
118198,756.0,80,1,9,11,26,1,44,5,2,0
118347,5182.0,57,0,8,3,31,0,48,5,4,1
118541,602.0,50,0,5,7,44,0,21,6,3,14
118684,3960.0,64,6,3,2,37,0,49,1,2,0
118693,894.0,45,0,7,7,26,4,22,6,5,23
118718,11173.0,60,0,8,3,57,0,16,2,13,1
118772,6857.0,66,0,17,22,34,0,14,5,6,2
118888,723.0,100,1,9,10,32,0,37,10,1,1
118912,12992.0,58,1,7,3,39,1,38,7,4,1
118930,6995.0,56,0,42,3,30,0,15,5,2,3
118958,50.0,70,0,4,4,68,6,4,0,2,12
118976,18068.0,60,1,6,3,54,1,33,0,2,0
118994,279.0,40,0,2,14,9,1,3,1,71,0
119058,8.0,75,0,0,0,13,0,50,25,0,13
119067,7920.0,55,0,7,3,45,1,30,6,7,1
119137,14275.0,53,0,8,2,37,0,42,5,5,0
119164,29799.0,53,0,18,4,64,0,9,3,0,1
119173,2238.0,93,0,15,7,59,1,8,2,8,0
119216,15597.0,60,0,6,7,52,0,25,6,3,1
119270,1022.0,29,0,6,6,11,0,25,5,12,34
119331,5292.0,57,0,13,5,46,1,26,5,3,0
119553,1237.0,70,1,10,10,25,1,31,15,8,0
119605,7356.0,56,1,9,8,28,1,34,6,12,1
119775,394.0,40,1,9,3,34,0,25,1,4,24
119845,113.0,74,0,4,7,60,0,27,2,0,0
119951,236.0,84,0,6,9,49,0,21,14,0,0
120069,187.0,90,1,5,4,80,2,5,1,2,1
120078,700.0,85,1,6,3,83,0,5,1,0,0
120087,198.0,82,1,4,4,69,0,6,2,15,0
120166,11.0,27,0,9,0,0,0,9,0,0,82
120184,795.0,64,1,10,5,47,2,18,6,5,7
120254,1985.0,57,0,15,4,14,0,49,9,2,7
120290,8900.0,52,0,43,3,25,1,14,5,5,4
120342,20042.0,48,0,21,2,35,0,29,4,2,6
120403,1125.0,69,0,21,5,16,1,23,6,3,25
120421,7464.0,56,0,5,2,76,0,12,3,2,0
120537,633.0,55,1,4,8,29,3,35,12,6,2
120661,730.0,78,0,5,4,27,1,5,0,57,0
120698,68.0,69,0,25,7,18,1,19,1,22,6
120768,494.0,91,0,4,12,56,1,19,3,5,0
120838,3.0,0,0,33,0,0,0,0,0,0,67
120865,906.0,60,0,22,5,27,1,22,9,10,3
120883,3640.0,52,0,38,3,21,0,22,4,3,8
120953,4540.0,15,1,5,11,39,1,37,3,4,0
120971,23874.0,48,1,6,3,47,0,34,5,3,1
121044,26971.0,53,0,24,4,51,0,14,4,1,3
121150,3583.0,58,0,11,5,14,0,49,7,2,12
121257,1086.0,57,0,10,6,14,0,49,7,5,8
121275,115.0,34,2,15,10,21,3,37,4,8,0
121309,3203.0,65,0,7,2,26,1,53,8,2,1
121345,1637.0,52,0,16,10,17,0,34,7,3,12
121363,4350.0,63,1,3,1,79,0,13,2,0,0
121433,111.0,94,0,0,0,84,0,1,0,1,14
121619,27052.0,42,0,7,1,56,0,17,1,15,1
121637,37.0,92,5,3,8,14,0,70,0,0,0
121691,3206.0,61,1,5,4,35,0,37,5,10,2
121707,4665.0,55,5,3,3,21,0,52,8,6,0
121859,164.0,88,1,1,10,61,1,23,1,1,0
121868,116.0,99,1,3,7,51,2,34,2,2,0
121886,19358.0,44,0,6,2,81,0,6,1,5,0
121901,21118.0,58,0,5,7,62,1,17,2,5,1
121992,344.0,92,0,99,0,1,0,0,0,0,0
122117,16.0,44,0,13,6,0,6,19,0,0,56
122180,20829.0,59,0,20,10,34,1,25,6,3,1
122205,19709.0,56,0,11,2,27,0,45,5,7,2
122296,768.0,82,0,28,7,20,1,31,8,4,0
122339,14056.0,56,0,10,10,52,0,19,5,2,0
122375,20712.0,55,0,15,6,39,0,29,7,2,1
122384,14127.0,48,0,22,5,28,1,34,8,3,0
122409,30848.0,55,0,13,4,32,0,34,6,4,7
122436,5919.0,56,0,7,3,21,0,50,7,3,9
122454,220.0,65,0,5,4,15,0,35,5,7,27
122506,233.0,43,0,11,4,3,0,40,3,1,37
122597,25924.0,55,0,25,6,34,1,16,6,4,8
122612,6577.0,63,0,24,5,21,1,25,9,2,13
122658,18533.0,59,0,19,7,50,1,16,5,3,0
122685,6621.0,67,1,5,6,52,1,21,3,11,0
122728,1261.0,59,1,5,6,20,1,52,1,9,5
122746,8760.0,58,0,24,6,48,1,13,3,3,2
122755,27905.0,50,0,36,3,29,1,14,5,4,8
122791,8163.0,49,0,22,3,31,3,25,6,4,7
122834,308.0,78,1,4,6,68,2,17,0,1,0
122852,89.0,84,0,6,3,63,1,26,0,1,0
122889,14133.0,55,0,5,3,38,0,34,5,10,6
122931,5694.0,50,0,17,3,18,0,47,8,2,5
122977,27497.0,54,0,9,8,41,0,23,4,4,10
123013,19101.0,55,1,5,2,38,0,39,5,10,1
123165,1089.0,100,0,16,4,14,0,52,7,2,5
123217,12815.0,58,0,4,2,68,0,20,3,2,0
123280,29.0,45,3,3,7,3,0,76,7,0,0
123299,9307.0,59,2,4,2,18,0,61,7,5,0
123341,18226.0,55,0,7,3,28,1,52,6,3,1
123350,138.0,84,0,7,5,47,0,12,0,30,0
123457,702.0,60,1,6,4,22,1,52,5,9,0
123484,1761.0,52,3,3,5,19,1,54,7,8,0
123493,243.0,69,0,40,9,21,2,28,0,0,0
123509,8803.0,53,0,33,3,33,1,17,6,3,4
123527,14872.0,59,0,4,11,70,0,10,3,1,0
123554,2646.0,57,0,11,4,28,2,42,7,3,3
123563,9330.0,58,0,15,13,33,1,24,9,6,0
123572,8143.0,62,0,5,2,35,0,43,7,5,3
123642,226.0,91,1,12,6,36,1,27,8,8,0
123651,1920.0,68,0,6,5,43,1,34,2,8,1
123679,589.0,70,0,18,3,33,2,6,2,36,0
123800,19231.0,54,0,10,4,72,0,7,4,2,0
123952,240.0,38,0,11,0,13,0,15,2,0,58
123961,20351.0,52,0,21,5,15,0,37,6,2,13
124113,5968.0,43,1,3,5,60,0,27,2,1,0
124292,439.0,53,0,2,0,16,0,71,5,2,3
124487,118.0,64,1,2,23,19,2,45,7,0,2
124681,921.0,70,0,0,4,46,0,0,0,49,0
124706,572.0,81,1,2,4,34,1,10,1,47,0
124937,601.0,71,0,6,1,33,0,4,1,55,0
125028,12696.0,56,0,4,2,64,0,23,4,3,0
125091,13126.0,60,0,2,10,59,0,21,5,2,0
125170,5644.0,57,0,19,15,26,0,21,7,4,7
125231,7016.0,82,0,2,33,7,0,42,1,13,1
125310,42.0,76,0,0,2,90,2,5,0,0,0
125462,4198.0,53,1,7,4,68,0,13,2,4,0
125471,13048.0,62,0,4,22,48,0,14,4,7,1
125499,7619.0,55,0,20,2,30,0,37,7,3,1
125532,3261.0,88,1,13,9,43,2,25,4,2,1
125727,1317.0,60,0,8,2,20,1,54,6,8,2
125763,1776.0,56,0,7,5,51,0,25,7,1,3
125897,1108.0,51,0,10,4,38,0,34,3,0,11
126076,138.0,0,0,0,0,0,0,98,0,0,2
126119,5626.0,62,1,14,4,36,0,31,7,3,3
126164,59.0,98,0,0,3,29,0,61,0,7,0
126182,1955.0,46,1,1,8,35,1,39,3,11,1
126207,6634.0,58,1,1,2,34,0,54,3,3,1
126289,12759.0,54,0,4,2,14,0,57,4,17,1
126359,288.0,92,1,1,2,15,0,71,9,0,0
126562,15818.0,55,0,9,5,25,0,47,6,1,6
126580,10706.0,52,0,4,4,19,0,62,8,2,1
126605,325.0,7,1,3,5,15,2,64,7,3,0
126614,31098.0,45,0,6,2,13,0,67,6,1,6
126669,6539.0,66,1,3,9,15,0,65,3,3,0
126678,2098.0,55,0,5,3,9,0,65,8,2,8
126687,423.0,82,0,0,7,15,0,13,1,64,0
126711,5636.0,56,0,1,1,27,0,62,2,6,0
126748,1112.0,58,0,1,2,14,0,72,2,6,1
126775,5156.0,31,0,5,1,11,0,70,5,3,6
126784,149.0,1,2,1,2,4,1,63,0,26,0
126818,25789.0,53,0,3,2,15,0,70,5,1,4
126827,23430.0,65,1,1,23,1,1,31,4,39,0
126863,8598.0,58,0,6,18,31,0,30,5,4,6
126872,72.0,71,1,1,11,61,1,4,8,11,0
126915,185.0,53,2,1,1,16,0,79,2,1,0
126942,8232.0,59,1,6,11,36,0,31,4,3,7
126951,1343.0,8,2,1,6,33,0,50,6,2,0
127060,5774.0,54,0,4,2,12,0,68,5,2,6
127158,5527.0,12,1,1,4,30,0,57,2,2,2
127185,3220.0,54,29,1,1,12,0,44,10,1,1
127200,19283.0,57,1,4,2,23,0,61,4,4,2
127316,284.0,85,1,1,20,22,1,43,12,0,0
127389,849.0,55,2,0,5,34,0,52,2,1,4
127556,9239.0,54,1,1,2,21,0,67,4,3,1
127565,19194.0,54,1,4,6,31,0,50,5,2,1
127617,1266.0,63,0,0,4,30,0,57,2,3,2
127653,381.0,70,0,2,1,13,0,70,6,7,2
127714,698.0,45,1,1,5,8,0,81,3,0,0
127732,1390.0,55,0,1,3,18,0,68,3,3,3
127741,9810.0,66,0,2,4,23,0,63,4,1,2
127778,1279.0,59,1,1,4,36,0,46,3,5,3
127820,13655.0,58,1,3,8,20,1,56,6,4,1
127884,6545.0,58,2,1,4,34,0,53,3,2,0
127909,6942.0,51,1,3,2,20,0,64,3,4,2
127918,3500.0,61,0,5,4,22,0,49,4,13,3
127945,1454.0,70,2,4,10,13,0,58,1,11,1
127954,21.0,90,14,0,5,38,0,43,0,0,0
128106,4310.0,54,0,1,6,34,1,46,6,4,2
128151,1049.0,42,1,5,16,46,0,26,3,1,3
128179,518.0,25,1,2,17,15,0,63,0,3,0
128188,776.0,59,6,1,4,35,0,52,0,1,0
128258,1621.0,57,1,1,3,43,1,38,3,9,3
128328,4304.0,28,0,6,7,11,1,64,7,3,1
128337,114.0,95,3,1,3,40,3,38,4,9,0
128391,3073.0,47,1,0,5,19,1,58,3,14,0
128498,1116.0,63,1,1,32,20,0,33,1,10,3
128577,1600.0,51,0,3,13,17,0,61,5,1,0
128586,38.0,0,0,0,0,0,0,89,0,0,11
128674,93.0,94,0,1,25,42,0,26,2,4,0
128744,3233.0,67,1,4,29,28,0,26,2,2,8
128771,9045.0,47,0,4,13,16,0,58,3,3,2
128780,1547.0,70,0,3,17,15,0,56,2,7,1
128896,124.0,77,0,1,6,3,0,59,19,13,0
128902,1861.0,62,0,4,4,10,0,67,4,2,9
129002,342.0,48,0,1,36,23,0,27,7,6,0
129020,18847.0,51,0,11,7,12,0,54,3,2,10
129154,3208.0,79,0,3,20,22,0,51,2,2,0
129181,978.0,7,0,2,16,23,0,50,6,2,0
129215,4800.0,58,0,3,10,12,0,65,3,6,1
129242,4303.0,59,0,3,2,7,0,76,2,6,4
129349,218.0,97,0,1,19,11,0,58,1,10,0
129367,3083.0,71,0,5,38,31,0,20,3,4,0
129482,357.0,94,1,2,30,43,0,20,4,1,0
129525,4793.0,52,0,4,14,12,0,51,4,9,6
129534,202.0,48,0,3,1,8,0,59,3,3,21
129543,4836.0,62,0,3,33,35,0,24,2,2,0
129695,5511.0,55,0,6,19,22,0,47,3,3,0
129729,6055.0,58,0,4,11,32,0,45,4,3,1
129756,2424.0,57,0,3,10,20,0,60,5,1,0
129774,642.0,44,1,2,14,17,0,53,5,8,0
129808,3304.0,58,1,4,8,17,0,60,6,2,0
129923,542.0,56,0,2,25,32,0,29,9,3,0
129932,295.0,7,0,0,39,39,0,21,0,0,0
129941,4912.0,56,0,4,12,13,0,64,1,3,3
130004,5083.0,57,0,5,15,40,0,33,2,2,2
130040,1308.0,65,0,2,4,13,0,75,2,4,0
130110,89.0,70,1,1,26,15,0,55,0,0,2
130174,1944.0,44,0,2,23,28,0,37,7,3,0
130183,9729.0,71,1,1,26,8,0,37,10,17,1
130217,1299.0,58,0,2,3,11,0,77,5,2,0
130226,6845.0,61,0,4,4,9,0,76,2,2,2
130253,6158.0,66,0,2,5,12,0,72,2,4,1
130314,904.0,81,0,6,13,15,0,56,3,5,1
130396,6864.0,60,0,4,25,28,0,37,3,2,1
130493,7962.0,61,0,3,19,12,0,53,4,7,1
130509,531.0,95,0,1,65,16,0,12,0,5,0
130590,2195.0,50,0,4,6,8,0,62,3,3,13
130606,3781.0,56,0,4,8,25,0,55,5,2,1
130624,1069.0,38,0,7,6,11,0,63,10,1,3
130697,3018.0,54,0,7,6,11,0,53,6,3,13
130776,4982.0,53,0,5,9,21,0,58,3,3,0
130794,6092.0,51,0,20,8,14,0,40,7,1,10
130837,70.0,89,0,1,3,4,0,76,16,0,0
130873,304.0,86,0,1,44,18,0,29,8,0,0
130907,13660.0,65,0,3,25,14,0,49,4,3,1
130934,4315.0,66,0,0,67,6,0,9,6,4,6
130943,19678.0,58,0,5,6,9,0,67,3,4,5
130989,731.0,53,0,2,27,14,0,43,5,0,9
131061,112.0,89,0,0,37,16,1,43,3,1,0
131098,1035.0,52,0,1,39,8,0,37,7,8,1
131113,9302.0,64,1,3,22,11,0,52,4,4,4
131159,8527.0,61,0,6,7,11,0,51,4,4,16
131283,3279.0,55,0,3,4,14,0,66,4,2,5
131399,3828.0,60,0,2,60,14,0,5,2,8,8
131450,1075.0,54,1,5,17,15,1,47,3,7,5
131469,12484.0,62,0,11,8,11,0,49,4,5,12
131496,7513.0,56,0,10,6,10,0,49,5,5,16
131520,6526.0,71,2,1,72,6,0,1,3,9,5
131803,654.0,70,0,2,80,8,0,4,3,2,0
131830,36.0,58,0,3,31,14,0,36,8,8,0
131876,1356.0,97,0,1,56,30,0,2,2,8,1
132374,3888.0,16,1,1,35,26,0,34,2,0,0
132408,430.0,50,0,1,5,2,0,64,1,25,0
132471,3747.0,63,0,1,34,35,0,19,2,1,7
132602,2778.0,63,0,0,79,4,0,1,3,10,3
132657,2422.0,50,0,1,10,18,0,45,2,6,16
132675,211.0,40,0,2,27,5,0,64,2,0,0
132693,15352.0,60,0,3,11,15,0,63,5,2,1
132709,38976.0,59,0,3,29,38,0,16,5,4,5
132842,120.0,83,0,0,1,83,0,4,1,8,4
132851,6605.0,63,1,2,12,13,0,64,5,2,1
132879,182.0,43,0,1,20,20,1,47,3,4,5
132903,59371.0,55,0,6,11,28,0,46,4,1,3
132976,453.0,51,0,0,14,14,0,66,4,0,1
133021,1939.0,64,1,1,14,5,0,73,4,2,1
133155,740.0,53,0,1,19,53,0,25,3,0,0
133386,13430.0,61,0,2,12,17,0,62,4,2,0
133465,511.0,83,0,4,52,23,1,18,0,1,0
133492,2007.0,67,1,3,3,9,0,77,4,0,4
133508,16674.0,64,0,2,12,33,0,42,2,6,2
133526,3085.0,52,0,3,52,7,0,17,7,14,0
133553,6402.0,23,0,5,5,14,0,57,4,3,12
133650,7818.0,65,0,1,86,4,0,5,3,0,0
133669,24740.0,57,0,4,20,28,0,40,4,1,3
133702,24605.0,63,0,4,29,12,0,47,4,4,0
133711,2889.0,67,0,1,5,10,0,73,3,5,3
133809,538.0,52,0,1,5,9,0,78,4,1,2
133845,707.0,91,0,0,9,1,0,4,1,85,0
133854,490.0,81,0,2,36,14,0,3,1,43,0
133863,436.0,87,0,1,13,34,0,11,1,39,0
133872,1234.0,79,0,6,17,34,0,33,3,4,2
133881,3542.0,29,0,2,6,10,0,49,2,3,27
133942,49.0,84,0,2,18,10,0,69,0,0,0
133951,49326.0,57,0,2,12,67,0,9,2,1,7
133960,874.0,55,0,2,10,28,0,52,3,3,1
133979,1050.0,60,0,0,65,7,0,1,1,5,20
133997,345.0,54,0,0,24,62,0,3,1,10,0
134024,75.0,83,1,0,12,4,0,77,5,0,0
134079,2755.0,63,1,3,7,13,0,71,1,1,3
134097,33270.0,57,0,3,9,21,0,59,4,1,2
134112,4094.0,69,0,1,21,60,0,14,3,0,0
134130,35405.0,56,0,9,6,23,0,52,4,3,3
134228,33.0,64,0,0,55,12,0,33,0,0,0
134237,19985.0,30,1,2,26,17,0,39,6,9,0
134291,699.0,18,2,1,19,7,0,64,6,0,0
134307,841.0,8,0,0,15,72,0,12,0,0,0
134343,4797.0,63,1,3,10,6,0,69,3,7,1
134495,22404.0,58,0,3,18,36,0,33,4,3,2
134510,165.0,56,1,2,5,9,0,76,0,4,3
134529,261.0,86,0,1,52,30,7,9,0,0,0
134574,87.0,82,0,2,14,20,0,37,24,3,0
134608,16942.0,60,0,2,15,25,0,50,3,3,1
134714,158.0,82,0,0,42,12,0,40,0,6,0
134811,1057.0,62,1,2,12,39,0,18,0,6,23
134945,2928.0,59,0,2,20,12,0,50,3,3,8
135081,17490.0,70,1,3,18,29,0,30,2,15,1
135142,272.0,98,0,0,0,100,0,0,0,0,0
135160,3406.0,66,0,1,14,7,0,75,2,0,0
135179,773.0,42,1,2,15,17,0,62,3,0,0
135188,4872.0,62,1,4,10,23,0,55,3,4,1
135267,739.0,32,0,0,14,31,0,53,1,0,0
135276,1279.0,50,0,1,50,5,0,41,2,0,0
135294,647.0,40,1,0,51,14,0,24,1,0,9
135337,78.0,95,0,4,23,9,0,59,3,3,0
135364,236.0,34,0,0,40,4,0,53,0,3,0
135391,10096.0,62,0,3,9,20,0,57,3,6,2
135407,1131.0,44,0,1,10,37,0,47,5,0,0
135522,296.0,36,2,1,15,2,0,52,29,0,0
135559,71.0,80,0,0,15,45,0,32,0,1,6
135610,136.0,58,0,1,18,34,0,43,0,4,0
135647,1012.0,15,0,1,40,41,0,16,1,0,0
135717,51679.0,58,0,1,14,71,0,5,1,2,6
135726,11307.0,54,0,5,9,22,0,42,3,4,15
135735,2777.0,18,0,2,19,40,0,36,2,0,0
136109,170.0,96,0,1,37,9,1,51,1,0,0
136145,1232.0,69,0,1,21,8,0,69,1,0,0
136172,14734.0,57,0,6,9,14,0,63,5,0,2
136215,5666.0,71,0,11,14,36,0,27,3,4,5
136233,5025.0,61,0,3,7,9,0,58,6,15,1
136303,902.0,55,1,1,53,26,0,18,0,0,0
136330,2883.0,63,0,2,9,15,0,59,3,7,5
136358,31289.0,59,0,3,27,32,0,30,3,4,2
136400,11672.0,62,0,3,6,22,0,62,4,2,0
136473,9713.0,63,1,3,15,8,0,64,6,2,1
136491,646.0,32,0,2,15,14,0,63,3,0,1
136516,10827.0,65,0,3,16,26,0,48,4,1,1
136659,572.0,42,1,2,6,6,0,80,5,0,0
136765,399.0,50,1,1,18,42,0,35,3,0,0
136774,1658.0,70,0,9,4,15,0,47,4,3,17
136826,514.0,40,0,2,25,60,1,13,0,0,0
136950,2598.0,60,0,3,5,20,0,54,4,3,9
137023,372.0,52,1,1,17,6,0,73,0,1,0
137032,7843.0,60,0,1,29,15,0,32,1,17,4
137078,28853.0,62,0,4,13,16,0,60,4,2,1
137087,742.0,45,0,3,36,13,0,44,3,0,1
137096,14915.0,56,0,4,14,19,0,55,5,2,2
137120,1038.0,41,0,2,8,21,0,67,1,0,1
137209,17754.0,57,0,3,15,26,0,46,4,2,2
137245,1833.0,45,0,2,51,28,0,15,2,0,0
137272,46.0,2,0,0,0,24,2,35,0,4,35
137281,7392.0,63,0,2,9,12,0,68,5,3,0
137315,2809.0,63,0,2,9,38,0,45,2,2,2
137351,32684.0,55,0,7,10,21,0,46,4,4,7
137476,3100.0,53,0,1,18,54,0,13,2,6,5
137546,3183.0,57,0,2,8,18,0,57,5,2,7
137564,8717.0,58,1,2,14,22,0,55,3,2,1
137591,336.0,78,0,1,10,20,0,63,4,2,0
137713,183.0,68,0,0,13,9,0,78,0,0,0
137759,11683.0,55,0,2,31,13,0,47,4,2,1
137777,31.0,0,0,0,0,0,0,77,0,0,23
137801,365.0,46,0,1,27,40,0,26,3,2,0
137847,8697.0,58,0,2,4,12,0,61,3,9,8
137856,181.0,44,1,0,19,2,0,76,2,0,0
137865,405.0,45,0,1,17,7,0,71,3,0,0
137953,334.0,41,0,1,21,11,0,60,4,1,1
137962,220.0,52,1,2,22,19,0,45,0,9,1
138187,47940.0,58,0,4,16,37,0,25,3,9,4
138275,870.0,46,0,0,37,12,0,45,1,0,4
138284,344.0,44,2,1,20,3,0,74,0,0,0
138293,665.0,31,1,0,31,12,1,39,2,0,14
138309,8772.0,85,0,3,19,14,0,42,2,20,0
138354,9521.0,57,1,3,11,10,0,66,6,1,2
138372,1435.0,42,0,6,27,30,0,35,1,0,0
138479,1174.0,40,0,5,30,36,0,26,3,0,0
138488,1755.0,51,1,4,16,43,1,33,3,0,0
138497,266.0,40,1,2,5,3,0,77,12,0,0
138558,3927.0,58,0,1,11,7,0,79,1,0,1
138600,1005.0,100,0,8,31,14,0,31,6,3,7
138655,568.0,35,0,10,52,24,0,13,0,0,0
138664,101.0,60,0,5,83,10,0,2,0,0,0
138682,3285.0,69,0,0,78,2,0,17,2,0,0
138716,5778.0,72,0,0,74,5,0,13,2,3,1
138761,289.0,57,0,1,58,7,0,31,3,0,0
138813,914.0,48,1,1,64,14,1,11,0,6,2
138822,502.0,97,0,1,65,3,0,31,0,0,0
138840,3797.0,64,0,1,87,5,0,3,2,0,1
138868,2340.0,58,0,2,29,4,0,47,6,10,2
138901,1844.0,65,0,1,89,5,0,2,2,1,1
138938,365.0,89,0,2,56,5,0,28,9,0,0
138947,3318.0,76,0,0,92,0,0,0,0,5,3
138956,4237.0,56,0,1,46,5,0,41,3,2,0
139144,1943.0,61,0,2,7,7,0,78,4,1,1
139153,237.0,44,0,10,65,3,0,11,0,11,0
139199,1754.0,90,0,2,28,12,0,45,2,4,6
139205,896.0,44,1,1,27,9,1,54,0,4,2
139214,139.0,96,1,3,57,5,1,33,0,0,0
139250,3535.0,68,0,2,19,7,0,64,4,2,1
139278,7074.0,66,0,1,31,7,0,57,3,1,0
139311,6368.0,69,0,7,62,8,0,17,3,2,2
139357,3489.0,68,0,1,45,7,0,39,3,3,1
139366,6501.0,61,0,3,39,7,0,48,2,0,1
139384,6616.0,62,0,1,7,17,0,71,3,0,0
139393,946.0,53,1,1,3,1,0,81,5,5,3
139463,4964.0,60,1,2,4,30,0,59,1,2,2
139506,151.0,54,0,0,99,0,0,1,0,0,1
139579,294.0,67,1,3,41,10,0,44,0,2,0
139621,2741.0,60,0,1,46,5,0,43,3,1,0
139630,958.0,47,1,1,15,7,1,64,4,0,8
139658,7118.0,60,0,21,8,11,0,39,4,1,16
139700,6168.0,62,0,2,16,15,0,62,4,0,1
139719,2293.0,61,0,0,92,2,0,2,3,1,0
139746,74.0,76,0,1,57,8,0,32,1,0,0
139755,15964.0,39,0,23,7,7,0,46,4,3,10
139764,2498.0,62,0,2,25,5,0,58,3,0,7
139861,5844.0,64,0,1,5,6,0,83,3,0,1
139931,22715.0,56,0,2,25,7,0,59,4,1,1
139940,27961.0,59,0,15,41,12,0,22,6,1,3
139959,29848.0,57,0,11,7,7,0,69,4,1,2
139968,3495.0,68,0,1,39,5,0,51,3,1,0
139986,5246.0,70,0,1,44,6,0,45,2,1,0
139995,237.0,59,0,0,70,0,0,30,0,0,0
140003,84.0,93,0,4,74,12,2,8,0,0,0
140012,9539.0,58,0,8,34,18,0,32,4,3,2
140234,872.0,49,1,1,22,2,0,71,2,0,1
140243,4616.0,61,0,3,8,22,0,63,2,0,1
140252,879.0,53,1,4,27,21,0,36,0,4,7
140331,10184.0,58,0,3,26,14,0,50,3,1,1
140340,721.0,79,1,4,73,3,1,13,1,4,0
140447,4865.0,63,0,8,28,7,0,47,4,5,2
140553,2238.0,0,0,0,72,0,0,0,2,24,1
140678,2697.0,61,1,1,6,6,0,82,3,1,0
140696,1385.0,59,1,4,24,12,0,44,1,4,10
140720,448.0,56,0,0,91,2,0,1,2,2,1
140818,1283.0,65,0,1,11,7,0,70,1,8,1
140827,56.0,64,0,4,39,5,0,45,0,0,7
140872,1430.0,49,0,1,16,9,0,62,3,5,2
140942,4003.0,62,1,2,49,9,0,35,4,0,1
140951,12167.0,68,1,6,11,7,0,54,0,3,18
140960,3482.0,61,0,0,80,10,0,4,4,1,2
140988,1394.0,56,0,1,22,6,0,62,3,3,3
141006,2117.0,54,0,2,51,3,0,42,1,0,1
141015,227.0,62,0,6,14,4,0,66,5,5,0
141060,2120.0,100,1,0,97,0,0,0,0,0,1
141167,935.0,63,0,26,9,3,0,18,0,42,1
141185,1833.0,60,1,5,11,6,0,73,3,1,0
141237,2983.0,56,0,0,2,1,0,23,0,70,3
141255,4669.0,62,0,1,33,10,0,54,1,0,0
141264,8590.0,64,0,1,39,7,0,45,4,0,2
141325,754.0,92,0,1,37,5,0,45,4,1,6
141334,10411.0,64,0,1,37,8,0,47,4,1,1
141361,1402.0,54,0,2,10,6,0,69,3,3,6
141486,1572.0,72,1,29,4,5,24,13,6,16,1
141565,2818.0,63,1,15,1,16,9,19,35,0,4
141574,12631.0,58,0,37,1,12,3,18,25,0,4
141608,58.0,38,0,41,9,5,16,3,26,0,0
141644,3698.0,60,0,14,5,17,11,21,19,5,7
141680,3510.0,43,0,42,2,11,6,7,28,4,1
141796,6488.0,62,0,40,1,11,3,10,24,2,9
141802,1373.0,65,0,27,1,15,5,15,32,2,2
141811,6568.0,62,0,36,2,16,5,8,30,1,2
141839,2992.0,68,0,27,1,16,6,16,29,4,2
141981,3049.0,67,0,37,2,14,4,8,34,0,0
141990,2520.0,64,0,19,1,17,6,12,42,2,0
142054,454.0,87,2,7,2,21,0,63,2,1,1
142090,95.0,40,1,4,3,4,0,82,0,2,3
142115,22896.0,57,0,3,1,14,0,73,5,3,1
142179,1597.0,64,1,1,1,14,0,80,1,2,0
142276,10353.0,57,2,1,1,13,0,72,3,5,3
142285,9392.0,51,1,2,1,10,0,72,3,7,3
142294,1077.0,51,1,2,2,13,1,57,5,2,17
142328,3748.0,63,3,1,1,8,0,78,3,4,2
142407,64.0,97,5,2,0,36,0,58,0,0,0
142416,11.0,91,0,0,0,18,0,82,0,0,0
142443,5068.0,62,1,1,1,6,0,76,4,9,0
142461,1423.0,58,0,1,2,11,0,75,3,5,2
142489,46.0,100,2,2,0,9,0,85,2,0,0
142522,39145.0,57,0,1,1,3,1,70,9,3,13
142559,7288.0,63,1,1,1,24,0,65,2,5,1
142887,205.0,72,0,4,9,35,0,47,4,0,0
142957,6.0,50,0,33,33,17,0,17,0,0,0
143048,2983.0,75,0,9,4,11,0,34,3,6,33
143084,2546.0,56,0,3,4,11,0,66,4,1,12
143118,4104.0,66,0,3,7,33,0,46,3,8,0
143181,109.0,96,0,1,33,2,0,54,10,0,0
143215,8508.0,55,0,1,19,7,0,62,5,5,1
143279,4472.0,61,0,4,11,15,0,64,4,1,0
143288,482.0,56,0,1,9,4,0,79,3,2,2
143297,165.0,90,1,1,3,1,0,90,1,2,0
143303,16.0,88,0,0,0,0,0,94,6,0,0
143358,4636.0,51,0,4,7,11,0,71,3,2,2
143376,237.0,90,0,2,29,8,0,57,0,4,0
143464,82.0,96,0,0,44,24,0,29,1,1,0
143473,51.0,92,0,0,2,86,0,2,0,10,0
143482,61.0,98,0,0,77,23,0,0,0,0,0
143491,65.0,94,0,0,6,85,0,0,0,9,0
143543,40.0,100,0,5,33,20,0,25,10,8,0
143552,55.0,100,0,0,49,11,0,38,0,2,0
143613,1925.0,63,0,1,6,8,0,76,4,4,0
143978,11.0,82,0,0,9,55,0,18,0,9,9
144005,2108.0,70,0,1,72,10,0,3,0,11,3
144050,6890.0,49,0,19,6,14,0,37,7,3,15
144157,2410.0,59,0,0,79,14,0,2,2,1,0
144166,6997.0,75,0,4,35,50,0,8,2,0,1
144175,2177.0,67,0,0,69,25,0,1,3,2,1
144184,6365.0,59,0,15,21,43,0,17,1,0,2
144193,6521.0,55,0,1,11,77,0,9,1,1,0
144209,7276.0,57,0,7,27,47,0,12,3,1,3
144218,8762.0,57,0,7,5,63,0,21,2,0,1
144281,6708.0,58,0,4,14,19,0,51,5,2,5
144351,1589.0,59,0,2,11,30,0,45,4,5,3
144485,530.0,23,0,3,36,47,0,11,2,1,0
144564,2644.0,53,0,1,15,5,0,70,1,7,0
144573,40.0,98,3,0,10,3,0,85,0,0,0
144740,14214.0,53,0,11,8,19,0,52,4,3,3
144795,296.0,79,0,2,8,39,0,47,1,3,0
144865,23903.0,54,0,12,7,27,0,48,3,2,1
144883,447.0,49,0,2,66,16,0,3,1,0,12
144892,6229.0,57,0,3,17,14,0,58,2,3,2
144944,9931.0,55,0,6,4,45,0,37,4,3,1
144962,2891.0,62,0,6,5,24,0,57,3,3,1
144971,513.0,48,1,1,9,3,0,81,3,2,1
145099,234.0,93,0,0,5,45,0,49,0,0,0
145239,451.0,84,0,7,11,29,1,49,2,1,0
145309,26.0,65,0,0,4,0,0,96,0,0,0
145336,3206.0,63,0,2,40,15,0,30,3,9,1
145354,52.0,98,0,2,4,2,0,92,0,0,0
145372,913.0,44,0,0,12,6,0,65,3,2,11
145406,503.0,99,1,11,9,29,0,45,4,0,0
145424,43.0,93,0,0,28,9,2,53,5,2,0
145433,130.0,97,0,5,14,28,1,43,8,0,1
145497,193.0,83,0,0,0,2,0,93,0,5,1
145521,1511.0,61,1,1,8,5,0,79,3,3,1
145600,21641.0,52,0,21,8,34,0,26,3,2,7
145619,2493.0,54,1,15,9,18,0,42,0,12,2
145637,34120.0,46,0,19,6,13,0,43,3,1,15
145646,1629.0,52,0,7,7,9,0,70,2,1,5
145682,8749.0,58,0,2,11,6,0,74,5,0,2
145691,1057.0,52,0,1,11,7,0,72,4,0,6
145707,1034.0,62,0,1,2,2,0,92,3,0,0
145725,3144.0,32,0,15,5,17,0,37,3,6,17
145813,18250.0,55,0,2,9,12,0,72,3,0,1
145831,2841.0,58,0,1,2,16,0,75,2,4,0
146205,3744.0,61,0,1,9,1,0,76,0,13,0
146278,1934.0,61,0,1,4,2,0,90,3,1,0
146296,14318.0,56,0,3,9,29,0,53,3,2,0
146339,1046.0,57,0,2,14,22,0,45,2,10,4
146348,2601.0,62,0,1,12,19,0,62,4,1,1
146366,3248.0,61,0,1,4,2,0,89,3,1,0
146418,3060.0,56,1,1,13,23,0,57,3,1,0
146427,1258.0,57,0,5,8,13,0,46,6,2,20
146454,46.0,100,0,0,2,13,0,80,0,4,0
146472,13743.0,55,0,5,6,44,0,37,3,4,2
146481,1538.0,58,0,5,5,14,0,55,4,5,11
146506,4466.0,57,0,1,3,3,0,87,3,3,0
146533,148.0,82,1,8,10,3,0,74,3,1,0
146603,6413.0,56,1,1,9,2,0,78,0,9,0
146612,4274.0,50,0,5,6,22,0,58,2,3,2
146667,378.0,48,0,1,8,2,0,83,1,0,4
146676,1101.0,55,0,1,43,6,0,40,4,3,3
146685,5446.0,61,1,1,9,4,0,72,5,8,0
146700,830.0,34,0,1,32,50,0,12,2,2,0
146719,12240.0,67,0,12,5,17,0,56,4,1,4
146755,157.0,94,0,4,4,5,1,77,9,1,0
146807,55.0,87,0,2,9,51,0,38,0,0,0
146816,276.0,71,0,1,57,23,0,12,7,0,0
146825,588.0,55,1,1,11,6,0,71,3,8,0
147004,7473.0,53,0,3,1,26,0,61,4,5,0
147013,1788.0,52,0,1,13,6,0,61,3,11,5
147129,676.0,90,1,3,12,3,0,79,2,1,0
147244,1995.0,55,0,2,13,5,0,67,4,4,5
147341,908.0,50,0,1,9,10,0,67,3,6,4
147369,2275.0,48,0,3,6,7,0,58,3,15,8
147378,13032.0,52,0,3,10,25,0,47,3,10,1
147396,88.0,2,0,0,1,9,1,88,0,0,1
147411,4439.0,58,0,1,3,85,0,5,0,5,0
147439,37.0,97,0,0,35,3,0,51,5,5,0
147536,3363.0,73,0,3,20,47,0,16,2,9,3
147590,44.0,75,2,11,14,11,0,52,0,7,2
147642,37.0,89,0,16,3,30,0,51,0,0,0
147660,2615.0,54,0,3,5,15,0,65,3,4,3
147679,1912.0,61,0,9,9,30,1,39,3,3,6
147703,12131.0,51,0,6,17,19,0,52,4,0,2
147767,8682.0,51,0,18,6,12,0,44,6,4,10
147776,5700.0,57,0,9,10,39,0,27,2,10,2
147800,8083.0,52,0,21,7,19,0,46,3,4,0
147819,41.0,100,0,0,2,2,0,95,0,0,0
147828,3110.0,59,0,2,9,10,0,72,3,2,1
147916,6510.0,54,0,4,13,10,0,59,5,7,2
148007,3843.0,60,0,1,53,22,0,17,1,4,1
148016,407.0,48,0,3,2,5,0,69,2,2,17
148098,48.0,98,0,0,19,40,0,42,0,0,0
148131,1042.0,52,0,1,11,4,0,74,0,8,2
148256,2287.0,56,0,1,5,1,0,92,0,1,0
148292,2846.0,62,0,1,15,3,0,74,3,3,0
148335,1496.0,45,0,3,31,35,0,26,2,2,1
148380,6092.0,55,0,4,9,22,0,59,2,4,0
148405,982.0,57,0,3,10,20,0,54,3,2,9
148487,2381.0,66,0,5,14,26,0,43,3,4,4
148496,2151.0,68,0,4,5,58,0,27,1,4,1
148511,112.0,63,0,4,19,31,1,29,2,14,1
148575,320.0,87,0,3,5,3,0,85,4,0,0
148584,1744.0,66,0,3,9,22,0,59,3,2,3
148593,119.0,89,1,2,8,3,0,86,0,0,0
148627,2957.0,62,0,3,11,41,0,40,2,3,0
148654,2674.0,51,0,4,14,10,0,63,4,1,3
148672,1616.0,61,0,2,3,15,0,76,2,3,0
148821,1083.0,66,1,0,13,5,0,73,0,7,0
148876,959.0,74,0,6,3,68,0,19,0,2,1
148937,1732.0,59,0,1,3,2,0,87,2,4,0
148955,24.0,100,0,0,0,100,0,0,0,0,0
148991,1386.0,63,0,1,7,3,0,86,1,1,0
149028,202.0,87,1,2,5,14,0,74,2,0,0
149204,39.0,95,0,0,8,10,0,82,0,0,0
149222,8466.0,46,0,2,14,10,0,68,3,0,4
149231,10400.0,54,0,2,14,5,0,72,4,1,2
149310,106.0,48,0,0,28,4,0,0,0,0,68
149329,71.0,0,0,0,0,0,0,100,0,0,0
149365,4066.0,62,0,1,53,21,0,19,3,2,0
149499,13.0,100,0,0,0,0,0,100,0,0,0
149505,1005.0,67,1,2,10,15,0,65,1,3,4
149514,722.0,43,0,7,13,8,0,63,3,4,2
149532,9571.0,55,0,3,14,46,0,30,2,4,1
149550,162.0,87,0,0,19,2,0,72,7,0,0
149639,109.0,40,0,8,7,21,0,39,5,18,1
149727,8665.0,55,0,4,7,39,0,46,2,2,0
149763,754.0,84,1,15,22,23,1,28,4,5,0
149772,5958.0,53,0,1,20,13,0,61,3,2,1
149781,2395.0,54,0,10,3,7,0,71,5,1,4
149842,13477.0,55,0,12,4,29,0,49,2,2,1
150048,386.0,62,0,0,21,11,0,63,4,0,1
150066,1311.0,58,0,0,7,5,0,80,5,1,1
150136,16702.0,60,0,1,8,6,0,77,4,2,1
150145,1273.0,62,0,1,10,11,0,67,7,1,3
150163,4685.0,60,0,3,4,5,0,82,4,1,1
150172,549.0,46,0,1,28,31,0,37,3,0,0
150251,157.0,95,1,2,3,7,0,85,0,3,0
150303,209.0,95,1,0,52,12,0,30,4,0,0
150400,1972.0,52,0,3,6,9,0,63,3,2,13
150428,6.0,100,0,0,33,17,0,50,0,0,0
150455,927.0,57,0,3,7,8,0,51,5,2,23
150534,2124.0,59,0,2,4,3,0,69,3,8,10
150604,922.0,52,0,1,3,4,0,86,3,2,0
150668,826.0,62,0,2,4,23,0,58,2,2,7
150677,1619.0,61,0,1,4,8,0,81,2,3,1
150756,1070.0,56,0,1,5,4,0,74,3,10,3
150765,50.0,96,0,0,4,2,0,88,6,0,0
150774,447.0,42,1,1,6,22,0,55,6,5,3
150853,223.0,97,0,2,15,2,0,74,6,0,0
150941,1126.0,57,0,1,3,6,0,82,5,0,4
150987,72689.0,58,0,2,13,4,0,71,4,5,1
151102,9697.0,54,0,4,5,8,0,76,4,0,2
151111,21173.0,58,0,5,10,9,0,66,5,1,4
151263,4402.0,63,0,2,11,7,0,65,3,4,7
151290,1576.0,36,0,2,18,6,0,50,4,4,15
151306,9162.0,63,0,2,4,4,0,85,3,1,2
151324,10214.0,56,0,1,18,5,0,68,4,1,2
151333,2969.0,65,0,1,3,6,0,82,3,2,1
151342,4551.0,64,0,2,8,14,0,67,5,1,3
151351,33084.0,49,0,6,4,7,0,69,5,0,8
151360,3454.0,72,0,3,16,24,0,51,4,1,1
151379,4397.0,61,0,2,7,5,0,81,4,1,1
151388,3500.0,64,0,1,5,5,0,75,4,7,2
151458,124.0,87,1,2,1,2,0,88,3,4,0
151467,291.0,82,0,2,8,11,0,72,7,1,0
151564,42.0,95,0,0,0,10,0,86,2,2,0
151607,78.0,95,0,1,27,9,0,58,4,0,1
151652,242.0,98,0,3,28,6,0,53,7,2,0
151661,940.0,9,0,3,21,8,0,63,3,0,0
151777,1078.0,54,0,1,9,8,0,71,5,3,3
151786,2405.0,63,0,3,12,7,0,70,4,2,2
151801,2762.0,64,0,2,4,4,0,83,3,2,2
151810,214.0,73,0,0,93,0,0,3,1,3,0
151962,116.0,61,0,0,8,3,0,90,0,0,0
152044,56.0,73,0,0,45,20,0,30,5,0,0
152080,8732.0,48,0,5,4,11,0,67,5,1,7
152099,1265.0,56,1,0,5,3,0,70,4,17,1
152150,74.0,93,0,0,9,3,0,78,8,1,0
152275,133.0,62,1,5,47,11,0,29,7,0,0
152309,95.0,62,0,1,24,2,0,63,7,2,0
152318,2000.0,24,0,6,4,5,0,64,5,2,14
152336,1745.0,70,0,2,8,10,0,74,3,1,1
152381,767.0,86,0,1,5,3,0,75,12,4,1
152390,1452.0,100,0,2,2,15,0,74,3,3,1
152497,143.0,94,1,0,2,7,0,86,3,0,0
152530,2147.0,55,0,3,4,5,0,82,1,0,5
152567,3808.0,47,0,2,4,8,0,78,4,2,2
152600,2992.0,56,0,2,5,11,0,72,3,3,4
152628,36.0,97,0,0,3,0,0,94,3,0,0
152637,17239.0,47,0,2,9,21,0,60,3,5,0
152673,867.0,0,0,1,4,9,0,76,3,1,5
152798,339.0,91,0,1,1,2,0,85,3,8,0
152992,872.0,54,1,3,11,18,1,60,1,1,5
153001,1478.0,64,1,1,2,7,0,72,2,13,2
153074,137.0,96,0,1,7,6,0,85,1,0,0
153083,165.0,95,1,1,8,7,0,79,4,1,0
153108,1163.0,48,0,1,3,7,0,83,3,2,1
153126,685.0,54,0,1,9,11,1,69,3,4,2
153144,1430.0,55,0,5,7,11,0,66,3,7,2
153162,1020.0,47,1,3,6,7,0,71,2,2,7
153214,23258.0,56,0,4,6,8,0,69,2,9,0
153241,66.0,42,0,17,2,2,0,3,0,0,77
153250,1385.0,46,0,1,1,3,0,81,1,4,9
153269,2954.0,59,0,5,6,7,0,75,3,0,4
153278,1900.0,45,0,1,14,8,0,63,3,3,7
153296,741.0,54,0,0,15,5,1,69,2,4,3
153302,215.0,57,2,4,4,7,0,75,3,3,3
153311,8002.0,58,0,3,7,11,0,68,4,6,0
153320,319.0,55,0,3,1,1,0,88,4,0,3
153339,14.0,93,0,0,0,50,0,50,0,0,0
153366,1032.0,56,0,1,9,10,2,63,4,6,6
153375,1757.0,54,0,4,9,8,0,64,4,8,3
153384,1733.0,53,0,8,5,8,0,50,4,6,20
153427,134.0,56,0,0,13,16,0,69,2,0,0
153445,5112.0,56,0,2,8,5,0,82,3,0,1
153463,27.0,96,0,0,4,0,0,89,4,4,0
153472,3612.0,52,0,1,5,7,0,76,3,4,3
153524,5237.0,50,1,2,10,10,0,67,2,5,2
153533,2035.0,53,1,1,5,4,0,69,0,16,3
153542,17.0,94,0,0,0,0,0,100,0,0,0
153588,22.0,9,0,0,32,14,0,50,5,0,0
153597,51.0,98,0,2,16,8,0,69,6,0,0
153603,28294.0,43,0,4,3,6,0,75,3,4,5
153621,593.0,52,0,1,19,8,1,40,7,9,17
153630,5977.0,56,1,1,9,8,0,71,0,7,2
153658,23482.0,54,0,4,3,8,0,74,3,2,5
153737,13788.0,54,0,2,9,6,0,73,3,5,2
153746,24.0,100,0,0,42,8,0,46,4,0,0
153764,55.0,95,0,5,25,7,0,62,0,0,0
153773,54.0,98,0,2,2,4,0,91,0,2,0
153782,16.0,100,0,0,19,0,6,69,0,6,0
153825,1333.0,43,0,1,3,9,0,77,2,5,2
153834,1951.0,57,0,2,2,6,0,78,2,0,9
153861,457.0,70,1,2,6,7,0,29,2,50,2
153922,1947.0,57,2,2,3,15,1,45,2,27,4
153977,795.0,85,0,5,8,7,0,74,3,3,0
154004,1277.0,50,0,1,2,7,0,73,4,8,5
154013,1442.0,68,1,2,9,1,1,76,2,6,4
154022,26914.0,70,1,2,31,16,1,43,4,4,0
154059,2894.0,56,0,1,4,7,0,84,2,0,2
154095,8953.0,59,0,1,2,4,0,83,3,4,3
154101,1061.0,55,0,1,2,5,0,82,2,5,3
154110,4408.0,59,0,1,3,3,0,89,2,2,0
154129,1777.0,58,1,1,4,8,0,69,1,15,0
154165,8.0,100,0,0,0,0,0,100,0,0,0
154174,29.0,41,0,3,7,14,0,62,7,7,0
154208,135.0,97,0,1,6,7,0,84,1,2,0
154235,2260.0,55,0,2,5,9,0,74,3,4,4
154262,235.0,93,2,3,2,8,1,82,2,0,0
154332,66.0,92,0,0,24,12,0,56,8,0,0
154341,25.0,92,0,0,28,16,0,56,0,0,0
154350,1307.0,53,0,2,3,6,0,79,4,4,1
154378,2478.0,58,3,1,5,5,0,26,1,55,4
154396,1581.0,60,0,1,4,5,0,85,2,1,2
154448,128.0,96,1,2,13,11,0,72,1,1,1
154457,12.0,100,17,0,0,58,0,25,0,0,0
154466,50.0,88,0,0,24,14,0,62,0,0,0
154493,3680.0,62,0,2,19,5,0,62,2,5,5
154518,2552.0,41,0,0,5,4,1,25,1,62,3
154527,1505.0,55,0,1,4,5,0,78,3,1,8
154545,40.0,48,0,0,18,13,0,60,10,0,0
154572,5976.0,60,1,2,4,18,0,60,3,6,5
154590,1195.0,46,1,1,21,8,0,53,5,6,4
154642,2407.0,61,2,1,6,8,0,78,4,1,0
154688,1672.0,57,1,2,7,8,0,74,5,1,2
154697,4300.0,55,1,4,12,14,0,63,3,3,0
154712,2085.0,52,1,1,3,9,0,78,4,2,2
154721,816.0,46,1,2,14,18,1,60,6,0,0
154749,456.0,48,1,2,18,10,0,61,2,0,5
154800,7964.0,61,1,4,8,14,0,61,0,8,2
154855,677.0,55,2,0,15,13,0,58,3,5,2
154907,1802.0,56,1,1,5,7,0,69,4,6,6
154925,1758.0,48,4,0,16,8,0,63,8,0,2
154934,1410.0,71,1,0,2,5,0,72,9,6,4
154952,2465.0,58,2,1,5,11,0,69,6,1,4
154998,1493.0,52,0,1,9,42,0,39,2,0,4
155007,303.0,71,2,8,35,37,0,13,4,1,1
155025,3405.0,63,0,1,4,7,0,67,10,4,6
155052,1514.0,49,1,2,3,20,0,71,3,0,0
155061,13128.0,60,0,1,3,8,0,50,2,0,35
155070,189.0,48,3,1,19,7,1,59,6,3,1
155089,1291.0,55,1,5,8,9,0,57,5,12,2
155098,1827.0,52,1,1,9,7,0,78,4,0,1
155104,1892.0,51,1,2,9,47,0,36,0,2,2
155140,789.0,60,100,0,0,0,0,0,0,0,0
155159,70.0,97,0,0,1,3,0,94,1,0,0
155177,378.0,58,1,2,6,13,0,62,2,0,15
155186,2866.0,56,2,2,9,5,0,71,6,5,0
155195,5315.0,54,1,1,6,12,0,68,3,9,1
155201,890.0,50,1,0,20,9,2,52,7,8,1
155210,18278.0,54,1,4,6,11,1,65,4,5,3
155283,508.0,93,1,1,25,9,1,23,0,40,0
155292,5998.0,59,1,5,18,23,0,39,5,5,4
155308,159.0,29,1,3,39,8,0,29,5,3,13
155317,19667.0,52,0,5,4,9,0,70,5,1,6
155335,2705.0,62,1,6,3,12,0,69,4,2,2
155353,83.0,23,1,0,41,16,0,34,8,0,0
155399,17210.0,48,0,2,3,8,0,78,4,1,4
155414,653.0,42,1,0,13,18,0,64,3,0,1
155423,1480.0,38,1,0,3,10,0,25,2,59,0
155450,1719.0,63,3,0,5,6,0,77,5,2,1
155487,912.0,46,1,2,6,10,0,74,5,0,0
155496,171.0,42,0,1,8,6,0,82,3,0,0
155511,819.0,33,2,1,13,19,0,52,5,7,0
155520,1252.0,59,1,3,12,3,0,62,3,13,3
155566,1898.0,62,1,1,5,7,0,76,4,0,4
155593,913.0,41,1,1,1,1,0,91,6,0,0
155618,735.0,33,1,0,12,18,1,67,1,0,1
155627,673.0,39,2,1,14,12,0,59,2,11,0
155636,306.0,78,1,3,9,8,0,74,1,5,0
155681,5181.0,50,1,1,3,6,0,79,6,0,3
155715,1181.0,50,1,1,8,12,0,62,3,11,2
155812,782.0,50,1,1,13,14,2,45,5,18,1
155830,791.0,53,0,2,2,10,0,80,5,1,0
155858,1837.0,57,0,2,2,54,0,30,0,9,3
155900,1359.0,36,1,2,12,11,1,41,3,27,3
155937,643.0,42,2,1,14,14,0,61,3,1,3
155973,577.0,42,2,1,14,11,0,62,7,1,3
156082,5472.0,62,1,1,6,11,0,58,4,16,4
156107,4920.0,48,1,4,9,18,0,57,5,3,2
156125,12623.0,54,1,7,6,13,0,56,5,2,10
156134,844.0,49,3,3,19,11,1,57,6,0,0
156189,575.0,51,0,0,3,1,0,93,0,1,1
156213,1724.0,60,1,1,5,6,0,77,1,3,5
156231,2598.0,60,0,0,1,1,0,94,2,1,0
156277,43.0,88,0,7,7,2,0,81,2,0,0
156286,2553.0,64,0,2,5,5,0,77,4,4,2
156295,1688.0,58,0,3,16,13,0,52,8,0,8
156310,281.0,97,0,3,15,3,5,66,7,0,0
156338,4304.0,59,0,2,6,6,0,81,4,2,0
156356,937.0,69,1,1,11,7,0,65,1,13,1
156365,4740.0,61,0,2,10,4,0,74,2,4,4
156392,10143.0,59,0,2,12,7,0,72,4,1,0
156408,1411.0,52,0,4,5,6,0,71,4,1,7
156417,123.0,19,0,0,2,2,0,93,2,2,0
156426,185.0,97,0,1,9,5,0,79,3,4,0
156471,2108.0,90,0,2,14,6,0,71,5,2,0
156541,3874.0,60,0,0,1,0,0,13,0,85,0
156620,12662.0,57,0,1,6,4,0,84,3,1,1
156648,6648.0,52,0,1,5,4,0,82,3,4,0
156745,983.0,55,0,1,10,5,0,75,5,3,2
156754,56.0,91,0,0,7,2,0,89,2,0,0
156790,3245.0,51,0,0,1,1,0,95,1,1,0
156842,186.0,94,0,1,9,3,0,74,4,10,0
156851,1608.0,70,0,1,8,4,0,80,5,1,0
156860,2655.0,64,0,1,21,9,0,60,5,2,0
156921,12560.0,57,0,4,21,10,0,57,4,4,0
156967,28.0,89,0,4,11,0,0,86,0,0,0
157021,208.0,87,0,0,10,10,0,31,6,43,0
157030,72.0,42,0,1,4,4,0,88,0,0,3
157058,2029.0,57,0,1,52,2,0,11,3,31,0
157076,863.0,49,1,1,12,3,0,68,1,12,1
157085,22236.0,56,0,3,7,5,0,75,4,3,3
157100,630.0,42,0,0,15,5,0,57,2,17,3
157216,2019.0,61,0,1,9,1,0,65,2,23,0
157289,15860.0,54,0,4,12,5,0,70,6,0,1
157304,3737.0,52,0,0,4,3,0,85,2,5,0
157331,3889.0,61,0,0,2,3,0,87,3,4,0
157377,1141.0,70,0,1,8,7,0,73,3,7,0
157386,8958.0,61,0,1,3,2,0,89,3,1,1
157401,8139.0,61,0,1,6,2,0,81,3,4,3
157438,4763.0,50,0,1,5,5,0,82,4,2,0
157447,11868.0,59,0,2,6,4,0,81,3,1,3
157483,6327.0,54,0,1,7,4,0,78,4,6,0
157535,1403.0,51,1,1,10,1,0,85,0,0,2
157553,2718.0,59,0,0,1,1,0,93,1,3,0
157614,72.0,96,0,0,35,4,0,58,1,1,0
157650,119.0,93,0,1,15,2,0,80,3,0,0
157669,49.0,96,0,0,57,4,0,29,0,10,0
157678,124.0,96,0,1,10,2,0,80,2,6,0
157711,5644.0,61,0,1,1,2,0,93,2,1,0
157739,3503.0,50,0,0,1,1,0,88,1,8,0
157748,894.0,46,0,2,2,1,0,88,0,1,6
157757,925.0,67,0,2,18,6,0,64,6,4,0
157793,2624.0,64,1,2,17,0,0,59,8,13,0
157809,2030.0,53,0,1,6,3,0,78,4,5,1
157818,946.0,60,0,2,5,4,0,79,5,4,0
157863,946.0,52,1,0,14,2,0,70,3,1,9
157951,15895.0,60,0,2,8,4,0,79,3,1,2
158088,2527.0,42,4,0,34,3,1,50,3,6,0
158246,149.0,69,1,0,64,3,0,28,5,1,0
158325,71.0,86,0,1,24,0,0,75,0,0,0
158343,48.0,54,0,0,38,0,0,63,0,0,0
158431,6460.0,67,1,1,39,6,2,46,5,1,1
158477,549.0,60,0,3,17,11,0,63,4,0,2
158538,42.0,95,0,0,26,2,0,67,2,2,0
158617,339.0,54,4,8,31,4,0,43,0,10,0
158644,72.0,100,0,0,68,1,0,31,0,0,0
158662,14140.0,68,0,3,47,10,3,29,4,1,2
158778,87.0,97,1,1,44,3,0,45,6,0,0
158787,70.0,99,0,1,3,0,0,94,1,0,0
158802,1225.0,75,0,0,71,2,0,0,2,24,0
158884,2122.0,63,1,2,44,6,2,40,3,1,1
159009,4153.0,62,0,0,93,1,0,1,0,1,5
159027,66.0,98,0,0,44,2,0,55,0,0,0
159197,650.0,18,1,1,41,2,0,51,3,1,0
159328,85.0,96,0,2,24,4,0,66,0,5,0
159373,921.0,85,0,5,11,7,0,75,2,0,0
159382,3381.0,70,9,1,18,2,0,65,3,1,2
159391,25826.0,53,0,5,13,7,0,69,3,1,2
159407,2989.0,72,1,1,23,3,0,68,3,1,1
159416,2577.0,61,0,2,20,5,0,53,5,12,4
159513,138.0,95,0,2,57,1,0,38,2,0,0
159522,152.0,94,3,0,22,3,0,71,1,0,0
159531,32.0,100,0,0,0,0,0,97,3,0,0
159568,999.0,49,1,1,24,3,0,68,3,0,1
159601,12.0,75,0,8,50,0,0,42,0,0,0
159647,10289.0,48,0,2,11,4,0,71,3,6,2
159656,3172.0,66,0,3,17,19,0,45,5,7,4
159717,6663.0,59,0,2,15,4,0,69,4,0,6
159939,6713.0,51,0,8,19,14,0,49,5,2,3
159948,1090.0,31,0,1,15,5,0,48,0,26,4
159966,5906.0,64,2,1,18,4,0,68,3,3,1
159993,6948.0,64,0,2,22,3,0,63,3,4,4
160010,1108.0,46,1,0,43,4,2,45,3,2,0
160038,9825.0,71,1,1,28,7,0,56,5,1,1
160065,773.0,80,1,4,29,13,0,46,4,4,0
160074,1018.0,82,1,3,15,8,0,69,0,4,0
160117,108.0,99,0,0,68,1,0,29,3,0,0
160126,36.0,89,0,0,97,0,0,3,0,0,0
160199,70.0,97,0,1,4,1,0,90,3,0,0
160320,2232.0,96,0,1,27,18,0,45,2,6,0
160409,127.0,0,0,6,2,27,0,60,1,4,1
160472,106.0,92,0,2,25,22,0,49,0,0,2
160481,2304.0,67,4,1,21,4,1,58,5,6,1
160524,305.0,73,0,0,66,2,0,30,2,1,0
160579,4058.0,49,1,1,22,4,1,58,3,10,1
160597,114.0,71,0,0,99,1,0,0,0,0,0
160612,13257.0,62,0,1,20,7,0,64,4,3,1
160621,6324.0,65,0,0,90,1,0,3,2,2,2
160630,1894.0,72,0,0,83,1,0,2,0,10,2
160649,2932.0,70,0,0,92,0,0,5,0,0,2
160658,14603.0,57,0,3,20,6,0,64,3,3,1
160667,4674.0,56,0,0,29,3,1,37,2,26,0
160755,7980.0,59,0,5,7,8,0,68,4,1,6
160904,2530.0,76,0,4,81,5,0,2,4,3,2
160959,355.0,74,0,2,1,6,0,61,2,3,25
160977,1820.0,50,0,5,6,8,0,67,6,1,8
160995,390.0,72,1,0,2,1,0,87,0,9,0
161004,1835.0,51,0,7,8,11,0,59,7,0,7
161022,183.0,92,0,2,4,1,0,85,3,6,0
161077,3218.0,54,0,0,7,2,0,55,2,32,1
161086,2003.0,54,0,8,5,8,0,61,5,2,10
161138,2457.0,52,1,1,1,2,0,81,2,11,1
161192,2406.0,65,1,0,1,2,0,81,1,14,0
161208,54.0,13,0,4,4,2,2,80,4,0,6
161217,4361.0,68,2,1,2,2,0,80,4,8,1
161226,1674.0,66,1,1,3,3,0,87,3,3,0
161235,1589.0,70,1,1,3,2,0,80,4,4,4
161244,659.0,70,4,1,3,4,0,73,3,9,2
161253,9430.0,47,1,2,2,4,0,82,4,4,2
161299,992.0,16,1,1,2,3,0,84,0,8,1
161341,1445.0,63,1,1,2,2,0,74,3,15,3
161457,4275.0,70,0,5,3,0,0,69,1,21,0
161484,829.0,55,2,0,2,2,0,66,1,26,1
161493,132.0,97,0,1,4,2,0,86,4,5,0
161509,432.0,74,1,4,4,7,0,75,2,7,0
161518,1360.0,63,0,1,1,1,0,36,0,61,0
161527,231.0,88,0,3,4,3,0,88,2,0,0
161545,6384.0,56,0,2,7,3,0,79,3,4,1
161554,6675.0,57,1,2,6,3,0,69,3,15,1
161563,1819.0,53,1,1,2,1,0,80,4,10,1
161572,787.0,54,1,1,1,1,0,82,4,10,0
161581,403.0,55,10,1,1,3,0,77,1,6,0
161688,2584.0,68,0,1,9,2,0,83,3,1,1
161767,12655.0,60,0,4,17,9,0,55,5,7,2
161800,107.0,54,0,0,65,7,0,28,0,0,0
161855,38.0,100,0,0,100,0,0,0,0,0,0
161864,4909.0,69,0,2,76,5,0,6,3,2,7
161873,2097.0,58,1,5,47,6,1,30,4,5,2
162007,5227.0,61,0,2,82,4,0,2,4,3,2
162061,400.0,21,0,5,28,10,0,39,5,14,1
162104,2377.0,63,0,1,8,6,0,76,6,1,1
162122,6351.0,61,0,4,26,7,0,53,6,2,1
162168,2184.0,66,1,2,14,6,0,69,3,4,2
162210,945.0,67,0,3,45,18,0,5,2,17,9
162283,2383.0,77,0,0,83,3,0,2,3,2,7
162335,52.0,96,0,0,58,6,0,31,4,2,0
162371,551.0,4,0,0,79,0,0,17,0,3,0
162557,6129.0,57,0,5,13,13,0,63,5,0,1
162584,4429.0,52,0,2,30,5,0,50,4,1,9
162609,651.0,48,0,0,17,1,0,77,3,0,1
162654,1449.0,67,0,4,20,10,0,49,4,9,3
162690,3983.0,65,0,2,12,8,0,69,5,2,1
162706,5705.0,57,0,3,16,6,0,69,4,1,1
162760,1126.0,63,0,4,17,12,0,57,6,2,2
162779,9110.0,58,0,12,29,11,0,31,6,4,6
162830,63.0,98,0,11,24,5,0,59,0,2,0
162928,6256.0,53,0,25,8,15,0,30,6,4,12
163028,875.0,7,0,4,53,16,0,19,4,3,0
163046,3925.0,58,0,3,5,11,0,76,3,0,1
163204,46162.0,45,0,5,26,15,1,38,5,10,1
163259,878.0,86,0,18,20,9,0,44,5,1,3
163268,11060.0,45,0,22,19,8,0,39,5,2,4
163286,30511.0,48,0,18,11,9,0,48,4,3,5
163295,1749.0,75,0,10,8,10,0,36,6,3,28
163338,2333.0,55,0,2,58,5,0,10,3,19,3
163347,505.0,94,0,1,78,3,0,13,4,1,0
163408,140.0,81,0,1,41,59,0,0,0,0,0
163426,21260.0,54,0,12,26,25,0,22,3,0,10
163453,6461.0,57,0,1,83,4,0,2,3,1,6
163462,1898.0,50,0,3,16,13,1,58,5,1,1
163532,290.0,0,0,0,0,0,0,91,0,0,9
163541,416.0,56,0,0,93,6,0,1,0,0,0
163578,783.0,96,0,7,28,12,0,38,5,8,2
163657,11788.0,63,0,4,69,14,0,4,3,2,4
163754,62.0,87,0,0,45,6,0,29,10,10,0
163815,52.0,92,0,0,42,12,0,38,0,8,0
163851,7686.0,56,1,4,14,5,0,69,2,4,1
163912,1467.0,59,0,4,10,7,0,70,6,2,1
163976,494.0,46,0,4,1,6,0,63,5,0,20
164076,19619.0,59,0,7,24,9,0,51,5,1,2
164155,4538.0,28,0,7,7,12,0,61,10,1,1
164173,3107.0,64,0,4,26,7,0,55,5,3,1
164216,1288.0,60,0,4,11,6,0,68,0,5,5
164270,1679.0,52,0,2,21,6,0,57,3,7,3
164313,2890.0,64,0,2,23,6,0,61,5,2,1
164368,761.0,34,0,2,2,3,0,3,4,4,82
164447,1341.0,62,1,1,23,22,1,35,5,8,4
164465,1839.0,50,0,15,10,13,0,43,7,3,9
164492,1109.0,47,1,1,15,12,0,61,2,7,2
164535,48.0,81,0,0,54,19,0,27,0,0,0
164562,2048.0,57,0,2,5,8,0,75,2,6,1
164580,2386.0,47,0,11,4,12,0,33,2,8,30
164599,51.0,73,0,4,2,2,0,88,4,0,0
164614,63.0,44,2,0,6,11,0,81,0,0,0
164632,1817.0,100,0,2,14,22,0,54,2,5,1
164641,609.0,71,0,4,26,13,0,43,4,9,1
164720,1672.0,59,0,3,8,10,0,60,3,15,1
164739,4228.0,41,0,9,3,7,0,57,3,4,17
164748,6439.0,41,0,5,7,10,0,43,5,3,27
164775,1627.0,64,1,2,9,5,0,69,4,10,0
164845,139.0,92,0,5,38,19,1,14,3,20,0
164872,364.0,54,0,7,7,14,0,34,3,16,19
164924,9901.0,53,0,10,4,11,0,57,4,5,9
164988,17983.0,59,0,16,4,11,0,36,4,7,21
165015,3688.0,61,0,14,5,8,0,46,4,3,20
165024,9463.0,59,0,2,12,8,0,71,5,2,0
165033,6851.0,64,0,2,9,9,0,64,5,10,0
165060,250.0,90,0,2,14,4,0,78,0,2,0
165112,11769.0,57,0,12,26,27,0,20,1,10,5
165167,787.0,75,0,5,29,36,0,19,2,1,8
165194,2907.0,62,1,2,8,9,0,69,5,7,0
165255,210.0,99,0,2,7,20,0,67,2,1,0
165264,988.0,91,0,4,37,11,0,42,2,4,0
165334,2349.0,61,0,8,4,9,0,59,3,5,12
165529,2312.0,59,0,3,12,8,0,64,3,9,2
165556,368.0,94,0,2,20,54,0,12,3,10,0
165574,1320.0,52,0,2,14,9,0,57,4,9,4
165608,66.0,94,0,5,5,11,0,80,0,0,0
165635,289.0,5,0,4,24,17,0,43,11,0,1
165644,608.0,53,1,4,18,16,0,46,5,1,8
165662,3878.0,61,0,5,4,13,0,59,4,2,13
165671,2112.0,76,0,4,6,11,0,65,3,8,1
165699,3050.0,63,0,2,2,4,0,82,3,6,2
165750,62.0,32,0,2,18,18,0,63,0,0,0
165802,1551.0,72,0,1,10,11,0,25,2,42,9
165820,4043.0,53,0,3,11,12,0,69,4,1,1
165866,3857.0,56,0,3,14,17,0,60,4,2,0
165884,612.0,16,1,5,35,29,0,16,2,8,2
165936,1507.0,62,0,4,4,10,0,68,3,1,10
165981,1761.0,63,0,3,4,10,0,74,4,5,0
166018,745.0,61,0,3,8,12,0,60,5,6,6
166027,10063.0,51,0,18,8,12,0,38,6,5,12
166045,44.0,52,0,0,0,0,0,100,0,0,0
166054,52.0,35,0,2,0,0,0,83,0,15,0
166124,2963.0,52,0,4,5,11,0,70,3,3,3
166133,4849.0,64,0,3,6,27,0,56,4,3,1
166391,1639.0,64,0,3,9,10,0,65,2,6,5
166407,282.0,90,0,6,12,17,0,55,5,4,1
166452,2128.0,77,0,5,9,16,0,56,4,5,5
166489,37.0,54,0,5,3,0,3,35,5,0,49
166498,83.0,95,0,11,7,31,0,49,0,1,0
166513,14170.0,40,0,12,6,12,0,58,3,5,4
166629,24209.0,50,0,10,5,8,0,61,3,6,7
166638,12595.0,55,0,14,17,17,0,33,3,6,10
166647,4048.0,52,0,5,14,20,0,48,2,8,2
166656,4034.0,73,0,20,9,8,0,36,2,9,15
166674,1955.0,72,0,7,5,10,0,57,3,13,4
166683,4530.0,47,0,30,6,15,0,29,8,1,10
166692,1695.0,13,0,1,1,4,0,85,3,5,1
166717,29.0,69,0,0,41,7,0,52,0,0,0
166805,57.0,23,0,0,19,5,0,75,0,0,0
166823,6637.0,59,0,2,30,8,0,47,3,9,1
166850,4230.0,53,0,2,3,7,0,72,2,12,2
166869,179.0,90,0,11,5,4,0,72,5,3,0
166887,7569.0,58,0,13,8,18,0,55,3,0,2
166911,374.0,75,0,2,3,9,0,37,2,47,1
166939,2190.0,100,0,8,5,7,0,47,4,2,27
166957,3674.0,65,0,3,9,18,0,66,1,3,1
167039,11.0,100,0,0,36,9,0,55,0,0,0
167057,497.0,44,0,10,2,3,0,37,4,2,42
167260,1325.0,38,0,1,6,10,0,77,3,0,2
167288,1345.0,62,0,2,10,10,0,70,3,5,0
167297,157.0,31,0,3,1,4,0,86,3,2,1
167312,5388.0,64,0,4,11,28,0,51,5,2,0
167358,14202.0,52,0,14,4,9,0,44,5,6,18
167376,4932.0,61,0,2,4,43,0,41,2,7,1
167394,1123.0,76,0,2,8,13,0,50,2,24,1
167455,335.0,40,1,1,25,21,0,8,6,11,27
167525,3364.0,64,0,8,25,9,0,47,2,4,3
167534,7291.0,59,0,5,14,21,0,51,3,5,0
167598,1352.0,82,0,3,10,14,0,42,1,29,1
167631,1674.0,67,1,2,62,21,0,7,3,3,1
167677,24.0,0,0,4,0,13,0,54,0,0,29
167729,6273.0,62,0,3,9,19,0,59,3,3,3
167783,1761.0,100,0,11,6,8,0,62,5,3,5
167792,398.0,60,0,8,7,4,1,49,3,10,18
167835,2531.0,100,0,10,6,12,0,49,5,4,14
167871,126.0,75,0,2,21,13,0,62,2,0,0
167899,2175.0,50,0,2,5,8,0,73,2,5,4
167905,5066.0,59,0,3,14,30,0,41,3,6,1
167987,6405.0,50,0,4,16,10,0,58,4,5,2
167996,2467.0,59,0,2,4,5,0,83,2,3,1
168005,4862.0,56,0,8,5,13,0,47,3,4,20
168032,32.0,94,0,6,9,13,0,72,0,0,0
168148,5907.0,53,0,14,4,7,0,53,5,5,11
168218,2519.0,98,0,22,6,12,0,35,7,4,13
168227,4303.0,22,0,8,6,8,0,62,3,7,7
168254,2698.0,39,0,3,4,9,0,74,2,3,3
168263,5069.0,55,0,2,5,10,0,72,3,7,0
168281,1774.0,60,0,4,5,9,0,66,5,2,8
168342,2094.0,50,0,12,7,13,0,49,6,4,9
168421,4761.0,40,0,6,3,9,0,61,3,9,9
168430,5332.0,62,0,5,8,13,0,63,3,6,1
168528,1784.0,50,0,0,7,4,0,67,4,18,0
168546,1475.0,54,0,2,16,12,0,58,3,7,2
168555,22.0,100,0,0,5,5,0,91,0,0,0
168573,879.0,3,0,1,29,1,0,61,0,8,0
168591,1442.0,58,0,1,3,5,0,78,4,6,3
168607,1487.0,56,2,1,1,2,0,93,0,2,0
168740,1693.0,54,0,13,18,16,0,30,6,2,15
168786,1456.0,57,0,2,5,8,0,65,2,15,3
168847,7240.0,71,0,2,9,4,0,77,6,1,0
168883,1820.0,62,3,1,1,3,0,88,4,0,0
168892,117.0,94,0,0,11,9,0,74,7,0,0
169080,3467.0,53,0,5,4,5,0,69,3,1,13
169187,129.0,74,0,4,14,1,0,81,0,0,0
169248,14627.0,59,1,1,10,5,0,75,4,1,2
169275,7564.0,61,0,1,16,5,0,68,5,5,0
169284,230.0,93,0,3,23,12,0,47,10,7,0
169327,462.0,46,2,1,10,0,0,75,0,10,2
169363,961.0,54,0,1,10,0,0,77,6,3,2
169442,1480.0,60,0,5,12,6,0,55,4,12,6
169479,5078.0,56,1,3,11,6,0,66,3,7,3
169503,251.0,99,1,1,48,8,0,37,4,1,0
169521,7819.0,58,0,1,7,8,0,77,3,4,0
169576,34.0,88,0,0,62,3,0,35,0,0,0
169655,1082.0,6,0,5,15,22,1,49,7,2,0
169716,2745.0,62,0,6,13,6,0,56,2,9,7
169734,420.0,92,0,4,74,1,0,14,6,1,0
169761,154.0,91,1,0,36,11,0,40,8,5,0
169798,14872.0,60,0,3,17,6,0,62,4,5,2
169813,33.0,94,0,0,82,0,0,9,9,0,0
169910,11184.0,53,0,1,8,6,0,77,4,1,1
169947,37.0,16,0,3,49,5,0,38,5,0,0
169974,1175.0,58,0,1,4,13,0,77,3,2,0
169983,1799.0,21,0,5,2,5,0,75,4,4,5
169992,945.0,59,2,1,2,2,0,89,3,2,0
170000,1060.0,55,0,2,20,8,0,54,3,13,0
170037,1504.0,63,0,2,10,5,0,77,2,0,4
170055,13270.0,53,0,4,9,15,0,62,3,6,0
170082,21112.0,60,0,2,4,6,0,82,4,0,1
170091,171.0,50,1,2,23,1,0,67,2,0,3
170240,12146.0,56,0,2,16,2,0,58,5,15,2
170286,1468.0,48,0,0,0,0,0,0,0,100,0
170301,3056.0,62,0,2,2,8,0,82,3,0,2
170444,4632.0,63,0,1,10,6,0,69,4,10,0
170532,1286.0,56,0,7,7,15,0,55,5,3,8
170541,7755.0,54,1,2,11,7,0,70,5,3,1
170550,4223.0,68,1,3,8,5,0,69,5,9,1
170587,1460.0,58,1,1,1,2,0,90,1,3,0
170611,98.0,99,0,2,9,5,1,78,4,1,0
170620,3022.0,61,0,2,12,12,0,64,4,7,0
170639,1984.0,54,9,1,2,2,0,80,0,3,3
170657,11673.0,55,0,3,9,8,0,69,4,4,1
170675,2136.0,29,0,3,8,3,0,63,2,11,10
170736,36.0,92,0,3,0,0,3,94,0,0,0
170790,19628.0,54,0,5,11,4,0,70,3,6,1
170806,2441.0,66,0,3,10,5,0,60,3,5,14
170967,1044.0,64,0,1,17,2,0,70,2,5,2
170976,31266.0,50,0,16,4,7,0,56,5,5,8
171012,171.0,18,0,1,87,5,0,5,1,1,0
171100,39176.0,51,0,6,7,5,0,68,3,1,9
171128,5750.0,29,0,2,1,2,0,88,4,2,2
171137,6910.0,46,0,9,9,6,0,67,4,2,3
171146,5862.0,62,1,2,13,5,0,66,3,7,3
171155,3726.0,60,1,0,4,4,0,82,4,2,2
171225,2598.0,58,1,1,3,4,0,85,1,6,0
171234,1529.0,62,0,0,0,0,0,61,1,37,0
171304,3999.0,58,1,1,8,7,0,75,4,4,0
171395,2169.0,62,4,1,1,3,0,86,4,2,0
171456,7136.0,56,1,1,2,4,0,84,5,3,1
171483,3579.0,52,2,1,1,4,0,81,3,8,0
171492,2623.0,41,0,1,10,7,0,66,2,10,3
171535,15211.0,53,0,3,18,5,0,57,4,4,7
171571,15543.0,57,0,5,8,4,0,72,3,5,2
171599,1071.0,44,0,0,20,6,0,66,5,3,0
171775,49.0,94,0,8,39,0,0,51,0,2,0
171881,137.0,65,1,4,3,4,0,61,4,18,6
171988,76.0,95,0,1,11,13,0,67,8,0,0
171997,130.0,94,2,1,48,5,0,35,8,2,0
172015,151.0,91,0,0,53,4,1,40,3,0,0
172033,279.0,44,0,1,3,20,0,70,1,1,4
172051,7476.0,62,0,1,8,5,0,76,3,2,5
172200,9230.0,54,0,5,14,5,0,64,3,6,2
172264,2103.0,59,0,1,10,7,0,61,4,14,2
172291,3602.0,62,2,1,3,4,0,79,2,9,0
172307,2141.0,60,1,1,11,4,0,69,4,9,0
172325,435.0,33,1,0,44,3,0,44,8,0,0
172334,1614.0,67,0,1,10,4,0,70,3,12,0
172422,198.0,22,0,1,8,5,0,84,3,0,0
172440,414.0,51,1,1,5,7,0,55,5,26,0
172495,246.0,97,1,1,11,9,0,72,7,0,0
172608,742.0,51,0,6,6,3,0,81,1,2,2
172617,11978.0,53,0,4,14,7,0,66,5,2,2
172635,14436.0,63,0,1,64,2,0,19,5,9,0
172644,17643.0,57,0,11,15,6,0,56,7,3,2
172671,1080.0,66,1,1,1,10,0,80,4,2,0
172680,138.0,97,2,1,7,7,0,80,2,1,0
172699,17051.0,49,0,2,11,7,0,68,4,1,6
172802,52.0,98,0,8,15,10,0,58,10,0,0
172866,105.0,12,1,7,10,5,1,64,1,12,0
172918,2591.0,52,1,1,1,4,0,86,3,5,0
172927,37.0,51,22,14,24,5,0,14,19,0,3
172954,1838.0,52,1,5,12,5,0,71,5,2,0
172963,8804.0,61,0,6,9,6,0,67,5,6,0
173045,2512.0,56,1,10,19,12,0,44,6,6,3
173063,3475.0,57,0,3,6,13,0,71,3,3,1
173115,947.0,68,7,1,5,3,0,73,5,5,0
173124,4490.0,57,3,1,3,3,0,79,4,5,2
173142,741.0,55,0,2,3,6,0,72,3,2,12
173160,2799.0,63,0,5,4,5,0,79,4,2,1
173203,4357.0,59,1,1,2,3,0,87,4,3,0
173258,2115.0,51,0,9,5,8,0,58,7,2,11
173300,2010.0,58,1,2,3,3,0,82,2,4,4
173328,3125.0,62,0,10,12,6,0,58,4,6,4
173416,2433.0,40,0,3,9,9,0,67,4,7,0
173452,857.0,53,0,1,1,2,0,91,2,0,2
173461,5230.0,56,1,2,3,3,0,82,4,4,1
173470,28.0,100,0,0,0,0,0,100,0,0,0
173559,6086.0,60,1,2,8,4,0,78,4,2,0
173638,3421.0,54,1,3,6,10,0,71,2,6,1
173647,2237.0,59,0,5,3,5,0,78,4,1,3
173665,2088.0,63,0,9,10,10,0,61,6,3,1
173708,4625.0,37,1,11,21,9,0,52,4,1,0
173735,1034.0,59,1,1,6,4,0,82,5,1,1
173744,478.0,95,1,3,9,6,1,70,9,0,0
173799,4192.0,60,0,5,12,11,0,61,5,4,1
173805,1062.0,53,2,0,9,3,0,78,5,1,1
173902,2098.0,58,0,8,4,9,0,57,7,0,15
173911,2775.0,54,0,2,11,11,0,71,3,1,2
173920,12490.0,53,0,4,5,5,0,73,4,1,8
173957,265.0,77,1,6,5,2,0,78,0,6,2
173993,1021.0,55,3,0,8,2,0,76,5,5,0
174020,6770.0,59,1,17,23,7,0,45,4,0,3
174066,35165.0,54,0,10,5,4,0,62,4,6,8
174075,2768.0,55,2,2,5,3,0,63,2,20,3
174127,709.0,70,2,9,5,9,0,66,3,3,3
174136,7014.0,57,1,5,30,13,0,38,7,3,2
174154,514.0,88,1,12,22,5,0,44,4,11,0
174190,167.0,97,1,12,20,13,0,50,1,3,0
174233,9847.0,48,1,4,2,3,0,76,3,10,2
174251,1499.0,58,8,2,3,6,0,57,15,2,7
174321,79.0,96,0,4,5,10,0,77,4,0,0
174358,4673.0,61,1,2,4,3,0,80,4,1,5
174376,6198.0,60,0,16,22,8,0,44,5,2,2
174428,9743.0,57,0,8,17,11,0,54,5,3,1
174437,1085.0,58,0,4,5,9,0,70,5,5,1
174473,3220.0,58,2,1,8,5,0,77,4,3,0
174491,3376.0,63,0,3,3,4,0,83,3,3,1
174507,315.0,69,1,5,4,0,0,25,1,63,0
174525,90.0,46,3,1,2,1,1,81,10,0,0
174570,1951.0,58,1,2,3,3,0,81,4,6,0
174604,210.0,56,4,0,10,10,0,63,6,4,4
174738,4944.0,61,0,5,12,8,0,69,4,1,1
174747,1748.0,100,1,5,3,8,0,80,0,0,4
174756,4134.0,57,0,1,16,5,0,70,4,1,0
174783,11346.0,54,0,5,7,4,0,70,4,2,8
174792,1629.0,0,1,4,4,8,0,78,0,0,5
174817,1467.0,56,0,3,9,8,0,70,1,5,4
174844,3072.0,58,0,7,3,7,0,68,4,0,11
174862,1160.0,54,0,6,5,5,0,79,3,0,2
174899,2481.0,71,1,3,4,4,0,83,3,1,2
174914,6355.0,47,0,5,4,6,0,75,3,4,3
174978,130.0,98,3,4,32,10,0,28,12,12,0
175005,3153.0,95,0,12,10,10,0,59,4,3,1
175014,3922.0,85,0,4,17,5,0,49,3,21,0
175041,6656.0,56,1,20,32,9,0,29,5,3,1
175078,6636.0,60,0,2,2,5,0,83,3,3,2
175120,442.0,37,2,12,42,10,0,20,10,2,2
175157,637.0,40,1,1,10,3,0,78,4,2,0
175227,1358.0,18,1,5,6,5,0,77,3,2,0
175236,3255.0,58,0,1,4,9,0,81,3,2,0
175263,1930.0,51,1,2,4,5,0,82,3,3,0
175272,6978.0,66,0,3,3,5,0,83,3,1,3
175315,8695.0,57,0,18,11,9,0,54,5,2,2
175342,3069.0,64,0,0,92,0,0,2,0,0,5
175421,2369.0,65,0,9,35,5,0,39,2,8,1
175430,801.0,55,1,0,12,4,0,77,2,0,3
175494,80.0,76,0,8,45,1,0,46,0,0,0
175519,1808.0,60,0,0,92,0,0,5,0,1,0
175573,3118.0,62,0,0,39,1,0,52,1,6,0
175607,22.0,100,0,0,100,0,0,0,0,0,0
175616,3109.0,58,0,1,27,3,0,60,2,3,4
175643,2419.0,60,6,1,29,3,0,56,3,1,1
175652,3832.0,57,1,1,49,2,0,44,0,3,0
175698,34.0,41,0,0,76,0,0,24,0,0,0
175722,33.0,94,0,0,42,0,0,58,0,0,0
175786,11827.0,61,0,1,53,2,0,36,4,4,0
175810,5529.0,65,0,1,43,2,0,52,1,2,0
175829,4768.0,60,0,1,24,2,0,70,2,1,0
175856,5152.0,65,0,0,92,1,0,3,1,0,2
175883,4536.0,61,1,1,30,1,0,65,2,1,0
175935,3402.0,68,1,1,44,1,0,46,1,5,0
175980,779.0,55,1,3,24,4,0,61,0,2,5
176008,2516.0,66,0,0,67,2,0,28,0,3,0
176017,17139.0,56,0,2,12,4,0,77,2,0,2
176035,2594.0,79,1,2,38,0,0,56,0,0,2
176044,1833.0,61,0,0,91,1,0,2,0,5,0
176053,2944.0,60,1,2,16,4,0,73,1,0,3
176062,54.0,98,0,2,20,0,0,78,0,0,0
176071,8954.0,61,0,3,23,6,0,58,5,5,0
176080,18792.0,49,1,1,18,3,0,73,2,0,1
176169,3606.0,62,0,0,17,2,0,78,2,1,0
176178,7537.0,60,0,1,30,4,0,61,2,1,0
176239,5157.0,64,0,1,29,2,0,64,0,4,0
176318,738.0,60,0,0,92,0,0,0,0,6,1
176336,63.0,29,8,0,59,3,0,25,3,0,2
176354,2128.0,61,0,0,42,2,0,51,1,2,0
176372,11594.0,63,0,1,29,3,0,61,4,0,2
176390,43.0,98,0,2,81,0,0,16,0,0,0
176406,708.0,65,0,0,97,0,0,0,0,0,3
176433,33.0,100,0,3,39,0,0,58,0,0,0
176479,3210.0,64,0,2,26,2,0,64,0,2,4
176628,1153.0,63,1,2,22,13,0,53,3,0,6
176664,215.0,49,1,1,5,4,0,84,5,0,0
176716,132.0,98,0,0,30,8,0,59,4,0,0
176770,728.0,87,0,2,1,2,0,86,4,5,0
176789,348.0,56,1,2,7,4,1,78,4,3,0
176798,246.0,69,0,1,8,0,0,89,2,0,0
176910,204.0,40,0,0,11,7,0,73,5,1,3
176947,1145.0,51,0,1,10,9,0,67,3,2,6
176965,8904.0,55,0,1,8,5,0,77,5,1,2
176983,84.0,24,4,1,1,1,0,90,2,0,0
177038,74.0,74,0,3,9,4,0,77,3,4,0
177065,9387.0,58,1,2,23,9,0,55,5,2,3
177083,47.0,2,0,4,0,17,0,74,2,2,0
177117,256.0,100,1,0,5,8,0,68,5,0,13
177135,4401.0,62,2,1,1,10,1,77,4,3,1
177144,971.0,47,1,1,13,7,0,70,4,0,4
177214,1479.0,58,1,1,3,2,0,81,3,2,7
177250,2649.0,60,0,1,1,3,0,91,2,1,0
177287,121.0,97,0,0,84,2,0,13,0,0,0
177302,356.0,57,3,1,26,17,0,51,1,2,0
177339,1793.0,56,1,1,4,8,0,77,4,4,1
177418,868.0,61,0,2,19,3,0,65,4,3,5
177436,35.0,94,0,0,3,3,0,91,3,0,0
177472,11762.0,59,1,2,3,6,0,82,5,2,0
177542,746.0,60,0,1,3,3,1,81,1,4,7
177551,1630.0,69,0,0,84,3,0,4,3,4,2
177588,23.0,100,0,0,96,0,4,0,0,0,0
177603,50.0,94,0,0,20,12,2,56,10,0,0
177676,4196.0,62,0,1,2,3,0,90,2,1,0
177685,111.0,95,0,1,14,2,77,5,1,0,0
177719,569.0,88,0,3,7,3,0,80,3,2,2
177746,699.0,72,0,5,6,12,0,66,7,3,1
177870,9.0,0,0,0,0,0,0,100,0,0,0
177931,31.0,97,0,0,6,0,0,94,0,0,0
177940,2323.0,59,0,1,44,2,0,40,2,7,2
177968,5654.0,55,0,1,12,4,1,57,3,11,11
177977,1724.0,20,0,1,1,2,0,93,2,2,0
177986,256.0,66,0,4,12,3,1,68,6,7,0
177995,15770.0,60,0,3,15,12,0,58,7,2,1
178004,164.0,87,0,2,32,1,0,62,3,0,0
178059,4454.0,66,0,3,12,6,0,67,4,4,4
178077,70.0,94,0,0,9,3,0,87,0,1,0
178183,269.0,92,0,0,29,1,0,52,0,16,0
178208,670.0,29,2,5,6,4,0,70,1,13,0
178217,2640.0,66,0,0,2,2,0,90,2,2,1
178244,4436.0,59,1,2,6,1,0,59,2,29,1
178341,5475.0,61,3,3,6,8,0,73,2,3,2
178369,1740.0,47,1,1,14,10,1,52,4,3,15
178387,5172.0,61,0,1,9,3,0,77,6,2,1
178396,22589.0,53,0,3,7,5,0,78,4,1,2
178402,11301.0,58,0,7,11,9,0,60,5,4,4
178411,6454.0,24,0,4,3,4,0,81,3,1,3
178420,13026.0,57,0,5,13,3,0,68,2,6,2
178448,4849.0,63,0,2,8,5,0,79,4,2,0
178466,70.0,94,0,1,3,0,0,94,1,0,0
178527,36.0,97,0,0,0,11,0,86,3,0,0
178615,4939.0,59,0,2,4,3,0,78,4,1,8
178624,5710.0,58,0,1,5,4,0,82,3,2,3
178679,675.0,46,2,1,2,6,0,82,3,1,2
178697,1546.0,55,1,1,1,3,0,87,3,3,2
178721,9546.0,44,1,2,19,22,1,44,5,5,2
178767,122.0,88,0,1,61,2,0,34,1,2,0
178828,32.0,72,0,0,0,3,0,97,0,0,0
178891,1799.0,7,0,1,17,3,0,71,2,6,0
178989,219.0,89,1,3,4,1,0,83,1,6,0
179043,2185.0,58,1,4,6,10,0,71,2,5,1
179052,108.0,70,0,0,3,3,0,93,2,0,0
179159,8332.0,60,0,9,5,6,0,70,4,1,4
179195,40.0,95,0,0,0,0,0,95,0,5,0
179229,21.0,71,0,0,24,0,0,71,5,0,0
179256,79.0,43,0,1,32,0,0,59,8,0,0
179265,333.0,62,0,16,12,2,0,63,4,1,2
179308,17294.0,63,0,4,32,4,0,52,5,2,1
179326,2588.0,64,1,1,4,3,0,65,1,24,1
179344,1951.0,67,1,1,3,3,0,86,3,4,0
179450,506.0,89,1,5,16,5,1,60,4,9,0
179511,194.0,95,1,0,90,1,0,6,1,2,0
179539,4288.0,63,1,1,4,7,0,84,4,0,1
179548,480.0,99,1,1,13,5,0,69,9,3,1
179557,9524.0,59,0,1,9,2,0,81,2,1,4
179566,19801.0,59,0,2,4,4,0,81,4,2,4
179645,2967.0,70,1,1,9,2,0,77,0,10,0
179715,1746.0,71,0,0,2,6,0,87,3,2,1
179867,7822.0,54,0,16,10,9,0,49,5,2,8
179894,2832.0,57,0,3,14,6,0,64,4,7,3
179946,655.0,44,2,2,9,3,0,78,0,5,1
179955,734.0,54,0,1,5,7,0,78,4,2,2
179964,873.0,72,0,1,4,3,0,78,3,6,5
179991,39.0,95,0,3,0,5,0,92,0,0,0
180054,366.0,65,91,0,0,0,0,9,0,0,0
180063,28.0,100,4,4,0,4,0,89,0,0,0
180081,707.0,50,3,1,0,2,0,88,0,5,0
180090,66.0,97,3,2,0,2,0,94,0,0,0
180106,1216.0,62,0,1,0,4,0,78,2,12,1
180151,447.0,59,4,1,4,4,0,72,2,9,4
180160,162.0,56,92,0,0,0,0,8,0,0,0
180179,4031.0,65,5,1,1,6,0,78,5,2,2
180197,2406.0,54,3,1,0,2,0,74,3,17,1
180203,131.0,51,89,0,0,0,0,11,0,0,0
180212,346.0,62,85,1,1,1,0,12,0,0,0
180249,1218.0,70,4,1,1,5,0,79,8,2,0
180258,785.0,67,2,3,5,4,1,75,0,6,3
180276,1423.0,56,3,1,1,1,0,90,0,4,0
180328,261.0,62,98,0,0,1,0,1,0,0,0
180373,567.0,69,5,2,3,3,0,83,0,0,4
180416,1493.0,37,2,1,1,2,0,80,0,7,7
180461,14760.0,46,1,1,0,5,0,84,5,1,2
180489,7714.0,56,4,1,1,5,0,77,5,5,2
180522,1022.0,47,9,0,2,5,1,72,7,1,1
180595,850.0,49,3,0,2,7,1,66,7,11,4
180647,690.0,67,76,0,0,2,0,22,0,0,0
180692,1358.0,63,4,1,1,5,1,81,4,3,0
180771,15.0,93,0,0,13,13,0,67,0,7,0
180814,8204.0,56,1,2,11,11,0,47,3,25,0
180832,595.0,83,1,3,5,8,1,63,2,17,0
180878,657.0,91,0,3,2,5,0,85,5,0,0
180902,6368.0,59,1,2,3,24,0,71,0,0,0
180948,1923.0,59,1,1,4,10,0,78,4,1,2
180957,78.0,28,0,0,17,44,0,32,4,3,1
180984,2226.0,53,0,2,2,6,0,67,3,17,3
181002,4472.0,58,0,8,2,8,0,72,5,1,3
181020,1351.0,51,0,2,4,9,0,78,4,1,2
181127,967.0,50,0,1,5,11,0,74,3,3,4
181145,16.0,81,0,0,13,13,0,69,6,0,0
181190,140.0,97,1,3,1,27,0,64,4,0,0
181215,4429.0,60,0,1,2,12,0,75,2,1,7
181297,766.0,90,0,2,3,7,0,82,3,2,0
181303,14300.0,54,0,3,9,15,0,54,4,14,1
181312,2125.0,61,1,1,2,8,0,84,2,0,2
181330,1663.0,52,0,3,6,17,1,53,3,17,0
181376,111.0,42,1,3,13,11,0,58,12,4,0
181394,12245.0,54,0,4,7,14,0,64,5,1,5
181419,226.0,67,98,0,0,0,0,1,0,0,0
181428,918.0,87,1,3,2,7,0,85,2,1,0
181446,1842.0,59,0,2,3,7,0,80,3,3,2
181464,20478.0,47,0,3,3,7,0,75,3,1,8
181491,5258.0,47,1,1,1,10,0,80,1,4,2
181534,1869.0,59,0,1,7,8,0,79,4,1,1
181543,25.0,32,0,0,4,8,0,72,12,0,4
181604,808.0,100,1,3,8,9,0,70,8,1,0
181640,9756.0,53,0,5,5,9,0,76,4,0,0
181738,680.0,59,0,6,9,24,1,49,4,2,7
181765,331.0,62,0,0,0,4,0,93,2,1,0
181783,3148.0,58,1,1,3,10,0,78,3,1,3
181817,1722.0,64,2,1,3,24,0,64,0,3,4
181853,422.0,49,1,0,11,18,1,54,0,5,9
181880,203.0,94,0,6,19,34,1,28,8,3,0
181941,376.0,39,2,4,3,39,1,50,1,1,0
182005,33942.0,57,0,10,11,34,1,29,6,7,1
182148,172.0,86,0,9,19,20,5,44,3,1,0
182281,25827.0,57,0,17,8,31,1,29,11,1,3
182290,17297.0,53,1,8,3,22,1,55,7,2,1
182306,3852.0,65,3,3,6,19,1,58,4,6,0
182458,371.0,50,3,2,4,2,1,75,0,13,0
182500,11316.0,54,1,6,3,33,0,51,4,2,0
182564,3702.0,58,2,2,2,23,0,59,4,7,0
182634,851.0,71,1,3,5,2,0,79,0,9,2
182652,29.0,97,0,0,0,10,0,83,7,0,0
182670,4459.0,49,1,15,6,10,0,50,5,2,10
182704,73.0,97,0,0,0,4,0,96,0,0,0
182722,159.0,94,2,4,1,1,0,90,1,1,0
182795,1600.0,55,0,2,8,8,0,72,3,5,2
182892,62.0,87,0,0,3,0,0,77,6,13,0
182917,83.0,53,0,0,1,4,0,95,0,0,0
182953,101.0,98,0,0,3,8,0,85,3,1,0
182980,1858.0,59,0,2,20,10,0,49,4,13,3
182999,18.0,100,0,0,0,0,0,94,6,0,0
183026,92902.0,64,1,2,15,11,0,58,2,11,1
183035,6.0,100,0,0,0,0,0,100,0,0,0
183044,12238.0,55,0,3,1,4,0,82,2,5,3
183062,3378.0,54,0,1,2,4,0,82,2,8,0
183071,723.0,52,0,6,3,7,0,68,2,13,0
183080,3802.0,50,0,2,3,4,0,81,3,6,1
183099,3256.0,58,0,1,2,4,0,79,4,9,0
183105,697.0,64,0,0,0,1,0,87,4,8,0
183114,759.0,75,1,1,1,3,0,81,4,10,0
183123,700.0,52,0,1,1,2,0,80,3,14,0
183132,2566.0,56,0,3,0,8,0,72,7,10,0
183141,1516.0,50,0,2,0,14,0,74,7,2,0
183150,1768.0,59,1,2,2,0,1,85,3,7,0
183202,52.0,96,0,2,0,4,0,94,0,0,0
183211,1438.0,79,0,3,4,5,0,76,3,9,0
183239,2033.0,61,0,1,2,5,0,86,2,4,0
183248,107.0,81,0,2,22,2,0,61,13,0,0
183257,1729.0,68,0,1,4,5,0,80,2,8,0
183275,88.0,55,2,0,0,3,0,80,1,9,5
183488,442.0,90,4,28,0,25,16,0,11,0,17
183600,55.0,91,0,16,2,5,0,40,0,0,36
183655,5048.0,61,0,7,14,25,0,44,3,6,1
183725,554.0,58,0,3,14,60,0,16,3,3,0
183743,12968.0,51,0,9,6,32,0,34,1,12,5
183789,2682.0,72,0,1,16,42,0,10,0,30,1
183804,2726.0,0,0,0,0,0,0,97,0,0,3
183822,1612.0,61,1,2,48,33,0,9,1,5,2
183859,11489.0,53,0,4,9,18,0,63,1,4,1
183877,8439.0,61,0,4,19,14,0,53,4,3,3
183910,1709.0,64,0,4,15,31,0,32,1,7,11
183938,9735.0,61,1,5,20,19,0,44,3,4,2
183974,1193.0,66,0,1,10,16,0,60,2,10,1
183983,92.0,4,0,3,17,35,0,45,0,0,0
184047,36.0,83,0,3,33,25,0,36,3,0,0
184056,504.0,73,0,6,39,29,0,18,5,3,0
184092,695.0,91,0,1,17,70,0,10,2,0,0
184180,7488.0,45,0,6,5,23,0,55,2,7,2
184205,2989.0,65,1,2,15,36,0,36,4,5,1
184278,38.0,0,0,5,8,16,0,71,0,0,0
184348,1712.0,58,0,4,8,16,0,47,3,4,18
184427,310.0,4,0,1,18,29,0,43,3,6,0
184481,7434.0,58,0,3,45,26,0,8,1,6,10
184506,90.0,92,0,0,67,26,0,2,0,6,0
184603,6353.0,58,0,6,7,29,0,38,2,15,3
184612,1852.0,72,0,5,20,32,0,27,1,12,4
184694,2620.0,57,0,5,8,19,0,58,3,6,0
184746,177.0,6,0,2,20,50,1,27,0,1,0
184773,1793.0,72,1,3,9,14,0,62,2,8,2
184782,16011.0,46,0,5,10,12,0,66,4,2,1
184791,6953.0,57,0,3,11,8,0,56,4,19,0
184816,75.0,97,0,0,45,17,0,8,1,28,0
184870,138.0,85,0,1,61,22,0,9,4,2,1
184959,824.0,82,0,9,19,26,1,41,2,2,0
184968,137.0,87,1,13,7,19,1,36,22,1,0
184995,8202.0,60,0,8,13,55,0,13,2,8,0
185129,6137.0,58,0,8,24,39,0,19,3,5,2
185174,86.0,21,0,3,13,12,0,65,0,0,7
185262,12120.0,60,0,6,20,31,0,30,2,7,4
185332,269.0,92,0,1,43,19,0,31,3,2,0
185396,1427.0,3,0,3,34,36,0,20,5,1,0
185466,252.0,99,4,3,6,15,0,68,2,2,0
185509,7480.0,52,0,7,20,22,0,36,3,8,4
185536,11142.0,53,0,16,12,34,0,27,3,5,3
185572,4450.0,59,0,3,5,14,0,70,3,5,1
185590,16687.0,61,0,6,14,30,0,40,3,4,2
185679,611.0,86,1,9,29,21,1,31,4,3,0
185721,511.0,66,0,4,18,50,1,25,0,3,0
185767,271.0,86,0,3,10,49,0,36,0,0,0
185828,8794.0,25,0,22,8,21,0,32,3,8,6
185873,8171.0,56,0,2,5,15,0,67,3,5,3
185970,125.0,94,0,2,11,19,2,62,4,1,0
186016,464.0,94,0,3,12,54,1,22,4,4,0
186034,6497.0,62,0,6,11,56,0,18,1,7,0
186052,668.0,13,0,2,26,23,0,48,2,0,0
186131,5422.0,50,0,22,8,10,0,40,5,2,12
186186,216.0,0,0,0,0,0,0,73,0,0,27
186201,5574.0,56,1,8,6,19,0,60,0,5,2
186274,222.0,81,2,2,17,56,0,21,2,0,0
186283,3770.0,56,0,5,14,17,0,56,4,2,3
186371,5739.0,61,0,11,18,17,0,44,4,4,3
186380,36158.0,50,0,29,6,13,0,36,4,2,10
186399,9319.0,57,0,17,18,28,0,21,3,4,9
186405,17.0,88,0,0,6,6,0,82,0,6,0
186423,89.0,82,0,7,31,13,1,47,0,0,0
186432,2423.0,62,0,8,19,47,0,13,1,7,3
186469,996.0,67,1,1,19,10,1,51,2,15,0
186584,6102.0,52,0,10,8,18,0,49,4,6,4
186593,146.0,84,0,3,29,31,0,36,1,0,0
186618,834.0,70,0,3,30,25,1,22,1,14,3
186645,7793.0,50,0,7,11,22,0,46,2,7,2
186867,3659.0,29,0,17,2,12,0,61,0,5,3
186876,8893.0,59,0,7,9,15,0,65,3,1,1
186900,60.0,0,0,0,0,0,0,93,0,0,7
187000,182.0,2,0,0,2,2,0,0,1,96,0
187046,9544.0,41,0,5,13,12,1,50,3,15,1
187134,7189.0,57,0,12,6,14,0,62,1,4,1
187198,9181.0,62,0,4,29,39,0,17,2,7,1
187444,8605.0,56,0,7,19,33,0,35,3,2,1
187505,745.0,86,1,2,23,41,0,20,1,12,0
187532,23096.0,59,6,2,3,53,0,27,3,6,0
187596,1831.0,59,97,0,0,1,0,1,0,0,0
187620,8054.0,58,1,1,2,74,0,16,1,2,3
187639,2902.0,69,0,1,4,44,0,43,3,4,0
187648,4465.0,58,3,1,4,36,1,35,2,16,2
187666,2256.0,57,2,1,2,43,0,27,1,24,0
187745,557.0,60,68,0,0,14,0,12,5,1,0
187897,1750.0,63,9,0,6,58,0,19,2,2,3
187903,2327.0,64,1,1,8,52,0,31,1,5,0
187912,383.0,20,4,2,14,28,5,29,4,1,13
187958,2487.0,62,63,3,1,20,0,9,2,2,1
187967,1324.0,33,4,4,1,32,0,52,3,2,2
187976,912.0,60,7,2,2,49,0,34,3,2,1
187985,17330.0,56,5,4,2,49,0,31,3,1,3
187994,1537.0,64,2,2,4,45,0,39,3,4,1
188003,1921.0,62,1,1,2,54,0,28,1,11,2
188021,813.0,72,34,0,2,42,0,18,1,2,1
188030,11675.0,56,2,1,2,62,0,25,2,1,3
188049,2196.0,61,6,1,1,65,0,22,1,3,1
188058,1119.0,64,8,1,2,72,0,9,4,1,1
188100,6741.0,67,33,1,1,18,0,39,2,5,1
188137,4110.0,60,7,2,1,48,0,35,1,6,0
188182,331.0,44,3,1,12,47,0,27,0,9,0
188216,443.0,59,100,0,0,0,0,0,0,0,0
188225,1143.0,63,5,1,1,56,0,28,3,4,1
188261,877.0,36,2,1,3,39,0,40,0,16,0
188289,73.0,95,1,1,1,71,0,12,5,7,0
188304,2214.0,64,2,1,5,44,1,22,2,21,3
188340,1628.0,12,1,12,17,34,1,12,1,16,7
188429,5360.0,69,0,11,9,17,0,49,3,7,4
188438,3420.0,57,0,1,4,4,0,87,2,1,0
188517,418.0,66,2,3,30,14,0,43,8,0,0
188526,794.0,62,0,18,6,7,0,54,3,6,6
188641,1715.0,48,0,2,13,9,0,57,3,10,7
188650,167.0,93,1,1,63,25,0,3,4,2,0
188669,99.0,84,0,2,24,3,0,19,10,2,39
188678,276.0,63,0,2,8,5,0,41,8,0,36
188687,460.0,68,1,1,25,14,0,52,0,7,0
188696,161.0,87,1,2,7,6,0,37,2,0,44
188854,1773.0,71,1,2,19,22,1,40,4,2,9
188890,1374.0,3,1,3,23,16,0,6,0,51,0
188915,48.0,94,0,0,6,4,0,90,0,0,0
188942,192.0,100,0,0,0,0,0,100,0,0,0
189088,1957.0,61,0,4,6,11,0,53,5,8,14
189097,2631.0,100,0,15,5,11,0,50,6,0,11
189219,155.0,8,0,8,30,39,0,21,3,0,0
189228,2954.0,65,0,2,20,22,0,5,0,37,13
189255,109.0,100,0,1,23,20,0,56,0,0,0
189273,80.0,0,0,0,0,0,0,100,0,0,0
189282,261.0,85,1,16,27,16,1,39,0,0,0
189404,138.0,97,0,7,36,25,0,22,7,4,0
189413,630.0,78,0,0,21,73,0,1,4,0,0
189468,177.0,98,0,5,18,27,0,48,2,0,0
189477,150.0,99,0,2,44,49,0,4,1,1,0
189547,6109.0,57,0,4,10,8,0,67,4,6,1
189565,632.0,69,0,2,28,10,0,53,6,0,1
189583,1038.0,75,1,2,42,8,0,42,5,1,0
189592,449.0,79,0,0,41,12,0,41,5,0,0
189705,2213.0,48,0,3,9,7,0,69,2,6,4
189714,298.0,97,0,0,16,21,0,58,2,2,1
189811,592.0,68,1,14,35,19,1,12,4,15,0
189839,3669.0,60,1,1,6,3,0,80,0,8,1
189848,856.0,74,1,2,11,6,0,69,6,6,0
189857,609.0,0,0,0,0,0,0,85,0,0,15
189990,611.0,98,1,7,19,41,0,22,3,2,5
190008,36.0,61,0,6,6,19,0,64,3,3,0
190044,3081.0,31,0,4,3,5,0,78,4,2,4
190053,1250.0,58,3,1,3,2,0,66,0,25,0
190071,87.0,91,0,10,28,34,1,21,2,3,0
190099,2980.0,55,0,5,4,9,0,65,4,3,10
190114,626.0,70,0,2,56,28,0,6,4,2,2
190150,8221.0,48,0,17,7,14,0,35,5,3,18
190169,1461.0,62,0,3,8,9,0,75,3,2,0
190239,135.0,96,1,4,48,31,0,6,4,7,0
190248,1281.0,79,0,5,11,17,0,47,0,11,9
190318,343.0,94,0,4,36,13,0,46,2,0,0
190372,857.0,42,0,24,5,12,0,31,4,7,17
190415,15043.0,54,0,20,7,14,0,36,5,8,11
190442,4238.0,56,0,1,3,2,0,58,2,34,0
190451,216.0,88,0,3,7,1,0,61,5,21,0
190503,3012.0,49,1,7,7,16,0,46,3,5,15
190512,15482.0,47,0,33,9,25,0,21,2,0,10
190521,25500.0,57,0,12,26,44,0,10,2,0,6
190530,10040.0,56,0,3,28,62,0,2,1,0,3
190549,14970.0,57,0,21,22,24,0,27,2,0,3
190558,11700.0,55,0,11,13,27,0,43,2,0,3
190567,13030.0,52,0,24,15,39,0,14,2,0,6
190576,2498.0,70,0,13,30,30,0,21,3,0,2
190585,7120.0,66,0,3,29,62,0,2,1,0,4
190594,17121.0,64,0,29,10,31,0,22,3,0,5
190600,13746.0,59,0,11,16,51,0,16,2,0,3
190619,15443.0,55,0,15,26,21,0,32,2,0,3
190628,18555.0,58,0,19,16,45,0,11,2,0,7
190637,13002.0,68,0,6,27,57,0,5,1,0,3
190646,5798.0,71,0,3,76,15,0,2,2,0,2
190655,17036.0,45,0,20,29,34,0,10,2,0,4
190664,16866.0,54,0,30,9,30,0,24,2,0,5
190673,14035.0,53,1,24,23,32,1,11,2,0,6
190691,8116.0,66,1,23,39,26,1,4,2,0,3
190707,19.0,84,0,0,5,5,0,84,0,5,0
190716,1609.0,75,0,8,11,6,0,67,2,4,2
190725,1709.0,70,0,3,11,7,0,75,1,2,2
190752,36.0,0,0,0,0,0,0,100,0,0,0
190761,1377.0,66,0,6,17,34,1,30,3,9,2
190840,8691.0,56,0,4,11,21,0,57,4,3,1
190956,131.0,95,0,10,7,5,0,76,1,2,0
190974,100.0,74,0,2,14,9,2,47,5,21,0
190983,794.0,66,1,2,5,6,0,74,3,4,4
191083,10031.0,51,1,5,17,5,0,61,4,7,1
191126,8508.0,82,0,12,9,21,0,42,4,1,11
191199,5649.0,58,0,1,5,6,0,69,2,17,0
191205,620.0,31,0,3,21,14,0,49,7,1,3
191241,9767.0,57,0,11,4,16,0,55,4,1,9
191287,399.0,54,0,18,11,23,1,38,4,6,0
191302,2286.0,58,0,1,5,11,0,63,4,14,2
191311,127.0,72,0,27,2,8,0,30,1,32,0
191339,5285.0,63,1,1,6,5,0,72,3,10,3
191515,2012.0,53,0,7,4,9,0,64,5,5,7
191533,1193.0,60,1,4,10,7,0,62,0,15,2
191597,615.0,90,1,9,65,13,1,12,0,0,0
191612,2396.0,58,0,2,11,6,0,70,1,7,3
191621,723.0,55,1,1,6,6,0,70,5,11,1
191630,2061.0,52,0,3,6,6,0,72,2,5,5
191649,6498.0,55,0,12,9,13,0,54,3,2,6
191676,940.0,61,1,4,7,1,0,74,5,5,3
191719,10416.0,50,1,7,11,7,0,68,3,2,0
191728,1102.0,81,0,3,16,29,0,46,4,1,0
191931,2981.0,49,0,2,11,23,0,47,2,11,3
191940,207.0,88,0,1,68,5,0,24,1,1,0
191959,86.0,9,0,1,12,21,0,56,5,6,0
191968,5852.0,57,0,4,6,9,0,72,3,3,2
191986,4467.0,59,2,1,3,7,0,79,3,4,1
192004,305.0,70,8,0,2,13,0,69,8,0,0
192022,2984.0,60,1,2,8,7,0,75,3,4,0
192040,144.0,58,1,0,0,8,0,75,0,15,2
192110,588.0,47,0,11,7,7,0,33,6,12,23
192165,150.0,0,0,0,0,0,0,100,0,0,0
192192,1529.0,73,0,1,6,6,0,77,3,5,1
192271,1461.0,90,1,8,19,16,1,41,0,7,7
192323,2765.0,61,0,3,6,7,0,74,3,5,1
192448,10707.0,62,0,11,10,13,0,46,2,17,2
192484,76.0,97,0,0,66,16,0,7,7,4,1
192509,999.0,75,0,50,12,24,0,8,1,0,5
192624,138.0,0,0,0,0,0,0,99,0,0,1
192688,519.0,83,0,8,48,37,0,5,1,1,0
192703,3543.0,43,0,4,5,24,0,54,2,7,4
192712,518.0,49,1,5,7,3,0,43,6,3,32
192749,1541.0,58,0,3,10,28,0,48,2,4,5
192785,796.0,88,0,6,13,9,0,57,3,13,0
192800,14.0,86,0,0,0,0,0,100,0,0,0
192819,5824.0,58,0,3,4,11,0,70,3,6,2
192864,1892.0,79,0,3,10,17,0,55,5,6,3
192925,1455.0,72,1,2,21,5,0,64,0,7,0
192961,111.0,86,0,9,20,5,0,64,0,2,0
192970,19.0,84,0,21,11,5,0,63,0,0,0
193016,7993.0,70,0,4,25,40,0,19,2,9,1
193052,257.0,0,0,0,0,0,0,100,0,0,0
193061,34.0,0,0,0,0,0,0,97,0,0,3
193070,44.0,0,0,0,0,0,0,100,0,0,0
193122,53.0,83,0,2,42,17,0,15,0,25,0
193186,83.0,96,0,0,34,49,0,12,0,2,2
193201,360.0,83,0,0,7,1,0,8,0,84,0
193247,119.0,0,0,0,0,0,0,95,0,0,5
193265,93.0,6,0,0,2,2,0,92,2,1,0
193283,6007.0,55,0,5,7,7,0,71,3,5,1
193292,3496.0,73,0,8,9,18,0,60,2,2,1
193308,5678.0,63,0,2,42,43,0,3,0,0,9
193326,11572.0,55,1,5,21,11,0,55,4,1,1
193353,1881.0,72,0,2,8,18,0,57,1,14,0
193380,162.0,85,0,9,42,27,0,10,3,8,0
193399,1867.0,72,0,7,18,43,0,22,4,5,1
193478,16650.0,51,0,7,21,31,0,33,2,4,1
193584,2282.0,73,0,3,5,6,0,77,3,4,2
193609,70.0,57,0,4,9,10,1,54,0,0,21
193654,7409.0,75,0,11,4,12,0,33,4,5,31
193672,32.0,16,0,6,34,0,0,59,0,0,0
193858,273.0,95,0,6,27,61,0,5,0,0,0
193900,26981.0,58,0,18,8,16,0,26,4,6,22
193946,4997.0,58,1,2,10,4,0,76,3,3,0
193973,2808.0,64,1,1,5,5,0,65,3,3,18
193991,33.0,97,0,0,12,27,0,42,0,18,0
194028,1893.0,62,3,0,7,2,0,83,1,2,1
194091,3694.0,39,0,19,10,19,0,26,5,6,15
194116,417.0,90,0,4,5,13,0,55,3,9,11
194161,1028.0,55,1,6,30,33,0,15,3,3,7
194189,89.0,0,0,0,0,0,0,94,0,0,6
194222,9449.0,51,1,4,13,6,0,59,3,13,1
194240,6372.0,59,0,3,12,28,0,50,3,3,0
194259,42.0,83,0,0,17,2,0,76,5,0,0
194310,8528.0,62,0,7,10,14,0,48,4,6,10
194392,716.0,34,2,1,5,3,0,83,1,3,0
194435,144.0,95,0,0,20,4,0,72,3,1,0
194499,901.0,79,0,11,30,31,0,12,10,5,0
194569,88.0,48,0,0,18,7,0,61,1,8,5
194578,3677.0,71,0,13,4,10,0,35,3,1,33
194657,157.0,0,0,0,0,0,0,95,0,0,5
194666,369.0,0,0,0,0,0,0,100,0,0,0
194693,41.0,0,0,0,0,0,0,100,0,0,0
194736,158.0,0,0,0,0,0,0,99,0,0,1
194763,268.0,0,0,0,0,0,0,100,0,0,0
194824,6241.0,32,0,15,4,10,0,47,5,3,16
194958,1293.0,67,0,2,9,6,0,73,4,0,5
195003,13313.0,33,0,10,4,8,0,62,4,6,6
195030,6780.0,51,0,11,5,7,0,42,3,5,26
195058,6532.0,54,0,5,17,26,0,34,2,14,1
195067,403.0,93,0,1,57,27,0,3,5,8,0
195128,1332.0,78,1,5,11,9,0,59,4,9,1
195164,1826.0,47,0,4,6,7,0,74,2,4,3
195173,2507.0,61,0,5,21,27,2,30,3,4,8
195191,337.0,89,1,5,6,1,0,76,3,8,0
195216,2392.0,55,0,2,4,5,0,77,2,1,9
195234,2433.0,66,0,3,18,6,0,54,12,4,3
195243,1797.0,50,0,4,9,19,0,56,3,4,4
195289,136.0,84,0,7,9,1,0,83,0,0,0
195304,1433.0,75,0,4,4,9,0,58,5,9,11
195322,4732.0,55,1,9,13,8,0,62,2,4,0
195438,162.0,0,0,0,0,0,0,96,0,0,4
195474,3188.0,57,0,4,3,8,0,77,3,1,3
195526,2662.0,60,0,6,5,9,0,62,5,2,11
195544,961.0,65,0,6,17,26,0,36,3,7,5
195562,3022.0,69,0,2,5,17,0,63,2,11,0
195702,181.0,90,0,7,2,1,0,86,3,0,2
195720,2656.0,59,0,3,4,5,0,84,2,1,0
195784,598.0,86,0,3,28,14,1,39,3,12,0
195809,17086.0,57,0,14,11,15,0,48,4,5,3
195988,1628.0,54,0,2,16,25,0,45,4,6,1
196006,3780.0,37,0,1,13,9,0,73,3,0,0
196015,3223.0,56,2,1,13,11,0,65,3,3,2
196024,2999.0,54,0,2,17,17,0,58,3,4,0
196033,2267.0,54,0,2,11,11,0,69,3,2,1
196042,9939.0,42,0,10,10,23,0,52,3,1,2
196051,2781.0,51,0,1,23,8,0,58,3,6,1
196060,13286.0,52,0,8,19,18,0,43,4,3,5
196079,14165.0,50,0,15,5,12,0,58,3,1,7
196088,21921.0,44,0,15,8,7,0,47,2,5,14
196097,17909.0,49,0,27,7,13,0,30,3,6,14
196103,1812.0,48,0,4,2,6,0,78,3,5,3
196112,2216.0,34,0,8,7,8,0,72,3,0,2
196121,6673.0,57,0,2,11,8,0,70,3,5,1
196130,7647.0,57,0,4,31,13,0,45,4,0,1
196149,6295.0,56,0,1,6,13,0,72,2,4,1
196158,4221.0,57,1,2,9,10,0,71,3,2,2
196167,5294.0,62,0,5,3,8,0,77,2,3,1
196176,6807.0,63,0,5,6,21,0,59,3,3,2
196185,6064.0,62,1,2,5,16,0,70,2,4,1
196194,6920.0,51,0,2,10,13,0,68,3,0,3
196200,3063.0,62,1,2,12,14,0,64,3,3,0
196219,4051.0,58,0,4,12,25,0,51,5,1,2
196237,4809.0,59,0,11,29,27,0,27,3,1,1
196246,4871.0,58,1,3,10,12,0,63,2,3,6
196255,182.0,80,0,19,19,15,1,40,2,5,0
196264,9095.0,63,0,3,15,14,0,56,2,9,1
196291,1522.0,14,0,4,5,17,0,67,2,3,2
196307,238.0,80,0,5,3,5,0,74,1,9,2
196389,678.0,78,0,6,41,27,0,8,3,15,0
196413,15275.0,53,1,6,6,9,0,56,3,3,14
196431,359.0,0,0,0,0,0,0,88,0,0,12
196440,8.0,0,0,0,0,0,0,100,0,0,0
196565,2203.0,57,0,2,11,10,0,61,6,6,3
196583,25.0,0,0,0,0,0,0,100,0,0,0
196592,5689.0,71,0,3,12,9,0,59,1,13,3
196653,1322.0,85,1,2,18,6,0,64,2,7,0
196680,22674.0,49,1,3,17,11,1,62,4,1,1
196699,3550.0,52,0,3,7,17,0,62,4,8,0
196866,2189.0,46,0,6,4,9,0,68,3,1,10
197018,2020.0,0,0,0,0,0,0,98,0,0,2
197027,1007.0,21,1,7,1,6,1,79,4,1,1
197036,4457.0,23,1,8,12,10,0,64,3,1,1
197045,3488.0,59,0,4,10,9,0,67,2,6,1
197133,2439.0,59,0,12,4,11,0,55,9,0,9
197142,520.0,58,0,1,31,9,0,51,6,0,1
197151,3872.0,72,0,14,4,10,0,20,0,2,51
197197,1740.0,67,0,5,8,13,0,60,3,5,5
197221,102.0,23,0,8,0,4,0,80,8,0,0
197230,419.0,66,1,2,13,16,0,61,3,2,3
197285,906.0,67,0,2,38,48,0,8,1,3,0
197294,11121.0,52,0,4,19,41,0,29,2,3,1
197337,72.0,97,0,3,44,29,0,21,0,0,3
197531,530.0,60,0,2,2,8,0,70,2,3,13
197601,129.0,0,0,0,0,0,0,100,0,0,0
197647,89.0,0,0,0,0,0,0,87,0,0,13
197674,196.0,0,0,0,0,0,0,95,0,0,5
197692,75.0,0,0,0,0,0,0,100,0,0,0
197708,2829.0,46,0,0,0,0,0,89,0,5,6
197735,566.0,0,0,0,0,0,0,96,0,0,4
197744,182.0,0,0,0,0,0,0,90,0,1,9
197814,2600.0,65,1,1,12,4,0,65,4,11,3
197850,3136.0,66,0,3,17,14,0,54,3,9,1
197869,17518.0,56,0,2,4,7,0,82,4,1,1
197887,7003.0,59,0,2,5,11,0,76,3,3,0
197911,1065.0,59,1,1,23,8,0,56,3,2,6
197966,1539.0,67,0,1,24,12,0,58,2,3,0
197984,1507.0,49,1,2,13,1,0,61,0,19,2
197993,311.0,100,0,1,97,1,0,0,0,0,1
198011,1226.0,69,16,0,25,10,0,42,4,3,0
198039,2332.0,55,1,1,4,13,0,77,0,4,2
198066,751.0,45,1,1,14,9,0,67,5,2,1
198084,1585.0,63,1,1,11,9,0,66,4,9,0
198109,439.0,91,0,1,11,4,0,80,3,0,0
198118,3744.0,59,1,1,4,8,0,80,2,2,1
198136,3980.0,52,0,2,15,10,0,58,5,7,2
198154,8629.0,58,1,1,10,10,0,70,3,4,1
198190,51.0,33,0,0,63,4,0,33,0,0,0
198206,1530.0,64,1,1,6,6,1,81,3,1,0
198215,1324.0,55,1,1,22,9,0,59,4,2,3
198233,4693.0,57,0,8,6,14,0,67,3,2,1
198251,5714.0,62,1,1,15,21,0,55,3,3,0
198260,18646.0,56,0,5,27,14,0,43,3,3,5
198303,1259.0,47,1,0,65,3,0,17,2,9,3
198321,2536.0,64,0,1,18,5,0,69,2,3,1
198330,3797.0,64,1,4,18,15,1,60,0,0,0
198367,2961.0,58,0,4,17,10,0,60,4,4,1
198376,3734.0,64,1,2,12,8,0,70,2,4,0
198385,1837.0,49,0,5,7,8,0,67,5,1,7
198419,6649.0,51,1,21,9,10,0,41,5,4,10
198455,4949.0,62,0,4,32,17,0,31,3,5,7
198464,23081.0,57,1,2,16,7,0,65,4,3,1
198491,1904.0,78,1,0,55,6,0,34,1,3,0
198507,1692.0,59,0,1,69,4,0,18,5,2,1
198516,6277.0,60,0,2,5,7,0,80,3,0,2
198534,12021.0,61,2,2,37,13,0,35,5,4,1
198543,5644.0,69,2,2,57,9,0,19,4,7,1
198552,7695.0,61,0,2,22,15,0,54,3,3,1
198561,1999.0,65,1,1,16,5,0,64,2,12,0
198570,5655.0,66,0,1,12,7,0,54,2,22,1
198598,867.0,50,0,1,31,4,0,47,6,11,0
198613,1525.0,53,0,5,23,11,0,52,4,3,2
198622,11070.0,58,1,5,37,11,0,40,2,3,1
198640,1087.0,64,2,1,53,3,0,36,1,4,0
198668,1632.0,63,2,1,5,5,0,83,1,3,0
198677,66.0,67,0,0,73,2,0,26,0,0,0
198695,4591.0,57,0,2,5,6,0,77,5,3,2
198710,2086.0,60,0,1,9,8,0,74,2,6,0
198729,1266.0,67,1,0,24,25,0,46,1,1,2
198756,1435.0,60,1,0,83,2,0,2,0,11,1
198774,4054.0,65,0,1,13,17,0,64,2,2,1
198808,848.0,68,1,0,7,7,0,71,2,9,4
198817,2526.0,64,1,1,28,12,0,54,2,0,1
198835,1846.0,59,0,2,10,8,0,66,5,4,4
198844,152.0,95,1,11,1,9,0,77,0,1,0
198862,1122.0,49,1,0,89,0,1,3,0,4,3
198871,556.0,32,1,1,67,3,0,22,5,1,0
198899,1042.0,54,1,1,17,7,0,64,4,1,4
198905,875.0,68,0,1,27,1,0,46,0,25,0
198914,399.0,63,1,1,1,4,0,86,0,8,1
198923,1136.0,61,0,1,2,10,0,83,1,1,0
198950,1528.0,100,0,4,9,10,0,68,4,5,1
198969,1646.0,47,1,1,18,9,0,40,2,20,10
198978,2408.0,85,2,0,62,4,0,27,4,1,0
198987,3226.0,60,1,3,11,12,0,68,3,3,0
199005,7.0,100,0,0,57,0,0,43,0,0,0
199023,918.0,56,0,2,14,21,0,58,2,1,1
199032,811.0,49,1,1,13,7,1,66,2,5,3
199069,2612.0,66,0,1,27,7,0,54,4,3,3
199078,152.0,86,2,0,30,7,0,57,5,0,0
199087,2666.0,62,2,2,31,7,0,53,2,2,1
199102,11039.0,58,0,1,81,4,0,5,5,3,1
199111,3587.0,58,0,2,5,8,0,74,4,4,1
199120,19154.0,60,0,11,8,9,0,59,5,4,4
199139,24070.0,47,0,8,16,11,0,56,5,2,2
199148,16581.0,67,0,5,29,11,0,45,5,2,2
199157,6101.0,68,0,1,78,7,0,6,5,2,0
199184,929.0,57,1,2,8,9,0,70,6,1,2
199193,25973.0,48,0,8,6,6,0,67,4,5,4
199209,1822.0,58,1,1,42,4,0,28,4,14,7
199218,14785.0,63,0,2,4,7,0,78,4,2,2
199263,549.0,52,1,1,31,7,0,54,2,5,0
199272,889.0,54,1,2,24,12,0,53,4,4,0
199281,6353.0,61,14,1,31,8,0,37,6,2,1
199306,897.0,59,1,1,23,10,0,60,3,0,1
199324,1414.0,63,1,0,28,5,0,61,2,2,0
199333,8237.0,61,1,1,32,9,0,50,2,4,0
199412,1733.0,67,1,3,15,12,0,56,1,4,9
199421,2903.0,64,1,1,4,14,0,58,1,19,1
199449,2586.0,65,10,1,24,6,0,39,3,17,0
199458,198.0,39,1,1,24,8,1,64,2,0,2
199467,649.0,70,2,1,58,2,0,33,1,4,0
199476,1898.0,70,46,1,18,11,0,20,4,0,0
199485,2013.0,61,0,1,15,10,0,65,3,6,1
199494,6379.0,62,0,2,17,13,0,58,3,5,2
199582,1044.0,46,0,1,86,4,0,3,1,2,3
199607,590.0,97,0,2,17,16,0,55,6,4,0
199625,1429.0,66,3,1,26,28,0,38,2,1,1
199634,4039.0,62,3,1,16,12,0,55,4,8,1
199643,1174.0,60,0,3,56,3,0,1,16,16,5
199689,191.0,97,4,0,33,12,1,41,10,0,0
199698,744.0,56,2,1,19,4,0,30,3,29,12
199722,1524.0,67,6,0,19,6,0,61,3,4,0
199731,2324.0,61,8,1,2,9,0,75,3,1,1
199740,2687.0,71,1,3,16,4,0,65,2,8,1
199759,557.0,30,1,3,10,6,0,77,0,2,0
199768,3382.0,62,0,1,3,17,0,73,2,4,0
199786,4328.0,62,0,2,18,16,0,54,3,3,3
199795,1083.0,62,2,1,1,4,0,88,2,2,0
199838,3158.0,67,1,1,31,8,0,46,3,8,1
199847,5287.0,53,0,3,6,7,0,69,4,0,10
199856,22003.0,56,0,5,22,13,0,50,3,3,3
199865,706.0,67,1,1,6,8,0,75,5,1,3
199883,144.0,94,1,2,20,6,1,67,3,1,0
199892,2948.0,62,0,2,19,16,0,57,3,1,1
199908,1820.0,62,0,7,5,9,0,78,0,0,1
199926,2692.0,58,0,1,2,10,0,75,2,9,1
199953,1854.0,68,1,1,36,13,0,43,2,3,1
199962,2764.0,61,0,2,20,2,0,54,8,9,4
199971,50.0,20,0,0,94,2,0,2,2,0,0
199980,124.0,18,0,0,68,7,0,25,0,0,0
199999,4656.0,73,0,1,78,4,0,11,4,1,1
200004,10469.0,55,1,1,5,7,0,79,4,1,2
200013,644.0,84,0,3,11,5,0,59,3,19,0
200022,3739.0,43,2,1,2,4,0,86,4,1,0
200059,1321.0,62,1,1,4,6,0,78,3,3,3
200086,203.0,63,75,0,1,9,0,7,7,0,0
200110,74.0,99,3,5,0,1,0,89,0,1,0
200156,908.0,46,0,1,7,10,0,72,3,0,7
200192,1982.0,58,2,1,3,4,0,81,5,1,4
200208,160.0,54,89,0,2,1,0,7,1,0,0
200217,2543.0,60,1,1,2,0,0,78,2,15,0
200226,1187.0,64,1,1,4,6,0,81,3,1,3
200253,2836.0,61,2,1,4,8,0,69,5,1,10
200280,10163.0,43,1,2,2,4,0,77,4,4,5
200305,2977.0,47,1,1,6,3,0,84,3,1,1
200314,1006.0,59,3,1,9,6,0,69,5,3,4
200332,10831.0,47,1,2,3,3,0,86,4,1,1
200341,1132.0,63,1,1,4,9,0,71,6,2,5
200466,257.0,67,93,0,0,0,0,7,0,0,0
200484,173.0,46,2,1,6,6,0,80,4,2,0
200527,531.0,61,98,0,0,0,0,2,0,0,0
200554,434.0,58,94,0,2,0,0,3,0,0,1
200572,1524.0,58,1,1,2,5,0,83,4,1,2
200590,133.0,54,1,0,24,1,0,74,0,0,0
200785,497.0,86,0,1,40,3,0,47,3,6,0
200800,14794.0,47,0,3,10,3,0,75,4,2,2
200846,1468.0,60,0,1,3,2,0,88,3,2,0
200873,68.0,59,1,0,0,0,3,96,0,0,0
201034,496.0,56,1,0,18,4,0,65,4,8,0
201061,212.0,73,0,1,16,6,0,69,6,2,0
201098,55.0,33,0,0,4,0,0,96,0,0,0
201104,3653.0,60,0,1,9,3,0,77,2,6,2
201131,136.0,76,0,0,0,0,0,100,0,0,0
201140,53.0,28,0,0,0,4,0,79,0,17,0
201159,128.0,30,0,2,9,0,0,82,2,5,0
201177,305.0,90,1,1,4,2,0,86,3,2,0
201195,2964.0,54,0,1,8,6,0,78,5,0,1
201283,856.0,61,0,0,1,1,0,93,4,0,0
201371,710.0,43,1,1,11,3,0,75,3,4,3
201432,2167.0,64,0,1,7,6,0,79,4,2,0
201441,15103.0,56,0,1,8,4,0,79,3,2,2
201469,850.0,82,0,1,44,8,0,40,6,1,0
201478,150.0,58,0,0,3,0,0,89,1,6,0
201496,351.0,30,0,1,10,1,0,79,3,6,0
201539,154.0,88,0,0,22,1,0,49,8,19,0
201548,2504.0,63,0,2,9,4,0,76,6,2,2
201645,5383.0,46,0,21,5,9,0,45,5,1,14
201654,3879.0,54,0,3,1,1,0,89,3,1,2
201672,3469.0,67,0,3,11,3,0,66,5,12,0
201681,79.0,96,0,6,76,5,0,13,0,0,0
201690,2033.0,61,0,0,88,1,0,2,3,0,5
201751,268.0,77,0,1,40,1,0,58,0,0,0
201803,72.0,97,0,3,32,8,0,57,0,0,0
201821,938.0,92,0,1,12,2,0,78,2,4,0
201867,92.0,75,0,0,5,4,1,83,3,3,0
201885,28376.0,50,0,4,7,3,0,74,4,2,4
201928,7890.0,59,0,3,23,3,0,57,4,8,3
201946,6349.0,53,0,3,7,3,0,78,4,3,2
201955,5986.0,60,0,5,19,5,0,63,5,2,1
201964,2531.0,65,0,1,22,3,0,53,2,19,0
201973,5669.0,66,0,1,16,1,0,75,5,2,0
201982,26.0,100,0,0,0,0,0,96,4,0,0
202046,645.0,70,0,3,10,7,0,68,6,0,5
202073,230.0,48,0,11,3,9,0,38,8,7,24
202134,11564.0,54,0,4,15,7,0,64,4,1,5
202152,147.0,95,0,1,5,0,0,93,1,0,0
202161,117.0,74,0,2,12,1,0,76,3,6,0
202170,1053.0,69,0,2,8,7,0,68,7,2,6
202222,28159.0,54,0,5,20,3,0,56,6,8,2
202356,23655.0,57,0,3,24,7,0,55,5,5,2
202435,23.0,83,0,0,43,13,0,22,9,9,4
202453,48.0,8,0,2,67,0,0,31,0,0,0
202480,8483.0,48,0,1,4,6,0,80,3,1,5
202514,513.0,45,1,1,17,9,0,66,4,1,1
202523,2293.0,53,0,4,6,8,0,62,3,3,14
202648,3888.0,61,0,1,2,2,0,89,2,2,0
202657,270.0,69,0,0,4,1,0,80,6,7,0
202763,3524.0,65,0,2,3,3,0,70,2,17,4
202806,4261.0,53,1,2,15,2,0,60,3,16,1
202888,70.0,94,1,26,39,0,0,34,0,0,0
202903,331.0,44,0,2,5,3,0,80,4,0,6
202912,351.0,93,0,2,13,1,0,80,3,1,0
202949,246.0,23,1,1,19,2,0,76,1,0,0
202985,109.0,94,0,0,43,1,1,55,0,0,0
203030,93.0,86,0,1,77,2,0,11,9,0,0
203085,1076.0,50,0,0,9,4,0,80,4,2,1
203128,1267.0,58,0,1,13,4,0,42,3,35,1
203146,378.0,6,1,0,1,3,0,94,1,0,0
203155,3509.0,52,0,1,10,2,0,81,4,2,1
203234,120.0,95,0,1,50,3,0,37,0,9,0
203289,78.0,23,0,0,38,3,0,54,5,0,0
203331,25648.0,68,0,2,20,16,0,55,4,1,0
203368,3017.0,46,0,3,4,4,0,84,2,1,2
203386,1596.0,93,0,2,40,2,0,50,0,6,0
203438,95.0,98,0,0,12,3,0,81,4,0,0
203447,2064.0,66,0,1,6,5,0,80,4,3,1
203456,1159.0,70,0,1,4,3,0,83,3,4,1
203465,4414.0,61,0,1,5,3,0,82,4,4,1
203474,2155.0,63,0,1,7,3,0,82,3,3,1
203483,2089.0,58,0,1,4,3,0,86,3,3,1
203492,1646.0,69,0,1,2,3,0,85,2,6,0
203517,22262.0,62,0,2,9,4,0,75,4,3,4
203526,2206.0,65,0,2,12,3,0,76,4,3,0
203535,1750.0,55,0,4,3,7,0,71,5,2,9
203544,615.0,85,0,3,6,1,0,79,2,6,1
203580,833.0,50,0,1,13,6,0,68,4,3,4
203599,6628.0,60,0,2,12,5,0,76,3,3,0
203614,345.0,78,0,0,3,2,0,96,0,0,0
203678,3628.0,65,0,1,4,1,0,78,3,13,0
203720,214.0,57,0,0,29,23,0,46,2,1,0
203739,134.0,85,0,0,28,6,0,59,6,1,0
203748,10206.0,61,0,1,9,11,0,72,4,1,0
203757,1115.0,63,0,0,12,9,0,66,4,8,0
203775,1147.0,61,0,1,8,2,0,79,3,5,1
203845,1141.0,45,0,0,4,3,0,77,4,4,7
203881,2524.0,59,0,1,7,2,0,79,3,7,0
203942,51.0,43,4,2,4,0,0,90,0,0,0
203960,1500.0,87,0,2,11,6,0,76,4,0,0
204006,2539.0,52,0,2,10,5,0,75,4,1,3
204015,1842.0,54,0,2,4,3,0,69,4,1,18
204024,17246.0,50,0,2,4,5,0,72,4,0,13
204121,67.0,100,0,0,78,0,0,22,0,0,0
204158,209.0,68,0,1,24,0,0,70,3,0,0
204176,733.0,89,0,4,13,1,0,77,4,1,0
204185,2035.0,49,0,1,7,4,0,79,4,3,2
204194,1816.0,61,0,0,3,3,0,86,3,3,1
204200,1450.0,60,0,0,9,2,0,79,3,6,0
204255,2262.0,59,1,1,2,1,0,86,2,7,0
204264,1603.0,56,0,1,5,2,0,79,3,7,3
204334,101.0,99,0,2,30,4,0,64,0,0,0
204422,3033.0,60,0,0,4,3,0,87,4,2,0
204431,37.0,62,3,0,30,41,0,27,0,0,0
204440,2857.0,44,0,1,2,8,0,64,1,25,0
204459,51.0,63,0,0,82,6,0,10,0,2,0
204468,1510.0,53,0,1,29,5,0,56,3,4,2
204486,3158.0,16,0,0,4,4,0,71,0,18,4
204501,2846.0,58,0,4,5,8,0,61,8,1,12
204608,707.0,11,1,0,19,8,0,67,5,0,0
204617,1080.0,54,1,2,27,6,1,51,6,5,2
204635,2239.0,46,0,2,3,1,0,77,4,12,2
204662,594.0,49,0,0,1,2,0,91,2,2,0
204671,981.0,57,0,2,6,4,0,81,5,2,0
204680,1075.0,56,0,2,9,3,0,79,4,2,0
204699,1262.0,50,0,6,4,5,0,77,3,3,0
204705,2939.0,50,0,4,16,5,0,66,5,3,0
204714,79.0,95,0,0,9,5,0,75,9,3,0
204723,227.0,19,0,1,59,0,0,38,1,0,0
204769,146.0,97,0,6,36,5,1,52,0,0,0
204778,92.0,99,2,2,40,0,3,52,0,0,0
204796,46818.0,49,0,8,7,5,0,65,4,3,8
204802,1025.0,58,0,1,3,1,0,89,3,2,1
204820,2178.0,65,0,1,3,2,0,89,4,1,0
204839,2232.0,65,0,0,3,1,0,89,4,2,0
204848,2532.0,61,0,1,4,3,0,86,4,2,1
204857,20989.0,60,0,1,6,3,0,82,4,2,2
204866,1827.0,71,0,1,3,2,0,88,5,1,1
204884,189.0,92,1,0,3,0,0,95,2,0,0
204893,64.0,78,0,0,3,2,0,95,0,0,0
204909,1494.0,56,0,3,8,6,0,69,5,2,7
204936,2501.0,61,0,3,8,4,0,76,5,4,0
204945,9310.0,47,0,1,9,8,0,69,3,9,1
204963,84.0,98,0,0,2,0,0,98,0,0,0
204981,92.0,75,0,0,45,8,3,45,0,0,0
205027,63.0,0,0,6,2,19,0,67,2,0,5
205054,355.0,86,0,0,42,5,0,48,4,0,0
205090,82.0,89,0,2,1,4,0,89,4,0,0
205124,36.0,0,0,0,0,0,0,100,0,0,0
205142,181.0,65,1,1,28,4,0,61,7,0,0
205179,502.0,78,1,2,33,1,0,58,4,1,0
205203,1538.0,65,0,0,3,1,0,77,0,17,1
205391,211.0,71,0,1,4,6,0,79,6,3,0
205443,3466.0,55,0,1,4,1,0,83,3,7,1
205470,18794.0,57,1,2,15,4,0,68,4,4,2
205559,191.0,87,0,1,64,3,0,24,5,1,2
205841,11830.0,59,0,3,13,2,0,71,4,7,0
205887,503.0,89,0,0,24,4,0,68,2,0,0
205957,2242.0,59,0,2,1,14,0,78,2,2,1
205966,2399.0,67,0,0,2,1,0,93,2,2,0
206011,2309.0,49,0,1,8,4,0,79,1,6,0
206039,26.0,96,0,0,0,12,0,88,0,0,0
206048,2182.0,50,0,1,13,3,0,49,2,24,8
206084,15568.0,50,0,2,10,5,0,69,4,4,6
206154,26.0,31,0,8,38,4,0,50,0,0,0
206172,28.0,82,0,0,0,0,0,100,0,0,0
206181,144.0,74,0,2,5,1,0,87,6,0,0
206279,604.0,57,0,1,18,31,1,35,2,11,0
206321,78.0,62,0,0,5,0,0,91,4,0,0
206349,651.0,93,0,2,22,2,0,61,5,4,3
206394,77.0,79,0,0,35,9,0,49,4,3,0
206437,1937.0,58,0,1,6,3,0,49,2,33,6
206446,1904.0,63,0,0,1,1,0,93,1,2,0
206491,553.0,61,0,0,96,0,0,3,1,0,0
206507,1231.0,53,0,1,10,2,0,75,4,5,2
206525,1577.0,55,0,1,9,4,0,77,6,2,1
206589,1942.0,54,0,4,9,6,0,61,4,1,16
206604,9371.0,53,0,3,11,4,0,74,5,1,2
206613,1648.0,56,0,1,4,3,0,88,3,0,1
206622,5043.0,54,0,3,9,6,0,75,4,1,1
206695,10938.0,54,0,1,9,4,0,74,4,4,3
206817,275.0,51,65,1,9,2,2,10,1,8,1
206835,864.0,58,8,0,8,5,0,62,9,1,6
206862,1618.0,52,4,1,12,14,0,55,8,3,2
206905,70.0,56,21,1,1,0,0,66,10,0,0
206914,3816.0,63,6,2,12,14,0,49,11,4,2
206923,1916.0,69,15,1,2,8,0,51,22,0,1
206932,304.0,90,3,1,38,7,0,38,12,1,0
206941,13339.0,60,3,4,8,12,0,54,10,3,4
206996,2113.0,69,23,1,7,6,0,44,19,0,1
207041,2981.0,58,16,1,5,5,0,57,4,3,10
207050,1468.0,67,29,1,5,4,0,56,1,4,0
207069,1900.0,64,11,1,4,10,0,68,1,4,0
207087,33.0,91,9,3,6,12,0,67,3,0,0
207102,100.0,80,8,0,16,6,3,59,8,0,0
207157,313.0,37,8,1,11,23,1,44,3,4,5
207209,2026.0,63,8,1,71,1,0,6,4,8,1
207236,2083.0,68,5,1,2,8,0,51,22,1,9
207254,673.0,8,4,2,9,18,1,45,5,10,7
207263,6289.0,62,19,2,4,6,0,47,18,1,2
207272,21.0,95,38,0,5,0,0,57,0,0,0
207281,4070.0,62,17,1,6,10,0,62,3,0,1
207290,1826.0,56,12,1,7,7,0,50,16,4,3
207306,1767.0,60,8,1,6,11,0,61,2,11,1
207324,1742.0,51,2,3,7,7,0,73,8,0,0
207342,814.0,90,3,6,3,9,0,67,2,9,0
207351,1241.0,52,5,1,8,29,0,52,2,1,3
207388,20041.0,50,4,2,4,8,0,68,9,0,4
207397,5351.0,64,4,3,10,19,0,54,7,1,0
207403,1754.0,60,5,1,6,3,0,68,12,2,3
207449,12029.0,62,4,4,7,17,0,52,9,0,7
207458,1597.0,67,3,2,6,11,0,63,10,0,5
207500,21768.0,51,4,7,5,10,0,60,9,1,4
207564,2305.0,35,13,1,3,7,0,49,23,3,1
207582,3581.0,60,3,2,14,12,0,40,4,13,12
207661,3549.0,62,14,2,4,6,0,55,16,1,2
207670,7044.0,63,5,3,15,7,0,54,11,5,0
207704,111.0,98,5,3,13,11,1,59,9,0,0
207722,800.0,65,6,1,5,12,0,54,12,3,9
207740,1531.0,69,25,1,7,6,0,59,0,1,0
207786,23.0,96,13,0,0,0,0,87,0,0,0
207847,3168.0,55,13,1,5,8,0,54,19,0,1
207856,498.0,45,5,1,24,11,1,39,3,2,14
207865,4116.0,61,3,2,4,11,0,63,9,3,4
207935,16407.0,63,6,4,8,12,0,52,11,4,2
207962,742.0,10,14,1,14,18,1,43,4,5,0
207971,3268.0,46,3,6,7,9,0,54,8,1,12
208035,1353.0,63,2,1,7,20,0,54,10,5,0
208044,30.0,93,7,0,3,13,0,73,3,0,0
208053,290.0,46,2,1,1,12,0,80,4,0,0
208187,139.0,94,1,3,4,16,1,66,4,5,0
208275,1559.0,57,3,1,1,31,1,58,3,2,0
208318,4818.0,54,1,2,1,13,1,70,4,8,0
208390,9347.0,56,1,2,1,30,1,35,3,27,0
208406,6270.0,47,1,3,2,12,0,61,5,15,0
208415,786.0,53,1,1,1,17,1,69,4,5,0
208433,59.0,98,2,0,0,27,0,59,12,0,0
208479,404.0,88,1,1,4,17,1,27,3,43,1
208488,1588.0,75,0,8,4,11,1,60,8,6,1
208512,329.0,82,0,1,27,7,0,60,5,0,0
208637,234.0,78,0,2,3,14,1,71,9,0,0
208646,2867.0,60,2,2,2,12,4,69,5,2,2
208725,92.0,45,0,3,14,3,1,46,33,0,0
208822,2629.0,58,1,4,1,14,1,69,8,1,1
208859,61.0,97,0,0,0,0,0,98,2,0,0
209038,8861.0,52,1,3,2,14,0,65,6,5,3
209056,1935.0,61,0,4,3,13,1,64,7,3,5
209065,1414.0,62,1,5,1,19,1,61,7,2,3
209074,5533.0,56,1,3,1,12,0,64,5,12,2
209083,63.0,73,0,2,6,19,0,60,10,3,0
209153,34.0,91,3,0,0,15,0,76,0,6,0
209205,48.0,94,0,4,13,13,2,65,2,2,0
209241,38.0,0,0,11,0,53,0,26,5,0,5
209250,7463.0,48,1,7,4,14,1,50,4,19,1
209287,365.0,49,1,3,4,16,1,68,5,2,0
209296,35.0,97,0,0,0,14,3,69,6,6,3
209409,592.0,62,2,3,5,4,1,66,10,2,6
209490,776.0,81,0,4,2,17,1,68,6,2,0
209506,5172.0,49,1,7,2,12,0,67,5,4,2
209542,26247.0,47,1,8,1,11,0,62,7,3,8
209551,18888.0,54,1,6,2,13,0,59,8,2,7
209603,514.0,67,2,5,4,8,0,59,4,14,4
209612,1864.0,64,1,11,2,16,2,48,12,6,2
209667,56.0,98,2,0,4,11,0,79,5,0,0
209676,103.0,89,2,2,1,12,0,79,4,1,0
209694,52.0,79,2,2,10,29,0,50,4,4,0
209700,167.0,84,1,5,11,13,1,70,0,0,0
209719,59.0,86,0,3,3,14,2,78,0,0,0
209746,27650.0,54,1,8,5,14,1,55,7,8,2
209807,20320.0,54,1,9,4,16,1,48,6,10,5
209825,3798.0,61,0,16,1,13,2,53,9,2,2
209922,1457.0,53,0,8,1,10,0,57,9,2,12
209940,4634.0,59,1,1,1,18,1,66,5,3,4
210076,740.0,72,1,3,3,16,0,67,5,5,1
210146,5088.0,62,1,2,2,12,1,61,8,11,2
210155,2053.0,57,3,1,2,12,1,63,6,11,1
210234,1721.0,57,1,1,2,27,0,60,4,5,1
210270,2284.0,60,2,2,1,0,0,81,6,6,0
210304,401.0,55,1,6,12,34,1,34,9,3,0
210331,992.0,58,1,3,2,4,1,71,7,7,3
210340,55.0,87,2,2,0,20,2,67,7,0,0
210401,1624.0,58,1,5,1,13,0,59,7,5,7
210429,4343.0,64,1,4,3,20,2,59,4,3,4
210438,31.0,48,0,0,0,0,0,61,13,3,23
210474,36.0,64,0,0,8,25,0,67,0,0,0
210492,288.0,52,1,2,16,5,0,57,1,14,5
210571,1718.0,60,1,3,24,16,0,49,4,3,2
210599,684.0,36,0,1,69,6,0,15,3,5,0
210605,16031.0,54,0,3,16,3,0,60,3,13,0
210669,1775.0,56,0,4,8,9,0,68,4,3,4
210711,33.0,94,0,0,21,33,0,36,0,9,0
210739,2492.0,64,0,3,5,12,0,69,3,8,0
210748,48.0,100,0,4,4,0,0,92,0,0,0
210775,2123.0,70,0,2,12,12,0,68,3,3,1
210784,123.0,98,0,4,32,11,0,41,6,6,0
210809,6616.0,29,0,2,3,1,0,50,1,42,0
211006,321.0,4,0,2,11,28,0,57,1,0,0
211024,536.0,50,0,2,7,6,0,81,3,0,0
211079,2147.0,59,0,1,8,2,0,80,3,5,0
211088,2149.0,67,0,5,11,10,0,60,4,6,3
211149,164.0,69,0,2,43,1,0,46,0,9,0
211158,7877.0,58,0,1,7,7,0,77,2,5,1
211273,1389.0,100,0,11,5,10,1,42,5,5,21
211291,3627.0,51,0,5,3,6,0,74,4,0,6
211307,7480.0,57,0,5,6,9,0,70,3,6,0
211316,77.0,100,1,0,13,5,0,79,0,1,0
211334,32.0,94,0,0,6,0,0,94,0,0,0
211343,3176.0,59,0,1,3,2,0,77,2,15,0
211352,1550.0,61,0,3,20,13,0,54,3,7,0
211361,4856.0,55,0,1,12,4,0,76,4,3,1
211431,1298.0,83,0,3,18,2,0,69,4,4,0
211440,6618.0,49,0,32,4,9,0,26,4,7,18
211468,1216.0,92,0,3,8,14,0,59,2,6,7
211477,1027.0,66,2,2,19,6,1,61,6,3,0
211556,1408.0,73,0,3,4,4,0,66,2,16,5
211583,1197.0,59,0,2,32,12,0,39,4,8,3
211608,616.0,63,0,0,78,11,0,0,5,5,0
211635,164.0,90,0,1,4,1,0,92,2,0,0
211644,3773.0,68,0,1,7,3,0,82,2,4,0
211802,207.0,84,0,0,2,1,0,94,1,0,0
211893,131.0,47,0,21,5,3,0,27,0,0,44
211927,10703.0,61,0,5,28,2,0,52,5,6,1
211981,1924.0,59,0,2,8,7,0,67,2,13,0
212009,2133.0,57,0,4,5,9,0,63,4,1,14
212045,208.0,78,0,0,5,3,0,86,5,0,0
212054,15414.0,48,0,19,7,7,0,50,4,2,10
212106,5839.0,64,0,3,5,4,0,81,3,0,2
212115,5402.0,56,0,2,20,13,0,56,4,3,1
212133,1752.0,69,0,2,20,18,0,47,2,8,2
212160,3399.0,58,0,1,5,4,0,82,0,6,1
212197,1729.0,61,0,3,4,4,0,86,2,1,1
212230,33.0,97,0,0,9,33,0,55,0,3,0
212267,78.0,97,0,0,28,15,0,33,12,12,0
212276,58.0,88,2,2,21,26,0,43,5,2,0
212294,41.0,95,0,0,0,10,0,80,5,5,0
212300,33.0,94,0,0,9,15,0,64,12,0,0
212328,68.0,96,0,1,22,25,0,32,6,13,0
212337,104.0,95,0,1,73,6,0,5,2,13,0
212355,126.0,98,0,1,10,12,0,75,1,2,0
212382,120.0,94,0,7,17,15,0,38,7,18,0
212391,87.0,97,0,1,8,49,0,28,9,5,0
212434,225.0,11,0,2,6,8,0,83,0,0,0
212452,43.0,63,0,5,72,0,0,5,0,0,19
212577,2315.0,55,0,5,6,10,0,55,3,3,19
212601,3432.0,61,0,2,5,4,0,68,3,9,8
212656,1290.0,47,0,2,7,2,0,80,3,4,2
212674,2370.0,52,0,2,4,9,0,74,3,2,6
212753,93.0,100,0,2,13,10,0,17,1,57,0
212771,185.0,90,0,0,0,0,0,65,0,35,0
212805,2272.0,47,0,2,1,1,0,92,3,0,1
212832,2157.0,72,1,6,19,5,0,64,1,3,0
212869,1363.0,82,1,2,44,12,0,30,4,2,4
212878,17422.0,65,0,4,10,13,0,65,4,2,2
212911,1317.0,53,0,12,6,9,0,52,7,2,12
212975,193.0,26,0,1,14,4,0,68,1,12,0
212984,2136.0,74,0,7,14,1,1,60,0,16,0
212993,128.0,38,1,4,59,11,0,24,1,0,0
213011,1503.0,71,0,3,14,8,0,69,2,2,1
213020,8491.0,58,0,1,12,5,0,73,5,2,3
213163,91.0,86,0,0,4,1,0,90,3,1,0
213181,442.0,91,0,3,12,9,0,72,2,0,0
213215,147.0,98,0,0,16,18,0,64,2,0,0
213233,480.0,27,1,1,3,7,0,84,1,3,0
213251,1409.0,56,1,2,3,5,0,74,3,4,9
213303,1288.0,58,0,1,12,8,0,64,3,12,0
213321,2231.0,47,0,2,4,8,0,69,2,5,8
213330,11.0,100,0,0,0,0,0,100,0,0,0
213349,7200.0,56,0,2,8,9,0,74,3,3,1
213358,1241.0,57,0,1,10,5,0,61,3,5,15
213367,3665.0,63,0,5,18,19,0,50,3,2,3
213376,1991.0,56,0,1,12,12,0,60,2,11,1
213385,2662.0,51,0,4,5,7,0,65,3,5,10
213400,1568.0,53,0,2,14,4,0,54,15,10,0
213455,256.0,97,0,2,5,22,0,45,6,19,0
213473,124.0,81,0,8,14,10,0,69,0,0,0
213491,52.0,98,2,2,6,12,0,75,4,0,0
213507,1729.0,54,0,2,3,6,0,83,3,1,2
213525,6843.0,62,0,2,7,27,0,54,4,4,0
213534,579.0,66,1,1,7,55,0,29,5,2,0
213543,5178.0,46,0,8,4,9,0,62,4,4,9
213552,80.0,90,0,0,13,11,0,76,0,0,0
213570,601.0,79,0,1,16,38,0,36,4,4,0
213589,347.0,9,0,5,42,19,0,18,7,8,0
213598,2040.0,66,0,0,85,5,0,1,3,4,3
213613,2748.0,60,0,1,7,3,0,83,2,2,1
213622,128.0,89,0,1,3,0,0,91,5,0,0
213659,4920.0,61,0,2,6,16,0,64,1,10,0
213668,1140.0,52,0,1,13,13,0,59,4,5,5
213774,740.0,72,0,4,31,14,0,32,4,14,0
213783,1634.0,63,0,1,11,4,0,77,2,3,1
213826,1803.0,67,0,2,2,7,0,72,2,12,1
213914,339.0,93,0,0,3,2,0,90,4,0,0
213932,158.0,84,1,5,23,4,0,57,9,1,0
213987,2378.0,59,1,2,4,4,0,80,0,3,5
213996,2709.0,61,0,2,3,5,0,81,4,1,4
214023,7.0,57,0,0,43,29,0,29,0,0,0
214041,6760.0,58,0,3,9,11,0,73,1,1,1
214069,1964.0,68,0,1,3,3,0,85,4,3,0
214111,10309.0,57,0,6,14,9,0,60,4,6,1
214148,387.0,100,0,5,14,7,1,60,8,4,1
214157,2073.0,61,0,2,3,12,0,69,2,7,5
214166,1791.0,67,1,1,2,1,0,83,0,9,4
214175,2251.0,61,0,4,4,9,0,73,2,5,3
214272,1901.0,68,0,2,27,6,0,56,3,6,1
214290,582.0,8,0,0,10,2,0,88,0,0,0
214379,9800.0,62,0,2,13,24,0,54,3,1,1
214476,82.0,72,0,0,2,0,0,95,2,0,0
214528,292.0,7,0,4,41,13,0,20,2,19,0
214582,374.0,82,0,2,65,3,0,14,5,11,0
214777,76099.0,46,0,6,6,8,0,65,3,2,9
214883,1089.0,70,0,3,56,8,0,20,2,10,1
214892,194.0,70,1,0,15,2,0,81,1,0,0
214944,454.0,19,0,3,27,15,0,52,2,0,0
214971,193.0,74,1,5,5,5,0,60,10,4,9
215008,71.0,1,0,1,3,0,1,94,0,0,0
215044,80.0,76,0,1,28,5,0,13,0,54,0
215053,246.0,70,1,4,8,3,0,76,6,2,0
215062,11872.0,55,0,21,8,10,0,39,5,4,14
215105,1699.0,63,0,3,19,13,0,51,2,8,3
215114,865.0,55,0,3,9,4,0,71,7,2,5
215132,1372.0,64,0,35,6,4,0,44,4,6,1
215239,15996.0,65,0,9,43,16,0,22,3,3,3
215266,1326.0,57,0,3,14,7,0,67,4,3,2
215275,1454.0,56,0,4,6,6,0,77,4,3,0
215284,2465.0,44,0,3,4,5,0,81,3,3,2
215293,23385.0,54,0,10,5,5,0,70,4,1,4
215309,135.0,76,1,0,10,1,0,87,1,0,0
215336,26.0,96,0,0,38,4,0,58,0,0,0
215381,622.0,8,0,1,5,5,0,74,5,1,9
215390,205.0,66,0,0,8,1,0,90,0,0,0
215415,1744.0,44,0,1,7,1,0,54,4,34,0
215442,3100.0,61,0,1,14,6,0,70,4,1,3
215479,73.0,90,0,1,0,1,0,97,0,0,0
215530,57.0,93,0,0,4,0,0,91,5,0,0
215585,4280.0,63,0,2,9,37,0,48,3,0,0
215594,330.0,86,0,2,3,9,0,81,2,3,0
215637,152.0,65,1,3,26,7,0,52,8,1,2
215655,3770.0,44,0,1,7,3,0,75,3,2,9
215682,362.0,7,0,1,14,3,0,80,2,0,0
215691,518.0,66,0,2,38,10,1,37,4,7,1
215743,2373.0,64,0,2,5,1,0,85,2,3,1
215770,4784.0,54,0,3,6,8,0,77,3,2,2
215798,1560.0,47,0,1,6,5,0,82,2,3,1
215886,54.0,81,0,0,4,9,0,87,0,0,0
215929,3792.0,58,0,3,2,10,0,76,2,4,1
215947,1728.0,66,0,2,8,4,0,80,3,1,2
215974,298.0,86,0,2,10,0,0,82,4,1,0
215983,17.0,94,0,0,0,0,0,100,0,0,0
215992,159.0,70,0,0,16,1,1,77,5,0,0
216010,5274.0,52,0,1,12,6,0,74,4,1,1
216038,7440.0,56,0,1,5,3,0,85,4,1,1
216047,48.0,6,0,6,0,10,0,75,0,0,8
216074,159.0,97,1,0,8,3,0,86,1,1,0
216083,345.0,60,0,1,3,3,0,89,3,0,0
216162,241.0,86,0,1,8,16,0,76,0,0,0
216223,39.0,95,0,0,28,23,0,33,10,5,0
216278,2312.0,56,0,2,6,6,0,76,3,6,2
216287,1594.0,51,0,16,8,13,0,37,7,4,14
216296,1347.0,11,0,2,10,14,0,69,4,1,0
216311,130.0,0,0,0,0,0,0,95,0,0,5
216339,28726.0,54,0,12,13,8,0,55,4,3,6
216357,729.0,47,1,3,15,3,0,70,4,5,0
216366,3665.0,73,0,6,14,11,0,55,7,4,2
216418,9.0,78,0,0,33,11,0,56,0,0,0
216436,145.0,8,0,1,34,2,0,58,5,0,0
216445,139.0,5,0,1,1,1,0,96,0,1,0
216454,119.0,8,1,0,1,0,0,97,2,0,0
216524,1472.0,50,0,4,8,8,0,72,3,3,1
216542,550.0,53,0,1,13,18,0,57,5,5,2
216551,299.0,10,0,3,36,13,0,34,6,3,5
216579,89.0,98,0,0,34,2,1,62,0,1,0
216597,6865.0,53,0,6,5,8,0,73,3,2,3
216630,52.0,83,0,0,4,0,0,96,0,0,0
216667,1262.0,51,0,2,6,6,0,73,3,6,4
216694,1277.0,59,0,1,3,3,0,85,3,4,0
216746,73.0,11,0,1,3,10,0,86,0,0,0
216764,14615.0,59,0,3,11,6,0,74,4,2,0
216773,143.0,83,0,1,9,1,1,82,6,0,0
216782,66.0,94,0,3,21,2,0,68,2,5,0
216807,1165.0,53,1,0,5,2,0,71,1,19,0
216825,4645.0,63,0,1,3,2,0,89,4,0,1
216852,3223.0,57,0,3,12,6,0,72,3,2,2
216931,2351.0,50,0,2,4,7,0,73,3,5,6
216940,246.0,0,0,1,13,7,0,77,2,0,0
217013,1072.0,79,0,1,6,5,0,70,2,14,3
217040,40.0,0,0,0,0,0,0,100,0,0,0
217059,4038.0,56,0,2,6,7,0,77,3,3,2
217077,873.0,63,1,2,7,21,0,63,5,1,0
217156,7160.0,53,0,16,7,11,0,41,6,6,13
217165,3403.0,38,0,3,3,7,0,75,2,1,8
217235,6123.0,60,0,3,13,13,0,56,2,6,6
217305,2326.0,35,0,0,1,10,0,13,3,72,1
217323,478.0,6,4,3,21,34,0,35,3,0,0
217402,4096.0,54,0,1,4,11,0,76,2,4,2
217420,6432.0,69,1,3,11,23,0,55,2,5,0
217475,14775.0,58,0,3,9,23,0,53,6,6,0
217484,14548.0,56,0,3,5,11,0,72,3,4,1
217493,2009.0,68,0,19,4,9,0,27,6,3,32
217518,4523.0,51,0,2,2,8,0,74,2,10,1
217536,2167.0,65,0,1,2,7,0,81,3,4,2
217581,69.0,96,4,4,17,33,0,33,7,0,0
217606,284.0,46,1,1,7,16,0,67,1,5,1
217615,2236.0,64,1,1,32,8,0,56,1,1,0
217624,754.0,49,1,0,92,1,0,2,0,3,0
217633,2893.0,69,0,1,5,4,0,84,2,2,2
217688,2884.0,64,0,2,19,4,0,60,4,10,1
217712,2308.0,69,0,1,29,15,0,48,5,1,0
217721,2034.0,55,1,0,91,3,0,1,0,4,0
217749,2651.0,55,0,2,2,5,0,57,2,25,6
217776,1150.0,63,0,0,20,5,0,67,2,4,1
217794,154.0,97,1,3,49,5,0,38,4,0,0
217819,9600.0,64,0,2,7,6,0,77,4,1,1
217828,50.0,98,0,0,48,4,0,48,0,0,0
217837,1276.0,67,2,0,47,3,0,43,3,1,0
217864,2923.0,13,0,2,7,7,0,76,5,1,1
217873,1986.0,68,1,1,91,1,0,1,0,1,3
217882,20195.0,50,0,3,6,6,0,80,4,0,1
217891,190.0,48,1,1,96,0,0,0,3,0,0
217907,977.0,59,1,1,30,3,0,55,7,0,3
217925,806.0,52,0,1,20,7,0,56,0,11,4
217934,1102.0,84,0,1,37,6,0,34,4,17,1
217961,808.0,98,0,2,11,5,0,61,6,8,7
217989,483.0,64,0,1,80,1,0,13,1,4,0
217998,784.0,36,1,2,22,5,1,59,0,11,0
218025,3558.0,64,1,1,38,3,0,41,1,15,0
218043,27.0,81,0,0,33,7,0,56,4,0,0
218061,3800.0,68,0,1,36,3,0,49,3,5,2
218070,2688.0,61,0,3,6,5,0,79,3,1,3
218113,11123.0,59,0,2,19,11,0,59,4,3,1
218140,6705.0,64,0,1,19,6,0,68,5,1,0
218159,131.0,95,0,0,38,2,0,60,0,0,0
218195,142.0,96,0,1,58,5,1,35,0,0,0
218229,3144.0,68,1,1,26,3,0,64,4,2,1
218238,2116.0,55,1,0,43,4,0,46,0,2,3
218335,325.0,84,0,3,9,5,0,73,4,6,0
218353,9160.0,61,0,2,33,7,0,46,5,6,0
218399,600.0,59,0,0,93,1,0,1,1,4,0
218414,1271.0,44,0,1,31,2,0,51,3,6,6
218441,2166.0,54,0,1,7,4,0,69,3,16,0
218487,2298.0,66,1,1,50,2,0,43,2,1,0
218520,4747.0,65,0,1,32,7,0,58,3,0,0
218539,1102.0,52,0,1,16,6,0,68,4,0,5
218645,3252.0,65,0,1,25,5,0,59,5,1,2
218654,2112.0,68,0,1,21,9,0,61,5,2,1
218663,27502.0,54,0,3,8,5,0,75,4,1,4
218672,1640.0,60,0,3,17,4,0,68,4,3,0
218681,964.0,63,0,0,28,4,0,53,2,10,2
218690,1361.0,56,0,2,21,5,0,56,5,10,1
218706,1153.0,54,0,1,18,5,0,67,3,5,1
218724,9760.0,55,0,1,18,5,0,67,5,3,1
218733,2155.0,53,0,0,95,0,0,2,0,2,0
218742,5853.0,66,0,3,30,6,0,52,4,3,1
218821,933.0,49,0,1,38,9,0,48,4,0,1
218830,4633.0,59,0,4,21,9,0,59,4,2,0
218858,3361.0,66,0,1,42,4,0,50,2,1,0
218867,30.0,100,0,3,60,3,0,33,0,0,0
218885,6181.0,53,0,1,9,6,0,78,4,1,0
218894,12351.0,61,1,2,26,7,1,58,4,2,0
218919,510.0,58,0,0,98,0,0,1,0,0,2
218955,832.0,59,0,0,71,0,0,26,0,1,0
218964,4764.0,69,0,1,30,6,0,56,4,0,1
218973,1720.0,52,0,2,8,4,0,80,3,0,2
218991,4529.0,60,0,1,23,7,0,58,8,2,0
219000,1818.0,63,1,2,2,3,0,83,2,1,6
219037,57.0,98,16,2,2,4,0,72,5,0,0
219046,3684.0,63,4,1,1,5,0,80,5,2,2
219082,2818.0,38,1,2,3,4,0,83,4,1,2
219091,747.0,57,2,1,1,7,0,84,3,1,1
219125,80.0,99,18,1,0,0,1,75,4,1,0
219143,2228.0,48,3,1,1,2,0,90,0,3,0
219170,24.0,88,0,4,0,0,4,92,0,0,0
219189,1162.0,33,3,1,1,3,0,90,1,1,0
219198,867.0,57,2,2,4,7,0,78,0,5,2
219204,1446.0,64,2,2,30,9,0,49,0,6,0
219259,3008.0,58,1,1,2,2,0,83,3,2,5
219277,1280.0,66,95,0,0,1,0,4,0,0,0
219295,558.0,63,2,1,10,8,0,70,3,2,4
219338,16.0,94,0,6,0,0,0,94,0,0,0
219347,2202.0,24,1,1,2,5,0,83,4,1,3
219356,10067.0,53,1,1,2,3,0,87,2,1,4
219374,484.0,74,94,0,0,0,0,6,0,0,0
219383,1390.0,63,1,1,5,2,0,84,6,1,1
219392,24.0,83,0,8,0,4,4,79,0,4,0
219408,119.0,57,82,0,7,3,0,8,0,0,0
219426,2380.0,55,2,3,5,4,0,83,1,1,0
219453,117.0,100,5,0,5,4,0,81,1,3,0
219471,7475.0,63,2,1,3,4,0,83,3,1,2
219480,1214.0,58,9,1,2,5,0,77,3,2,0
219505,99.0,32,0,2,93,0,0,1,0,0,4
219587,66.0,100,0,0,0,11,0,86,3,0,0
219596,238.0,42,0,1,3,4,0,91,0,0,0
219602,9971.0,58,0,2,21,8,0,59,6,3,1
219639,971.0,89,0,2,41,8,0,46,2,1,0
219709,6820.0,65,0,2,5,6,0,80,4,1,1
219718,3809.0,55,1,1,29,3,0,55,6,2,2
219790,1240.0,53,1,1,4,3,0,86,2,1,2
219806,1840.0,60,1,1,8,4,0,78,2,1,4
219824,8050.0,61,0,2,13,7,0,73,4,0,0
219833,1642.0,50,0,4,22,7,0,32,5,25,4
219842,109.0,39,1,3,4,24,0,15,0,54,0
219851,112.0,96,0,0,37,6,1,51,4,1,0
219879,3370.0,57,0,1,6,6,0,84,1,1,0
219888,6305.0,60,0,2,6,7,0,80,3,1,0
219903,1312.0,89,0,1,41,3,0,9,1,44,0
219921,374.0,42,0,0,22,3,1,70,3,1,0
219949,2279.0,56,1,1,10,5,0,60,0,20,3
219976,2859.0,60,0,3,7,8,0,73,3,2,4
219994,785.0,39,1,1,10,8,0,74,3,3,0
220002,181.0,79,1,1,50,3,0,32,8,2,2
220057,2840.0,69,1,0,17,3,0,74,3,1,0
220075,11153.0,59,0,2,6,3,0,81,4,2,2
220118,503.0,91,0,1,30,7,1,61,0,0,0
220127,439.0,49,0,0,2,3,2,88,2,3,0
220163,51.0,94,0,0,8,2,0,82,8,0,0
220181,840.0,69,0,0,84,1,0,0,2,7,6
220206,393.0,57,0,2,7,4,0,83,3,0,2
220215,1648.0,57,1,0,4,0,0,77,1,16,1
220251,409.0,41,0,0,2,3,0,72,2,20,0
220279,677.0,35,0,0,5,5,0,73,3,13,0
220321,595.0,45,0,1,10,6,0,73,4,6,1
220394,265.0,43,0,0,1,1,1,97,0,0,0
220400,4899.0,68,0,1,21,4,0,67,3,5,0
220464,164.0,52,1,1,11,2,0,85,0,0,0
220473,725.0,47,0,0,4,2,0,85,2,4,2
220491,217.0,97,0,2,26,7,0,59,1,4,0
220516,1603.0,65,1,1,6,2,0,80,1,6,3
220552,2006.0,86,0,2,24,5,0,63,2,1,3
220598,1267.0,50,0,0,87,1,0,0,1,10,0
220604,835.0,66,0,0,97,1,0,0,0,0,1
220613,4686.0,61,0,1,4,1,0,78,3,9,3
220631,1975.0,71,1,1,6,0,0,85,0,6,0
220640,1267.0,46,0,1,2,7,0,76,4,10,0
220701,890.0,60,0,1,11,3,0,72,3,6,4
220710,1143.0,57,1,1,9,6,0,76,3,2,2
220756,160.0,12,0,0,9,4,0,83,4,0,0
220765,94.0,80,0,0,68,2,0,29,1,0,0
220808,50.0,62,0,0,48,8,0,36,6,2,0
220853,1356.0,37,1,2,55,5,0,30,3,4,1
220862,17378.0,59,0,4,34,6,0,48,4,2,1
220978,19461.0,53,0,4,18,7,0,64,4,0,3
221050,820.0,24,1,0,1,4,0,90,2,0,1
221096,6992.0,62,0,3,10,9,0,72,3,2,0
221102,477.0,35,1,4,19,5,0,67,2,1,0
221148,1592.0,5,0,1,33,7,0,56,1,1,0
221184,7885.0,61,0,4,27,9,0,53,4,2,1
221236,456.0,27,0,0,17,4,0,74,4,1,0
221281,302.0,51,0,1,8,3,0,81,5,2,1
221333,602.0,19,1,1,4,3,0,84,3,4,1
221351,1973.0,58,0,6,10,6,0,65,5,2,6
221388,205.0,53,0,1,47,1,0,48,2,0,0
221397,5861.0,66,0,1,2,4,0,88,2,2,0
221430,964.0,30,0,0,4,2,0,84,3,6,1
221485,9433.0,65,0,2,63,7,0,24,2,0,1
221494,484.0,23,0,1,8,10,0,76,3,1,1
221519,1695.0,51,0,1,4,5,0,82,3,0,4
221582,322.0,36,1,0,0,2,0,95,1,2,0
221591,514.0,32,0,0,1,2,0,92,2,2,0
221607,274.0,24,0,0,3,5,0,90,1,0,0
221616,562.0,27,0,1,18,5,0,71,4,2,1
221625,909.0,44,0,1,10,5,0,71,3,9,0
221634,268.0,25,1,1,47,6,0,44,1,1,0
221643,10694.0,53,0,3,6,5,0,80,4,1,1
221661,2448.0,57,0,12,8,24,1,42,7,0,6
221731,1060.0,62,0,1,11,5,0,72,2,4,6
221740,10297.0,56,0,2,10,6,0,75,3,3,1
221759,23290.0,51,0,4,6,5,0,78,4,2,1
221768,6763.0,60,0,1,13,3,0,79,3,0,1
221829,252.0,99,0,2,4,0,0,94,0,0,0
221838,5875.0,62,0,1,77,2,0,11,2,1,5
221847,8957.0,45,0,2,4,4,0,84,4,1,2
221892,2350.0,61,0,2,12,10,0,61,3,6,6
221908,6085.0,54,0,1,2,3,0,88,3,2,0
221953,1388.0,55,1,1,13,4,0,67,1,7,7
221971,2164.0,66,1,2,16,2,0,72,0,5,2
221999,6886.0,52,0,14,11,10,0,44,6,5,10
222053,9144.0,62,0,1,8,7,0,76,3,3,0
222062,6279.0,64,0,1,2,5,0,88,2,0,0
222105,340.0,5,0,0,38,7,0,45,1,9,0
222178,3525.0,60,0,1,9,19,0,63,5,0,3
222567,5797.0,56,1,7,13,38,0,39,0,1,2
222576,9750.0,65,1,3,5,43,0,44,3,1,0
222628,187.0,68,0,4,26,10,1,41,0,2,16
222822,4672.0,64,1,1,13,30,0,51,3,1,1
222831,8981.0,59,0,1,5,39,0,47,4,0,3
222877,145.0,38,1,1,30,13,1,52,0,1,0
222886,337.0,92,6,0,31,33,0,30,0,1,0
222938,711.0,49,1,3,32,34,1,20,0,4,5
222983,1279.0,52,0,13,10,24,0,47,3,1,1
222992,41056.0,57,1,6,8,38,0,42,4,1,1
223056,52.0,94,0,0,0,44,4,44,0,8,0
223083,600.0,84,0,2,7,41,0,27,22,1,0
223117,84.0,11,0,0,18,25,0,48,0,5,5
223232,14108.0,60,0,7,5,16,0,61,5,0,5
223320,4814.0,59,0,1,2,74,0,20,1,1,0
223427,20116.0,52,1,2,9,24,0,58,4,2,0
223463,620.0,71,0,2,32,44,0,18,3,0,0
223472,197.0,93,0,2,5,43,0,38,7,6,0
223506,4217.0,53,0,1,6,44,0,44,3,2,0
223524,13718.0,59,0,10,16,46,0,22,2,4,0
223773,8786.0,63,0,3,42,34,0,14,2,3,0
223816,16719.0,53,1,3,26,27,1,32,6,3,0
223852,17.0,94,0,0,12,35,0,47,6,0,0
223898,3563.0,63,1,1,7,27,1,59,4,0,1
223922,1689.0,53,1,0,7,23,0,49,0,18,1
224004,1828.0,68,1,4,11,35,0,42,3,4,0
224110,9577.0,57,1,4,8,25,0,56,4,0,3
224147,9323.0,60,0,3,5,51,0,36,2,1,2
224156,327.0,96,0,2,24,24,0,41,8,1,0
224226,2883.0,59,0,2,9,18,0,60,2,0,8
224244,194.0,42,1,2,25,15,0,42,12,2,1
224271,254.0,67,2,0,26,12,0,55,6,0,0
224323,1475.0,53,0,7,2,24,0,59,3,1,3
224350,12008.0,59,0,2,3,69,0,23,1,1,0
224527,1471.0,56,1,1,17,14,0,62,4,0,1
224545,1716.0,62,1,1,17,15,0,53,5,4,5
224554,8390.0,59,1,2,21,22,0,42,7,1,3
224572,16505.0,60,0,5,18,52,0,19,2,4,0
224615,12947.0,66,0,6,22,51,0,15,2,3,0
224642,29080.0,58,0,1,2,84,0,7,0,4,2
224660,547.0,39,1,1,8,64,1,16,9,1,0
224679,1310.0,13,1,0,4,76,0,15,4,1,0
224758,38.0,95,0,3,0,32,0,63,3,0,0
224776,516.0,51,1,3,30,24,1,31,0,8,2
224828,75.0,93,0,0,1,35,0,64,0,0,0
224891,1501.0,54,3,0,4,39,0,49,0,5,0
224961,2306.0,61,0,3,15,40,0,37,2,2,1
225070,4473.0,60,5,2,8,13,1,70,0,2,1
225201,891.0,32,1,3,13,44,1,33,4,1,0
225247,1742.0,53,1,2,11,20,0,59,4,1,3
225308,6233.0,59,1,1,10,21,0,53,2,12,1
225371,4600.0,61,0,1,4,12,0,60,20,2,0
225399,2632.0,66,0,8,20,37,0,23,3,4,4
225414,6439.0,62,0,7,7,43,0,37,3,1,1
225423,56151.0,60,0,10,27,37,0,12,2,2,10
225432,13136.0,60,0,9,18,51,0,14,1,1,6
225502,3367.0,65,0,5,15,42,0,31,3,1,3
225511,38597.0,50,0,23,10,36,0,22,3,2,4
225520,4293.0,63,0,1,3,50,0,42,3,1,0
225548,969.0,47,1,0,12,25,0,51,3,8,0
225575,1112.0,63,1,0,64,27,0,5,1,1,2
225627,5368.0,61,0,2,7,57,0,17,2,8,5
225876,476.0,58,1,1,15,42,0,32,4,3,3
225885,867.0,56,1,0,78,11,0,3,0,7,0
225991,129.0,42,0,1,29,21,0,42,1,6,0
226019,5584.0,61,1,1,20,23,0,49,3,1,2
226091,8701.0,58,0,5,24,20,0,43,3,3,1
226107,2395.0,67,0,2,18,9,0,70,0,1,0
226116,2537.0,61,0,5,28,35,0,28,1,1,0
226125,130.0,92,0,0,0,100,0,0,0,0,0
226134,10200.0,56,0,0,0,98,0,1,0,1,0
226152,7220.0,61,0,0,0,96,0,2,0,0,1
226204,7516.0,47,0,2,14,44,0,35,3,2,0
226231,2862.0,45,1,1,6,7,0,46,4,30,4
226277,1339.0,4,1,1,18,42,0,31,3,4,0
226383,1473.0,60,1,1,3,21,0,67,0,3,2
226408,4687.0,59,0,3,15,34,0,43,2,2,0
226471,3361.0,65,1,2,14,23,0,53,3,3,1
226578,8705.0,66,0,1,12,34,0,48,3,1,0
226587,1166.0,51,1,1,14,29,0,48,3,1,4
226675,363.0,84,0,3,4,27,0,42,3,21,0
226806,5115.0,60,0,2,6,38,0,31,1,19,2
226833,5226.0,62,1,3,15,20,0,47,4,1,10
226860,43.0,93,0,0,0,35,0,65,0,0,0
226879,182.0,85,2,2,35,12,1,37,5,7,0
226903,596.0,47,1,1,15,42,1,35,4,2,0
226930,12210.0,59,0,4,20,63,0,8,1,3,0
227058,128.0,99,3,1,36,41,0,12,0,1,7
227146,8173.0,61,0,1,16,19,0,57,4,1,1
227182,74300.0,60,0,7,13,41,0,30,3,2,4
227191,11310.0,57,0,13,17,44,0,17,2,5,1
227216,32159.0,53,0,7,14,26,0,42,5,1,5
227225,2988.0,64,1,1,10,31,0,51,3,0,3
227298,182.0,9,1,1,22,24,1,45,7,0,0
227304,6828.0,62,0,1,5,65,0,26,0,1,1
227313,268.0,99,5,1,39,27,1,18,7,2,0
227322,278.0,97,3,1,17,34,0,38,5,2,0
227331,1368.0,68,0,0,6,78,0,9,0,3,2
227368,24965.0,57,0,1,0,92,0,2,0,2,2
227377,8628.0,57,0,0,0,93,0,3,0,3,0
227386,2599.0,64,0,1,19,15,0,62,2,0,1
227401,4858.0,61,1,1,10,19,0,64,2,1,1
227429,554.0,57,1,0,79,18,0,1,0,0,1
227526,8109.0,65,0,2,84,9,0,1,2,0,1
227687,2188.0,55,0,0,4,27,0,61,3,1,3
227748,229.0,6,0,8,23,34,1,26,7,0,0
227757,3989.0,48,0,26,7,16,0,32,5,1,12
227766,20548.0,54,0,14,19,39,0,20,2,5,0
227845,3443.0,62,1,3,4,46,0,36,3,1,7
227854,12962.0,57,0,2,10,60,0,22,3,3,0
227863,2124.0,62,0,12,7,46,0,21,2,4,7
227881,18805.0,62,1,2,18,25,0,49,3,2,1
227924,19499.0,61,0,3,7,63,0,23,3,0,0
227979,32452.0,59,0,5,9,61,0,21,2,1,1
228042,1257.0,56,0,1,4,41,0,50,2,0,1
228088,28.0,89,0,0,0,46,0,50,4,0,0
228149,2270.0,56,0,2,3,68,0,15,1,4,6
228158,9212.0,59,0,1,5,49,0,42,2,0,1
228185,50.0,14,0,0,8,82,0,4,0,6,0
228200,389.0,56,0,0,0,88,0,12,0,1,0
228219,377.0,79,0,0,0,87,0,12,0,1,0
228246,6710.0,49,0,7,4,12,0,64,4,0,7
228282,29.0,93,0,0,31,48,0,21,0,0,0
228316,6911.0,59,0,0,1,85,0,11,1,1,0
228325,1683.0,53,5,1,12,19,0,58,3,0,1
228343,1511.0,55,0,4,6,23,0,61,4,1,1
228431,11494.0,64,0,1,14,20,0,59,4,1,1
228459,33917.0,58,0,3,9,40,0,43,4,0,0
228468,673.0,60,0,5,13,45,1,23,4,3,6
228486,106.0,52,0,0,92,5,0,1,3,0,0
228501,1849.0,60,1,0,6,67,0,23,3,1,0
228529,11350.0,62,0,1,8,21,0,64,4,1,1
228547,50519.0,59,0,6,17,37,0,34,3,2,1
228608,4887.0,67,0,2,14,30,0,49,0,4,0
228644,808.0,70,0,8,5,52,0,30,2,1,1
228653,786.0,82,0,21,7,20,0,43,3,1,4
228699,4092.0,63,1,1,21,9,0,60,5,2,1
228705,6178.0,50,0,1,4,74,0,15,1,0,4
228723,53791.0,47,0,8,3,25,0,59,3,0,1
228769,34820.0,61,0,12,14,30,0,33,4,2,5
228778,40163.0,54,0,23,4,24,0,39,4,1,5
228787,20996.0,43,0,35,5,18,0,30,4,2,4
228796,21427.0,54,0,1,2,85,0,5,1,1,5
228802,6995.0,57,0,4,9,22,0,57,3,1,3
228875,9474.0,58,1,3,5,15,0,68,2,2,5
228884,940.0,46,0,0,86,11,0,2,0,0,0
228981,1445.0,51,0,1,9,40,0,46,2,1,1
229018,4347.0,58,0,3,6,51,0,35,2,1,2
229027,28275.0,50,0,6,8,58,0,22,4,0,2
229063,7092.0,59,0,1,82,8,0,1,3,0,5
229115,32125.0,48,0,3,6,30,0,54,3,1,3
229160,1494.0,54,1,1,15,34,0,27,8,2,13
229179,10598.0,87,0,9,17,31,0,37,4,1,2
229267,2443.0,52,0,8,4,21,0,56,5,1,4
229300,671.0,86,0,19,14,28,0,32,3,1,2
229337,1478.0,84,1,5,7,27,0,56,0,2,1
229355,12323.0,63,0,2,17,26,0,49,4,1,1
229416,1479.0,4,0,1,13,54,0,23,7,1,0
229425,155.0,99,0,0,0,100,0,0,0,0,0
229504,2930.0,65,1,2,8,25,0,60,4,1,0
229522,77.0,87,0,0,8,61,0,31,0,0,0
229540,3725.0,68,0,2,5,50,0,41,2,0,0
229656,267.0,97,1,0,2,87,0,7,0,2,0
229780,3012.0,51,1,2,17,33,3,35,5,3,2
229799,5943.0,64,1,1,2,20,0,71,3,1,1
229814,7355.0,58,0,2,5,31,0,55,3,1,2
229832,2009.0,49,0,3,6,33,0,52,2,0,3
229841,6904.0,57,0,13,12,44,0,30,1,0,0
229887,712.0,56,1,0,80,4,0,4,3,5,3
229957,29.0,90,0,0,0,48,0,41,10,0,0
230010,1352.0,42,0,1,1,10,0,81,2,4,0
230038,31292.0,50,0,2,0,7,1,81,4,1,3
230047,3096.0,62,0,5,0,5,8,31,8,4,39
230056,202.0,72,1,3,4,17,1,69,1,2,0
230065,217.0,99,1,3,1,28,0,50,3,12,0
230144,22.0,91,0,0,5,32,0,59,0,0,5
230162,3706.0,38,1,1,2,13,1,79,3,2,0
230171,11160.0,57,1,1,2,12,1,76,4,1,2
230199,56.0,98,0,0,0,7,0,93,0,0,0
230205,68.0,96,0,0,0,1,0,99,0,0,0
230214,318.0,86,0,2,5,21,2,55,3,11,1
230366,226.0,88,1,3,5,15,1,70,2,3,0
230418,1929.0,47,0,1,1,16,1,43,3,1,33
230490,2491.0,44,1,1,2,26,0,68,2,0,0
230597,5383.0,55,1,1,1,7,1,84,2,0,3
230603,10274.0,59,1,1,2,7,1,69,1,11,7
230621,187.0,74,2,1,2,20,2,58,15,1,0
230630,95.0,47,0,2,1,24,0,62,11,0,0
230676,1047.0,29,6,1,0,7,0,85,0,0,0
230728,24669.0,55,2,1,1,7,0,82,2,4,1
230737,41186.0,48,0,1,1,12,1,79,3,1,1
230746,29517.0,54,1,4,2,20,1,65,3,3,1
230764,24485.0,47,0,6,1,13,0,66,6,2,5
230782,28843.0,56,0,2,1,12,1,74,4,5,1
230807,1740.0,61,0,3,2,12,0,70,5,3,5
230816,729.0,65,0,1,3,10,0,58,4,4,19
230834,1988.0,54,0,1,4,3,0,80,3,6,2
230852,3748.0,40,0,3,6,9,0,69,4,9,0
230861,5104.0,70,0,2,3,3,0,82,5,3,3
230889,165.0,76,4,1,6,1,0,43,3,42,1
230913,2064.0,59,0,1,3,3,0,79,4,9,0
230940,154.0,55,1,3,5,1,0,72,2,15,1
230959,2580.0,53,0,7,4,10,0,62,5,1,11
230977,58.0,38,0,3,16,5,0,71,0,3,2
230995,3266.0,25,1,3,5,10,0,69,4,4,3
231004,30.0,100,0,0,0,0,0,90,10,0,0
231059,1583.0,54,0,1,2,6,0,81,2,2,4
231095,146.0,58,1,2,1,3,0,62,3,23,5
231165,1696.0,47,0,2,3,2,0,86,3,2,2
231174,11443.0,59,0,3,1,4,0,81,3,3,4
231280,111.0,95,0,0,14,3,0,79,2,2,0
231411,504.0,7,1,3,34,11,1,48,1,2,0
231420,894.0,44,1,1,28,4,1,55,4,1,7
231536,3834.0,59,0,2,5,13,0,71,3,4,1
231554,939.0,55,0,0,15,6,0,59,3,13,4
231581,1713.0,55,0,1,15,7,0,65,6,3,2
231624,6256.0,58,0,8,7,10,0,58,6,5,6
231651,4408.0,61,0,2,26,9,0,55,5,2,0
231688,24.0,92,0,4,50,13,0,33,0,0,0
231697,3813.0,55,0,2,17,4,0,70,5,2,0
231712,4837.0,55,0,3,6,6,0,77,5,2,0
231721,15.0,93,0,0,73,0,0,27,0,0,0
231785,1761.0,81,1,2,64,4,0,24,5,1,0
231873,1032.0,59,0,1,5,4,0,85,4,1,0
231882,2813.0,58,0,1,28,5,0,61,4,1,0
232016,107.0,82,6,1,57,8,2,13,10,3,0
232025,1019.0,51,0,0,9,3,0,80,4,3,0
232043,978.0,62,0,2,8,8,0,68,5,4,3
232052,620.0,59,0,2,30,13,0,47,4,3,1
232089,1050.0,43,1,0,30,5,0,52,7,2,2
232186,26662.0,49,0,21,11,15,0,38,5,3,6
232195,7225.0,61,0,3,15,14,0,59,6,2,1
232256,993.0,1,0,1,5,5,0,85,3,1,0
232265,3714.0,66,0,0,95,1,0,1,0,0,2
232308,668.0,100,0,2,9,8,0,62,7,2,10
232414,8711.0,60,0,6,31,8,0,47,4,2,1
232423,19895.0,58,0,5,5,7,0,75,5,2,2
232450,10152.0,57,0,4,21,11,0,57,5,2,1
232557,47025.0,58,0,1,10,6,0,55,3,23,1
232566,3859.0,68,0,1,10,6,0,74,5,3,2
232575,6716.0,63,0,2,4,11,0,75,4,2,1
232609,1935.0,61,0,1,11,6,0,74,3,3,1
232618,369.0,93,0,1,13,0,0,86,0,0,0
232672,1407.0,81,0,1,23,8,0,51,4,10,2
232681,4182.0,64,0,4,7,10,0,69,6,3,1
232706,2158.0,65,0,8,16,22,0,31,3,4,16
232724,11.0,100,0,0,9,9,0,73,9,0,0
232788,2313.0,62,0,0,2,1,0,94,2,1,0
232797,741.0,90,0,1,29,4,0,26,6,33,0
232867,4332.0,49,0,3,4,4,0,81,3,2,3
232885,321.0,90,1,7,9,3,1,65,8,6,0
232919,420.0,11,0,1,59,6,1,25,6,1,0
232937,5112.0,67,0,0,85,4,0,3,6,2,0
232946,51822.0,52,0,16,14,24,0,36,5,2,3
232982,19176.0,55,0,5,32,9,0,44,7,3,1
233019,2238.0,57,0,1,19,9,0,65,4,1,1
233037,1257.0,65,0,2,35,5,0,51,4,2,0
233082,112.0,92,0,6,17,4,0,71,1,0,0
233116,5312.0,58,0,4,11,8,0,67,5,3,2
233277,7967.0,61,0,2,17,7,0,64,6,3,1
233286,126.0,93,0,1,34,3,1,57,3,1,0
233295,1543.0,53,0,1,10,4,0,76,4,1,2
233301,565.0,62,1,3,16,8,1,60,7,1,3
233310,2909.0,67,1,1,17,5,0,67,6,2,0
233329,378.0,91,1,2,63,5,0,21,6,2,0
233338,2375.0,60,0,16,25,6,0,46,2,3,2
233356,448.0,93,0,6,14,1,1,73,5,1,0
233374,3202.0,52,0,7,7,9,0,57,4,4,11
233408,305.0,91,0,3,12,6,1,71,6,1,0
233426,2003.0,58,0,1,5,5,0,81,4,0,3
233480,31.0,87,0,3,13,0,0,74,10,0,0
233541,2040.0,60,1,3,12,7,0,60,1,14,2
233602,59.0,46,0,0,0,12,0,86,0,0,2
233611,1111.0,53,0,1,3,5,4,75,6,5,1
233639,3219.0,65,0,1,34,4,0,54,4,1,0
233648,2338.0,64,0,0,1,1,0,93,2,1,0
233666,26.0,92,0,4,0,4,0,85,8,0,0
233684,4332.0,67,0,4,55,9,0,24,4,3,1
233718,351.0,99,0,3,9,7,0,74,2,3,3
233754,7314.0,60,1,4,29,9,0,48,7,2,0
233772,19064.0,59,0,5,29,9,0,47,7,1,1
233897,1978.0,60,0,1,12,2,0,71,0,13,0
233903,2286.0,61,0,1,3,2,0,91,2,0,0
233921,29300.0,43,0,10,4,7,0,64,5,2,7
233949,6303.0,57,0,4,10,5,0,75,4,1,1
234030,22837.0,61,0,14,20,11,0,44,7,2,3
234076,17010.0,55,0,15,7,7,0,56,5,5,5
234085,1698.0,14,1,4,6,8,0,77,2,0,2
234119,38.0,79,0,0,89,3,0,8,0,0,0
234137,229.0,28,0,0,97,3,0,0,0,0,0
234155,4025.0,58,0,0,93,0,0,3,0,2,1
234164,1136.0,52,0,0,90,1,0,1,1,6,2
234173,1387.0,59,1,2,23,8,0,52,7,4,2
234207,1860.0,50,0,4,3,6,0,79,4,1,4
234377,2450.0,63,0,1,3,5,0,87,2,1,0
234669,12563.0,55,1,19,4,10,0,42,8,9,7
234696,2325.0,54,1,3,1,12,0,61,8,14,0
234711,2131.0,54,1,1,1,41,0,44,5,8,0
234827,11111.0,52,1,4,4,17,1,51,8,11,3
234845,3077.0,63,1,1,1,12,0,65,6,12,1
234915,807.0,53,1,8,9,5,1,42,4,23,8
234924,284.0,91,1,0,2,49,0,42,2,2,0
234933,9233.0,59,0,5,2,12,1,63,7,9,1
234951,3973.0,65,1,7,11,12,2,50,10,7,1
234979,7280.0,54,0,2,1,41,0,48,4,3,0
235024,602.0,68,1,6,5,13,0,58,9,5,3
235088,231.0,3,2,1,2,8,2,74,11,1,0
235097,10756.0,55,1,3,3,16,0,55,7,10,3
235103,7877.0,55,1,13,8,11,1,42,6,8,11
235149,7977.0,57,1,7,3,13,0,54,8,10,4
235158,109.0,73,6,4,8,17,0,49,15,3,0
235167,2576.0,59,4,3,5,13,0,63,6,5,0
235237,6195.0,65,1,7,9,17,1,45,14,5,2
235307,128.0,96,3,0,7,5,0,81,1,3,0
235316,5211.0,53,0,6,1,11,0,70,7,3,1
235334,1853.0,54,3,1,4,14,0,59,9,8,0
235343,8435.0,50,1,11,5,12,1,39,11,8,13
235352,41.0,85,0,2,7,12,0,73,0,5,0
235422,827.0,76,10,1,0,63,0,14,2,11,0
235431,6310.0,60,0,16,14,15,1,24,13,11,6
235501,112.0,50,3,4,22,5,2,24,1,39,0
235547,155.0,83,1,9,3,5,3,69,7,3,1
235583,109.0,94,3,4,4,8,1,62,17,2,0
235671,4377.0,47,1,4,5,9,1,46,4,30,0
235699,3620.0,61,0,11,2,9,0,50,6,18,3
235750,2703.0,69,1,3,1,10,0,73,7,4,1
236018,65.0,91,0,9,28,15,2,40,6,0,0
236072,5693.0,60,0,9,7,8,0,42,9,18,6
236133,947.0,68,1,5,4,10,2,60,7,3,9
236188,6278.0,54,1,5,3,10,1,62,11,5,2
236212,954.0,16,1,1,0,49,1,43,3,1,1
236230,2695.0,64,0,10,4,13,1,56,11,2,2
236258,1966.0,58,4,2,3,8,0,57,8,14,3
236328,2299.0,59,0,7,2,10,0,68,10,3,0
236382,3755.0,30,1,10,10,10,1,23,3,43,0
236452,1389.0,52,1,10,6,15,5,45,10,3,4
236504,6141.0,33,1,8,9,8,1,36,8,25,6
236513,6743.0,57,0,14,13,8,0,31,10,10,14
236577,2717.0,66,0,13,5,14,1,48,9,3,6
236595,4633.0,60,0,18,3,13,1,40,9,5,11
236610,5884.0,56,1,11,6,9,0,40,10,9,14
236638,5085.0,54,1,3,1,22,1,64,6,1,2
236656,4974.0,59,1,6,3,12,1,57,12,7,2
236692,10225.0,59,1,1,2,5,0,47,3,40,1
236708,5023.0,57,1,2,3,8,0,61,6,15,4
236744,48.0,98,0,0,4,6,0,88,0,0,2
236753,6095.0,65,1,7,7,11,1,45,9,16,4
236887,3671.0,50,1,1,3,22,1,57,6,8,0
236896,1650.0,49,0,5,2,18,0,58,8,1,7
236939,26062.0,53,1,6,3,16,0,61,7,3,4
236948,32046.0,54,0,25,3,9,0,36,7,4,15
236975,3352.0,59,2,1,1,40,0,47,4,5,0
237011,15240.0,57,0,6,2,10,0,69,9,2,1
237039,4152.0,56,1,5,2,14,0,59,8,7,5
237057,1579.0,56,0,6,2,8,1,63,7,4,9
237066,2417.0,59,1,5,2,12,1,65,10,1,4
237109,4650.0,68,1,1,1,56,0,32,4,4,0
237118,836.0,43,1,0,30,7,0,56,1,0,4
237127,28.0,100,0,0,0,0,0,100,0,0,0
237136,225.0,45,1,3,2,1,0,76,0,13,4
237145,24.0,92,0,0,0,0,0,100,0,0,0
237172,44.0,23,0,0,9,2,0,89,0,0,0
237181,516.0,46,0,0,19,5,0,56,6,11,2
237215,1241.0,64,0,0,10,1,0,84,3,0,0
237242,104.0,33,0,0,3,1,0,93,3,0,0
237303,87.0,80,0,1,16,2,0,70,10,0,0
237312,1907.0,44,1,1,9,3,0,51,0,27,7
237321,50.0,98,0,0,2,0,0,98,0,0,0
237330,1570.0,59,0,1,5,1,0,80,3,4,6
237358,776.0,59,0,1,5,3,0,37,1,49,6
237367,3563.0,58,0,0,4,2,0,87,3,0,2
237385,1575.0,48,1,1,12,2,0,79,2,2,1
237437,277.0,74,1,0,10,0,0,82,5,1,0
237473,103.0,34,1,1,7,0,0,85,6,0,0
237491,43.0,91,0,0,2,0,0,95,2,0,0
237525,9415.0,58,0,1,5,2,0,83,3,3,2
237543,87.0,53,0,0,3,0,0,95,1,0,0
237552,57.0,86,0,0,4,0,0,95,0,0,2
237561,75.0,76,0,1,3,0,0,96,0,0,0
237570,69.0,91,0,3,6,3,0,78,4,6,0
237598,21.0,76,0,0,0,0,0,100,0,0,0
237640,304.0,45,1,0,5,3,0,61,2,12,16
237686,2818.0,64,0,1,2,0,0,89,4,4,0
237701,1300.0,54,0,1,7,3,0,82,5,2,1
237729,115.0,67,0,0,16,0,0,82,3,0,0
237783,773.0,52,1,0,22,6,1,35,1,17,16
237792,3200.0,58,1,2,7,6,0,77,4,3,1
237817,1449.0,67,0,0,1,0,0,98,1,0,0
237844,116.0,30,0,0,0,0,0,100,0,0,0
237899,4009.0,59,1,1,8,2,0,77,5,6,1
237905,57.0,88,0,0,2,0,0,98,0,0,0
237932,2183.0,64,0,1,3,1,0,76,2,16,2
237950,1794.0,50,0,1,5,2,0,78,6,4,4
237969,1131.0,55,0,0,10,4,0,75,4,0,6
237987,179.0,82,0,1,13,0,0,85,2,0,0
237996,567.0,84,0,1,6,0,0,92,1,0,0
238005,88.0,86,0,2,31,2,0,65,0,0,0
238014,1352.0,66,0,0,2,1,0,91,3,1,0
238032,21086.0,50,0,2,4,4,0,80,4,1,5
238078,532.0,51,2,1,17,1,0,64,1,14,0
238096,19.0,95,0,0,5,0,0,95,0,0,0
238175,120.0,98,2,6,8,16,0,60,9,0,0
238193,1105.0,99,1,5,13,32,0,42,5,0,1
238263,14480.0,56,0,5,7,12,0,67,4,3,1
238324,516.0,85,1,1,1,2,0,92,2,2,0
238333,1143.0,55,0,4,7,13,0,51,4,3,18
238397,2273.0,62,0,1,7,12,0,73,3,3,1
238430,1248.0,69,0,2,15,16,0,29,2,21,14
238458,2960.0,68,0,4,1,7,0,79,3,3,2
238476,2638.0,58,1,2,5,14,0,68,3,5,1
238573,122.0,91,0,9,10,2,0,71,2,7,0
238616,3309.0,63,1,2,9,0,0,72,3,6,6
238661,1407.0,73,0,2,3,9,0,74,4,4,3
238722,12239.0,45,1,5,2,6,0,77,1,8,1
238759,10050.0,53,1,1,9,23,0,61,3,2,0
238810,33.0,97,0,0,0,3,0,97,0,0,0
238980,1787.0,57,1,5,9,7,0,70,1,4,3
239008,2660.0,51,0,8,2,3,0,79,5,2,0
239017,1387.0,54,0,6,6,10,0,60,4,1,12
239071,793.0,56,1,2,1,3,0,77,3,11,1
239080,1327.0,69,1,2,6,9,0,73,3,4,3
239105,8515.0,54,0,7,4,14,0,68,3,1,3
239220,2806.0,54,1,2,2,2,0,85,6,3,0
239248,14482.0,57,1,6,29,18,0,37,4,5,0
239309,870.0,70,1,4,6,17,0,64,6,1,0
239318,2566.0,26,0,5,2,8,0,69,3,7,6
239372,4061.0,62,0,1,3,5,0,88,2,0,0
239390,659.0,100,0,7,18,27,0,40,4,1,1
239442,1258.0,61,5,1,1,3,0,87,3,0,0
239460,6177.0,58,2,5,1,4,0,83,1,3,0
239488,11225.0,57,2,4,3,9,0,78,2,1,0
239512,609.0,53,2,2,4,5,0,74,5,3,5
239628,787.0,54,0,2,4,10,0,78,3,1,2
239716,2000.0,58,1,1,2,5,0,87,1,1,2
239743,323.0,57,0,3,17,12,0,59,4,0,4
239877,41.0,95,2,10,0,2,0,83,0,2,0
239910,2640.0,56,1,1,2,2,0,90,3,2,0
240107,1751.0,73,0,2,4,5,0,83,2,2,2
240116,7924.0,54,1,4,2,3,0,85,2,4,0
240125,7467.0,48,0,3,6,9,0,74,3,4,0
240170,4165.0,51,1,4,3,5,0,80,3,4,0
240189,11024.0,49,0,2,4,8,0,82,4,0,1
240198,2966.0,65,3,1,1,1,0,90,2,1,0
240268,10591.0,62,0,3,1,4,0,86,3,0,3
240277,8370.0,63,1,4,2,7,0,80,4,0,1
240329,9668.0,56,0,2,1,4,0,89,3,0,1
240338,1003.0,55,0,1,5,7,0,82,3,1,1
240365,14267.0,60,0,4,2,6,0,82,3,1,1
240374,3906.0,55,0,4,8,19,0,63,4,0,2
240392,1506.0,83,1,2,31,7,0,52,2,4,0
240417,7309.0,43,0,4,2,3,0,86,3,0,2
240426,2263.0,63,2,1,2,3,0,80,3,0,9
240444,32399.0,52,0,7,2,5,0,68,3,2,11
240453,21107.0,53,0,7,7,12,0,67,4,0,3
240462,7479.0,37,0,1,2,5,0,88,2,0,1
240471,5588.0,64,0,3,1,4,0,88,3,0,2
240480,7838.0,55,0,3,2,4,0,86,2,1,1
240505,3619.0,61,1,1,1,8,0,81,1,5,1
240514,1946.0,59,10,1,1,12,0,61,4,11,1
240596,1538.0,59,1,0,1,10,0,84,1,0,2
240620,4154.0,60,1,1,2,14,0,63,4,14,1
240657,1446.0,60,0,1,1,8,0,82,2,1,5
240666,4347.0,46,2,0,1,8,0,85,3,0,1
240693,2821.0,55,1,1,2,13,0,78,2,2,2
240709,50.0,94,0,0,4,44,0,52,0,0,0
240718,253.0,5,2,0,1,17,0,74,1,5,0
240727,9807.0,51,1,1,1,6,0,74,4,10,3
240736,1035.0,69,0,0,0,0,91,0,0,0,8
240745,1800.0,55,0,44,1,1,53,2,0,0,0
240754,3215.0,56,0,48,0,1,44,3,0,3,1
240790,1253.0,62,0,39,0,1,43,1,6,4,7
240879,159.0,71,0,0,0,100,0,0,0,0,0
240985,104.0,69,0,0,0,100,0,0,0,0,0
241100,370.0,47,0,0,0,100,0,0,0,0,0
241128,520.0,54,0,0,0,100,0,0,0,0,0
241146,357.0,69,0,0,0,100,0,0,0,0,0
241182,420.0,80,0,0,0,100,0,0,0,0,0
241191,1058.0,62,0,0,1,95,0,1,0,0,2
241216,1617.0,30,0,0,0,100,0,0,0,0,0
241225,1076.0,66,0,0,0,99,0,0,0,0,1
241304,897.0,55,0,0,0,100,0,0,0,0,0
241331,567.0,83,0,0,0,99,0,1,0,1,0
241377,676.0,52,0,0,0,100,0,0,0,0,0
241386,265.0,71,0,0,0,100,0,0,0,0,0
241395,456.0,64,0,0,0,99,0,0,0,1,0
241410,5346.0,62,0,0,0,99,0,0,0,0,0
241517,342.0,74,0,0,0,100,0,0,0,0,0
241614,430.0,41,0,0,0,100,0,0,0,0,0
241720,1059.0,60,0,0,0,100,0,0,0,0,0
241739,8345.0,64,0,0,0,100,0,0,0,0,0
241766,370.0,34,0,0,0,96,0,0,0,0,3
241836,1069.0,67,0,0,0,100,0,0,0,0,0
241906,345.0,73,0,0,0,100,0,0,0,0,0
241951,441.0,70,0,0,0,100,0,0,0,0,0
242042,604.0,48,0,0,0,100,0,0,0,0,0
242112,653.0,60,0,0,0,100,0,0,0,0,0
242121,411.0,62,0,0,0,100,0,0,0,0,0
242130,284.0,64,0,0,0,100,0,0,0,0,0
242149,400.0,71,0,0,0,100,0,0,0,0,0
242413,88.0,42,0,0,30,66,0,3,1,0,0
242556,415.0,42,0,0,0,100,0,0,0,0,0
242565,364.0,36,0,0,0,100,0,0,0,0,0
242583,368.0,33,0,0,0,100,0,0,0,0,0
242617,3766.0,53,0,0,0,99,0,0,0,0,0
242626,3806.0,58,0,0,0,100,0,0,0,0,0
242635,3714.0,61,0,0,0,100,0,0,0,0,0
242644,1514.0,66,0,0,0,100,0,0,0,0,0
242653,5508.0,57,0,0,1,98,0,1,0,0,0
242662,3992.0,61,0,0,0,100,0,0,0,0,0
242680,1816.0,60,0,0,0,100,0,0,0,0,0
242699,1666.0,69,0,0,0,100,0,0,0,0,0
242705,4396.0,43,0,0,0,99,0,1,0,0,0
242750,66.0,68,0,0,0,100,0,0,0,0,0
242820,1014.0,19,0,0,0,100,0,0,0,0,0
242945,174.0,67,0,0,0,100,0,0,0,0,0
242954,74.0,81,0,0,0,100,0,0,0,0,0
242972,11244.0,70,0,0,0,99,0,0,0,1,0
243106,2762.0,54,0,0,1,96,0,2,0,0,0
243115,3545.0,60,0,0,0,100,0,0,0,0,0
243133,3937.0,51,0,0,0,100,0,0,0,0,0
243142,3014.0,61,0,0,2,91,0,0,0,6,0
243151,2885.0,65,0,0,0,100,0,0,0,0,0
243179,3218.0,64,0,0,3,89,0,0,0,7,0
243188,675.0,50,0,0,4,84,0,0,0,12,0
243197,12097.0,46,0,0,0,94,0,0,0,6,0
243203,329.0,77,0,0,0,100,0,0,0,0,0
243212,2540.0,58,0,0,0,100,0,0,0,0,0
243221,11254.0,63,1,0,4,82,0,0,0,13,0
243346,8092.0,62,0,0,0,100,0,0,0,0,0
243443,4448.0,61,0,0,0,100,0,0,0,0,0
243568,126.0,82,0,0,0,87,0,0,0,13,0
243577,3690.0,24,0,0,0,100,0,0,0,0,0
243586,1091.0,65,0,0,0,99,0,0,0,1,0
243601,12508.0,60,0,0,0,100,0,0,0,0,0
243638,1903.0,57,2,0,0,0,98,0,0,0,0
243647,444.0,54,0,2,0,0,98,0,0,0,0
243665,1850.0,69,0,1,70,11,0,4,1,7,5
243744,6996.0,50,1,23,7,17,0,32,9,0,11
243780,34596.0,43,0,9,3,6,0,64,4,2,13
243799,54.0,85,0,0,43,0,0,54,4,0,0
243823,489.0,71,0,3,30,20,0,37,2,6,1
243832,1278.0,70,0,0,0,100,0,0,0,0,0
243841,520.0,79,0,0,0,100,0,0,0,0,0
244233,245.0,70,0,0,59,18,0,18,4,0,0
244279,195.0,96,0,1,29,12,1,55,3,0,0
244437,18573.0,62,0,10,46,13,0,21,5,0,5
244446,3406.0,64,0,4,77,5,0,10,3,1,1
244613,298.0,4,1,2,27,29,0,40,1,1,0
245281,89.0,24,0,0,99,0,0,1,0,0,0
245625,3243.0,57,0,1,3,7,0,27,1,61,0
245652,317.0,47,0,2,0,10,0,58,7,2,21
245777,47.0,0,0,0,0,0,0,100,0,0,0
245838,165.0,65,0,2,10,20,0,40,3,21,4
245847,78.0,69,1,1,3,24,0,38,1,17,14
245883,85.0,79,1,5,6,9,1,38,4,35,1
245892,2.0,50,0,0,0,0,0,100,0,0,0
245953,1353.0,64,5,1,13,29,0,40,1,7,4
245962,235.0,73,8,1,38,12,1,33,5,2,0
245980,36.0,92,14,3,0,3,0,78,3,0,0
245999,2182.0,50,3,5,15,21,0,49,7,0,0
246017,1448.0,50,16,1,4,4,0,60,2,14,0
246035,215.0,90,2,5,15,31,1,38,6,0,1
246071,70.0,91,0,3,3,7,1,80,6,0,0
246354,10763.0,61,0,1,4,78,0,14,2,1,0
246406,39.0,87,0,0,26,26,0,49,0,0,0
246415,60.0,87,3,0,18,78,0,0,0,0,0
246460,156.0,90,1,24,31,23,0,21,0,0,0
246813,4756.0,64,0,2,21,10,0,61,1,3,1
246895,600.0,60,2,2,6,53,0,32,2,3,0
247010,42.0,95,7,0,0,5,2,79,7,0,0
247047,71.0,99,0,1,1,41,3,51,0,3,0
247065,710.0,92,0,1,15,0,0,81,2,0,0
247153,263.0,72,1,0,72,4,0,17,3,3,0
247162,6.0,0,0,0,100,0,0,0,0,0,0
247409,87.0,92,1,0,14,10,0,64,3,7,0
247603,2318.0,49,0,2,3,14,0,76,3,0,2
247649,502.0,34,1,3,4,7,0,62,4,18,1
247773,55.0,0,0,0,0,0,0,100,0,0,0
247825,22.0,32,0,5,32,14,0,50,0,0,0
247834,35132.0,56,0,11,11,21,0,48,4,2,2
247940,4004.0,55,0,1,3,3,0,88,3,2,0
248192,35.0,91,0,0,0,0,0,97,3,0,0
248305,63.0,95,2,2,25,2,0,49,2,19,0
248527,45.0,98,0,0,42,0,0,58,0,0,0
248606,1446.0,34,3,2,4,10,0,41,7,35,0
248624,111.0,86,0,0,4,0,0,96,0,0,0
248633,64.0,97,0,0,3,3,0,94,0,0,0
248660,178.0,83,0,1,11,4,0,67,3,13,0
248703,169.0,98,3,2,19,28,2,38,5,2,0
248925,847.0,43,1,2,26,10,0,53,3,4,1
248934,13142.0,59,1,3,39,11,0,41,3,1,0
249140,208.0,87,0,3,47,39,0,3,4,4,0
249238,418.0,94,1,3,31,34,0,28,1,1,0
249566,335.0,6,0,1,25,2,0,72,0,0,0
249609,168.0,39,0,1,13,20,0,61,4,1,0
250027,240.0,65,1,0,6,0,0,92,1,0,0
250285,351.0,8,0,2,39,21,0,25,11,3,0
250744,415.0,93,0,1,79,0,0,15,3,2,0
250902,75.0,97,0,19,43,0,0,39,0,0,0
250993,521.0,46,3,1,2,13,0,70,10,0,0
251260,4655.0,55,0,2,21,3,0,71,2,0,0
251312,532.0,83,0,1,67,5,1,25,0,1,0
260336,17.0,100,0,0,6,0,0,94,0,0,0
260363,18.0,100,0,0,11,0,0,89,0,0,0
260372,339.0,70,67,0,6,0,0,27,0,0,0
260664,163.0,19,0,1,85,1,0,7,6,0,0
260691,856.0,75,5,4,6,29,0,50,6,0,0
260789,727.0,75,0,12,4,61,1,12,4,5,0
260813,248.0,84,0,8,6,20,0,59,5,1,0
260929,255.0,93,0,0,0,6,1,27,1,64,0
260965,51.0,98,0,2,27,14,0,57,0,0,0
260992,618.0,93,0,2,46,27,0,18,3,4,0
261436,807.0,97,0,2,14,5,0,73,4,2,0
261676,58.0,95,0,0,0,5,0,84,5,5,0
261685,58.0,97,2,2,47,3,0,34,0,12,0
261719,113.0,97,1,2,54,19,0,17,6,2,0
261773,34.0,82,0,0,21,0,0,76,3,0,0
261861,78.0,97,0,0,6,0,0,90,4,0,0
262031,6363.0,58,0,3,7,5,0,75,4,4,1
262086,6060.0,63,1,4,9,19,1,58,3,5,0
262129,702.0,63,0,3,3,18,0,69,4,1,2
262341,628.0,14,1,1,13,22,0,54,9,0,0
262369,90.0,100,0,3,1,53,0,29,13,0,0
262402,82.0,2,0,5,2,28,1,54,4,6,0
262466,32.0,50,0,3,6,3,0,84,0,0,3
362700,372.0,88,1,1,16,43,0,38,1,1,0
362782,261.0,96,1,5,14,23,0,46,10,2,0
363013,41.0,98,0,2,2,2,0,88,2,2,0
363077,130.0,76,1,3,12,59,0,15,1,8,2
363147,192.0,99,1,3,26,13,0,51,8,0,0
363165,1230.0,49,2,2,21,37,0,16,5,17,0
363439,181.0,77,1,2,21,3,0,64,4,1,4
363633,1043.0,55,1,1,1,81,0,15,0,1,0
363679,188.0,95,0,4,36,1,0,57,0,2,0
363712,30.0,0,0,0,0,0,0,73,0,0,27
363882,57.0,96,0,0,25,0,0,63,11,2,0
363907,479.0,36,0,0,0,100,0,0,0,0,0
363916,144.0,67,0,0,0,100,0,0,0,0,0
363934,751.0,19,2,3,10,15,1,51,11,8,0
364016,7900.0,56,1,3,4,26,0,56,4,5,1
364025,15585.0,53,2,6,4,26,0,52,5,4,1
364548,177.0,42,12,3,19,12,1,53,0,0,0
364575,28.0,100,0,0,0,0,0,100,0,0,0
364627,448.0,49,12,0,2,9,0,60,15,0,0
364636,77.0,75,1,0,31,0,0,64,4,0,0
364751,56.0,98,0,0,80,4,0,16,0,0,0
364760,87.0,95,0,0,13,85,0,1,1,0,0
364946,420.0,53,25,0,1,12,0,49,11,2,0
364964,69.0,84,0,1,9,1,0,88,0,0,0
365091,258.0,95,0,3,66,9,0,14,6,1,1
365125,141.0,97,1,2,3,49,1,38,6,0,0
365198,669.0,49,14,1,4,16,0,54,11,1,0
365204,3482.0,67,1,1,26,42,1,22,5,2,0
365213,734.0,51,2,1,2,18,1,53,4,19,0
365240,27.0,22,0,0,4,4,0,93,0,0,0
365374,1589.0,45,11,2,5,12,0,70,0,0,0
365383,146.0,90,0,4,13,8,1,66,4,5,0
365480,1019.0,47,4,2,3,5,0,64,8,14,0
365505,34.0,94,0,3,12,6,0,76,0,3,0
365693,158.0,97,1,1,3,11,0,77,6,1,0
365763,42.0,57,0,7,24,5,0,62,2,0,0
365824,128.0,97,0,1,16,12,0,64,8,0,0
365833,169.0,93,0,3,23,29,0,36,7,2,0
366003,222.0,59,0,1,23,17,0,20,0,4,35
366155,32.0,38,0,0,97,0,0,3,0,0,0
366191,1002.0,3,0,2,6,37,0,48,5,1,0
366252,4972.0,37,0,1,3,4,0,88,2,1,0
366261,286.0,66,1,0,26,20,0,53,0,0,0
366270,270.0,94,0,0,74,1,0,20,3,0,0
366289,226.0,46,0,4,15,43,2,30,0,6,0
366340,318.0,68,93,0,0,0,0,4,0,0,3
366395,25230.0,54,0,4,8,27,0,52,2,6,0
366401,8706.0,53,0,22,4,30,1,32,7,2,1
366438,90.0,94,0,1,23,7,0,69,0,0,0
366465,2079.0,67,0,0,30,6,0,61,2,0,0
366535,306.0,75,1,0,58,0,0,32,4,4,0
366553,950.0,83,0,1,25,29,0,40,2,2,0
366571,23.0,87,0,4,0,0,0,96,0,0,0
366623,240.0,55,4,0,1,10,0,78,6,1,0
366632,22.0,95,0,0,5,0,0,95,0,0,0
366711,14837.0,61,0,9,3,47,0,26,5,4,5
367051,100.0,99,0,0,35,21,0,44,0,0,0
367088,87.0,90,0,1,8,0,2,89,0,0,0
367103,67.0,27,0,0,33,1,0,66,0,0,0
367112,349.0,89,0,0,74,1,0,22,1,1,0
367158,74.0,91,0,0,36,9,0,45,5,4,0
367334,174.0,13,2,2,24,13,0,50,0,10,0
367361,53.0,57,0,2,66,26,0,6,0,0,0
367431,19.0,89,0,0,32,0,0,63,5,0,0
367459,8383.0,59,1,3,2,23,0,63,4,1,1
367875,223.0,63,0,3,39,32,0,19,4,3,0
367884,834.0,62,0,3,15,40,0,37,0,3,1
367972,127.0,93,0,2,42,2,0,53,2,0,0
367981,62.0,100,0,3,31,19,0,39,8,0,0
368036,26.0,88,0,0,8,4,0,85,4,0,0
368230,94.0,94,0,1,63,12,0,4,3,17,0
368364,307.0,48,1,1,6,24,1,52,12,3,0
368407,72.0,96,0,0,14,0,0,86,0,0,0
368443,980.0,82,1,1,37,5,0,45,6,3,1
368452,309.0,61,1,2,20,4,0,71,1,2,0
368540,23.0,96,0,0,4,26,0,57,13,0,0
368629,577.0,78,1,12,4,13,1,60,10,0,0
368647,18.0,94,0,0,0,0,6,94,0,0,0
368771,61.0,75,3,3,7,13,0,66,8,0,0
368832,32.0,91,0,72,0,28,0,0,0,0,0
368911,1972.0,73,0,1,23,11,0,63,1,0,1
369109,55.0,78,0,0,18,0,0,82,0,0,0
369400,2161.0,3,1,1,12,20,0,55,7,5,0
369419,811.0,51,0,2,29,38,0,22,5,3,0
369446,70.0,99,0,61,4,1,0,26,0,0,7
369455,118.0,67,2,1,16,9,0,70,2,0,0
369516,266.0,79,2,1,21,7,1,59,6,3,0
369668,160.0,46,0,1,2,1,0,96,0,0,0
369686,221.0,92,0,0,23,68,0,4,2,1,2
369695,88.0,90,0,89,1,5,1,3,1,0,0
369783,429.0,92,0,2,23,67,0,6,2,0,0
369950,105.0,7,0,4,37,9,0,44,4,3,0
371034,10.0,20,0,10,10,10,0,60,10,0,0
371052,434.0,78,1,1,59,2,0,29,4,3,0
371690,613.0,85,3,8,4,75,0,7,2,0,0
371830,65.0,23,6,11,8,60,8,8,0,0,0
371928,95.0,63,1,15,3,26,4,33,5,9,3
371964,440.0,39,2,8,13,31,1,37,5,3,0
372028,154.0,90,1,1,1,67,1,19,2,8,1
372073,155.0,68,0,11,23,49,0,8,4,6,0
372082,138.0,78,0,5,7,78,0,8,1,0,0
372240,27.0,96,0,0,93,7,0,0,0,0,0
372329,357.0,90,0,1,2,38,0,59,1,0,0
372356,130.0,94,2,2,15,37,0,35,2,5,0
372462,136.0,88,0,1,18,15,0,55,11,0,0
372718,368.0,86,0,2,20,21,1,51,4,2,0
372921,715.0,65,0,1,65,14,0,14,4,1,0
372958,22.0,77,5,50,9,5,23,0,9,0,0
373085,54.0,96,0,2,28,9,0,52,9,0,0
373216,79.0,91,0,0,20,20,0,56,3,1,0
373456,15.0,93,0,0,93,0,0,7,0,0,0
373526,214.0,15,0,0,80,1,0,18,1,0,0
373678,148.0,59,0,5,13,22,0,50,10,1,0
373696,160.0,53,0,0,7,24,0,66,3,0,0
373711,87.0,97,1,1,10,2,0,74,10,1,0
373784,501.0,50,1,1,75,4,0,12,1,6,0
374316,62.0,24,0,0,82,5,0,13,0,0,0
374343,44.0,98,0,0,14,0,0,86,0,0,0
374574,648.0,84,0,1,46,14,0,21,3,15,0
374592,52.0,87,0,2,35,31,0,31,2,0,0
374990,16.0,94,0,0,0,0,0,94,6,0,0
375106,105.0,13,1,2,31,10,0,56,0,0,0
375230,163.0,0,0,0,0,0,0,100,0,0,0
375373,188.0,70,1,1,3,3,0,88,0,5,0
375407,103.0,77,0,1,16,2,0,76,6,0,0
375416,408.0,73,0,2,73,6,0,12,7,0,0
375540,42.0,100,0,0,48,2,0,38,12,0,0
375568,42.0,71,0,0,0,0,0,100,0,0,0
375656,214.0,45,8,0,4,30,0,53,2,3,0
375683,911.0,39,14,0,2,5,1,66,9,5,0
375726,439.0,55,21,1,5,8,0,54,6,6,0
375939,22.0,91,0,0,0,0,0,100,0,0,0
375966,76.0,89,0,3,64,1,0,32,0,0,0
375984,241.0,95,0,1,77,8,0,2,2,10,0
376224,217.0,73,0,0,0,100,0,0,0,0,0
376242,136.0,38,0,0,0,100,0,0,0,0,0
376288,71.0,62,0,0,0,100,0,0,0,0,0
376321,2161.0,81,0,0,0,100,0,0,0,0,0
376330,273.0,74,0,0,0,100,0,0,0,0,0
376385,235.0,54,0,0,0,100,0,0,0,0,0
376446,95.0,96,2,6,53,8,1,29,0,0,0
376631,27.0,70,0,0,0,4,0,96,0,0,0
376677,117.0,62,0,3,65,6,1,22,3,0,0
376695,985.0,53,0,1,0,0,99,0,0,0,0
377111,463.0,72,0,0,45,26,0,24,4,0,0
377193,26.0,92,0,0,35,65,0,0,0,0,0
377218,166.0,2,2,1,8,25,1,61,2,0,0
377272,14.0,86,0,0,14,64,0,21,0,0,0
377281,40.0,95,0,8,28,50,0,15,0,0,0
377315,73.0,97,0,0,3,23,0,74,0,0,0
377342,703.0,86,1,0,33,18,0,28,3,15,0
377449,179.0,58,1,1,50,3,2,19,12,13,0
377458,165.0,76,0,0,59,4,0,15,7,15,0
377485,60.0,95,0,7,22,20,0,40,12,0,0
377546,95.0,68,2,14,3,12,4,65,0,0,0
377555,5350.0,48,0,31,7,10,0,35,6,1,8
377564,4588.0,52,1,21,9,15,1,39,8,2,3
377643,97.0,98,1,2,6,0,1,88,2,0,0
377652,108.0,92,0,1,7,1,0,89,2,0,0
377661,547.0,88,0,0,17,3,0,75,4,2,0
377722,372.0,91,1,7,6,26,1,45,10,3,0
377759,59.0,0,0,3,7,58,0,32,0,0,0
378105,284.0,95,0,3,1,89,2,4,0,1,0
378576,185.0,70,0,8,9,17,2,38,9,16,0
378886,116.0,62,0,0,37,45,0,12,6,0,0
378956,856.0,7,0,4,13,21,0,55,5,0,0
379621,63.0,95,0,2,22,5,0,70,2,0,0
379746,152.0,94,0,1,13,84,0,1,1,1,0
379782,243.0,90,0,1,29,32,1,36,0,0,0
380067,109.0,97,0,0,30,68,0,2,0,0,0
380359,511.0,77,59,0,2,2,0,38,0,0,0
380368,1701.0,57,7,1,4,3,0,75,6,2,0
380377,594.0,72,74,0,1,6,1,3,6,8,0
380438,412.0,83,0,0,0,1,0,79,6,14,0
380456,150.0,93,0,0,0,6,3,35,3,53,0
380465,14.0,50,0,0,0,21,7,29,0,43,0
381255,79.0,25,0,3,0,95,0,3,0,0,0
381282,107.0,57,0,1,3,90,0,6,1,0,0
381325,135.0,76,0,0,1,95,0,4,1,0,0
381361,53.0,66,0,4,2,8,4,55,0,28,0
381370,309.0,98,0,2,45,3,0,44,3,3,0
381404,319.0,97,4,0,41,33,0,13,5,4,0
381486,10.0,80,0,0,0,0,0,100,0,0,0
381699,43.0,95,0,2,2,33,0,63,0,0,0
381732,73.0,78,0,1,4,8,0,79,5,0,1
382258,129.0,74,1,16,10,42,0,32,0,0,0
382267,49.0,69,0,8,18,39,2,29,4,0,0
382416,79.0,85,0,1,56,10,0,33,0,0,0
382461,54.0,98,0,0,39,4,0,57,0,0,0
382780,54.0,100,0,0,24,15,0,56,2,4,0
382911,65.0,37,0,2,15,48,0,20,3,0,12
382957,513.0,62,1,2,71,3,0,16,4,2,0
383020,17.0,94,0,0,6,0,0,94,0,0,0
383084,812.0,53,1,10,3,69,4,10,1,1,0
383163,301.0,95,0,0,0,99,0,1,0,0,0
383190,2615.0,62,0,15,1,19,7,13,39,3,2
383279,135.0,75,1,4,20,38,0,30,3,2,2
383297,221.0,99,0,3,9,17,0,59,5,5,3
383312,102.0,69,0,0,2,1,0,97,0,0,0
383330,120.0,78,0,0,22,6,0,67,3,3,0
383367,216.0,71,2,1,3,3,0,90,1,0,0
383464,132.0,93,1,3,26,17,0,41,4,8,0
383525,144.0,85,0,1,29,13,0,57,0,0,0
383765,132.0,99,0,3,57,15,1,17,1,7,0
383792,158.0,97,0,1,17,81,0,1,0,0,0
383996,673.0,60,19,0,1,33,0,37,3,5,1
384236,634.0,58,0,1,6,41,0,4,1,47,0
384245,657.0,61,0,1,5,56,1,8,0,28,0
384254,416.0,37,2,5,16,8,0,66,3,0,1
384333,10120.0,61,1,3,7,57,0,26,4,2,0
384342,4974.0,56,0,2,12,9,0,69,5,1,1
384412,39.0,74,0,18,18,0,0,15,0,0,49
384421,73.0,0,0,0,0,0,0,95,0,0,5
385132,125.0,95,2,1,22,16,0,58,2,0,0
385503,281.0,92,0,5,9,14,0,64,4,4,0
385549,43.0,86,0,5,21,40,0,30,2,2,0
385619,1757.0,45,1,1,19,22,0,45,2,10,0
386153,547.0,100,0,0,0,0,0,100,0,0,0
386472,609.0,84,1,4,37,23,0,29,2,3,0
387925,70.0,76,1,7,37,33,0,17,4,0,0
388520,460.0,43,0,8,47,24,0,17,2,0,0
388663,99.0,97,0,11,82,5,0,2,0,0,0
389860,216.0,65,0,0,5,1,0,91,3,0,0
390905,201.0,47,0,1,9,10,0,69,4,6,0
391005,285.0,96,0,0,100,0,0,0,0,0,0
391546,90.0,100,1,0,3,87,0,9,0,0,0
391759,22.0,100,0,0,9,5,0,86,0,0,0
392257,1684.0,92,0,1,32,47,1,14,3,2,0
392354,19.0,79,0,5,0,0,0,95,0,0,0
392415,374.0,75,0,4,54,31,0,7,1,2,0
392840,150.0,71,1,3,13,7,0,69,7,0,0
393524,129.0,87,1,56,2,33,0,3,2,0,3
393649,953.0,57,0,1,13,28,2,1,31,24,0
393861,501.0,83,0,100,0,0,0,0,0,0,0
395362,1533.0,65,0,3,6,37,1,43,7,3,0
395690,580.0,50,0,2,36,38,0,19,3,3,0
397942,927.0,63,1,2,4,31,0,3,1,59,0
399212,11911.0,40,0,8,2,53,0,28,4,3,1
399869,607.0,3,0,14,4,54,1,21,4,2,0
399911,406.0,65,0,15,3,12,1,17,5,3,45
400080,1085.0,38,0,5,13,53,0,20,7,1,0
400187,507.0,89,0,77,1,5,0,5,0,11,1
400558,81.0,53,0,95,1,2,0,1,0,0,0
401223,190.0,74,0,49,0,29,0,0,0,0,21
401481,37.0,97,0,0,54,38,0,0,0,8,0
401764,232.0,99,0,0,83,8,0,6,2,0,1
402563,176.0,96,0,0,28,2,0,66,3,0,0
402776,20.0,45,15,0,5,50,0,30,0,0,0
402800,174.0,95,0,0,2,71,0,13,0,15,0
403469,1719.0,62,0,1,1,2,0,96,2,0,0
403478,797.0,56,0,1,4,2,0,90,3,0,0
403487,2646.0,39,0,1,2,2,0,89,1,4,0
404037,28.0,93,0,4,7,21,0,64,4,0,0
404055,478.0,84,8,1,14,36,1,31,4,6,0
404338,6.0,50,33,0,0,33,0,0,0,0,33
404426,3582.0,53,19,1,2,20,1,48,4,5,0
404684,440.0,64,0,0,0,100,0,0,0,0,0
404718,114.0,96,0,1,6,8,0,84,1,0,0
404806,252.0,65,0,0,0,100,0,0,0,0,0
404912,767.0,81,0,3,2,38,0,49,7,1,0
404994,4358.0,65,0,7,29,33,0,7,2,0,22
405012,66.0,98,0,3,3,0,0,94,0,0,0
405058,157.0,0,0,0,0,0,0,98,0,0,2
405076,206.0,84,0,2,6,59,0,32,0,0,0
405854,221.0,0,0,0,0,0,0,100,0,0,0
405872,3126.0,59,0,3,4,5,0,83,2,3,0
405997,30.0,67,0,3,3,43,0,7,0,43,0
406024,1613.0,86,1,3,20,13,0,53,7,3,0
406033,1756.0,86,1,3,11,38,1,36,7,3,0
406149,94.0,70,0,1,7,11,0,72,7,0,1
406325,150.0,89,2,1,11,0,0,79,7,0,0
406361,17.0,100,0,0,6,0,0,94,0,0,0
406413,40.0,95,0,0,15,0,0,85,0,0,0
406422,117.0,91,0,0,3,0,0,97,0,0,0
406486,109.0,76,1,4,2,17,1,73,2,0,0
406547,165.0,90,1,2,37,7,0,47,6,0,0
407009,4601.0,62,1,6,5,37,0,41,3,1,5
407090,460.0,99,0,5,37,24,0,32,1,0,1
407142,103.0,98,0,2,6,0,0,88,0,4,0
407151,79.0,97,0,0,8,1,0,90,0,1,0
407179,79.0,97,0,3,20,32,0,30,3,13,0
407355,177.0,98,1,0,4,16,0,75,4,0,0
407391,103.0,75,1,0,9,17,2,68,1,2,0
407407,107.0,80,2,2,37,33,0,26,0,0,0
407425,93.0,82,0,2,6,32,0,56,1,2,0
407434,61.0,98,0,5,21,7,0,66,0,2,0
407461,106.0,26,0,6,22,0,0,71,1,1,0
407470,168.0,98,0,1,84,1,0,10,1,3,0
407489,93.0,45,1,0,10,1,0,88,0,0,0
407513,208.0,55,0,0,2,0,0,95,1,0,0
407522,43.0,65,0,2,2,7,0,88,0,0,0
407568,115.0,95,0,4,22,9,0,57,8,0,0
407577,104.0,54,0,0,2,1,0,97,0,0,0
407595,179.0,63,2,0,19,1,0,76,1,2,0
407610,43.0,53,0,0,0,5,2,91,2,0,0
407629,7.0,86,0,14,14,0,0,71,0,0,0
407683,78.0,95,6,1,1,91,0,0,0,0,0
407708,166.0,95,3,10,10,11,1,54,10,1,0
407735,58.0,93,3,5,16,19,0,53,0,3,0
407832,187.0,43,0,3,6,4,1,84,3,0,0
408066,168.0,77,1,2,15,24,0,50,4,4,0
408163,55.0,98,0,0,27,4,0,65,4,0,0
408385,422.0,59,0,0,0,92,0,8,0,0,0
408729,108.0,80,0,0,2,0,0,93,2,4,0
408844,3708.0,71,0,0,4,77,0,2,0,0,17
408862,252.0,96,0,2,40,12,0,46,0,0,0
409032,71.0,99,0,0,0,100,0,0,0,0,0
409120,137.0,72,1,4,4,5,0,81,4,1,0
409193,341.0,3,0,0,0,100,0,0,0,0,0
409315,33054.0,57,0,1,0,95,0,2,0,1,0
409537,22.0,59,0,0,5,0,0,95,0,0,0
409591,80.0,81,1,0,34,9,0,50,5,1,0
409698,6789.0,61,0,5,3,49,0,24,5,6,7
410797,210.0,50,0,0,70,3,0,22,5,0,0
410964,33.0,100,0,15,6,12,0,67,0,0,0
411684,210.0,75,0,40,13,39,1,3,0,0,4
411754,43.0,74,0,0,9,7,0,81,2,0,0
412173,552.0,92,0,1,78,12,0,8,0,0,0
412535,37.0,84,0,0,51,11,0,30,0,0,8
412544,140.0,89,1,2,19,16,0,57,4,1,0
412599,656.0,66,0,0,89,2,0,7,1,0,0
413176,38.0,63,0,0,0,0,0,100,0,0,0
413413,10503.0,78,1,2,18,9,0,47,3,19,0
413617,191.0,72,87,0,1,2,1,10,0,0,0
413626,146.0,48,82,0,1,0,1,15,0,0,0
413680,415.0,8,0,9,9,58,5,7,2,9,0
413778,259.0,95,0,1,39,30,0,24,0,6,0
413802,108.0,65,0,4,6,76,3,7,5,0,0
413820,14.0,100,0,0,0,7,0,93,0,0,0
413893,1013.0,69,0,0,64,5,0,1,1,29,0
413945,72.0,92,0,6,15,11,0,65,0,0,3
413972,9.0,100,0,0,0,11,0,89,0,0,0
414063,125.0,96,0,2,6,23,0,66,2,1,1
414124,332.0,32,0,3,7,19,0,64,1,6,0
414461,2608.0,4,0,0,0,99,0,0,0,0,0
414489,85.0,94,0,2,9,28,0,54,4,2,0
414540,298.0,97,0,3,26,8,0,59,4,0,0
414595,232.0,83,0,13,11,16,0,32,7,20,0
414823,1276.0,63,0,1,37,25,0,17,2,8,9
414869,264.0,91,2,0,61,2,0,29,6,0,0
414878,279.0,58,0,1,5,5,0,84,3,3,1
414911,2752.0,62,0,1,4,2,0,84,3,6,0
414939,388.0,81,0,2,26,43,3,22,2,2,0
415039,58.0,97,0,0,0,5,0,83,2,10,0
415057,87.0,1,1,2,10,24,0,62,0,0,0
415987,120.0,95,5,3,46,27,0,3,5,12,0
416458,329.0,72,0,25,2,66,1,4,2,0,0
416801,351.0,77,0,22,6,33,0,26,2,2,9
417008,150.0,99,0,1,27,3,0,66,3,0,0
417062,53.0,96,4,0,0,75,0,15,0,6,0
417105,305.0,37,0,4,1,89,2,4,0,1,0
417123,97.0,63,1,4,2,58,0,35,0,0,0
417248,61.0,3,0,7,10,8,2,72,0,2,0
417275,70.0,7,0,1,14,23,0,59,3,0,0
417327,188.0,81,0,3,41,7,1,36,13,0,0
417381,45.0,93,0,0,84,2,0,2,2,9,0
417442,80.0,93,0,3,40,5,0,53,0,0,0
417503,187.0,95,0,3,24,11,1,55,2,5,0
417600,11.0,91,0,0,9,0,9,82,0,0,0
417628,35.0,86,0,0,0,6,0,91,3,0,0
417637,58.0,62,0,2,0,2,0,97,0,0,0
417646,24.0,96,0,0,17,4,0,79,0,0,0
417655,32.0,100,0,0,6,16,3,75,0,0,0
417682,24.0,96,0,0,25,0,4,63,8,0,0
417716,143.0,99,0,1,83,0,0,15,2,0,0
417725,56.0,100,0,0,11,4,0,86,0,0,0
417734,154.0,83,1,1,5,1,0,91,2,0,0
417752,46.0,57,0,0,0,17,0,74,4,4,0
417831,105.0,25,2,0,20,20,0,56,0,2,0
417840,64.0,92,0,3,81,8,0,6,0,2,0
417868,56.0,66,0,0,0,2,0,96,2,0,0
417886,32.0,88,6,0,6,6,0,78,3,0,0
417910,190.0,81,0,5,74,11,0,6,0,4,0
417983,57.0,98,4,0,0,0,0,95,2,0,0
417992,73.0,84,0,3,25,23,0,48,1,0,0
418001,208.0,94,0,2,42,3,0,44,8,0,0
418010,65.0,97,0,0,3,2,0,95,0,0,0
418029,34.0,97,0,0,6,0,0,94,0,0,0
418038,162.0,91,1,2,38,8,0,33,12,2,4
418056,50.0,88,0,0,28,32,0,40,0,0,0
418065,249.0,90,0,2,28,23,0,32,10,4,0
418083,59.0,81,0,5,59,10,0,14,2,10,0
418126,427.0,70,0,28,12,19,0,29,0,4,9
418171,12.0,0,0,0,25,25,0,50,0,0,0
418199,48.0,0,0,0,23,6,0,58,13,0,0
418205,323.0,47,0,2,2,6,0,89,0,0,0
418223,91.0,89,0,0,67,2,0,24,5,1,0
418250,209.0,38,0,1,2,0,0,93,2,1,0
418269,177.0,47,0,0,81,1,0,11,6,2,0
418278,74.0,62,0,0,7,4,0,86,3,0,0
418296,1462.0,45,44,1,4,11,0,38,0,1,1
418302,522.0,52,3,0,2,25,0,62,6,2,0
418320,998.0,42,10,1,3,9,0,78,0,0,0
418339,518.0,48,21,1,2,3,0,62,6,4,0
418348,557.0,35,3,1,3,6,0,69,17,1,0
418357,247.0,53,21,0,3,3,0,55,17,0,0
418409,130.0,52,1,5,19,12,1,58,5,0,0
418427,100.0,94,0,2,44,4,0,46,4,0,0
418445,23.0,91,0,0,4,0,0,96,0,0,0
418454,183.0,60,0,1,25,2,0,73,0,0,0
418481,46.0,96,0,0,2,7,0,91,0,0,0
418515,143.0,90,0,1,11,0,0,83,3,3,0
418524,62.0,92,0,0,3,0,0,97,0,0,0
418533,333.0,80,0,4,13,11,0,62,11,0,0
418542,191.0,96,0,3,34,13,0,50,0,0,0
418560,84.0,85,0,18,24,1,0,57,0,0,0
418588,34.0,91,0,6,3,0,0,91,0,0,0
418612,5.0,100,0,0,0,40,0,60,0,0,0
418658,272.0,10,0,2,49,1,0,43,3,1,0
418764,38.0,84,0,0,0,100,0,0,0,0,0
418773,541.0,57,0,0,0,100,0,0,0,0,0
418782,258.0,4,0,0,0,100,0,0,0,0,0
418889,77.0,5,0,3,10,8,0,69,8,3,0
418913,20.0,65,0,0,0,100,0,0,0,0,0
418968,168.0,99,0,1,65,20,0,10,0,2,2
419031,29.0,83,0,0,0,0,0,100,0,0,0
419095,44.0,93,0,0,2,7,0,82,9,0,0
419183,188.0,88,0,2,0,53,0,45,0,0,0
419217,73.0,70,0,0,11,77,0,7,4,1,0
419226,466.0,50,0,2,20,19,0,55,4,0,1
419235,159.0,70,0,0,78,6,0,15,0,1,0
419244,237.0,19,0,3,47,8,0,32,6,3,0
419253,99.0,24,1,0,46,9,0,38,5,0,0
419280,23.0,96,4,4,0,4,0,87,0,0,0
419332,7.0,14,0,0,29,0,0,71,0,0,0
419341,29.0,66,0,0,66,14,3,17,0,0,0
419420,83.0,43,0,0,5,0,0,95,0,0,0
419484,37.0,97,0,3,11,0,0,78,8,0,0
419633,67.0,99,0,0,0,61,0,39,0,0,0
419703,508.0,5,0,0,0,100,0,0,0,0,0
419712,152.0,8,0,0,0,100,0,0,0,0,0
419721,279.0,6,0,0,0,100,0,0,0,0,0
420024,144.0,69,1,1,56,4,1,26,11,1,0
420042,188.0,26,0,14,5,7,11,9,7,46,0
420130,266.0,94,0,0,72,15,0,10,0,3,0
420255,77.0,1,0,0,0,100,0,0,0,0,0
420325,80.0,0,0,0,0,0,0,100,0,0,0
420343,847.0,3,0,4,14,40,0,38,2,1,0
420370,371.0,74,0,0,81,13,0,6,0,0,0
420398,18010.0,57,0,3,6,63,0,22,4,1,0
420431,1859.0,64,0,0,44,3,0,51,1,1,0
420440,1630.0,64,1,2,1,3,0,81,2,9,0
420459,351.0,50,17,1,1,4,1,30,4,42,0
420468,334.0,66,1,3,12,19,1,58,4,2,0
420538,1325.0,61,0,1,0,4,0,89,3,2,0
420556,773.0,68,1,1,1,31,1,60,3,2,0
420574,4611.0,33,2,7,5,24,0,50,4,1,6
420608,14.0,71,0,0,0,100,0,0,0,0,0
420723,521.0,59,1,1,1,18,1,70,4,3,2
420981,619.0,76,0,36,18,9,0,35,0,2,1
421513,74.0,93,0,0,22,9,1,53,14,1,0
421610,81.0,99,0,1,0,19,1,78,0,1,0
421665,10.0,90,0,0,10,10,0,80,0,0,0
421708,479.0,85,4,3,13,53,1,20,5,1,0
421717,26.0,69,0,0,19,4,0,69,8,0,0
421771,28.0,93,4,0,39,0,0,54,0,4,0
421832,233.0,54,3,0,56,13,0,25,2,0,0
421841,313.0,57,1,3,20,19,0,43,1,2,10
421878,336.0,90,3,11,22,22,2,35,3,2,0
421896,260.0,62,0,0,0,100,0,0,0,0,0
422695,255.0,91,0,9,11,61,2,11,5,0,0
422835,83.0,86,0,1,6,58,0,23,4,8,0
423120,274.0,97,0,0,0,100,0,0,0,0,0
423397,353.0,27,0,0,0,100,0,0,0,0,0
423412,49.0,20,0,0,41,51,0,8,0,0,0
423652,452.0,69,2,1,1,21,0,66,7,2,0
425250,111.0,81,0,5,55,19,0,19,0,2,0
425986,202.0,75,0,0,18,6,0,66,0,10,0
426314,10304.0,13,0,4,8,16,1,57,4,7,3
427308,136.0,96,0,77,0,0,0,23,0,0,0
427335,47.0,96,0,9,13,36,0,36,4,2,0
427894,103.0,3,0,21,64,10,0,5,0,0,0
427973,233.0,17,1,3,28,7,0,40,13,8,0
427982,112.0,42,0,0,69,5,1,15,9,1,0
427991,822.0,48,1,2,12,65,0,20,0,0,0
428000,111.0,62,1,4,14,32,0,21,0,0,30
428019,260.0,45,13,0,8,3,0,43,33,0,0
428055,212.0,66,0,0,0,100,0,0,0,0,0
428125,66.0,27,0,5,33,55,2,6,0,0,0
428143,161.0,80,10,1,27,13,1,40,8,1,0
428170,720.0,89,0,2,39,38,0,14,1,6,0
428259,132.0,80,1,3,12,10,0,70,2,2,0
428392,1715.0,58,3,1,1,18,1,66,4,6,0
429012,651.0,4,0,1,1,7,0,6,0,2,83
429128,768.0,91,0,14,14,66,0,3,0,3,0
430184,2684.0,77,1,1,75,5,0,12,4,2,0
430218,64.0,88,2,5,45,27,0,14,6,2,0
430227,88.0,95,0,0,42,2,0,32,11,13,0
430245,400.0,81,0,0,24,63,0,14,0,0,0
430306,26.0,81,0,8,15,0,0,77,0,0,0
430403,64.0,95,6,0,50,23,0,19,0,2,0
430485,40.0,73,3,0,0,5,0,85,8,0,0
430564,34.0,79,0,12,9,6,0,68,0,0,6
430582,407.0,54,0,0,0,100,0,0,0,0,0
430670,56.0,82,2,0,0,98,0,0,0,0,0
430704,6.0,50,0,0,17,0,17,17,0,17,33
430795,177.0,74,0,0,7,1,0,90,2,0,0
430883,40.0,98,3,0,10,5,0,83,0,0,0
430908,62.0,84,0,0,2,2,0,97,0,0,0
430935,672.0,20,0,0,0,100,0,0,0,0,0
430971,68.0,84,0,0,99,0,0,1,0,0,0
431017,81.0,56,4,1,30,6,0,43,15,1,0
431071,32.0,81,0,0,22,0,0,75,3,0,0
431099,140.0,96,0,1,4,46,0,19,7,22,0
431105,122.0,90,0,1,43,15,0,34,6,2,0
431123,185.0,1,0,0,0,100,0,0,0,0,0
431141,1310.0,65,1,5,5,41,2,36,3,6,0
431169,112.0,81,0,0,13,0,0,80,4,4,0
431187,76.0,5,0,1,4,17,0,78,0,0,0
431196,121.0,93,0,2,40,2,1,50,6,0,0
431266,96.0,98,0,4,63,3,0,25,4,1,0
431275,78.0,91,0,3,8,13,0,76,1,0,0
431284,35.0,89,0,26,20,37,0,17,0,0,0
431558,438.0,71,1,1,11,33,0,53,0,0,2
431600,163.0,80,0,1,11,1,0,82,4,1,0
431716,364.0,51,0,2,11,17,0,68,2,0,0
431929,99.0,86,0,0,0,100,0,0,0,0,0
431983,74.0,0,0,0,0,0,0,99,0,0,1
432074,276.0,74,31,2,2,6,0,47,7,5,0
432117,174.0,98,1,0,43,6,0,51,0,0,0
432223,22.0,41,0,0,5,5,5,41,0,45,0
432269,45.0,22,2,0,2,91,0,2,2,0,0
432384,572.0,76,1,5,9,61,1,19,4,0,0
432524,135.0,70,3,0,22,5,0,38,12,19,1
433004,359.0,75,1,52,9,26,3,4,3,1,1
433013,385.0,74,2,29,5,27,2,22,2,10,1
433040,35.0,91,0,0,26,9,0,57,9,0,0
433068,499.0,35,1,5,14,8,0,71,1,0,0
433101,678.0,90,0,1,33,26,0,31,6,2,0
433138,215.0,81,0,0,5,1,0,91,3,0,0
433165,5.0,80,0,0,0,0,0,100,0,0,0
433174,476.0,90,0,3,13,6,0,72,5,1,0
433387,98630.0,64,1,3,9,11,1,68,3,5,0
433420,224.0,15,0,12,5,33,2,41,0,8,0
433536,431.0,89,1,0,61,6,0,25,3,3,0
433660,13722.0,56,0,2,7,23,0,62,3,1,2
433970,71.0,90,0,0,1,1,0,93,0,4,0
434016,133.0,65,82,0,8,3,0,3,5,0,0
434061,6698.0,60,0,1,34,5,2,48,4,4,1
434140,841.0,79,0,8,4,61,0,17,10,0,0
434159,456.0,27,0,1,66,12,0,5,2,14,0
434274,83.0,86,0,5,35,7,0,53,0,0,0
434283,13.0,100,0,0,77,0,0,23,0,0,0
434292,3.0,100,0,0,67,0,0,33,0,0,0
434308,135.0,86,0,0,63,3,0,16,0,18,0
434344,230.0,95,0,2,10,10,0,72,5,0,0
434362,44.0,2,2,0,2,2,0,86,5,2,0
434432,17.0,71,0,0,12,6,0,82,0,0,0
434469,28.0,79,0,0,0,100,0,0,0,0,0
434496,64.0,100,0,0,13,3,0,81,3,0,0
434520,72.0,88,0,0,10,44,0,36,8,1,0
434539,95.0,64,0,0,17,55,1,21,6,0,0
434584,233.0,64,69,6,1,3,7,13,0,0,0
434672,17732.0,62,0,6,38,6,0,38,4,1,6
434751,121.0,68,83,0,0,0,0,15,2,0,0
434821,833.0,93,0,1,82,5,0,11,0,0,0
434830,182.0,99,0,1,46,1,0,52,0,1,0
434900,188.0,82,0,0,0,100,0,0,0,0,0
434937,20.0,0,0,0,0,0,0,100,0,0,0
435000,33.0,88,3,9,18,12,0,55,3,0,0
436030,216.0,69,0,0,100,0,0,0,0,0,0
436100,14.0,86,0,0,0,7,0,93,0,0,0
436304,3232.0,52,0,0,29,4,2,40,2,21,0
436429,5151.0,29,0,1,3,4,0,4,2,81,5
436553,501.0,81,0,0,0,100,0,0,0,0,0
436599,100.0,67,0,3,6,7,0,84,0,0,0
436614,47.0,53,2,0,2,6,4,79,0,0,6
436632,121.0,88,0,2,59,9,0,15,0,16,0
436641,125.0,70,0,1,27,7,0,58,6,0,0
436650,235.0,94,0,2,56,1,0,41,0,0,0
436775,152.0,96,0,1,8,14,0,72,1,5,0
436818,806.0,54,0,9,10,19,0,54,4,2,1
436827,559.0,53,0,9,3,16,0,62,6,3,2
436836,2126.0,49,0,10,13,29,0,37,3,1,6
437097,226.0,35,0,4,14,4,1,20,3,54,0
437103,8116.0,61,0,2,46,4,3,37,3,3,2
437237,66.0,8,0,0,2,5,0,76,2,12,5
437316,337.0,82,0,15,2,14,1,57,8,4,1
437325,215.0,85,2,7,0,10,0,64,6,9,0
437556,496.0,58,0,1,25,3,0,67,1,2,0
437608,196.0,29,0,0,0,100,0,0,0,0,0
437635,435.0,90,1,2,16,50,0,17,3,11,0
437705,16.0,100,0,0,0,100,0,0,0,0,0
437723,78.0,45,0,0,88,12,0,0,0,0,0
437732,163.0,87,0,4,54,9,0,23,2,9,0
437750,107.0,6,1,5,6,2,1,74,0,2,10
437769,218.0,94,0,0,80,3,0,16,0,0,0
437778,223.0,93,0,0,22,59,0,14,4,0,0
437857,119.0,98,0,3,16,8,0,66,7,0,0
438151,167.0,57,2,1,5,25,5,47,9,5,0
438179,292.0,76,4,1,10,48,1,32,3,1,0
438221,233.0,83,0,0,7,6,0,82,3,1,0
438285,218.0,89,0,0,39,41,0,9,10,0,0
438337,187.0,71,0,0,0,100,0,0,0,0,0
438498,1975.0,73,0,3,40,6,0,12,3,34,0
438504,1386.0,3,1,3,3,62,1,17,11,2,0
438586,1527.0,70,0,0,57,0,1,9,3,30,0
438674,32.0,97,0,0,84,0,0,16,0,0,0
438708,530.0,75,0,1,2,0,0,95,2,0,0
438735,162.0,6,2,2,28,7,0,51,7,2,0
438869,21.0,76,0,0,67,5,0,29,0,0,0
438984,64.0,63,0,0,0,100,0,0,0,0,0
439020,22.0,55,5,23,5,9,5,45,0,0,9
439118,386.0,88,2,3,4,8,3,77,4,1,0
439145,4566.0,61,0,6,6,16,1,52,12,5,1
439190,3387.0,50,0,14,3,10,0,47,11,9,6
439288,901.0,61,1,4,10,23,0,51,3,7,1
439367,788.0,70,0,20,8,31,1,19,0,21,0
439446,39.0,85,3,5,13,31,0,36,0,3,10
439455,312.0,95,0,1,94,4,0,1,1,0,0
439473,293.0,58,0,0,100,0,0,0,0,0,0
439491,291.0,76,0,0,74,0,0,25,1,0,0
439507,96.0,76,0,0,19,47,1,27,1,5,0
439570,542.0,95,18,2,16,7,0,53,2,2,0
439622,428.0,82,1,3,33,7,0,56,0,0,0
439668,143.0,10,1,1,13,41,1,40,0,2,0
439686,29.0,97,0,0,0,100,0,0,0,0,0
439701,316.0,59,1,3,9,16,0,59,6,3,2
439738,396.0,74,1,0,73,2,0,22,1,1,0
439747,254.0,77,0,96,2,2,0,1,0,0,0
439774,37.0,62,0,0,0,86,0,14,0,0,0
439783,76.0,71,0,79,3,0,0,9,0,0,9
439792,440.0,90,0,3,35,6,0,47,5,3,0
439844,56.0,98,9,2,2,2,2,84,0,0,0
439862,54.0,48,0,2,0,0,91,4,0,0,4
439871,114.0,93,0,14,4,71,2,6,0,4,0
439899,60.0,45,0,2,0,0,0,97,2,0,0
439932,41.0,80,12,0,7,0,0,80,0,0,0
439969,81.0,64,0,2,6,77,0,14,0,0,1
439996,65.0,80,8,2,9,48,0,31,3,0,0
440059,962.0,7,0,6,48,9,0,23,13,0,0
440101,113.0,95,0,0,65,7,0,20,2,6,0
440217,54.0,94,0,0,6,0,0,94,0,0,0
440226,53.0,96,2,4,6,4,0,85,0,0,0
440262,271.0,4,1,9,44,34,1,7,2,3,0
440271,82.0,18,0,0,91,0,0,6,2,0,0
440396,163.0,57,0,1,1,0,0,7,0,90,1
440402,2247.0,63,1,0,14,4,0,73,1,5,1
440651,750.0,74,0,0,0,100,0,0,0,0,0
440730,379.0,63,1,2,21,3,0,70,3,0,0
440749,199.0,30,0,6,21,9,0,59,0,5,1
440776,36.0,92,0,0,14,78,0,8,0,0,0
440794,494.0,75,0,3,21,50,0,16,2,2,6
440819,36.0,61,0,17,0,8,0,47,0,3,25
440828,1026.0,49,1,2,1,10,0,75,6,4,1
440855,69.0,96,1,0,17,57,0,23,1,0,0
440989,607.0,17,0,0,76,21,0,3,0,0,0
441025,411.0,80,0,0,71,4,0,24,1,0,0
441052,1135.0,77,1,20,5,53,3,11,6,0,0
441070,138.0,64,82,0,1,2,0,13,2,0,0
441168,30.0,97,3,0,3,17,0,63,7,7,0
441210,288.0,58,5,5,10,30,0,50,0,0,0
441229,814.0,71,0,5,4,42,0,49,0,0,0
441256,27.0,100,4,0,0,41,0,48,0,7,0
441362,167.0,88,0,1,53,17,0,19,4,8,0
441371,7031.0,96,1,0,51,1,1,26,1,20,0
441380,61.0,52,0,0,66,31,0,3,0,0,0
441414,184.0,65,0,0,2,93,0,5,1,0,0
441423,264.0,67,1,0,1,97,0,1,0,0,0
441487,54.0,94,0,0,2,2,0,96,0,0,0
441496,200.0,11,1,3,27,9,0,53,8,1,0
441502,343.0,93,0,1,54,5,0,37,3,0,0
441548,92.0,73,1,8,23,17,0,41,4,5,0
441575,401.0,87,0,65,1,33,0,1,0,0,0
441593,32.0,97,0,0,25,0,0,63,9,3,0
441609,89.0,0,0,0,0,0,0,87,0,0,13
441618,18.0,100,0,0,17,0,0,83,0,0,0
441636,376.0,81,1,2,76,3,1,15,3,1,0
441645,146.0,95,0,1,23,1,0,73,1,0,0
441663,339.0,93,1,2,0,24,0,43,1,28,0
441672,65.0,92,0,0,0,3,0,97,0,0,0
441690,188.0,42,0,0,0,100,0,0,0,0,0
441706,43.0,56,0,0,0,100,0,0,0,0,0
441742,869.0,89,0,1,26,16,0,6,0,51,0
441760,4015.0,53,1,3,28,23,0,42,3,0,0
441788,567.0,7,1,6,28,25,0,28,10,2,1
441830,90.0,86,0,0,2,8,2,88,0,0,0
441858,261.0,89,0,2,28,10,0,52,5,3,0
441876,213.0,95,1,2,21,6,0,65,6,0,0
441900,5531.0,75,0,11,8,38,1,26,6,10,0
441937,7112.0,65,0,6,2,53,0,26,4,5,3
441982,386.0,53,0,14,2,11,0,42,8,13,10
442073,561.0,75,0,5,36,40,0,13,3,3,0
442134,514.0,89,1,2,7,25,1,53,11,1,0
442161,16.0,75,0,0,44,19,0,13,0,25,0
442213,75.0,100,0,1,9,0,1,56,11,13,8
442240,407.0,84,0,8,3,38,0,45,2,2,0
442329,960.0,8,2,1,32,8,0,50,5,4,0
442356,1688.0,88,0,3,7,10,0,73,2,4,0
442383,121.0,87,0,0,2,0,0,98,0,0,0
442426,470.0,85,0,0,56,3,0,37,1,2,0
442435,39.0,72,0,0,31,51,0,18,0,0,0
442523,95.0,62,89,1,0,0,2,2,4,1,0
442569,5896.0,49,0,1,36,8,0,31,6,18,0
442602,424.0,84,23,2,2,51,0,20,1,0,0
442611,1132.0,4,1,1,15,14,0,62,6,2,0
442639,40.0,33,0,5,0,0,0,3,0,0,93
442657,139.0,83,1,1,3,83,1,9,0,2,0
442718,14.0,93,0,7,14,14,0,64,0,0,0
442781,431.0,59,86,0,2,2,0,8,1,0,0
442842,49.0,80,2,2,24,16,0,37,2,16,0
442879,1013.0,90,2,1,10,13,0,63,1,10,0
442888,159.0,14,1,1,11,61,1,19,1,5,0
442930,762.0,56,3,3,18,40,1,17,2,14,3
442949,14.0,100,7,0,0,0,0,71,14,7,0
442967,78.0,87,21,3,0,50,0,19,8,0,0
442976,94.0,94,0,0,32,2,0,51,12,3,0
442985,52.0,73,0,8,29,54,0,6,2,2,0
443021,115.0,23,0,0,89,10,0,1,0,0,0
443049,101.0,35,0,6,37,2,1,38,6,5,6
443058,25.0,52,0,0,12,12,0,60,8,4,4
443100,98.0,47,0,0,0,100,0,0,0,0,0
443137,198.0,80,0,1,27,4,2,58,3,7,0
443146,132.0,37,0,0,83,14,0,3,0,0,0
443173,13.0,92,0,0,8,0,0,92,0,0,0
443207,146.0,2,1,12,6,61,1,13,0,6,0
443216,217.0,11,0,19,19,41,0,19,1,1,0
443225,89.0,6,0,12,42,18,0,22,6,0,0
443234,184.0,90,0,1,59,27,0,10,1,2,0
443252,1207.0,23,0,0,0,100,0,0,0,0,0
443261,192.0,95,1,0,63,2,0,25,0,9,0
443289,157.0,73,0,3,6,21,0,69,0,0,0
443298,12.0,33,0,0,100,0,0,0,0,0,0
443322,74.0,81,0,0,0,99,0,1,0,0,0
443331,2215.0,78,0,28,4,26,3,32,6,1,0
443340,47.0,57,2,4,15,15,0,64,0,0,0
443377,84.0,11,0,0,2,7,0,87,4,0,0
443410,1084.0,26,0,8,1,7,0,52,7,12,12
443492,1912.0,62,0,0,3,0,0,90,4,2,0
443562,406.0,79,0,0,0,100,0,0,0,0,0
443571,151.0,7,1,4,5,83,2,5,0,1,0
443599,472.0,94,4,1,14,1,1,75,3,1,0
443632,139.0,30,1,2,21,16,0,50,10,0,0
443641,178.0,96,0,0,0,1,0,3,0,97,0
443650,448.0,85,0,0,40,3,0,50,5,1,0
443669,152.0,91,1,5,4,52,1,27,7,4,0
443678,6.0,100,0,17,0,17,0,67,0,0,0
443696,21.0,71,0,0,43,38,0,19,0,0,0
443748,534.0,78,0,4,64,20,0,8,3,1,0
443766,3632.0,83,0,0,76,1,0,18,3,1,0
443784,2103.0,79,1,1,53,12,0,28,4,2,0
443951,77.0,52,0,0,0,100,0,0,0,0,0
443979,112.0,98,1,8,9,4,0,71,0,6,0
444051,75.0,99,0,7,20,5,0,65,0,3,0
444088,452.0,86,10,2,5,23,1,56,4,0,0
444130,165.0,85,0,2,13,10,4,32,4,35,0
444194,124.0,95,0,0,0,100,0,0,0,0,0
444200,194.0,86,0,1,53,5,0,30,3,8,1
444219,8945.0,55,1,12,4,21,1,51,6,4,0
444228,25.0,100,0,0,28,0,0,68,4,0,0
444255,205.0,82,0,0,34,6,0,47,9,1,1
444264,142.0,77,0,0,0,100,0,0,0,0,0
444282,81.0,98,1,1,17,4,0,12,1,63,0
444291,90.0,94,0,1,90,3,0,1,1,3,0
444307,71.0,100,0,3,41,1,0,31,6,18,0
444316,110.0,95,5,0,6,10,0,76,3,0,0
444325,23.0,83,0,9,9,43,0,39,0,0,0
444334,103.0,86,0,0,0,100,0,0,0,0,0
444343,25.0,80,0,8,24,44,0,16,4,0,4
444361,82.0,73,0,4,13,38,0,44,1,0,0
444370,56.0,0,2,0,0,98,0,0,0,0,0
444398,152.0,55,0,1,1,56,0,8,0,0,34
444404,32.0,28,0,0,50,34,0,16,0,0,0
444413,130.0,0,0,0,0,0,0,99,0,0,1
444440,64.0,98,0,6,30,6,0,56,0,2,0
444468,3.0,100,0,0,0,0,0,100,0,0,0
444486,360.0,93,0,2,31,8,0,53,5,1,0
444510,126.0,88,0,7,8,36,0,49,0,0,0
444529,32.0,94,0,0,13,59,0,28,0,0,0
444556,593.0,49,1,2,18,37,1,30,5,6,0
444565,301.0,54,0,8,27,34,0,28,1,1,0
444583,752.0,49,0,0,0,100,0,0,0,0,0
444592,271.0,97,0,8,38,13,0,5,0,37,0
444635,112.0,88,0,0,25,8,0,63,4,0,0
444662,162.0,7,1,0,71,1,1,27,0,0,0
444671,216.0,52,0,0,0,100,0,0,0,0,0
444714,167.0,91,1,3,63,11,0,6,1,14,0
444732,47.0,89,0,0,0,100,0,0,0,0,0
444778,45.0,60,0,0,78,7,0,11,2,0,2
444787,853.0,86,2,8,12,17,1,56,1,4,0
444796,150.0,47,0,0,99,1,0,0,0,0,0
444811,265.0,89,0,1,88,3,0,4,0,3,0
444857,87.0,98,3,1,2,28,2,55,5,3,0
444866,196.0,89,0,0,71,5,0,17,3,5,0
444893,182.0,89,0,0,80,10,0,1,4,4,0
444936,191.0,78,0,79,3,14,0,4,0,1,0
444945,167.0,92,0,0,57,1,0,38,0,4,0
444954,1768.0,57,1,1,5,1,0,79,2,13,0
445027,9153.0,73,1,0,28,1,0,25,3,41,0
445133,235.0,61,1,4,49,7,0,7,0,32,0
445188,8151.0,52,0,19,4,56,1,9,3,1,8
445203,408.0,89,0,1,48,38,0,11,3,0,0
445212,230.0,80,0,0,1,1,0,3,0,94,0
445230,950.0,77,0,13,11,35,1,28,10,2,0
445249,275.0,76,0,2,43,9,0,42,3,0,0
445258,229.0,80,6,1,47,14,1,22,7,1,0
445267,3502.0,68,0,1,3,3,0,89,2,2,0
445300,26.0,50,0,0,23,31,0,8,0,38,0
445364,560.0,86,0,4,5,70,1,18,2,0,0
445461,452.0,63,0,4,40,45,0,8,2,0,0
445498,31.0,0,0,0,0,100,0,0,0,0,0
445540,81.0,96,0,0,23,4,0,69,1,2,0
445638,70.0,96,0,3,0,7,0,89,1,0,0
445647,151.0,93,1,2,3,25,0,66,0,4,0
445656,164.0,97,2,3,5,5,0,79,6,0,0
445692,474.0,14,1,1,6,14,0,62,6,10,0
445708,1523.0,66,0,2,51,8,0,31,1,6,1
445735,598.0,73,0,33,6,7,0,36,11,5,1
445744,453.0,82,0,1,39,23,0,30,5,2,0
445762,207.0,4,0,14,38,16,0,14,18,0,0
445780,25.0,100,0,0,0,36,4,56,4,0,0
445799,1012.0,4,0,1,10,16,0,64,5,2,0
445841,148.0,97,0,0,41,1,0,57,1,0,0
445850,134.0,96,0,1,78,1,0,19,1,0,0
445911,730.0,65,0,2,28,19,0,27,5,19,0
445948,1265.0,84,1,8,27,35,3,17,8,1,0
445957,298.0,70,1,1,37,21,2,18,6,14,0
446048,1129.0,52,0,3,5,14,0,63,0,12,4
446084,110.0,86,0,1,27,1,0,68,3,0,0
446093,112.0,98,5,7,2,46,0,36,4,0,0
446109,410.0,93,0,1,54,23,0,16,4,0,0
446118,640.0,83,0,7,18,57,1,14,2,0,0
446127,289.0,93,0,1,28,11,0,38,4,19,0
446136,292.0,79,0,1,28,8,0,56,6,0,0
446163,203.0,15,0,1,67,18,1,7,5,0,0
446206,32.0,91,0,0,9,13,3,75,0,0,0
446224,9.0,22,0,67,0,0,0,33,0,0,0
446233,211.0,44,0,1,10,20,0,57,2,2,7
446242,90.0,78,0,0,50,3,0,43,3,0,0
446251,54.0,80,2,26,7,17,0,48,0,0,0
446260,510.0,97,0,8,6,18,0,53,9,5,0
446288,68.0,99,0,0,4,0,0,96,0,0,0
446303,40.0,98,0,0,63,18,0,20,0,0,0
446349,26.0,96,0,0,15,0,0,85,0,0,0
446385,288.0,36,1,6,5,16,1,38,1,2,30
446394,50.0,50,0,0,100,0,0,0,0,0,0
446455,28.0,11,0,0,0,0,0,100,0,0,0
446516,16.0,75,0,0,0,100,0,0,0,0,0
446525,303.0,6,0,0,40,49,0,9,2,0,0
446534,17.0,18,0,0,100,0,0,0,0,0,0
446552,1629.0,50,2,1,31,34,0,30,1,1,0
446561,1211.0,75,1,22,2,35,5,23,5,7,0
446589,637.0,80,0,0,1,99,0,0,0,0,0
446598,26.0,88,0,0,35,0,0,65,0,0,0
446604,2016.0,0,0,0,0,0,0,100,0,0,0
446640,701.0,39,1,5,35,14,0,39,4,1,1
446677,34.0,68,3,3,3,18,3,56,12,3,0
446774,6532.0,62,0,2,6,4,0,85,2,0,0
446996,62.0,81,0,0,23,6,0,71,0,0,0
447014,215.0,95,0,1,35,11,0,50,0,2,0
447023,786.0,54,0,0,76,4,0,19,1,0,0
447050,103.0,77,2,11,16,28,1,40,1,2,0
447148,166.0,93,1,1,21,48,1,18,2,8,0
447166,50.0,98,4,0,2,42,0,42,2,8,0
447175,57.0,93,5,2,46,19,2,19,2,5,0
447263,1064.0,84,1,1,1,10,1,79,3,4,0
447379,273.0,66,9,0,20,24,0,38,7,2,0
447403,214.0,9,0,3,11,16,0,57,9,3,0
447421,174.0,86,1,1,1,10,1,82,1,2,0
447430,98.0,84,0,4,35,44,0,10,4,3,0
447449,41.0,78,0,0,37,5,7,51,0,0,0
447458,583.0,17,1,5,24,18,1,23,7,22,0
447467,105.0,92,0,0,54,1,0,40,0,5,0
447582,1212.0,64,0,0,6,2,0,90,1,0,0
447591,573.0,88,1,3,22,63,0,3,2,6,0
447607,823.0,54,0,3,5,36,0,4,1,50,0
447616,678.0,44,0,1,2,37,1,2,35,22,0
447689,12831.0,57,0,10,32,23,0,28,4,1,2
447704,95.0,94,0,3,2,34,1,9,1,49,0
447713,117.0,74,0,41,6,23,0,29,1,0,0
447722,33.0,79,0,12,3,70,0,9,0,6,0
447731,239.0,92,0,28,19,22,0,3,1,1,26
447759,192.0,70,0,20,8,59,1,10,0,1,2
447768,1326.0,79,1,8,10,59,2,14,6,1,0
447777,646.0,40,1,16,33,14,2,31,2,1,0
447795,36.0,72,0,44,0,6,0,22,0,0,28
447810,337.0,93,1,16,14,32,3,20,14,0,0
447847,238.0,6,0,1,5,13,0,15,0,0,66
447865,29.0,59,0,0,69,3,17,10,0,0,0
447874,158.0,4,1,0,6,11,0,80,1,0,0
447883,120.0,88,0,0,30,15,1,53,1,1,0
447892,129.0,82,0,0,74,5,0,17,5,0,0
447908,66.0,94,0,0,92,5,0,2,0,0,2
447917,31.0,84,0,3,42,6,0,42,6,0,0
447935,332.0,95,0,2,41,2,0,39,6,11,0
447953,459.0,49,1,7,19,29,1,42,0,2,0
447962,213.0,84,0,0,54,4,0,40,0,1,0
447971,97.0,98,0,9,29,15,2,37,4,3,0
447980,76.0,93,0,0,18,8,0,74,0,0,0
447999,193.0,78,0,3,28,3,0,65,1,0,0
448017,102.0,93,0,1,75,0,0,25,0,0,0
448026,129.0,98,3,2,9,2,1,81,2,2,0
448044,1.0,100,0,0,0,0,0,100,0,0,0
448071,142.0,93,0,7,36,27,0,19,8,3,0
448123,199.0,84,0,0,2,98,0,0,0,0,0
448196,119.0,87,0,3,59,24,0,11,3,2,0
448220,115.0,98,0,0,0,10,0,57,0,32,0
448239,179.0,98,0,2,0,8,0,85,4,0,0
448248,3222.0,49,1,1,1,17,1,78,2,0,0
448257,23.0,100,0,4,13,17,0,65,0,0,0
448275,30.0,83,0,3,7,0,0,90,0,0,0
448354,264.0,88,1,9,36,27,0,18,5,4,0
448424,56.0,96,16,0,4,5,0,63,13,0,0
448433,1289.0,4,1,5,2,49,1,27,13,2,0
448594,4359.0,64,1,5,5,65,0,18,3,3,0
448600,285.0,93,1,1,28,5,0,63,1,0,0
448619,462.0,93,0,1,57,19,0,16,0,6,0
448646,80.0,96,0,0,40,5,0,54,0,1,0
448673,2103.0,90,0,3,30,17,0,30,3,17,0
448707,118.0,74,0,0,0,100,0,0,0,0,0
448752,89.0,56,0,2,16,27,1,35,13,6,0
448761,85.0,73,0,1,4,24,0,48,24,0,0
448770,284.0,4,0,5,18,27,0,47,2,0,0
448798,125.0,93,1,0,64,11,0,6,4,14,0
448840,3893.0,64,0,4,8,18,0,63,4,3,1
448859,132.0,8,0,2,8,20,0,66,5,0,0
448886,8513.0,69,2,6,6,34,0,44,5,1,2
448895,437.0,75,1,8,5,62,1,20,3,1,0
448983,36.0,67,0,3,28,31,0,28,8,3,0
449038,1766.0,73,1,1,53,16,0,22,4,3,0
449074,717.0,87,1,13,11,25,1,37,9,4,0
449083,157.0,4,1,0,0,96,1,3,0,0,0
449092,112.0,1,0,0,10,83,0,7,0,0,0
449135,79.0,80,0,0,0,100,0,0,0,0,0
449250,593.0,79,0,2,11,64,0,19,2,2,0
449311,78.0,96,0,0,28,67,0,5,0,0,0
449320,524.0,3,1,8,28,47,1,7,3,5,0
449339,37335.0,36,1,2,16,14,1,53,4,7,1
449348,111.0,62,0,0,95,0,0,5,0,0,0
449357,88.0,89,0,5,18,57,1,17,0,2,0
449366,262.0,95,0,5,5,25,1,58,5,2,2
449384,399.0,32,1,17,2,14,1,31,9,13,14
449393,58.0,50,0,2,2,86,2,3,2,0,3
449445,94.0,77,0,2,11,64,0,23,0,0,0
449454,47.0,87,0,0,0,34,0,64,2,0,0
449463,248.0,71,0,1,14,34,0,50,0,1,0
449472,64.0,97,0,0,17,6,0,73,0,3,0
449490,92.0,71,0,1,53,18,0,25,1,1,0
449506,39.0,51,0,0,0,100,0,0,0,0,0
449524,142.0,88,0,1,39,11,0,47,1,0,0
449533,103.0,86,1,2,30,2,0,62,3,0,0
449597,7.0,100,0,0,29,0,0,71,0,0,0
449603,174.0,38,0,1,44,29,1,24,2,0,0
449612,107.0,51,0,1,44,2,0,53,0,0,0
449658,112.0,0,0,0,0,0,0,98,0,0,2
449667,39.0,87,0,0,5,5,0,87,3,0,0
449676,247.0,54,0,22,23,38,1,11,5,0,0
449685,131.0,89,0,11,49,29,0,8,0,2,0
449700,292.0,81,0,0,35,2,0,49,2,12,0
449719,43.0,95,0,2,33,0,0,47,5,14,0
449728,84.0,98,0,0,1,0,1,61,36,1,0
449764,229.0,51,0,1,20,14,0,62,3,0,0
449773,138.0,67,1,4,58,6,2,21,7,1,0
449782,60.0,97,0,0,42,23,2,33,0,0,0
449807,98.0,99,0,1,13,0,0,85,1,0,0
449816,534.0,43,2,1,1,11,1,81,1,1,0
449861,189.0,94,3,2,38,19,0,31,2,5,0
449870,142.0,61,1,4,1,34,0,8,0,4,47
449889,99.0,89,0,5,11,6,0,64,5,4,5
449898,536.0,73,1,5,32,34,0,25,0,2,1
449904,119.0,97,0,0,15,75,0,8,1,1,0
449931,218.0,58,2,0,30,2,0,49,0,16,0
449959,206.0,84,0,0,0,2,0,8,1,88,0
449968,253.0,84,0,4,9,34,1,32,0,19,0
449977,222.0,94,0,0,27,2,1,59,3,8,0
449986,267.0,85,0,2,10,45,2,33,1,7,0
449995,197.0,96,1,6,36,12,0,33,12,0,1
450021,170.0,74,2,0,55,4,1,35,1,1,0
450058,944.0,84,0,5,42,1,0,39,4,8,0
450067,563.0,68,0,5,62,1,0,26,3,2,0
450119,189.0,88,3,1,11,12,7,63,1,1,2
450128,438.0,94,1,0,56,2,0,37,1,3,0
450298,352.0,75,1,1,53,7,0,30,7,3,0
450377,1511.0,81,2,0,74,2,0,19,3,1,0
450395,156.0,96,3,2,21,3,0,67,3,3,0
450401,329.0,93,3,1,18,6,0,54,1,17,0
450571,671.0,90,0,3,4,4,0,69,3,16,0
450599,86.0,97,0,0,47,6,0,15,8,24,0
450605,85.0,95,0,0,56,0,0,28,0,15,0
450614,84.0,99,1,0,88,1,0,8,0,1,0
450632,132.0,85,1,1,8,2,0,77,2,9,0
450641,203.0,86,0,2,2,7,0,83,4,1,0
450650,235.0,90,3,3,21,20,0,51,1,1,0
450711,92.0,14,0,0,100,0,0,0,0,0,0
450720,536.0,97,0,8,25,32,1,25,8,1,0
450933,14357.0,37,1,1,14,3,0,49,2,28,0
450951,143.0,43,3,4,10,26,1,52,0,3,0
450960,333.0,89,0,8,23,62,1,3,0,3,0
450979,4966.0,40,1,4,30,17,1,29,4,13,1
450988,172.0,90,0,92,0,3,0,0,0,0,5
451033,5.0,100,0,20,0,0,0,80,0,0,0
451042,42.0,55,0,0,31,36,0,14,0,19,0
451051,87.0,95,0,0,28,7,0,47,17,0,1
451097,34.0,76,0,6,12,38,0,44,0,0,0
451103,314.0,79,0,0,18,79,0,3,0,0,0
451121,122.0,93,1,0,11,61,0,11,1,16,0
451149,462.0,94,2,1,15,39,0,38,3,1,0
451158,574.0,96,0,2,21,12,1,61,2,2,0
451167,126.0,59,1,2,25,59,0,12,0,1,0
451194,31.0,81,0,0,6,13,3,74,3,0,0
451228,269.0,16,5,1,30,3,1,54,6,0,0
451237,146.0,97,1,0,5,3,0,85,1,4,0
451255,73.0,95,0,3,4,42,0,51,0,0,0
451264,165.0,84,0,7,27,25,0,31,7,1,3
451282,114.0,96,1,4,26,2,1,56,9,1,0
451291,23.0,87,0,4,0,4,0,87,4,0,0
451307,36.0,97,0,3,33,11,0,47,6,0,0
451316,53.0,77,0,0,25,0,0,75,0,0,0
451334,325.0,64,1,2,11,15,2,55,4,10,0
451343,123.0,97,0,0,40,0,0,57,2,2,0
451352,364.0,91,0,1,63,11,0,20,2,4,0
451370,62.0,0,0,0,0,0,0,100,0,0,0
451398,236.0,0,0,0,0,0,0,92,0,0,8
451404,418.0,0,0,0,0,0,0,100,0,0,0
451413,323.0,78,0,10,13,13,0,30,0,33,0
451459,81.0,80,1,0,36,9,1,44,4,5,0
451468,282.0,98,0,0,6,2,0,89,2,1,0
451477,1970.0,17,1,2,43,6,0,41,5,1,0
451495,89.0,90,0,1,31,11,1,43,8,4,0
451501,242.0,69,0,0,0,100,0,0,0,0,0
451529,73.0,96,0,0,8,4,0,86,1,0,0
451547,32.0,94,0,0,31,28,0,41,0,0,0
451556,1450.0,59,0,1,4,87,0,7,0,1,0
451565,140.0,96,2,4,12,29,0,51,1,1,1
451574,117.0,97,1,0,2,12,1,83,1,1,0
451583,767.0,22,1,1,0,12,2,82,2,0,0
451626,83.0,73,0,1,7,52,0,39,1,0,0
451635,27.0,67,0,0,4,0,0,89,7,0,0
451671,2062.0,62,0,3,5,18,0,64,3,4,2
451714,292.0,90,1,2,8,59,1,20,8,1,0
451741,225.0,75,0,0,0,100,0,0,0,0,0
451750,1416.0,84,1,3,37,11,0,41,6,1,0
451820,385.0,38,1,2,22,35,0,33,0,4,2
451857,243.0,86,0,1,33,37,0,23,2,4,0
451866,336.0,85,0,0,65,0,0,25,1,8,0
451918,87.0,92,0,1,5,2,0,89,3,0,0
451927,305.0,49,0,4,1,5,1,69,0,22,0
452009,42.0,98,2,0,0,0,0,90,7,0,0
452072,64.0,94,0,2,2,5,0,89,3,0,0
452081,563.0,96,0,0,17,7,0,42,33,1,0
452106,98.0,2,0,0,0,100,0,0,0,0,0
452124,427.0,75,0,2,38,9,0,44,4,2,0
452373,261.0,93,0,2,67,2,2,23,5,0,0
452771,18.0,94,0,6,22,6,0,56,11,0,0
452780,17.0,94,0,0,6,0,0,94,0,0,0
452887,48.0,15,0,0,8,10,0,58,6,17,0
452948,682.0,88,0,2,15,1,0,75,4,2,0
453163,5333.0,83,1,0,77,3,0,13,4,2,0
453215,864.0,80,0,1,60,14,0,19,3,2,0
453297,14.0,71,0,0,7,0,0,93,0,0,0
453756,190.0,28,0,1,69,3,0,16,10,2,0
453792,76.0,93,0,0,88,0,0,12,0,0,0
454184,544.0,66,2,4,6,10,0,68,0,7,3
454227,14673.0,89,0,7,15,14,0,56,1,5,0
454236,637.0,89,0,4,29,5,0,59,2,1,0
454245,641.0,86,1,10,6,23,0,57,4,0,0
454306,101.0,95,0,0,13,3,0,83,1,0,0
454458,52.0,81,2,0,2,42,8,46,0,0,0
454537,58.0,97,2,5,3,7,0,78,5,0,0
454546,60.0,100,2,3,40,22,2,22,2,8,0
454555,200.0,96,5,3,4,43,2,42,3,1,0
454573,33.0,100,3,3,0,73,0,18,3,0,0
454582,205.0,65,9,2,15,6,0,58,1,7,0
454607,290.0,93,0,3,35,13,0,43,3,1,0
454616,187.0,13,3,4,13,5,1,73,1,1,1
454652,221.0,94,0,1,23,6,0,67,1,2,0
454689,2.0,100,0,50,0,0,0,50,0,0,0
454698,468.0,63,0,1,5,78,0,16,0,0,0
454722,39.0,72,0,0,8,92,0,0,0,0,0
454759,31.0,19,0,3,55,32,0,10,0,0,0
454768,237.0,87,0,12,11,51,1,21,2,3,0
454777,174.0,90,1,11,21,30,1,29,6,0,1
454786,878.0,44,2,11,15,32,5,29,2,4,0
454795,337.0,76,1,7,3,18,4,43,8,16,0
454801,127.0,83,4,9,43,28,1,9,0,7,0
454810,3673.0,66,2,1,34,12,1,41,7,3,0
454829,4537.0,85,1,3,15,10,1,35,2,33,0
454847,32.0,81,0,72,3,25,0,0,0,0,0
454856,929.0,82,1,6,7,14,1,62,4,4,1
454865,564.0,87,1,4,49,16,0,25,5,0,0
454874,44.0,93,0,0,2,41,0,50,0,7,0
454917,551.0,84,1,1,5,74,0,9,0,0,11
454926,285.0,92,0,2,71,6,0,19,2,0,0
454935,48.0,100,2,0,0,8,0,90,0,0,0
454944,191.0,86,1,0,1,9,0,88,0,0,1
454953,30.0,100,0,0,50,30,0,20,0,0,0
454962,37.0,92,0,0,11,32,0,57,0,0,0
454971,186.0,88,0,3,25,40,1,27,2,1,1
454980,99.0,99,1,5,21,38,0,31,3,0,0
454999,107.0,96,0,2,32,4,1,56,6,0,0
455008,234.0,82,0,2,31,24,0,36,6,0,0
455026,104.0,12,1,2,44,15,0,29,9,0,0
455062,39.0,97,0,0,18,5,0,74,3,0,0
455071,127.0,77,0,1,22,3,0,65,0,9,0
455080,188.0,92,0,0,3,4,0,93,1,0,0
455105,83.0,98,0,0,20,2,0,77,0,0,0
455114,10580.0,58,1,2,2,18,0,68,3,5,1
455141,213.0,97,0,1,28,8,0,54,8,0,0
455187,36.0,86,0,3,6,89,0,3,0,0,0
455196,3444.0,91,0,3,61,13,1,16,2,4,0
455202,406.0,85,0,15,11,26,1,44,3,0,0
455211,266.0,96,1,9,11,26,2,29,23,0,0
455220,50.0,96,0,0,24,18,0,58,0,0,0
455239,26.0,92,0,0,12,0,0,88,0,0,0
455257,468.0,0,0,0,0,0,0,95,0,0,5
455275,258.0,97,0,2,26,3,0,58,11,1,0
455284,264.0,99,0,1,19,2,2,75,0,1,0
455327,34.0,88,0,6,41,24,0,29,0,0,0
455336,223.0,18,0,1,55,16,0,26,1,0,0
455354,324.0,95,0,1,4,62,1,29,3,1,0
455381,84.0,99,1,7,2,13,8,63,5,0,0
455460,185.0,81,0,1,58,4,0,34,3,1,0
455479,608.0,90,1,1,31,4,1,54,5,3,0
455488,342.0,70,0,0,83,1,0,14,1,0,0
455512,3774.0,63,2,14,4,45,1,26,0,4,4
455558,94.0,63,1,1,81,1,0,11,2,3,0
455628,514.0,71,0,1,79,2,0,16,1,1,0
455664,180.0,88,0,1,24,20,1,42,7,5,0
455707,49.0,73,0,10,14,0,0,73,0,2,0
455725,631.0,96,1,2,15,40,1,32,7,1,0
455734,217.0,82,0,9,6,64,0,18,2,0,0
455761,274.0,88,2,9,20,27,2,28,4,6,1
455770,151.0,44,2,3,5,37,3,41,6,1,3
455798,109.0,93,0,0,17,27,0,50,1,6,0
455831,187.0,92,1,0,25,59,0,15,0,0,0
455840,5.0,100,0,0,80,0,0,0,0,20,0
455859,254.0,99,1,2,2,12,0,79,3,0,0
455868,317.0,90,0,11,5,73,1,9,0,1,0
455877,108.0,95,0,3,21,17,1,42,7,9,0
455886,130.0,97,1,3,10,28,0,41,17,0,0
455895,252.0,90,0,1,46,34,0,19,0,0,0
455901,211.0,95,0,1,9,7,0,78,4,1,0
455910,39.0,77,3,0,3,8,0,87,0,0,0
455929,54.0,93,9,0,9,9,0,67,6,0,0
455956,136.0,90,0,0,0,100,0,0,0,0,0
455965,128.0,96,0,4,3,15,0,70,8,0,0
455974,218.0,91,0,0,0,98,0,1,0,0,0
455983,364.0,68,1,18,2,13,0,39,0,0,27
456001,49.0,10,0,0,0,0,0,100,0,0,0
456029,220.0,96,0,0,62,6,0,30,1,0,0
456038,454.0,91,4,2,4,24,0,53,12,1,0
456065,168.0,96,0,1,39,4,0,55,1,0,0
456074,177.0,97,0,2,20,1,1,66,10,1,0
456126,59.0,97,0,0,69,8,0,2,14,7,0
456135,90.0,99,1,4,46,9,0,27,8,6,0
456153,103.0,17,0,1,76,9,0,14,0,1,0
456180,15.0,80,0,0,0,47,0,53,0,0,0
456205,474.0,93,0,1,60,17,0,15,5,1,0
456214,330.0,43,0,1,22,52,0,22,0,2,0
456287,94.0,94,1,1,1,10,0,79,4,4,0
456454,509.0,70,2,4,3,23,2,61,4,3,0
456481,71.0,42,0,0,1,99,0,0,0,0,0
456490,159.0,31,0,0,1,97,0,2,0,0,0
456506,120.0,94,1,2,30,14,0,48,6,0,0
456515,31.0,97,0,0,29,13,0,52,6,0,0
456551,63.0,100,5,2,11,2,0,81,0,0,0
456560,329.0,61,16,2,2,2,0,61,5,10,0
456579,491.0,63,0,0,15,51,0,24,6,3,0
456588,33.0,100,0,0,18,70,0,6,6,0,0
456597,134.0,96,1,0,4,22,0,19,0,54,0
456621,251.0,75,1,0,13,0,0,82,3,1,0
456825,137.0,97,0,2,42,1,0,53,1,1,0
456922,245.0,82,0,0,0,90,0,7,1,2,0
456931,383.0,51,0,1,5,67,0,22,3,1,0
456959,572.0,76,1,14,9,7,0,62,4,2,0
456968,753.0,97,0,1,63,9,0,23,2,2,1
456977,65.0,23,0,0,9,83,0,8,0,0,0
457031,60.0,100,0,0,5,3,0,92,0,0,0
457077,317.0,93,1,2,6,52,0,32,5,1,0
457086,182.0,81,0,40,32,27,0,1,0,0,0
457101,298.0,70,1,23,16,29,4,18,6,2,1
457110,522.0,84,1,6,3,23,1,59,4,2,1
457129,952.0,87,1,6,38,26,0,27,2,0,0
457174,140.0,90,0,0,76,7,0,11,6,0,0
457192,38.0,32,0,0,87,5,0,8,0,0,0
457208,117.0,9,0,7,16,30,3,35,2,6,2
457226,43.0,35,0,0,9,7,0,74,5,5,0
457244,33.0,24,0,6,9,27,0,55,3,0,0
457253,86.0,94,2,1,2,81,1,7,2,1,1
457299,267.0,78,0,29,5,26,0,2,0,0,38
457314,84.0,88,0,35,23,35,1,6,1,0,0
457323,288.0,92,1,5,7,39,0,33,13,1,0
457332,26.0,81,0,0,0,8,0,92,0,0,0
457341,163.0,98,0,4,12,18,0,66,0,0,0
457350,67.0,100,1,0,25,22,1,43,3,3,0
457378,209.0,49,0,3,15,2,0,77,2,0,0
457387,428.0,41,1,1,17,70,0,11,0,0,0
457396,143.0,71,0,3,44,15,0,36,0,3,0
457402,60.0,20,0,0,77,13,2,2,3,0,3
457411,314.0,5,0,2,16,47,0,30,4,0,0
457420,169.0,91,0,1,8,30,0,57,2,2,0
457439,75.0,99,0,0,29,11,0,53,5,1,0
457448,104.0,97,0,1,19,16,0,57,5,2,0
457466,24.0,21,0,0,100,0,0,0,0,0,0
457475,95.0,96,0,4,8,18,0,68,1,0,0
457484,116.0,43,0,12,3,21,23,18,20,0,3
457493,18.0,94,0,6,0,17,0,72,0,6,0
457527,205.0,88,0,22,14,21,1,41,0,0,0
457536,547.0,82,1,3,33,16,0,14,1,3,28
457545,101.0,97,0,0,11,2,0,85,0,2,0
457554,22.0,95,0,0,0,0,0,100,0,0,0
457563,220.0,96,0,2,11,3,0,80,3,0,0
457572,113.0,94,0,0,4,1,0,93,1,1,0
457581,175.0,95,1,1,3,15,1,75,5,0,0
457606,44.0,80,0,55,43,0,0,0,2,0,0
457615,26.0,85,0,0,19,12,0,58,12,0,0
457624,30.0,90,0,0,30,13,0,53,0,3,0
457633,175.0,97,1,2,30,7,0,54,6,1,0
457642,62.0,97,0,3,16,11,0,66,3,0,0
457651,94.0,76,1,2,6,1,0,71,7,11,0
457679,19.0,95,5,16,0,26,0,47,5,0,0
457688,281.0,39,0,5,28,7,1,48,2,9,0
457697,70.0,56,0,1,17,7,0,71,3,0,0
457721,14.0,100,0,0,0,0,0,100,0,0,0
457749,82.0,89,9,0,2,4,0,73,12,0,0
457767,210.0,47,0,1,72,22,0,4,0,0,0
457776,162.0,93,7,2,1,56,0,26,9,0,0
457785,37.0,97,5,3,0,32,3,49,8,0,0
457794,102.0,98,0,35,1,0,0,64,0,0,0
457800,401.0,82,0,33,30,31,0,4,1,0,0
457819,537.0,58,1,12,14,24,0,39,1,1,9
457837,148.0,95,2,2,24,11,1,56,5,0,0
457846,57.0,84,4,0,5,5,0,81,2,4,0
457855,41.0,93,0,0,5,51,0,41,0,2,0
457873,176.0,49,1,0,15,6,0,77,2,0,0
457916,61.0,98,0,0,7,7,0,82,3,2,0
457925,12.0,58,0,0,8,8,0,75,8,0,0
457943,77.0,88,3,0,1,0,0,96,0,0,0
457952,140.0,97,0,1,3,19,0,72,2,3,0
457989,57.0,96,0,0,82,4,0,14,0,0,0
457998,57.0,74,0,2,40,5,0,49,2,2,0
458007,60.0,98,0,0,7,7,0,82,5,0,0
458034,60.0,80,2,30,27,22,2,17,2,0,0
458043,118.0,99,1,3,18,19,1,47,10,1,0
458052,28.0,100,0,89,0,7,0,4,0,0,0
458061,52.0,83,0,75,2,15,0,8,0,0,0
458070,277.0,92,1,2,15,25,0,49,4,3,0
458098,118.0,97,0,4,18,17,0,56,4,1,0
458104,105.0,97,1,3,0,10,1,76,8,1,0
458113,30.0,60,0,7,67,3,0,23,0,0,0
458122,6.0,100,0,0,17,0,0,83,0,0,0
458131,38.0,92,0,8,8,16,0,50,13,5,0
458140,39.0,18,3,3,0,0,0,92,0,3,0
458168,68.0,90,0,4,4,7,0,81,3,0,0
458210,2802.0,78,0,39,4,25,3,21,7,1,0
458229,2058.0,77,1,25,6,26,4,25,9,5,0
458265,455.0,54,0,1,31,4,0,60,2,2,0
458274,223.0,93,0,0,36,29,0,32,1,1,0
458380,81.0,95,1,5,46,16,0,21,11,0,0
458405,434.0,71,3,0,65,5,1,16,7,2,0
458423,1.0,100,0,0,0,0,0,100,0,0,0
458441,479.0,84,0,0,83,3,1,9,3,1,0
458496,248.0,51,2,2,48,8,1,34,0,5,0
458681,426.0,87,0,2,64,6,0,22,5,1,0
458803,131.0,97,0,1,77,0,0,2,0,20,0
458812,66.0,92,0,2,56,8,2,29,2,3,0
458821,46.0,91,0,0,93,0,0,7,0,0,0
458830,145.0,98,0,1,73,3,1,13,6,3,0
458849,56.0,93,0,2,36,43,0,13,4,4,0
458858,151.0,95,0,0,56,3,0,2,1,38,0
458867,217.0,95,0,0,79,2,0,1,0,17,0
458885,404.0,82,0,0,68,2,0,25,4,1,0
458919,7601.0,80,0,0,80,3,0,11,3,2,0
458955,561.0,85,0,0,92,0,0,5,2,2,0
458964,2663.0,83,0,0,72,2,0,20,3,2,0
458973,2796.0,77,0,1,61,15,0,18,3,2,0
458982,502.0,53,1,1,16,50,1,26,0,4,1
459000,68.0,97,0,0,90,0,0,1,3,6,0
459019,90.0,92,0,0,86,3,0,3,4,3,0
459046,100.0,97,0,0,66,7,0,21,3,3,0
459055,67.0,97,0,1,60,21,0,15,3,0,0
459064,85.0,96,0,0,71,6,0,13,0,11,0
459116,103.0,93,0,0,4,41,1,53,1,0,0
459125,10.0,100,10,10,0,50,0,30,0,0,0
459170,298.0,88,0,1,4,25,1,27,36,6,0
459189,118.0,98,0,3,8,42,3,30,3,4,8
459198,311.0,83,0,3,5,52,0,33,4,2,0
459204,2147.0,85,0,22,6,19,2,8,2,41,0
459213,2042.0,80,0,30,7,28,3,20,8,4,0
459231,128.0,90,1,3,16,34,1,28,16,2,0
459259,315.0,86,0,2,44,9,1,42,0,2,1
459268,312.0,87,1,4,44,13,2,34,0,1,0
459277,405.0,95,2,3,4,22,0,59,9,1,0
459286,163.0,79,0,0,12,18,0,58,1,10,0
459295,70.0,96,0,1,11,11,0,53,20,3,0
459301,112.0,97,0,1,31,10,0,55,1,2,0
459310,57.0,86,0,0,11,89,0,0,0,0,0
459329,288.0,42,1,1,6,13,0,78,2,0,0
459347,59.0,97,0,2,8,24,0,64,2,0,0
459374,162.0,98,0,2,17,19,0,54,6,2,0
459392,136.0,99,0,0,2,1,0,96,1,0,0
459408,61.0,97,0,0,16,5,0,77,0,2,0
459417,93.0,20,0,3,2,10,0,80,5,0,0
459426,112.0,97,0,4,1,13,0,76,3,4,1
459462,118.0,14,0,1,35,48,0,8,6,1,1
459499,39.0,97,0,10,3,5,0,82,0,0,0
459514,172.0,89,0,0,47,41,0,9,1,2,0
459523,28.0,100,0,64,25,7,0,4,0,0,0
459532,92.0,97,0,0,0,97,0,1,2,0,0
459541,22.0,95,0,0,0,0,0,95,5,0,0
459550,135.0,99,1,3,2,7,1,61,21,3,0
459578,105.0,84,0,1,29,13,0,54,0,3,0
459727,526.0,71,0,3,23,9,1,40,8,16,0
459824,66.0,83,2,17,8,17,0,50,6,2,0
459842,583.0,87,1,9,16,25,1,46,2,2,0
459851,553.0,92,1,7,33,9,0,44,2,5,0
459949,5965.0,61,0,1,6,75,0,14,2,0,2
459958,392.0,79,1,1,41,49,0,7,1,1,0
459967,236.0,71,0,0,0,75,0,24,0,0,0
459985,342.0,51,0,0,0,57,0,43,0,0,0
459994,7670.0,71,1,1,38,11,0,41,4,4,0
460011,191.0,97,0,0,48,1,1,49,1,0,0
460020,497.0,82,0,1,77,1,0,19,1,0,0
460093,71.0,90,1,0,6,4,0,86,1,1,0
460109,160.0,98,0,1,40,22,0,33,4,1,0
460118,176.0,95,0,1,32,7,0,54,6,1,0
460127,128.0,96,1,0,21,7,0,63,2,5,0
460136,989.0,89,0,11,16,47,0,21,4,1,0
460145,261.0,48,1,1,84,5,0,3,5,2,0
460172,612.0,7,0,1,6,63,1,24,2,3,0
460181,632.0,88,0,0,8,8,0,2,0,81,0
460190,237.0,92,0,1,30,36,0,8,1,23,0
460206,563.0,83,1,1,7,58,0,15,0,19,0
460349,1070.0,73,1,3,23,11,0,52,2,7,1
460376,38.0,29,0,8,0,3,0,0,0,0,89
460385,61.0,89,0,2,2,0,0,97,0,0,0
460394,10635.0,58,0,5,10,63,0,13,2,7,0
460446,107.0,98,2,3,21,60,1,13,1,0,0
460455,64.0,69,0,2,20,6,0,69,3,0,0
460464,11715.0,53,0,9,6,56,0,20,2,5,1
460482,150.0,92,0,0,58,6,0,27,7,2,0
460516,134.0,97,2,0,7,73,1,12,1,4,0
460525,86.0,92,0,0,3,45,1,50,0,0,0
460534,294.0,98,1,0,6,85,0,6,1,1,0
460543,1612.0,3,1,2,8,46,0,36,6,1,0
460570,111.0,89,2,2,11,5,0,77,4,0,0
460677,394.0,68,0,0,0,100,0,0,0,0,0
460701,163.0,77,0,1,32,33,0,28,6,0,0
460738,1420.0,90,1,4,10,4,0,73,3,5,0
460756,626.0,92,0,35,2,3,26,5,27,1,0
460765,45.0,93,0,0,16,20,0,64,0,0,0
460783,367.0,91,0,1,19,3,1,7,5,59,4
460808,24.0,96,8,0,4,4,4,75,0,4,0
460817,365.0,71,2,0,29,10,1,51,6,1,0
460826,572.0,76,1,0,83,2,0,11,2,1,0
460835,600.0,80,1,0,53,3,0,40,3,1,0
460862,236.0,90,1,0,2,13,1,71,6,5,0
460871,478.0,88,0,9,49,15,0,23,3,1,0
460899,180.0,59,0,0,3,18,0,53,21,4,1
460914,312.0,98,1,1,2,3,0,31,1,61,0
460932,49.0,100,0,2,8,8,0,82,0,0,0
460969,281.0,87,0,0,3,96,0,1,0,0,0
460978,243.0,98,5,2,37,19,1,28,7,2,0
460987,101.0,97,0,1,24,4,0,67,0,4,0
460996,97.0,98,0,0,15,2,0,80,0,2,0
461005,222.0,86,0,0,51,38,0,8,2,1,0
461014,1056.0,90,0,2,68,22,0,2,0,6,0
461023,663.0,89,1,1,5,7,0,31,0,55,0
461032,166.0,55,1,1,57,8,0,31,1,1,0
461111,36.0,0,0,0,19,50,0,22,0,8,0
461148,1312.0,46,0,1,4,5,0,9,2,30,49
461157,42.0,17,0,0,5,0,0,29,0,0,67
461175,223.0,92,0,54,9,19,0,1,0,9,8
461193,237.0,97,0,0,13,0,0,85,1,0,0
461218,124.0,94,0,1,43,4,0,52,0,0,0
461245,129.0,59,0,2,17,23,0,53,2,0,2
461254,51.0,80,0,6,0,16,0,78,0,0,0
461263,64.0,89,0,5,0,19,2,73,0,0,2
461272,56.0,100,0,0,2,20,0,73,5,0,0
461281,342.0,98,0,0,0,98,0,0,0,0,2
461290,26.0,85,0,0,0,4,0,96,0,0,0
461306,94.0,53,0,0,87,13,0,0,0,0,0
461315,79.0,71,61,0,1,1,0,20,16,0,0
461324,615.0,76,0,0,12,13,0,67,0,7,0
461333,10.0,10,0,10,0,10,0,70,0,0,10
461342,106.0,100,0,0,1,10,1,88,0,0,0
461351,552.0,73,0,16,0,80,0,4,0,0,0
461379,39.0,87,0,3,36,3,0,54,5,0,0
461388,58.0,71,2,0,16,10,0,67,5,0,0
461412,135.0,78,0,16,34,13,1,23,11,1,0
461421,207.0,95,0,1,18,4,0,72,3,1,0
461430,625.0,6,0,8,19,40,6,26,0,1,0
461494,201.0,87,1,1,2,13,1,74,6,1,0
461500,24.0,83,0,8,0,75,4,13,0,0,0
461528,145.0,48,1,2,13,16,1,59,6,1,1
461537,24.0,100,0,0,0,0,0,100,0,0,0
461555,71.0,99,0,1,0,54,0,45,0,0,0
461573,115.0,3,1,3,40,4,0,50,2,0,0
461582,128.0,98,1,9,18,28,1,37,3,0,4
461591,142.0,94,1,25,8,8,27,13,15,3,0
461607,113.0,81,2,0,14,28,6,48,1,1,0
461625,19.0,0,0,0,0,100,0,0,0,0,0
461643,36.0,83,0,3,3,8,3,69,6,0,8
461652,48.0,92,2,0,0,8,0,77,10,0,2
461689,322.0,90,1,2,13,43,0,29,10,1,0
461704,144.0,83,2,2,1,2,0,87,3,2,0
461713,55.0,96,0,0,2,47,0,25,0,2,24
461722,26.0,92,0,0,4,4,0,92,0,0,0
461740,11.0,0,0,0,55,36,0,9,0,0,0
461759,209.0,50,0,0,98,1,0,1,0,0,0
461768,195.0,97,1,8,29,30,1,22,8,2,1
461786,25.0,96,0,4,0,16,0,80,0,0,0
461795,273.0,35,0,4,14,16,0,14,5,1,46
461810,55.0,76,0,80,5,13,0,2,0,0,0
461829,268.0,76,1,9,21,26,0,33,3,7,0
461838,246.0,100,0,2,26,15,0,53,0,3,0
461847,89.0,0,0,0,0,0,0,98,0,0,2
461856,301.0,62,1,7,8,43,1,22,0,19,0
461865,41.0,88,0,0,98,2,0,0,0,0,0
461874,75.0,95,0,0,21,17,0,61,0,0,0
461883,105.0,55,0,0,4,15,0,0,0,0,81
461892,143.0,83,1,5,83,2,1,8,0,0,0
461908,82.0,95,0,0,21,22,0,56,1,0,0
461917,181.0,96,0,1,8,4,1,84,1,2,0
461926,141.0,99,1,2,0,11,1,79,4,2,0
461944,51.0,96,2,0,14,4,0,63,12,6,0
461953,100.0,95,0,0,2,19,0,79,0,0,0
461962,208.0,47,0,0,5,0,0,90,1,2,0
461999,75.0,96,0,3,28,1,0,65,1,1,0
462008,262.0,92,0,6,11,24,5,42,8,3,0
462017,94.0,72,0,0,7,7,0,85,0,0,0
462035,272.0,72,0,1,18,33,0,44,2,1,0
462053,106.0,92,0,0,59,36,0,4,1,0,0
462062,82.0,100,1,5,5,48,4,32,6,0,0
462071,155.0,83,2,0,2,3,1,83,7,2,0
462336,49.0,100,0,0,0,2,0,88,0,8,2
462345,48.0,100,0,0,19,23,0,58,0,0,0
462354,272.0,51,0,4,2,28,1,44,6,16,0
463056,1562.0,52,0,20,13,17,0,43,4,2,2
464226,721.0,38,1,2,17,26,2,45,2,5,0
465812,10983.0,75,1,0,14,9,0,25,9,42,0
466921,523.0,91,0,2,16,5,0,70,3,4,0
466930,1002.0,85,0,19,34,20,0,23,2,2,0
467094,222.0,97,0,3,21,4,0,69,3,0,0
467863,239.0,86,0,0,45,6,0,46,2,1,0
467872,209.0,97,0,0,29,6,0,59,4,0,0
467906,175.0,98,0,1,17,2,1,76,1,2,0
468246,164.0,90,4,1,2,9,1,75,7,0,0
468255,31.0,94,3,0,3,16,0,65,6,6,0
468769,129.0,5,0,1,1,95,0,3,0,0,0
468848,489.0,54,1,1,5,27,0,6,1,58,0
468893,176.0,93,0,7,36,3,0,49,2,3,0
468909,587.0,59,0,1,2,51,0,6,0,38,0
468963,217.0,3,0,0,18,45,0,34,1,1,0
469416,171.0,83,0,0,0,100,0,0,0,0,0
469610,48.0,96,4,0,6,77,0,8,4,0,0
469629,129.0,10,15,0,13,5,0,63,2,2,0
469638,324.0,57,0,1,23,14,0,59,4,0,0
469911,73.0,95,0,0,44,0,0,51,0,5,0
469920,54.0,96,0,0,46,2,0,50,0,2,0
469957,168.0,93,1,4,21,32,1,30,9,2,1
470038,828.0,66,1,1,7,34,0,3,1,53,0
470047,35.0,94,0,0,11,11,0,77,0,0,0
470296,16.0,88,0,0,6,63,0,31,0,0,0
470393,91.0,90,1,1,52,15,1,25,4,0,0
474863,1619.0,79,0,7,18,43,1,23,3,4,0
474890,392.0,64,5,1,12,49,2,23,7,2,0
474906,64.0,78,3,0,2,33,3,58,2,0,0
474915,364.0,97,1,3,7,43,0,38,4,3,0
474924,164.0,100,2,2,2,15,0,77,2,0,0
475015,181.0,96,0,1,2,6,1,83,2,4,0
475024,297.0,57,1,1,49,29,0,15,4,0,0
475033,184.0,71,0,4,46,10,0,32,3,3,2
475060,326.0,86,0,0,85,0,0,13,1,1,0
475121,3488.0,82,1,1,46,10,2,37,0,2,0
475130,23.0,96,0,0,78,0,0,22,0,0,0
475200,275.0,72,2,3,4,9,1,77,3,1,0
475273,557.0,79,0,1,42,28,0,21,4,4,0
475282,128.0,66,1,44,5,35,0,14,0,0,2
475325,237.0,92,0,5,36,45,1,11,1,0,0
475398,78.0,45,0,4,0,10,0,64,0,9,13
475404,94.0,98,0,1,5,27,0,37,5,24,0
475413,35.0,97,3,0,3,9,0,86,0,0,0
475422,105.0,90,0,1,22,2,2,73,0,0,0
475431,35.0,86,0,3,34,9,3,51,0,0,0
475459,571.0,61,0,0,84,3,0,12,1,0,0
475468,121.0,98,0,2,10,34,0,43,7,2,2
475477,207.0,77,0,0,32,15,0,41,11,0,0
475486,329.0,89,1,1,25,27,0,40,5,1,0
475538,25.0,100,0,0,68,4,0,20,8,0,0
475547,125.0,82,0,0,2,1,0,5,93,0,0
475556,154.0,94,0,5,36,9,0,47,1,2,0
475565,1022.0,55,0,5,24,58,0,5,3,0,5
475574,63.0,54,0,0,87,10,0,3,0,0,0
475608,174.0,36,1,3,12,9,0,64,2,6,2
475635,16.0,75,0,6,50,13,0,25,0,0,6
475653,41.0,93,0,0,56,0,0,32,12,0,0
475662,59.0,98,0,0,0,100,0,0,0,0,0
475705,24.0,79,0,13,13,38,4,21,13,0,0
475714,458.0,20,0,0,5,79,0,9,4,2,0
475723,460.0,41,1,2,1,14,1,79,2,0,0
475732,1145.0,90,0,6,55,7,0,27,3,0,0
475741,222.0,92,0,6,23,6,0,62,3,0,0
475750,66.0,79,2,8,53,12,0,20,3,3,0
475839,185.0,63,1,3,11,8,0,57,4,17,0
476063,247.0,4,0,1,32,17,0,42,4,4,0
476179,152.0,95,0,0,65,3,0,18,4,9,0
476230,42.0,93,0,0,12,2,0,83,2,0,0
476294,141.0,87,0,0,4,18,1,74,3,0,0
476355,66.0,56,0,8,8,9,0,52,5,0,20
476489,122.0,16,0,0,98,2,0,0,0,0,0
476498,160.0,23,0,0,0,99,0,1,0,0,0
476513,62.0,97,0,3,3,40,2,39,13,0,0
476540,160.0,94,1,0,9,62,0,9,3,16,0
476559,124.0,94,0,4,12,69,0,8,0,5,2
476568,20.0,25,0,0,95,0,0,5,0,0,0
476586,130.0,99,1,4,2,35,0,52,5,2,0
476595,70.0,89,0,7,3,89,0,1,0,0,0
476601,72.0,0,0,0,0,0,0,100,0,0,0
476610,42.0,21,0,0,76,17,0,5,0,2,0
476629,124.0,94,0,1,5,12,0,77,2,3,0
476674,66.0,91,0,0,2,91,0,2,0,6,0
476683,286.0,93,0,1,72,4,0,17,2,2,0
476692,22.0,0,0,0,0,0,0,100,0,0,0
476708,158.0,19,2,5,9,28,3,41,9,3,0
476717,583.0,0,0,0,0,0,0,100,0,0,0
476726,776.0,84,0,1,0,99,0,0,0,0,0
476735,67.0,58,0,4,7,39,0,46,3,0,0
476753,159.0,96,1,1,1,42,1,40,10,4,0
476780,47.0,79,0,87,0,4,0,0,0,4,4
476799,216.0,79,0,31,2,15,3,3,0,45,0
476805,47.0,98,0,0,26,0,0,74,0,0,0
476814,297.0,22,0,2,34,12,0,42,5,5,0
476823,59.0,92,2,7,2,32,0,53,3,2,0
476841,194.0,94,1,1,3,25,0,53,2,15,1
476850,64.0,36,0,0,2,36,2,44,9,8,0
476869,112.0,96,0,1,2,14,1,81,1,0,0
476878,57.0,100,0,0,9,0,0,88,0,4,0
476887,287.0,97,0,2,74,6,1,13,2,2,1
476896,27.0,89,0,0,4,63,0,33,0,0,0
476902,56.0,96,0,4,29,18,0,45,4,2,0
476939,525.0,90,0,0,11,86,0,1,0,1,0
476948,303.0,6,0,0,39,49,0,9,1,2,0
476957,16.0,94,0,0,0,19,0,81,0,0,0
476966,110.0,16,0,1,39,43,0,9,4,5,0
476975,8114.0,57,1,4,7,15,0,66,3,3,0
476984,165.0,93,0,1,16,5,0,64,7,5,1
476993,202.0,99,0,2,1,11,0,81,3,1,0
477002,49.0,100,0,2,10,0,0,80,0,8,0
477039,1020.0,86,0,15,35,21,0,23,4,0,0
477950,65.0,75,5,0,0,22,5,65,5,0,0
478582,145.0,97,0,0,67,4,1,12,1,15,0
478591,134.0,93,3,0,12,29,0,42,10,4,0
478616,132.0,95,1,0,76,5,0,11,6,2,0
478634,250.0,43,0,6,9,47,2,25,6,5,0
478661,129.0,78,0,4,18,40,0,33,3,2,0
478917,50.0,96,0,2,4,4,0,84,6,0,0
478953,182.0,98,0,3,7,5,1,79,7,0,0
479062,73.0,1,0,4,8,18,0,60,1,8,0
479248,234.0,74,0,16,0,20,0,50,0,0,14
479424,153.0,78,0,31,16,29,3,4,3,14,0
479965,171.0,90,1,2,30,3,0,64,0,0,1
479974,122.0,64,3,5,11,70,0,11,0,0,0
479983,49.0,98,0,4,0,37,4,43,10,2,0
479992,24.0,21,0,17,8,46,0,25,0,4,0
480000,56.0,32,0,5,25,41,2,23,4,0,0
480019,637.0,7,1,2,7,63,0,26,0,0,0
480028,182.0,22,0,8,27,16,0,23,3,2,21
480037,2043.0,21,1,3,43,11,0,36,5,1,0
480073,348.0,76,1,7,28,30,2,31,0,1,1
480091,5021.0,91,1,1,39,7,0,47,5,1,0
480125,338.0,96,7,1,13,55,0,16,7,1,0
480161,9.0,89,0,0,44,0,0,56,0,0,0
480170,116.0,95,2,17,20,6,2,53,1,0,0
480189,612.0,65,2,1,18,5,0,66,0,8,1
480198,329.0,73,2,6,15,12,1,54,2,9,0
480204,473.0,84,1,2,8,61,1,20,6,2,0
480310,88.0,99,0,1,81,0,0,17,1,0,0
480347,48.0,83,2,2,2,27,0,50,15,2,0
480471,678.0,69,1,3,13,30,0,5,2,46,0
480499,17.0,41,0,0,6,12,0,82,0,0,0
480523,103.0,98,0,2,47,1,0,47,2,2,0
480532,77.0,95,0,0,14,5,0,78,3,0,0
480550,78.0,96,0,1,13,10,0,63,13,0,0
480569,1166.0,58,1,1,22,14,1,53,2,6,1
480657,611.0,90,0,2,13,8,1,54,6,16,0
480693,205.0,74,19,8,5,34,0,18,0,0,18
480727,27.0,7,0,0,0,0,0,85,0,0,15
480736,211.0,53,0,0,33,29,0,38,0,0,0
480781,86.0,35,0,0,24,31,0,9,12,0,23
480824,307.0,91,2,2,27,51,0,13,2,3,0
480833,508.0,94,0,3,17,51,1,25,2,2,0
480842,27.0,70,0,0,93,0,0,7,0,0,0
480851,86.0,51,0,0,23,74,0,1,1,0,0
480879,42.0,88,0,2,2,7,0,88,0,0,0
480888,159.0,67,0,5,43,30,0,19,3,0,0
480903,302.0,10,0,0,52,35,0,12,0,0,0
480912,11.0,45,0,0,27,18,0,55,0,0,0
480921,61.0,13,0,7,25,39,0,26,2,2,0
480930,159.0,93,0,1,37,18,0,36,6,1,0
480967,204.0,52,75,0,1,0,0,0,25,0,0
480976,83.0,96,0,2,12,5,0,77,4,0,0
480985,213.0,99,2,0,12,8,1,75,0,2,0
480994,69.0,96,0,1,65,20,0,4,9,0,0
481003,171.0,12,0,2,53,26,0,18,0,1,0
481021,52.0,33,0,4,6,19,0,69,2,0,0
481049,28.0,79,11,0,0,11,0,75,4,0,0
481058,121.0,53,0,59,0,1,0,0,0,1,40
481085,147.0,90,0,5,65,10,0,20,0,0,0
481100,125.0,75,0,85,1,10,1,4,0,0,0
481128,101.0,87,0,46,1,49,0,4,0,1,0
481137,95.0,38,0,3,14,5,0,68,7,2,0
481146,56.0,91,2,0,82,4,0,11,0,2,0
481155,349.0,68,0,0,67,3,0,27,3,0,0
481191,291.0,72,0,1,4,74,1,12,2,6,0
481207,124.0,80,2,3,30,8,2,48,6,0,0
481225,24.0,42,0,0,8,8,0,25,0,0,58
481243,206.0,100,0,1,9,23,0,64,0,2,0
481252,91.0,78,0,1,74,18,2,5,0,0,0
481289,81.0,79,0,38,7,28,6,14,5,1,0
481298,48.0,96,4,0,0,73,0,21,0,2,0
481313,90.0,98,2,1,37,43,0,17,0,0,0
481322,38.0,100,0,0,0,89,0,11,0,0,0
481331,96.0,32,0,0,51,18,0,28,1,2,0
481340,48.0,98,0,0,0,4,0,94,0,2,0
481368,43.0,88,0,12,5,26,0,58,0,0,0
481386,147.0,87,0,14,20,56,1,9,0,0,0
481401,223.0,30,0,0,12,7,0,16,0,65,0
481410,83.0,0,0,0,0,0,0,94,0,0,6
481429,172.0,88,0,3,79,11,0,6,1,0,0
481438,62.0,0,0,0,0,0,0,100,0,0,0
481447,36.0,89,0,3,8,6,0,75,6,3,0
481456,13.0,92,0,0,0,0,46,54,0,0,0
481465,80.0,98,0,0,95,0,0,3,0,3,0
481474,128.0,100,0,13,1,16,1,59,10,1,0
481483,100.0,97,1,2,16,25,0,41,0,15,0
481508,70.0,91,0,0,4,16,0,74,0,6,0
481517,101.0,98,4,0,0,10,1,82,2,1,0
481526,166.0,99,1,2,33,8,1,45,11,1,0
481571,10.0,90,0,0,40,30,0,30,0,0,0
481678,82.0,93,0,0,66,2,4,13,2,12,0
481739,64.0,98,0,3,42,23,0,20,3,8,0
481748,119.0,97,0,0,75,17,0,1,2,6,0
481845,73.0,99,0,0,40,11,0,42,4,3,0
481863,79.0,95,0,0,19,3,0,73,4,1,0
481890,101.0,96,0,1,8,10,0,33,8,33,8
481906,141.0,87,0,0,18,3,0,74,3,1,0
481960,136.0,30,0,6,15,45,1,18,0,16,0
482015,438.0,32,2,14,20,60,2,2,0,0,0
482060,319.0,92,0,3,6,73,0,12,1,5,0
482097,438.0,41,0,0,8,5,1,81,4,1,0
482149,5604.0,65,0,6,25,8,0,51,6,1,1
482158,7787.0,57,0,3,34,5,0,52,4,0,2
482167,118.0,98,0,0,96,4,0,0,0,0,0
482176,174.0,93,1,3,1,21,0,66,7,1,1
482185,163.0,30,1,5,4,8,1,61,7,12,2
482194,50.0,84,0,10,32,28,0,30,0,0,0
482200,75.0,73,0,0,55,1,0,44,0,0,0
482228,191.0,36,1,5,2,7,0,81,4,0,1
482246,32.0,3,0,0,9,0,0,91,0,0,0
482255,352.0,9,0,9,15,27,3,36,9,0,0
482291,990.0,59,1,0,3,20,0,4,1,72,0
482325,26.0,88,0,0,50,19,0,27,0,0,4
482370,56.0,91,0,0,43,0,0,52,0,5,0
482413,836.0,37,1,7,29,26,0,28,1,5,3
482422,267.0,27,2,3,9,29,1,42,3,11,0
482431,1683.0,36,1,12,11,35,3,30,3,4,1
482440,119.0,56,0,6,8,19,3,57,3,3,0
482459,551.0,51,1,2,28,30,0,33,1,2,2
482468,858.0,56,0,3,53,7,0,30,2,4,0
482477,14163.0,65,1,3,25,15,0,49,2,4,0
482486,28.0,64,0,0,21,29,0,43,0,7,0
482538,61.0,25,2,2,16,10,0,69,0,2,0
482547,54.0,41,0,13,13,26,2,35,4,6,2
482556,219.0,25,0,10,18,31,0,34,0,3,4
482565,47.0,51,0,2,51,15,0,21,4,6,0
482574,444.0,45,1,1,20,2,0,71,2,2,0
482608,128.0,43,0,2,35,10,0,40,0,13,0
482617,40.0,35,0,0,30,13,3,50,0,5,0
482635,314.0,37,0,3,28,31,0,31,2,5,1
482653,150.0,47,1,4,43,12,0,31,2,5,2
482680,19036.0,57,0,3,4,14,0,73,3,1,1
482699,2346.0,67,0,1,29,8,0,59,1,1,0
482705,3588.0,55,0,8,7,8,0,40,3,9,26
482936,1288.0,15,0,4,6,21,0,63,3,1,1
482963,335.0,86,0,1,23,22,0,47,6,0,0
482972,29.0,97,0,3,0,83,0,7,0,7,0
482981,144.0,19,0,1,19,68,0,4,6,1,0
482990,246.0,87,17,1,21,30,2,26,3,0,0
483009,75.0,88,0,0,3,96,1,0,0,0,0
483018,95.0,59,3,1,22,14,0,51,5,4,0
483036,1954.0,59,1,3,28,25,1,40,2,1,0
483045,8244.0,63,0,1,47,4,0,45,2,0,0
483054,97.0,16,0,1,29,3,0,65,0,2,0
483106,173.0,84,0,4,21,31,0,34,1,9,0
483124,34540.0,61,1,4,7,21,0,60,5,2,0
483212,4522.0,56,0,0,35,3,2,42,3,15,0
483221,85.0,54,0,0,1,1,0,2,0,0,95
483230,148.0,1,0,2,2,29,0,56,8,3,0
483258,36.0,8,0,0,83,17,0,0,0,0,0
483276,44.0,16,0,2,77,9,0,11,0,0,0
483328,125.0,84,0,2,13,26,0,57,2,1,0
483337,166.0,95,0,1,25,5,0,61,7,0,0
483346,33.0,76,0,21,39,12,0,12,15,0,0
483355,160.0,98,0,1,57,1,0,40,1,0,0
483364,104.0,96,0,2,48,5,0,43,2,0,0
483373,30.0,100,0,10,10,73,0,7,0,0,0
483382,192.0,1,1,2,23,30,0,40,1,3,0
483425,44.0,98,0,2,18,0,0,70,7,2,0
483443,715.0,15,1,46,9,13,4,15,3,10,0
483470,14.0,86,0,0,0,100,0,0,0,0,0
483504,381.0,67,0,0,73,7,0,15,3,3,0
483513,47.0,60,0,0,21,51,0,23,2,2,0
483559,105.0,95,0,0,7,24,0,70,0,0,0
483577,34.0,94,0,6,6,15,0,74,0,0,0
483586,15.0,20,0,0,0,13,0,0,0,0,87
483595,515.0,68,0,0,0,100,0,0,0,0,0
483638,39.0,92,0,10,56,21,0,13,0,0,0
483647,46.0,100,9,0,11,7,2,72,0,0,0
483665,28.0,93,14,0,14,11,0,57,4,0,0
483708,52.0,85,0,10,29,21,0,29,0,12,0
483717,11.0,82,9,0,9,0,0,82,0,0,0
483726,35.0,100,0,0,94,0,0,3,0,3,0
483735,43.0,98,0,2,5,28,0,51,0,14,0
483744,71.0,11,0,0,89,4,0,0,0,7,0
483753,26.0,12,0,4,46,42,0,8,0,0,0
483780,71.0,34,0,1,0,0,0,3,0,1,94
483799,49.0,80,0,12,8,2,2,76,0,0,0
483814,417.0,90,0,7,81,5,0,6,0,1,0
483823,545.0,18,0,1,87,8,1,3,0,1,0
483841,69.0,93,0,86,0,12,0,3,0,0,0
483850,12.0,92,0,42,42,17,0,0,0,0,0
483869,77.0,78,0,0,0,100,0,0,0,0,0
483878,101.0,82,0,24,25,30,1,9,6,6,0
483887,52.0,83,0,0,15,2,0,79,0,4,0
483896,165.0,96,0,4,53,13,0,30,0,0,0
483911,2.0,100,0,0,0,0,0,100,0,0,0
483920,68.0,24,0,0,72,13,0,15,0,0,0
483939,24.0,54,0,0,96,0,4,0,0,0,0
483948,27.0,30,0,0,96,4,0,0,0,0,0
483957,41.0,76,0,0,2,88,0,10,0,0,0
484002,704.0,90,0,5,15,51,0,27,2,0,0
484011,108.0,79,0,0,10,2,0,54,1,33,0
484020,39.0,15,0,0,67,13,0,21,0,0,0
484039,189.0,56,1,0,72,16,0,7,3,1,1
484048,6.0,17,0,0,83,17,0,0,0,0,0
484057,157.0,87,0,76,11,5,0,5,2,1,0
484066,410.0,93,0,2,24,8,0,60,4,1,0
484075,46.0,20,4,0,74,7,0,15,0,0,0
484084,74.0,97,0,0,11,12,0,58,19,0,0
484093,129.0,98,0,1,35,2,1,57,2,2,0
484109,81.0,98,0,0,14,20,0,65,1,0,0
484127,100.0,92,0,3,4,21,0,72,0,0,0
484136,34.0,85,0,3,76,15,0,6,0,0,0
484163,305.0,73,3,3,7,19,0,62,3,4,0
484172,18.0,72,0,0,0,94,0,6,0,0,0
484190,28.0,14,0,4,96,0,0,0,0,0,0
484206,174.0,98,0,14,5,46,1,29,5,1,0
484233,262.0,45,0,5,7,49,0,39,0,0,0
484321,56.0,89,2,2,30,18,0,41,4,4,0
484330,40.0,98,0,0,10,13,0,57,18,3,0
484349,84.0,89,0,1,32,4,0,61,2,0,0
484358,109.0,94,1,1,5,1,0,73,17,3,0
484367,204.0,92,3,2,2,75,1,9,7,0,0
484376,299.0,90,0,5,12,59,1,3,14,6,0
484385,172.0,82,0,1,32,44,0,21,1,2,0
484394,178.0,88,3,1,3,10,3,79,1,0,1
484473,3926.0,57,0,5,5,21,0,60,3,4,1
484604,447.0,98,2,1,56,24,1,8,6,2,0
484613,72485.0,69,1,1,22,12,1,29,3,32,0
484631,3756.0,34,1,4,8,24,1,14,2,46,0
484640,36.0,47,0,0,11,8,0,22,6,53,0
484668,86.0,47,0,0,24,16,0,24,3,31,0
484677,52.0,56,0,0,42,10,0,10,4,35,0
484695,20.0,85,0,0,55,0,0,15,0,30,0
484710,182.0,38,1,3,17,16,3,16,2,42,0
484729,28.0,46,0,0,39,0,4,7,0,50,0
484747,18.0,89,0,0,72,6,0,11,6,6,0
484756,388.0,38,0,1,33,11,0,12,2,40,0
484765,23.0,22,0,0,43,9,0,13,0,35,0
484783,22.0,73,0,0,50,0,0,14,5,32,0
484826,69.0,100,0,10,16,12,1,48,1,7,4
484835,178.0,78,0,0,0,100,0,0,0,0,0
484862,5.0,40,0,0,60,0,0,20,0,0,20
484871,122.0,0,0,0,0,0,0,100,0,0,0
484899,170.0,96,3,1,9,25,1,48,6,8,0
484905,3419.0,66,0,2,27,55,0,12,1,0,2
484923,68.0,100,0,6,24,13,0,41,16,0,0
484932,1776.0,63,1,1,6,2,0,89,0,1,0
484950,120.0,79,2,0,1,15,9,68,5,0,0
484996,151.0,96,0,5,30,64,0,1,0,0,0
485014,58.0,98,2,3,66,12,0,14,2,2,0
485032,143.0,96,0,0,49,5,0,41,3,2,0
485111,8766.0,63,3,3,40,7,0,45,0,1,1
485120,28.0,96,0,0,64,7,0,29,0,0,0
485139,300.0,22,2,2,51,23,0,18,4,1,0
485166,115.0,83,1,10,29,10,0,42,3,4,0
485236,68.0,100,0,0,59,3,0,34,3,1,0
485263,536.0,44,1,11,16,39,3,18,4,8,0
485272,1010.0,87,0,2,15,71,0,7,4,1,0
485306,41.0,90,2,0,2,10,2,83,0,0,0
485342,542.0,50,0,3,16,32,0,45,4,0,0
485360,11.0,82,0,27,55,18,0,0,0,0,0
485379,275.0,79,0,1,29,36,13,6,0,15,0
485388,307.0,89,0,1,32,51,0,12,4,0,0
485397,113.0,96,0,0,88,4,0,2,0,5,0
485412,84.0,80,0,2,13,50,1,31,2,0,0
485458,4498.0,63,0,1,19,5,0,72,1,1,0
485476,105.0,100,1,1,7,6,0,53,13,19,0
485485,175.0,91,0,1,3,87,0,3,0,0,7
485494,65.0,6,0,2,34,40,0,25,0,0,0
485500,126.0,9,2,20,32,29,0,13,4,0,0
485519,379.0,29,1,1,22,17,1,53,5,0,1
485546,130.0,62,2,3,28,12,2,42,6,5,0
485564,149.0,97,0,1,87,0,0,11,0,0,0
485573,156.0,86,0,0,1,6,0,92,0,1,0
485582,115.0,93,0,7,8,18,1,63,1,3,0
485591,33.0,97,0,0,100,0,0,0,0,0,0
485607,42.0,95,0,0,24,57,2,10,7,0,0
485698,94.0,12,0,0,4,3,1,91,0,0,0
485704,13.0,92,0,0,0,8,0,92,0,0,0
485731,10.0,100,0,0,0,0,0,100,0,0,0
485768,211.0,35,0,4,10,51,0,6,8,0,21
485801,91.0,91,0,0,23,60,0,13,0,0,3
485810,14.0,21,0,0,57,29,0,14,0,0,0
485856,49.0,67,0,4,2,0,0,90,4,0,0
485874,173.0,98,1,2,24,38,1,35,1,0,0
485908,177.0,77,0,1,18,10,1,47,3,19,1
485926,139.0,96,0,0,0,100,0,0,0,0,0
485953,27.0,15,0,0,19,19,11,52,0,0,0
485962,43.0,40,0,0,86,0,0,14,0,0,0
485999,90.0,0,0,0,0,0,0,100,0,0,0
486017,46.0,0,0,0,0,0,0,96,0,0,4
486026,112.0,0,0,0,0,0,0,100,0,0,0
486053,126.0,37,2,1,2,2,0,87,1,3,2
486105,6.0,100,0,0,67,17,0,17,0,0,0
486123,28.0,32,4,0,36,36,0,14,7,0,4
486141,6.0,100,0,33,67,0,0,0,0,0,0
486150,80.0,61,0,0,40,0,0,41,19,0,0
486169,97.0,20,0,1,45,8,0,42,1,2,0
486196,164.0,0,0,0,0,0,0,96,0,0,4
486202,20.0,90,0,0,0,0,0,100,0,0,0
486239,75.0,69,0,0,0,47,0,0,0,0,53
486248,125.0,59,0,3,11,74,0,9,0,3,0
486257,316.0,54,0,5,33,18,1,37,2,2,3
486284,323.0,70,0,0,4,0,0,76,2,15,2
486309,13.0,54,8,15,23,15,0,38,0,0,0
486327,17.0,100,0,6,12,18,0,65,0,0,0
486345,157.0,3,1,3,18,55,0,11,1,10,0
486354,65.0,57,0,14,0,74,0,6,0,6,0
486372,38.0,26,0,5,26,11,0,42,11,3,3
486381,122.0,92,0,1,35,39,0,23,0,2,0
486390,148.0,37,0,2,58,26,0,11,2,1,0
486406,14.0,100,0,0,0,0,0,100,0,0,0
486415,166.0,90,0,5,80,11,0,4,0,0,0
486424,140.0,86,0,0,94,4,0,2,0,0,0
486442,79.0,92,0,0,0,0,1,99,0,0,0
486488,47.0,36,0,9,11,9,2,64,0,0,6
486497,62.0,15,0,21,18,32,5,10,0,15,0
486503,78.0,97,0,0,0,100,0,0,0,0,0
486512,91.0,37,0,0,0,100,0,0,0,0,0
486521,4.0,75,0,0,100,0,0,0,0,0,0
486530,163.0,99,0,4,68,2,1,24,1,0,0
486558,278.0,7,1,12,18,22,4,17,10,16,0
486567,171.0,94,2,1,12,12,1,71,2,1,0
486576,134.0,73,0,0,0,100,0,0,0,0,0
486594,67.0,54,0,0,27,10,0,58,1,3,0
486619,83.0,100,0,0,0,47,1,52,0,0,0
486691,77.0,94,0,4,88,4,0,0,3,1,0
486707,134.0,96,1,1,64,9,0,19,5,1,0
486716,108.0,95,0,1,23,7,0,52,16,1,0
486734,118.0,67,0,1,43,29,0,19,4,3,1
486752,81.0,99,0,0,20,1,0,74,5,0,0
486770,105.0,74,0,2,51,18,2,20,1,6,0
486798,1470.0,9,1,1,27,41,0,20,4,7,0
486813,575.0,77,0,1,3,83,0,10,2,1,0
486822,755.0,85,4,2,4,44,0,39,7,1,0
486840,34499.0,48,0,5,21,11,0,54,5,2,2
486859,44.0,86,0,0,9,7,0,80,5,0,0
486868,11.0,100,0,0,0,18,0,82,0,0,0
486877,10.0,100,0,10,0,40,0,30,0,20,0
486886,37.0,97,0,11,0,35,0,38,0,16,0
486901,882.0,53,0,1,3,4,0,79,2,5,6
486938,384.0,80,0,24,9,26,2,33,5,1,0
486947,338.0,86,0,9,14,5,0,69,2,1,0
486956,789.0,87,0,9,36,19,1,33,2,0,0
486965,320.0,63,1,3,15,6,0,58,13,3,1
486983,46.0,76,4,2,22,13,0,50,9,0,0
487010,296.0,91,0,2,19,2,0,68,1,9,0
487047,96.0,98,0,0,78,0,0,22,0,0,0
487065,21.0,90,0,0,0,33,0,57,5,5,0
487083,33.0,97,0,3,3,6,0,85,3,0,0
487092,983.0,56,0,29,7,11,0,30,4,1,18
487162,4973.0,67,0,1,32,9,0,56,0,1,0
487232,74.0,99,0,0,7,46,0,47,0,0,0
487296,382.0,52,1,3,4,48,0,39,4,1,1
487302,586.0,73,0,6,34,2,0,50,5,4,0
487311,320.0,7,0,2,24,15,0,56,1,2,0
487320,10720.0,31,1,1,6,55,0,32,1,5,0
487348,103.0,95,2,1,3,8,1,73,12,1,0
487375,597.0,87,1,23,19,28,1,23,4,0,0
487384,536.0,68,0,0,45,26,1,4,1,24,0
487393,744.0,60,0,0,47,22,0,7,1,23,0
487409,486.0,60,0,0,40,39,0,1,0,19,0
487418,688.0,65,0,0,57,6,0,1,1,34,0
487427,522.0,59,0,1,17,13,0,4,1,64,0
487436,375.0,70,0,0,42,9,0,10,1,38,0
487445,480.0,61,0,1,45,20,0,10,1,24,0
487454,591.0,63,0,0,50,12,0,5,0,32,0
487472,835.0,65,0,0,29,26,0,4,2,38,0
487481,564.0,74,4,0,6,26,1,8,1,54,0
487490,509.0,63,0,0,47,17,1,4,2,29,0
487506,111.0,96,0,2,6,6,1,81,4,0,0
487524,2872.0,58,0,1,4,1,0,83,3,5,2
487533,88.0,99,1,3,15,30,1,50,0,0,0
487588,342.0,96,0,0,63,2,0,11,1,22,0
487597,1075.0,3,0,5,4,65,1,13,8,3,0
487603,1014.0,55,1,3,3,7,1,40,4,40,0
487621,24.0,17,0,0,96,0,0,4,0,0,0
487658,88.0,30,0,1,11,1,0,65,9,13,0
487676,211.0,96,0,2,27,7,0,61,0,2,1
487746,27.0,0,0,0,0,0,0,85,0,0,15
487773,64.0,94,2,2,0,22,2,69,3,2,0
487791,518.0,8,0,0,25,25,1,42,5,1,0
487807,19.0,37,0,0,89,5,0,5,0,0,0
487816,18.0,100,0,0,100,0,0,0,0,0,0
487852,25.0,64,0,8,16,12,0,64,0,0,0
487861,276.0,86,0,3,92,1,0,3,0,0,0
487889,120.0,92,6,0,1,84,0,9,0,0,0
487898,34.0,26,0,3,88,9,0,0,0,0,0
487904,20.0,40,0,5,0,10,0,85,0,0,0
487913,6.0,0,0,0,0,0,0,100,0,0,0
487922,47.0,96,0,0,6,2,0,87,0,0,4
487959,58.0,97,0,2,5,22,0,69,0,2,0
487968,69.0,96,0,3,88,4,0,3,1,0,0
487977,1435.0,97,2,4,11,22,1,55,4,1,0
487995,63.0,78,6,70,2,0,0,8,0,0,14
488004,21.0,0,0,0,0,0,0,100,0,0,0
488013,75.0,96,0,3,37,36,0,4,9,11,0
488022,59.0,44,0,0,97,2,0,2,0,0,0
488031,54.0,54,2,6,7,17,0,28,0,41,0
488040,25.0,4,0,0,100,0,0,0,0,0,0
488059,65.0,57,0,0,2,83,0,5,0,11,0
488068,117.0,88,1,3,5,4,0,84,1,1,2
488077,1782.0,1,1,1,3,9,0,79,3,3,0
488101,114.0,0,0,0,0,0,0,100,0,0,0
488110,63.0,100,0,2,14,38,0,46,0,0,0
488129,42.0,95,0,0,93,2,0,5,0,0,0
488138,47.0,100,2,0,55,4,0,38,0,0,0
488147,81.0,94,0,0,53,44,0,2,0,0,0
488174,28.0,43,0,0,68,11,0,11,7,4,0
488183,19.0,95,0,0,11,0,0,89,0,0,0
488192,79.0,0,1,6,8,43,1,37,4,0,0
488217,130.0,95,0,0,4,2,0,92,3,0,0
488226,21.0,62,0,5,5,19,0,67,0,0,5
488235,11.0,100,0,0,0,0,0,100,0,0,0
488253,102.0,31,0,8,23,31,0,35,1,1,1
488262,19.0,37,0,0,53,21,0,26,0,0,0
488271,113.0,97,4,5,3,9,0,73,0,7,0
488280,60.0,32,0,0,25,28,0,33,12,0,2
488299,22.0,91,0,9,0,91,0,0,0,0,0
488305,106.0,47,0,1,10,12,0,63,2,7,5
488314,66.0,0,0,0,0,0,0,89,0,0,11
488332,196.0,92,0,1,94,4,0,1,0,0,0
488350,90.0,0,0,0,0,0,0,89,0,0,11
488369,58.0,19,0,3,48,21,0,24,3,0,0
488378,27.0,93,0,11,0,0,0,89,0,0,0
488396,39.0,23,0,0,87,13,0,0,0,0,0
488411,75.0,96,0,4,1,11,0,69,11,4,0
488420,107.0,77,0,1,18,9,0,64,8,0,0
488439,158.0,19,0,2,74,3,1,18,3,0,0
488448,80.0,29,3,8,11,11,1,63,4,0,0
488590,16.0,63,0,13,0,6,0,81,0,0,0
488651,156.0,83,0,0,2,74,0,15,1,8,0
488679,6925.0,73,0,1,25,5,0,62,4,1,2
488730,6540.0,56,0,3,11,50,0,31,5,1,0
488749,123.0,96,0,7,40,16,0,36,1,0,0
488776,32.0,66,0,3,0,22,0,63,0,13,0
488785,235.0,45,1,3,9,43,2,32,5,2,3
488800,588.0,66,1,6,3,24,1,58,2,4,0
488828,25.0,52,24,0,32,4,0,40,0,0,0
488837,202.0,15,0,3,65,0,0,24,7,0,0
488846,4424.0,36,0,0,0,0,0,1,0,98,0
488891,89.0,72,0,0,39,57,0,3,0,0,0
488916,27.0,96,7,0,52,0,0,41,0,0,0
488925,92.0,4,0,1,8,5,0,79,0,7,0
488934,4142.0,47,9,4,10,25,0,48,4,0,0
488952,109.0,94,0,0,24,19,0,53,2,2,0
488961,88.0,98,0,0,20,9,0,61,8,1,0
488970,36.0,92,0,0,6,3,0,78,14,0,0
488989,137.0,96,0,0,15,36,0,43,1,4,1
488998,135.0,87,1,0,0,16,0,18,3,62,0
489122,30.0,83,0,10,30,7,0,33,0,20,0
489131,43.0,91,0,21,7,7,0,63,0,2,0
489140,55.0,87,4,2,9,22,0,64,0,0,0
489159,175.0,99,1,2,47,5,0,44,1,1,0
489201,8454.0,59,1,13,2,44,0,34,4,1,0
489238,114.0,78,0,2,27,39,0,32,0,0,1
489247,47.0,70,0,2,0,66,2,19,4,4,2
489256,222.0,13,0,0,0,100,0,0,0,0,0
489283,376.0,81,0,1,0,95,0,3,0,0,0
489344,187.0,94,0,6,44,7,1,41,1,0,0
489353,255.0,79,2,17,3,17,1,57,3,0,0
489371,190.0,6,1,6,6,52,1,24,5,5,0
489760,69.0,4,0,0,12,68,0,17,3,0,0
489779,28807.0,65,1,2,21,12,0,57,4,3,0
489812,55.0,93,4,0,0,4,0,82,9,2,0
489830,82.0,100,0,0,24,4,0,68,0,4,0
489937,348.0,47,1,1,20,8,0,66,3,1,1
490018,32.0,41,0,3,3,31,0,50,6,6,0
490045,46.0,61,0,70,0,0,0,2,0,11,17
490054,645.0,72,0,0,38,12,0,21,12,16,0
490063,94.0,45,0,0,0,0,0,0,0,0,100
490072,15.0,13,0,0,40,0,0,53,0,7,0
490081,35.0,54,0,37,0,9,0,0,0,3,51
490090,44.0,32,0,0,70,11,0,16,2,0,0
490115,83.0,23,0,1,28,2,0,67,1,0,0
490124,6.0,50,0,33,0,33,0,33,0,0,0
490133,781.0,36,0,2,5,6,0,7,4,69,6
490142,12.0,67,0,0,100,0,0,0,0,0,0
490151,148.0,94,0,6,27,3,0,63,1,0,0
490160,75.0,77,0,13,4,15,3,59,5,1,0
490197,46.0,83,0,7,2,85,0,0,0,7,0
490203,130.0,97,1,0,2,5,0,90,3,0,0
490212,31.0,81,0,13,10,55,0,10,10,0,3
490221,20.0,95,0,5,0,10,0,70,0,10,5
490230,150.0,51,0,53,1,4,0,1,0,4,37
490249,29.0,10,0,3,24,55,0,17,0,0,0
490258,30.0,17,0,0,13,57,0,30,0,0,0
490267,22.0,27,0,0,9,9,0,77,0,5,0
490276,99.0,0,0,0,0,0,0,100,0,0,0
490285,372.0,9,0,12,13,10,1,10,5,49,0
490294,97.0,60,12,0,2,68,2,15,0,0,0
490300,79.0,68,0,0,4,35,1,58,0,1,0
490319,31.0,0,0,0,0,0,0,100,0,0,0
490328,55.0,0,0,0,0,0,0,100,0,0,0
490337,105.0,50,1,24,58,10,0,5,1,1,0
490346,30.0,100,0,0,0,0,0,100,0,0,0
490382,105.0,85,0,2,63,3,0,24,0,1,8
490391,37.0,97,0,0,0,100,0,0,0,0,0
490407,74.0,99,0,5,81,5,0,3,1,4,0
490416,47.0,13,2,0,62,2,0,34,0,0,0
490425,127.0,99,0,5,12,25,0,50,6,3,0
490434,25.0,100,0,0,0,0,0,100,0,0,0
490443,141.0,96,0,9,32,12,0,33,9,6,0
490452,39.0,97,0,5,10,21,0,64,0,0,0
490461,108.0,95,0,5,24,29,0,31,0,0,11
490470,28.0,86,0,0,43,0,0,50,7,0,0
490489,20.0,20,0,0,80,0,0,15,0,5,0
490498,31.0,29,3,0,29,10,0,55,0,3,0
490504,35.0,0,0,0,0,0,0,100,0,0,0
490513,46.0,0,0,0,0,0,0,96,0,0,4
490522,19.0,100,5,5,21,16,0,32,0,16,5
490531,25.0,4,0,0,100,0,0,0,0,0,0
490540,33.0,76,0,0,70,0,0,30,0,0,0
490559,405.0,95,0,3,61,20,0,9,2,5,0
490568,117.0,89,0,1,3,4,1,91,0,1,0
490674,7.0,100,0,0,29,43,0,29,0,0,0
490692,20.0,15,0,5,80,0,0,10,5,0,0
490717,66.0,97,0,2,6,33,0,41,12,6,0
490735,170.0,86,1,1,48,36,1,12,1,1,0
490744,29.0,14,0,0,90,0,0,10,0,0,0
490753,2.0,50,0,0,0,0,0,100,0,0,0
490805,9106.0,56,0,3,10,20,0,59,3,1,3
490814,104.0,96,0,1,17,15,0,60,0,7,0
490832,206.0,92,0,0,23,3,0,67,5,1,0
490841,75.0,95,1,0,8,20,0,64,5,1,0
490869,266.0,85,0,0,37,44,0,14,4,1,0
490878,459.0,75,1,12,4,47,1,26,7,2,0
490896,74.0,93,0,5,12,23,0,59,0,0,0
490948,14.0,7,0,0,93,7,0,0,0,0,0
490975,338.0,91,0,1,27,64,1,5,3,0,0
491057,128.0,0,0,0,0,0,0,100,0,0,0
491066,49.0,100,0,0,4,33,0,47,14,2,0
491075,38.0,0,0,0,32,3,3,53,11,0,0
491084,53.0,94,0,0,75,0,0,25,0,0,0
491136,88.0,98,0,0,32,23,0,23,1,22,0
491145,90.0,92,0,1,29,26,0,43,1,0,0
491181,342.0,85,1,0,1,0,0,96,1,1,0
491224,64.0,94,0,3,8,14,0,73,2,0,0
491233,22.0,100,0,9,64,0,0,27,0,0,0
491242,63.0,52,2,3,0,24,2,35,3,30,2
491251,82.0,48,0,0,26,16,2,52,4,0,0
491260,31.0,100,6,0,0,0,0,90,0,3,0
491288,602.0,69,1,4,2,5,0,86,1,1,0
491297,70.0,51,0,3,3,9,0,77,7,1,0
491394,30.0,23,3,13,33,23,0,23,3,0,0
491446,142.0,100,0,0,0,0,0,100,0,0,0
491464,77.0,84,1,13,16,56,0,9,4,1,0
491473,313.0,29,1,1,29,8,0,60,1,0,0
491482,41.0,100,0,15,10,10,0,27,0,37,2
491507,25.0,84,0,0,12,68,0,20,0,0,0
491525,66.0,45,0,2,8,3,0,88,0,0,0
491534,5.0,80,0,0,0,20,0,80,0,0,0
491543,75.0,67,0,47,13,35,0,4,0,0,1
491552,5.0,80,0,0,0,40,0,60,0,0,0
491570,24.0,100,0,0,38,8,0,54,0,0,0
491589,35.0,26,3,0,63,20,0,6,0,9,0
491598,18.0,89,0,0,6,28,0,67,0,0,0
491613,65.0,0,0,0,0,0,0,100,0,0,0
491622,71.0,0,0,0,0,0,0,93,0,0,7
491631,100.0,100,0,0,0,0,0,100,0,0,0
491640,155.0,0,0,0,0,0,0,99,0,0,1
491659,101.0,50,2,5,22,23,2,34,7,6,0
491668,200.0,99,0,0,0,100,0,0,0,0,0
491677,69.0,7,0,3,32,29,0,36,0,0,0
491686,43.0,14,0,2,30,35,0,23,9,0,0
491695,43.0,88,2,0,86,5,0,2,5,0,0
491701,57.0,86,0,0,0,0,2,96,0,2,0
491710,93.0,0,0,0,0,0,0,97,0,0,3
491729,30.0,93,0,0,97,0,0,3,0,0,0
491738,52.0,90,0,25,0,10,4,19,38,4,0
491747,77.0,65,0,0,27,21,0,49,0,1,1
491756,150.0,23,1,7,20,51,1,10,8,0,2
491765,87.0,0,0,0,0,0,0,100,0,0,0
491774,113.0,91,0,12,71,12,0,4,0,0,0
491783,63.0,33,2,0,8,16,0,73,2,0,0
491792,40.0,98,0,5,0,3,0,80,8,5,0
491817,200.0,100,0,0,0,0,0,100,0,0,0
491826,32.0,97,9,3,0,50,3,28,3,3,0
491835,87.0,95,0,1,8,34,0,39,15,2,0
491844,130.0,67,93,0,1,3,0,2,1,1,0
491853,47.0,98,0,0,0,91,0,2,4,2,0
491871,6.0,100,0,0,0,67,0,33,0,0,0
491880,21.0,0,0,5,5,19,0,57,5,10,0
491899,123.0,85,0,33,20,33,0,14,0,0,0
491905,105.0,97,0,2,57,7,0,30,0,0,4
491914,135.0,0,0,0,0,0,0,98,0,0,2
491923,147.0,99,0,1,47,10,0,42,1,0,0
491932,26.0,0,0,0,8,15,4,65,8,0,0
491941,93.0,99,0,1,11,8,0,80,0,1,0
491950,701.0,82,1,10,8,43,2,27,4,5,0
491969,21.0,86,0,0,19,5,0,76,0,0,0
491978,58.0,72,2,0,83,7,0,7,2,0,0
491996,29.0,97,0,0,3,21,0,69,7,0,0
492005,48.0,98,0,0,4,0,0,92,4,0,0
492032,8.0,100,0,0,0,13,0,75,13,0,0
492069,80.0,31,1,0,38,5,0,48,9,0,0
492087,2.0,0,0,0,0,0,0,100,0,0,0
492096,9.0,100,0,0,56,0,0,44,0,0,0
492139,110.0,20,0,2,70,4,0,24,1,0,0
492157,135.0,9,0,1,36,31,0,19,10,2,0
492281,9.0,22,0,0,100,0,0,0,0,0,0
492306,109.0,80,2,5,5,56,5,25,4,0,0
492315,90.0,80,0,13,3,19,1,56,8,0,0
492324,252.0,85,1,3,3,66,2,20,5,0,0
492360,44.0,52,0,0,45,11,0,41,0,2,0
492379,20.0,20,10,0,10,0,0,80,0,0,0
492397,53.0,98,4,2,0,4,0,58,4,28,0
492421,3.0,0,0,0,100,0,0,0,0,0,0
492449,421.0,85,1,6,2,56,1,24,10,0,0
492476,163.0,75,0,0,0,100,0,0,0,0,0
492591,9.0,11,0,0,22,78,0,0,0,0,0
492643,120.0,69,1,5,29,5,2,23,6,30,0
492652,7.0,57,0,14,86,0,0,0,0,0,0
492661,213.0,79,0,12,15,49,1,19,1,2,0
492689,300.0,79,0,3,8,66,0,22,0,1,1
492722,288.0,93,0,1,4,80,0,13,1,1,0
492731,68.0,87,0,1,38,16,1,38,4,0,0
492759,208.0,92,1,2,48,11,0,35,2,1,0
492801,1326.0,65,2,1,5,8,1,77,2,4,1
492935,40.0,90,0,0,0,100,0,0,0,0,0
492953,82.0,95,1,10,5,74,0,9,0,0,1
492962,4157.0,65,0,1,34,5,0,50,3,6,0
493071,175.0,80,0,0,0,100,0,0,0,0,0
493080,114.0,46,1,17,5,29,1,33,8,6,0
493132,733.0,3,0,3,10,48,0,25,8,5,0
493150,126.0,89,0,2,43,6,0,44,5,0,0
493372,22.0,82,0,0,9,59,0,18,14,0,0
493424,62.0,98,0,2,5,8,0,85,0,0,0
493451,73.0,85,0,0,7,1,0,92,0,0,0
493479,14.0,57,0,21,21,21,0,29,0,7,0
493488,13.0,85,0,0,92,8,0,0,0,0,0
493497,9.0,89,0,0,0,0,0,11,0,89,0
493503,17.0,35,0,6,29,29,0,24,0,0,12
493512,77.0,44,1,3,1,4,0,13,0,71,6
493521,7.0,71,0,0,57,0,0,43,0,0,0
493530,70.0,60,0,0,4,3,0,90,3,0,0
493549,28.0,4,0,0,0,100,0,0,0,0,0
493558,16.0,13,0,0,0,6,0,94,0,0,0
493567,66.0,100,0,0,30,52,0,8,0,11,0
493576,8.0,88,0,0,63,0,0,13,25,0,0
493585,44.0,93,0,2,93,2,0,2,0,0,0
493594,40.0,0,0,0,0,0,0,93,0,0,8
493600,179.0,0,0,0,0,0,0,100,0,0,0
493619,143.0,51,1,1,3,13,0,57,10,9,6
493628,62.0,87,0,35,19,19,0,24,0,0,2
493637,51.0,96,0,0,2,0,0,98,0,0,0
493646,204.0,100,0,0,0,0,0,100,0,0,0
493655,24.0,25,0,0,33,58,0,8,0,0,0
493664,60.0,0,0,0,0,0,0,100,0,0,0
493682,43.0,93,0,9,35,12,0,44,0,0,0
493691,10.0,100,40,0,10,0,0,40,0,10,0
493707,65.0,0,0,0,0,0,0,100,0,0,0
493716,70.0,0,0,0,0,0,0,100,0,0,0
493725,799.0,65,1,1,26,2,0,62,3,5,0
493734,18.0,33,0,11,44,33,0,11,0,0,0
493743,115.0,30,0,3,41,54,0,2,0,1,0
493752,23.0,96,0,0,96,4,0,0,0,0,0
493761,75.0,56,0,7,37,29,1,13,3,9,0
493770,10.0,100,0,0,10,10,0,80,0,0,0
493789,10.0,100,0,10,50,40,0,0,0,0,0
493798,132.0,100,0,0,0,0,0,100,0,0,0
493804,50.0,14,0,2,34,56,0,6,0,2,0
493813,61.0,97,0,0,41,26,0,10,3,20,0
493822,163.0,72,2,2,21,35,0,27,0,12,0
493831,15.0,33,0,0,67,13,0,13,7,0,0
493895,131.0,24,1,9,4,10,0,56,0,20,0
493992,68.0,47,0,0,21,47,0,24,9,0,0
494001,90.0,97,1,0,53,7,0,33,4,1,0
494029,11.0,27,0,0,73,27,0,0,0,0,0
494162,197.0,91,1,6,53,16,0,19,6,0,0
494171,710.0,90,2,4,13,23,1,47,10,0,0
494232,30.0,93,0,0,73,3,0,13,7,0,3
494250,54.0,94,0,0,54,19,0,19,9,0,0
494269,31.0,16,3,3,19,10,3,58,0,3,0
494278,182.0,81,0,0,0,100,0,0,0,0,0
494287,284.0,71,0,0,0,100,0,0,0,0,0
494357,613.0,67,1,3,12,13,1,3,1,67,0
494436,241.0,70,1,1,2,5,0,88,3,0,0
494454,142.0,90,1,18,5,51,1,15,3,6,0
494463,241.0,100,0,0,0,0,0,100,0,0,0
494524,93.0,97,1,0,4,43,0,41,6,0,4
494588,86.0,88,2,1,5,64,0,21,7,0,0
494603,456.0,27,0,6,2,7,0,43,1,34,6
494621,62.0,82,0,3,15,3,0,73,6,0,0
494630,46.0,57,0,0,0,67,0,7,0,0,26
494649,13.0,100,0,0,0,0,0,92,8,0,0
494658,20.0,70,0,0,0,100,0,0,0,0,0
494685,309.0,57,3,2,4,15,0,70,3,2,2
494694,77.0,95,0,3,49,10,0,35,3,0,0
494700,27.0,100,0,0,0,44,0,0,0,0,56
494719,29.0,10,0,0,72,21,0,7,0,0,0
494728,21.0,19,0,10,43,43,0,5,0,0,0
494737,140.0,0,0,0,0,0,0,100,0,0,0
494746,162.0,77,1,23,6,19,5,25,14,7,0
494755,3.0,100,0,0,33,0,0,67,0,0,0
494764,22.0,5,0,0,36,14,0,36,9,5,0
494807,41.0,78,0,0,0,95,0,0,0,5,0
494834,81.0,58,0,0,0,100,0,0,0,0,0
494843,625.0,94,0,3,62,26,0,7,2,0,0
494852,472.0,73,0,1,17,23,0,55,4,0,0
494898,38.0,84,3,0,18,5,0,74,0,0,0
494904,63.0,75,0,3,29,33,0,35,0,0,0
