UNITID,GBA4RTT,GBA6RTT,GBA6RTM,GBA6RTW,GBA6RTAN,GBA6RTAS,GBA6RTNH,GBA6RTBK,GBA6RTHS,GBA6RTWH,GBA6RT2M,GBA6RTUN,GBA6RTNR,PGBA6RT,SSBA6RT,NRBA6RT
100654,8,30,23,36,100,100,50,30,27,33,0,100,11,29,33,29
100663,40,63,59,66,0,85,,56,68,63,59,75,83,54,55,72
100690,50,50,,50,,,,0,,100,,,,33,,
100706,27,58,55,61,50,65,,43,33,61,31,82,60,41,52,69
100724,16,33,27,37,50,25,0,31,53,47,41,25,63,29,30,48
100751,50,71,68,73,72,76,67,57,65,73,71,,70,56,66,76
100830,9,34,29,37,50,62,0,24,0,40,11,100,50,27,37,43
100858,51,79,76,82,70,78,,63,76,81,,70,75,69,77,81
100937,61,69,63,77,100,23,,53,62,74,50,100,,50,70,77
101116,,,,,,,,,,,,,,0,33,0
101189,15,33,22,45,0,,,15,40,40,25,50,22,23,45,45
101365,,,,,,,,,,,,,,0,0,0
101435,41,49,42,59,100,,,35,22,55,50,44,0,41,57,54
101453,33,67,100,0,,,,,,67,,,,100,,67
101480,20,41,33,49,29,57,,27,23,45,,36,60,34,41,50
101541,26,37,,37,,,,33,50,37,,,,14,50,67
101587,21,35,30,38,50,50,,35,40,35,0,50,38,30,45,37
101675,13,25,19,34,,,,25,0,38,0,,,24,25,46
101693,38,55,57,53,33,,,29,43,58,50,38,77,48,55,61
101709,33,55,43,61,50,50,,55,27,55,64,56,100,49,61,58
101879,21,49,44,52,60,57,,37,35,51,53,55,60,37,53,60
101912,29,50,37,58,100,,,51,31,0,,73,39,44,55,54
102049,65,76,73,78,67,89,,68,73,77,100,50,80,65,72,80
102058,1,2,0,3,,,,2,,,,,,2,,0
102094,25,46,40,50,20,57,,36,46,49,52,41,57,39,48,51
102234,43,56,48,61,100,50,,55,43,57,56,63,33,48,59,61
102270,19,27,13,40,,,,28,50,0,,,,33,16,8
102298,12,34,34,34,,33,33,35,50,36,0,13,,39,10,0
102368,25,47,40,52,50,63,,33,45,54,36,48,43,34,46,57
102377,29,52,41,58,,50,,52,0,50,,52,,96,,0
102553,12,32,28,35,16,28,0,28,25,38,27,20,36,14,23,31
102580,100,100,100,100,,,,,,100,100,,,25,,17
102614,25,41,41,42,25,43,,25,20,44,36,45,80,15,21,35
102632,13,30,40,25,20,0,100,,0,46,0,16,,17,0,13
102669,41,45,29,60,50,0,,,0,42,75,100,,44,58,25
102845,0,0,0,0,0,0,0,0,0,0,0,0,,0,0,0
104090,32,32,22,36,19,78,17,15,24,44,25,46,100,9,17,7
104151,49,63,61,66,41,77,63,49,56,64,56,67,72,54,58,69
104179,47,65,61,68,34,70,70,54,61,68,58,72,65,56,63,70
104188,17,17,24,8,0,,,0,25,16,,,,28,0,0
104586,42,69,66,76,0,64,67,67,69,70,63,62,85,65,59,76
104717,35,41,40,41,17,35,33,34,36,47,48,31,60,37,46,45
105330,41,57,51,61,32,64,47,33,50,61,57,61,47,48,56,63
105589,20,33,27,34,,,,0,75,36,,0,,57,38,11
105899,36,50,42,56,0,100,0,0,25,56,63,100,,44,54,53
106245,25,40,40,41,0,57,,29,36,41,54,,50,32,48,51
106306,5,5,7,0,,,,6,,0,,,,0,0,2
106342,46,54,50,57,40,0,,38,60,55,,58,,66,62,44
106397,49,66,62,70,63,66,25,48,65,68,56,63,80,49,62,73
106412,17,33,25,42,0,,,33,33,30,0,,33,31,18,54
106458,35,50,45,55,40,42,,38,44,54,33,20,47,38,49,65
106467,25,40,36,44,36,59,100,18,38,44,21,,80,24,28,50
106485,13,25,24,26,0,100,,13,31,31,35,15,0,15,21,38
106704,28,43,36,47,47,62,0,27,44,48,35,38,70,33,33,56
106713,19,25,23,27,,,,10,0,28,100,0,0,22,67,14
106810,6,41,30,57,,,,0,,44,,,,8,18,30
107044,48,69,61,74,69,100,0,40,44,71,57,0,72,56,68,75
107071,24,38,36,41,,50,,20,63,48,33,,25,33,33,52
107080,66,71,63,78,100,79,,58,59,71,84,43,79,63,69,74
107141,62,72,74,70,60,80,,25,73,72,58,75,86,63,75,76
107512,57,63,56,69,,100,,26,57,68,,,100,45,67,74
107558,39,53,49,56,,,,33,46,54,18,50,100,45,33,69
107600,35,44,54,39,,100,,40,0,0,100,,89,37,43,80
107877,33,39,37,40,0,,,0,44,40,,,50,39,25,46
107983,29,42,40,43,0,33,83,25,36,47,100,100,56,32,40,58
108092,21,37,34,38,45,33,,17,36,38,25,,59,32,38,30
108232,7,42,34,48,33,52,50,19,30,46,37,23,56,24,34,52
109651,28,69,61,73,100,63,,100,53,70,80,100,81,60,88,69
109785,48,68,64,70,0,65,67,71,65,71,65,88,55,62,67,73
110060,8,24,15,35,,27,,40,20,22,,0,14,30,0,17
110097,57,74,72,75,100,74,50,61,67,77,65,67,77,67,76,76
110361,43,63,62,64,50,62,53,44,58,71,58,55,83,56,67,69
110370,46,64,71,60,0,70,100,63,45,54,,67,77,49,67,72
110404,84,94,93,94,,96,,75,92,93,91,,91,100,100,93
110413,61,68,61,75,40,82,60,68,66,69,50,65,50,65,68,70
110422,51,82,78,87,60,83,40,60,76,84,81,82,60,77,80,84
110468,,16,14,17,,,,0,20,17,,0,0,17,0,25
110486,16,43,35,48,50,48,100,34,42,44,26,51,43,42,49,45
110495,19,59,54,61,40,53,75,52,58,62,66,64,56,58,57,61
110510,14,55,52,57,67,55,43,46,55,55,51,67,64,53,61,60
110529,23,69,67,73,33,78,83,59,64,73,72,68,64,67,69,72
110538,30,67,64,70,50,63,75,46,61,73,69,71,68,60,71,73
110547,8,44,39,48,,59,25,38,44,48,33,42,46,43,47,48
110556,16,56,50,61,69,50,29,49,56,67,61,53,44,53,60,63
110565,23,69,62,74,67,73,86,52,67,72,70,76,65,66,73,71
110574,13,50,44,53,,63,33,37,48,49,46,53,57,46,51,56
110583,26,74,70,76,60,77,50,70,72,77,76,74,58,72,76,75
110592,8,52,46,55,0,66,33,43,49,52,31,56,54,51,46,56
110608,15,55,48,61,67,63,67,42,51,67,57,59,58,51,57,63
110617,12,55,50,58,43,61,39,43,49,62,53,59,65,51,58,60
110635,76,93,91,94,100,97,75,76,84,92,92,96,92,88,93,94
110644,63,87,84,88,90,89,79,86,80,89,86,86,84,83,88,89
110653,69,84,82,86,75,88,85,81,79,86,83,86,83,84,83,86
110662,80,92,90,93,63,94,94,80,87,94,91,92,91,89,92,93
110671,56,76,73,79,67,80,57,75,75,74,68,75,57,75,79,76
110680,65,87,85,89,75,92,74,77,82,86,86,89,84,85,89,88
110705,68,83,81,86,75,84,82,68,81,85,84,89,87,80,84,85
110714,52,75,73,76,50,81,38,70,72,77,70,73,74,71,77,78
110918,,,,,,,,,,,,,,0,,0
111081,54,61,56,65,100,90,100,54,60,50,100,48,83,51,60,70
111188,51,67,66,70,0,58,,50,71,68,71,43,,52,77,68
111948,72,81,77,83,100,82,75,56,87,80,76,78,78,77,84,79
111966,50,75,,75,,,,67,100,,,,,100,0,
112075,56,63,55,68,100,63,,29,60,74,33,61,40,53,63,71
112084,39,42,37,45,,0,0,27,44,48,50,0,75,44,35,17
112260,85,91,90,92,,93,,81,94,92,96,100,85,85,100,92
112394,27,55,52,60,0,67,0,0,60,62,45,50,,43,67,62
112570,48,48,38,60,,,,25,9,72,50,,80,9,9,19
113582,56,56,50,56,,100,,,50,45,,0,100,56,0,71
113698,63,70,65,72,67,82,67,56,73,67,67,33,67,66,76,66
114813,66,67,65,68,50,67,100,71,65,70,80,70,0,66,65,70
115409,86,92,94,89,100,98,,100,90,91,88,100,87,100,97,89
115728,34,48,47,49,,23,33,69,46,63,,50,33,43,56,50
115755,17,49,44,53,57,48,25,36,44,57,41,33,100,45,49,56
115773,33,56,40,75,,50,,,50,0,,100,,33,20,56
116846,100,100,100,100,,,,,,100,,100,,,,100
117104,26,39,25,55,,,100,0,40,37,0,100,,44,21,32
117140,57,73,64,81,100,61,100,74,71,76,82,100,81,71,77,74
117168,27,55,50,57,,62,,0,67,52,,0,,50,57,56
117557,78,78,67,100,,,,,,75,,,80,50,,86
117575,,,,,,,,,,,,,,0,,0
117627,24,50,47,51,,49,60,50,53,50,23,100,41,39,37,49
117751,55,70,66,72,,69,100,100,69,70,63,43,100,35,47,100
117946,73,80,76,83,100,79,50,82,79,81,80,,71,77,81,80
118541,11,22,19,24,,25,50,44,38,14,0,27,7,38,29,11
118693,45,58,45,79,,64,0,40,62,55,60,58,64,63,59,53
118888,47,55,,55,67,47,100,56,57,54,56,50,,45,51,54
119173,47,63,63,63,,57,100,58,67,69,40,57,100,63,62,48
119270,16,37,25,57,0,0,,,0,100,100,0,44,1,1,5
119605,10,28,33,26,0,14,100,25,19,30,0,40,60,24,35,29
119775,14,43,50,33,,50,,,22,50,0,,80,30,50,56
120166,60,60,63,50,,,,,,,,,60,,,60
120184,44,51,49,53,,67,33,36,48,63,100,42,11,49,60,44
120254,80,86,84,88,,91,100,88,87,84,83,92,81,91,86,84
120403,55,66,48,75,100,66,0,50,68,74,69,100,58,71,68,61
120537,10,59,67,53,100,100,0,75,67,64,48,50,,60,36,52
120838,50,50,100,0,,,,,,,,,50,,,50
120865,32,52,52,52,,56,50,37,46,66,42,50,50,39,51,61
120883,47,67,60,72,100,72,33,56,62,66,69,80,68,64,71,70
121150,79,86,84,87,33,90,100,81,91,87,76,68,86,89,88,84
121257,78,85,81,88,,94,100,64,90,81,89,93,88,81,89,85
121309,68,75,71,77,80,82,50,38,65,77,81,100,,71,73,78
121345,89,93,94,93,,93,,89,94,94,91,93,94,91,91,94
121691,67,76,70,81,80,67,75,82,80,77,70,75,38,75,80,74
122409,39,73,69,75,55,78,68,67,71,75,71,72,51,70,72,75
122436,66,81,79,83,60,88,67,77,82,82,77,93,69,79,82,82
122454,39,46,32,55,,25,0,,29,56,43,0,67,22,42,67
122506,58,61,54,67,,67,,0,0,44,100,67,70,56,50,69
122597,22,57,53,58,56,63,46,61,55,53,51,53,48,56,58,56
122612,66,75,72,77,0,84,73,68,77,70,77,77,72,76,79,73
122728,51,63,47,72,0,71,0,38,58,67,83,,0,61,65,63
122755,15,64,59,69,40,73,38,50,57,62,58,55,60,62,62,67
122931,87,91,89,94,,94,100,92,88,92,89,88,89,88,93,91
123165,86,90,,90,,98,,86,90,89,92,88,83,83,96,89
123280,38,63,60,67,,100,,,0,80,,,,75,100,25
123457,38,45,35,49,20,50,,100,33,44,70,54,,0,45,47
123554,69,76,70,79,75,83,50,73,67,79,82,74,50,69,77,79
123572,33,62,56,65,60,70,33,53,60,64,53,62,60,58,68,63
123651,51,59,53,61,0,67,20,50,53,67,58,71,,53,60,68
123952,,94,90,100,,0,,,,100,,,100,75,75,100
123961,78,92,90,93,,94,75,88,90,91,87,98,91,90,91,92
124292,78,84,84,84,,,,,83,86,67,100,50,89,86,75
124487,,17,0,20,,,,,0,20,,,,0,,25
125231,33,33,,33,,,0,,,100,0,,,0,0,100
125727,75,79,75,81,,79,,100,73,80,73,87,71,83,74,81
125763,66,72,64,78,100,74,100,64,79,69,57,,47,81,70,67
125897,28,54,51,56,,56,,25,48,55,60,,67,50,53,59
126076,49,49,49,,,,,,,52,,,0,77,,38
126182,19,34,29,40,25,50,33,24,24,41,30,44,,23,32,39
126562,24,52,47,55,0,66,33,39,44,52,48,88,43,51,51,53
126580,25,45,43,47,0,61,14,36,44,46,41,75,56,38,47,49
126614,46,69,65,74,88,71,0,52,64,71,66,50,69,61,66,72
126669,46,54,50,56,50,80,0,14,24,59,52,33,,47,55,58
126678,80,83,79,86,50,97,,62,89,82,88,67,83,88,69,83
126711,,14,11,20,,,,0,0,20,,,,4,4,6
126775,62,83,82,85,,95,100,80,71,83,81,75,84,78,84,84
126818,45,70,66,73,56,73,0,63,64,71,60,69,78,62,67,73
126827,20,24,21,27,25,33,0,16,21,27,15,28,,17,27,29
127060,67,77,72,81,75,81,100,78,78,77,70,82,73,74,76,78
127185,28,41,40,43,29,80,50,17,44,45,35,42,100,35,45,44
127556,22,43,36,48,38,60,20,16,39,44,45,33,60,21,26,38
127565,10,28,22,35,20,28,100,19,25,31,30,24,25,26,28,29
127653,35,35,24,45,,,,100,0,35,43,33,0,36,29,38
127714,,,,,,,,,,,,,,0,0,0
127741,31,52,46,56,25,59,67,46,48,54,50,41,75,47,53,57
127918,52,64,63,65,33,69,100,33,61,65,77,62,60,63,61,62
127945,21,43,50,38,50,0,,33,80,43,50,30,,39,67,33
128106,21,36,29,42,0,31,0,34,35,38,30,25,14,32,31,43
128328,84,85,85,86,67,81,86,80,86,87,85,82,88,,,85
128391,28,51,48,56,100,25,100,39,29,55,65,50,,38,47,60
128498,52,61,61,61,,0,,38,54,71,100,60,100,54,58,75
128586,,,,,,,,,,,,,,,,0
128744,34,45,44,45,40,73,0,36,36,62,50,,59,36,53,61
128771,30,57,54,61,20,56,0,41,47,62,54,50,73,50,59,62
128902,80,84,84,84,,83,100,79,90,83,76,87,85,93,85,81
129020,73,85,82,87,75,86,,72,80,86,86,88,80,80,83,86
129154,2,12,33,10,,,,27,0,9,0,,,8,20,0
129215,46,57,52,61,0,46,0,41,59,57,58,63,40,51,59,58
129242,80,83,84,83,,83,100,81,86,84,75,76,85,77,86,83
129525,50,60,58,62,30,64,,40,54,66,53,57,72,43,62,62
129774,33,40,36,45,75,0,,52,20,40,50,0,,37,42,30
129941,51,61,61,62,40,63,33,51,56,65,67,59,70,55,64,63
130110,56,61,50,64,,,,100,100,56,,,,57,50,67
130183,22,33,30,37,0,50,,33,24,38,44,30,8,25,60,29
130226,65,69,67,71,50,78,0,66,71,70,72,56,56,68,79,63
130253,68,73,68,75,67,56,100,93,72,73,75,73,80,69,72,75
130314,49,55,,55,,83,100,40,43,58,0,69,0,48,63,51
130493,29,52,46,55,100,52,,42,48,55,54,53,20,47,50,59
130590,79,83,82,84,100,73,,91,87,82,72,86,88,91,82,82
130624,89,89,90,87,100,73,,75,86,91,83,100,86,,,89
130697,88,92,89,94,100,96,100,96,83,92,91,95,88,93,90,92
130776,33,52,48,57,,78,100,45,52,52,41,67,0,53,50,53
130794,88,97,97,98,100,97,,97,97,98,96,100,95,95,90,98
130934,27,42,35,45,25,100,50,45,37,30,27,0,30,42,42,41
130943,72,82,79,84,67,84,100,71,72,84,75,78,85,58,82,75
130989,49,54,56,53,100,100,,32,50,68,60,0,56,42,47,66
131098,17,29,25,33,,0,100,24,27,33,30,44,0,28,27,35
131113,13,22,21,24,0,50,,10,18,30,,38,20,10,37,25
131159,75,79,76,80,50,83,,75,78,80,77,71,72,78,80,78
131283,65,72,68,77,100,61,,57,68,76,75,100,42,62,74,74
131399,7,24,23,26,,50,,28,33,20,0,0,25,7,14,20
131450,27,51,49,53,0,50,100,35,42,59,27,,60,49,41,57
131469,76,82,81,83,0,84,100,72,76,84,75,83,80,76,84,83
131496,91,95,93,96,100,97,100,87,95,95,91,100,96,90,96,95
131520,52,65,62,66,41,73,50,64,50,77,,,89,60,63,74
131803,50,50,100,33,,,,,,0,,,67,,,50
131876,15,38,,38,100,0,,34,52,33,67,23,,36,39,55
132408,21,47,35,57,,,,0,0,54,33,,,41,70,38
132471,21,35,35,34,100,14,,31,36,35,25,20,57,32,36,42
132602,15,33,27,37,,0,,32,43,29,29,53,31,34,44,12
132657,46,51,43,61,17,80,50,49,56,44,,29,71,46,50,53
132842,22,33,50,20,,,,0,29,100,,,,43,,0
132879,21,36,32,43,,,,29,25,43,,0,,30,27,50
132903,44,72,66,78,83,75,80,68,72,73,68,78,50,70,68,75
133465,4,8,0,13,,,,10,10,0,,0,,7,0,0
133492,59,66,65,67,25,67,,50,61,69,50,50,79,59,66,76
133526,17,26,19,39,,,,28,13,36,,0,,26,,31
133553,32,62,60,71,67,57,100,45,56,64,63,55,68,50,68,65
133650,22,53,41,59,100,50,,53,50,30,60,,0,52,49,57
133669,28,50,46,54,67,70,20,52,50,48,48,33,56,51,44,51
133711,41,53,50,55,25,100,,35,60,52,52,63,59,50,82,48
133809,17,27,24,31,0,0,50,33,20,28,33,,50,24,48,13
133872,21,48,63,44,0,100,,27,64,40,0,,100,31,43,45
133881,44,59,54,73,,60,0,46,50,65,69,46,63,51,62,61
133951,34,63,57,67,75,67,75,56,64,55,54,52,70,62,56,64
133979,20,36,29,42,,,,29,21,50,0,42,77,33,39,57
134079,61,68,65,69,0,80,0,61,69,69,65,50,50,61,74,69
134097,68,83,79,86,80,88,83,80,84,83,77,82,73,81,81,85
134112,17,17,11,21,0,0,,18,16,21,13,0,,3,2,0
134130,67,88,85,91,60,89,100,77,91,89,86,89,85,85,82,90
134237,42,43,42,46,33,74,39,28,47,47,47,39,88,34,57,47
134510,50,50,0,100,,,,0,,67,,,,18,,0
134811,27,36,23,45,,,,88,37,79,,15,56,24,33,40
134945,40,52,46,59,33,50,50,33,48,59,69,61,36,42,53,63
135081,58,61,69,57,,100,,45,62,67,58,44,50,20,24,20
135364,25,50,50,,,,,50,,50,,,,33,,100
135726,73,83,80,86,50,87,50,77,84,84,82,81,81,80,79,85
136172,35,61,57,64,,75,,58,54,62,60,100,48,60,56,63
136215,48,57,56,58,100,77,,47,46,62,60,67,56,51,51,66
136330,47,59,51,63,75,75,50,54,59,60,41,53,60,51,45,64
136774,57,67,61,72,67,50,,67,64,70,25,25,78,60,70,70
136950,67,74,69,78,100,86,,65,66,75,81,70,74,77,71,74
137032,32,47,44,50,60,58,,45,45,46,48,43,72,42,49,54
137272,69,69,69,,,,,100,75,60,,,67,33,,80
137351,60,75,71,78,60,83,50,78,72,74,73,80,83,72,74,79
137476,34,43,45,42,,0,,23,45,41,50,43,71,37,32,57
137546,60,65,60,69,67,79,50,60,66,66,62,56,68,60,67,68
137564,29,44,33,54,20,45,0,29,40,50,33,44,70,33,43,60
137777,50,75,75,,,,,,50,100,,,100,100,,50
137847,49,58,52,63,50,59,,49,56,59,26,62,64,53,56,62
137953,15,22,26,16,0,,,5,33,34,0,,0,21,20,8
137962,10,10,0,33,,,,0,0,20,,,,8,17,0
138275,28,35,23,53,,100,,20,29,47,0,,0,30,42,36
138293,27,36,31,50,0,0,,27,34,43,17,100,43,34,36,43
138309,11,14,10,20,0,,,25,20,13,,0,,2,0,0
138354,25,46,42,50,33,67,25,35,47,47,47,41,61,39,36,55
138558,8,24,28,18,0,0,,11,22,25,0,,100,8,11,17
138600,70,73,,73,,76,,73,72,70,73,57,81,73,60,79
138716,12,37,26,43,0,,,38,38,0,,36,,15,25,8
138813,14,20,20,20,100,100,,36,35,29,,16,100,11,24,26
138868,22,28,21,40,100,100,0,15,20,36,39,18,,19,33,40
138901,,25,0,33,,,,25,,,,,,3,0,14
138947,31,44,41,45,0,50,,45,0,0,,43,75,42,44,74
139144,63,69,62,76,0,80,,59,59,71,63,100,0,59,67,76
139153,3,9,18,2,,6,,8,0,50,,,,30,,6
139199,40,46,0,46,,50,,46,53,45,50,,38,41,50,53
139205,7,19,14,27,,0,,20,40,14,100,20,0,16,41,15
139250,11,27,30,25,,67,,14,19,31,8,0,67,16,19,26
139311,8,31,25,35,,45,,33,0,20,29,37,25,32,27,23
139366,15,40,36,42,0,21,,38,50,40,33,,65,36,35,41
139393,59,65,60,68,0,56,100,44,75,65,67,,71,69,58,66
139463,7,26,21,31,0,17,,11,31,27,18,40,23,20,17,23
139579,4,4,8,0,0,,,7,0,0,,0,,3,0,0
139630,33,40,35,44,,33,,42,20,39,33,,67,35,38,44
139658,82,90,87,92,,91,,92,92,89,86,89,90,91,89,90
139719,11,35,31,39,,,,35,50,33,40,,,35,32,37
139755,46,90,89,91,50,91,100,75,95,90,90,100,89,83,92,91
139764,19,38,29,44,,0,100,30,22,43,60,0,50,33,38,45
139861,49,64,61,65,,54,50,72,53,65,56,0,42,59,63,65
139931,25,50,43,56,31,44,50,48,41,52,44,50,46,44,50,55
139940,28,55,47,60,67,56,,59,58,48,47,68,51,54,54,56
139959,65,86,84,88,67,81,83,85,86,87,86,,86,79,83,89
140234,36,41,35,51,0,100,,30,60,43,46,0,50,28,49,56
140252,17,28,24,37,100,50,,4,38,39,,24,100,23,27,44
140340,36,40,47,30,,78,,15,0,100,0,,,4,50,80
140447,52,66,60,71,33,78,100,63,43,68,48,69,64,57,63,73
140553,33,54,54,,,,,55,100,,60,30,36,49,58,61
140696,35,47,39,54,0,27,,46,43,50,56,45,75,40,52,50
140720,7,13,10,19,,0,,12,25,17,0,0,67,12,20,13
140818,37,45,42,47,0,50,,29,33,50,0,33,,43,48,48
140872,27,37,28,50,0,25,0,19,37,43,,42,,33,43,37
140951,57,70,68,71,67,74,67,58,75,70,100,71,81,60,71,75
140960,10,29,22,34,40,,33,30,9,38,22,29,100,28,30,41
140988,29,35,26,44,0,100,,20,29,40,56,0,42,29,32,45
141060,68,75,,75,100,,,75,50,,71,67,91,67,78,88
141167,11,43,42,43,0,100,100,27,75,39,,25,75,25,45,85
141185,34,45,42,48,,50,,35,60,46,33,,50,42,50,46
141237,29,40,35,44,,,,11,29,44,,38,0,35,47,41
141264,18,40,30,47,50,31,,39,42,41,28,22,74,35,43,46
141325,42,50,,50,0,100,100,34,57,45,33,,73,36,67,61
141334,21,45,35,51,33,52,100,47,41,45,26,29,33,43,43,51
141361,30,42,48,39,,100,,21,60,43,17,55,,22,41,65
141486,43,59,59,60,,63,65,29,82,46,53,63,33,60,62,57
141565,21,44,41,46,50,49,33,40,41,49,44,0,38,42,47,46
141574,34,61,58,62,0,76,45,41,51,43,59,20,60,57,53,64
141644,30,43,38,46,0,51,42,18,37,39,51,33,54,36,45,49
141839,50,50,0,100,,100,,,,,0,,,0,0,1
141981,9,28,25,29,,30,38,67,16,33,24,,,24,24,30
142090,28,41,38,50,,,,0,25,46,0,,,28,0,64
142115,26,50,46,54,50,58,75,45,49,51,40,63,43,41,49,57
142276,16,34,33,36,22,53,17,38,22,37,43,15,33,23,29,37
142285,35,56,53,59,30,79,80,65,57,57,33,48,63,51,58,62
142294,54,66,61,70,,60,,75,69,64,67,67,81,60,68,71
142328,16,32,27,36,11,100,50,100,17,33,40,25,50,21,32,42
142461,42,61,55,64,0,67,0,0,44,66,44,45,100,51,62,67
142522,19,53,42,57,50,37,0,30,58,54,43,53,62,48,48,54
142887,32,53,43,62,,60,,0,75,50,0,,,55,68,0
142957,,50,0,100,,,,0,,100,,,,,,50
143048,49,70,67,71,67,67,100,67,50,68,33,60,83,56,65,76
143084,65,71,70,71,,43,,69,62,72,72,80,80,66,70,74
143118,40,54,44,62,0,57,,43,53,59,37,54,0,48,57,63
143288,29,41,38,44,,,,80,0,41,33,,,44,29,44
143358,60,77,75,80,,74,100,55,80,80,65,86,0,68,81,79
144005,7,17,17,17,,,,17,17,50,,17,25,11,9,47
144050,90,95,94,95,100,97,,94,90,95,93,95,95,94,93,95
144281,42,50,50,50,13,53,0,35,46,56,39,50,58,42,58,53
144351,34,47,43,50,,50,67,23,36,60,44,0,100,41,48,56
144740,61,74,73,74,,83,100,55,68,77,66,71,82,68,77,76
144883,10,12,10,14,,40,,10,16,100,,0,13,4,0,30
144892,36,53,49,55,33,50,100,36,40,61,35,32,60,43,56,62
144962,57,70,66,74,,64,,36,57,78,72,67,,64,67,78
144971,45,50,37,59,,33,,7,50,55,71,20,100,34,52,65
145372,50,56,55,57,,67,,31,43,64,67,33,8,60,55,50
145497,4,4,4,4,,,,,0,4,,0,,2,33,7
145600,34,61,58,62,33,72,75,46,56,61,45,53,59,59,62,63
145619,34,45,43,48,,68,25,17,45,44,,38,64,40,48,51
145637,70,85,82,89,60,87,71,71,80,88,81,92,84,80,83,87
145646,72,77,74,80,,59,,72,65,79,70,71,88,76,73,81
145691,59,63,58,67,100,100,,45,54,68,57,100,57,55,71,68
145725,40,70,68,78,67,85,,44,55,73,50,67,74,66,62,85
145813,50,70,63,74,43,69,40,54,60,73,62,75,88,59,71,76
146339,51,57,51,62,,0,,50,54,65,0,38,55,49,73,54
146427,64,74,73,74,,86,,67,79,71,68,74,83,76,66,80
146481,71,77,76,78,100,85,,70,80,77,50,70,88,81,72,75
146612,51,67,62,71,,65,0,56,61,71,50,25,50,62,64,70
146667,45,55,50,62,,,,0,100,60,,,33,41,73,38
146676,3,3,6,0,,,,5,0,0,0,,,0,0,0
146719,66,74,70,76,100,80,,60,67,76,73,75,62,60,78,80
146825,37,47,36,56,0,,,19,0,62,0,0,,56,48,0
147013,47,60,53,67,50,33,,46,39,68,50,52,25,50,64,68
147129,14,29,0,31,,,,100,,27,0,,,38,33,0
147244,51,59,49,67,50,50,,41,51,64,62,25,0,49,61,72
147341,54,62,57,66,100,88,,33,53,68,67,63,83,54,68,68
147369,53,66,61,72,,100,,0,56,61,40,71,97,55,,71
147536,11,22,50,17,,,0,0,22,50,,100,,33,0,
147660,61,69,69,69,,100,,50,73,70,57,54,73,63,67,76
147679,44,62,57,65,0,76,50,48,45,71,68,83,18,58,68,59
147703,25,49,46,51,17,56,33,30,46,61,48,44,52,39,57,62
147767,84,94,93,94,,94,,89,89,95,93,100,94,91,94,94
147776,4,21,17,24,33,27,20,11,16,38,20,17,23,23,35,15
147828,54,64,60,67,,63,100,35,52,69,38,,67,50,68,76
148016,62,80,73,85,100,,0,0,67,82,83,0,88,,,80
148131,40,52,49,56,0,33,100,32,54,54,,68,100,43,54,65
148335,66,72,67,77,,67,,63,78,70,75,100,50,21,33,42
148405,26,41,34,46,,0,,5,31,59,22,0,50,27,62,50
148487,29,41,40,41,0,54,,30,31,52,33,12,53,39,41,42
148496,51,64,59,66,,56,100,52,61,70,25,100,,59,72,69
148584,42,62,59,65,,50,50,40,64,66,30,,80,53,63,75
148627,39,56,50,59,50,75,,39,54,66,36,50,,50,57,70
148654,42,54,51,56,,64,0,44,41,62,40,67,57,49,45,61
148876,1,5,0,7,,0,,0,6,0,,0,0,5,,0
149222,32,48,44,51,60,35,,29,40,60,37,0,71,37,55,62
149231,28,49,47,49,0,44,0,33,41,54,48,41,73,37,52,58
149329,,6,6,,,,,,,6,,,,0,,11
149505,56,67,64,69,50,80,,40,42,75,83,,33,49,84,73
149514,48,59,52,71,0,25,,33,41,68,33,100,,58,62,59
149639,47,67,67,67,,,,0,75,70,,,,50,80,75
149772,33,51,53,48,40,47,,33,45,63,39,27,70,40,61,63
149781,82,89,85,92,,88,,94,91,89,91,,78,86,90,89
150066,52,60,53,65,67,60,67,21,80,61,100,42,85,46,64,70
150136,53,66,62,68,,74,100,51,56,68,71,66,55,57,67,74
150145,59,67,71,64,,67,50,36,53,71,57,,50,58,70,76
150163,73,81,78,82,100,74,,69,66,82,77,96,75,67,72,77
150172,27,35,30,44,,100,,8,44,40,0,,,25,27,46
150400,80,84,81,87,50,94,,81,83,85,73,94,85,80,89,85
150455,56,64,55,71,50,87,,50,60,60,,83,83,50,62,79
150534,55,68,64,71,100,57,100,44,65,71,42,72,60,62,71,70
150604,60,65,56,75,0,100,,60,82,66,38,56,100,58,66,76
150668,52,65,66,63,,,,36,50,72,40,50,78,45,69,82
150677,68,69,60,75,,0,,50,75,69,100,75,100,64,69,74
150756,67,69,62,74,100,50,,44,67,71,25,83,67,64,67,74
150774,36,41,41,41,0,50,,60,21,41,100,,33,53,41,30
150941,59,70,67,72,0,100,,40,40,69,100,,91,68,67,75
151102,17,37,33,41,,36,,17,28,39,32,50,57,31,35,46
151111,28,51,46,54,33,63,0,33,55,52,46,52,52,41,51,60
151263,47,59,57,61,0,55,,39,68,63,61,42,47,51,63,66
151290,27,39,35,44,,0,,24,42,45,23,28,68,23,43,62
151306,31,50,45,53,,59,100,29,28,52,45,52,50,40,48,58
151324,29,41,39,43,33,38,33,28,28,47,21,67,82,32,46,57
151333,22,38,35,40,50,67,0,8,38,41,26,21,0,35,46,39
151342,16,38,35,40,0,43,,24,33,40,24,22,33,36,35,43
151351,67,79,75,83,100,83,100,60,75,80,78,83,79,69,78,82
151360,16,34,34,34,,70,100,12,36,36,37,17,0,27,31,40
151379,19,36,31,39,50,46,100,15,16,37,33,0,60,28,27,46
151388,30,40,31,46,100,50,0,14,60,40,38,20,,35,38,49
151777,46,54,49,58,0,71,0,45,46,55,36,,88,44,60,55
151786,42,62,50,76,,100,,50,79,63,50,57,,48,63,75
151801,61,71,67,74,100,38,0,44,67,73,72,,50,64,76,74
151810,,9,17,6,,,,9,,,0,,,5,100,
151962,,,,,,,,,,,,,,,,0
152080,91,96,95,97,100,98,,86,94,97,94,89,95,92,96,96
152099,37,49,37,60,100,,,0,67,52,100,85,17,50,80,36
152318,78,86,84,93,,90,100,58,87,88,79,,76,85,88,84
152336,44,53,40,60,0,0,,20,35,60,55,14,,40,51,62
152381,46,56,,56,75,50,,57,,53,,100,,51,75,50
152390,72,79,,79,,71,,83,73,82,56,71,86,75,84,78
152530,69,77,72,81,100,71,100,40,47,78,100,100,88,73,77,79
152567,50,63,60,70,50,,100,33,57,64,64,60,50,57,62,71
152600,62,71,70,73,,80,0,53,63,75,73,60,53,66,73,74
152637,10,21,30,17,,,,0,0,28,0,,,2,3,5
152673,71,74,74,,100,100,,73,74,73,71,67,81,73,72,76
152992,35,40,31,53,100,0,,6,25,46,67,,63,37,38,47
153001,52,60,60,60,,83,0,22,50,65,43,55,30,53,65,65
153108,62,67,62,72,0,50,,57,45,69,50,60,,54,71,73
153126,53,63,56,67,0,100,,43,67,65,50,,0,58,66,67
153144,64,66,62,68,0,60,,56,69,67,80,29,60,60,64,73
153162,68,69,66,71,100,60,0,50,72,71,42,78,89,65,73,69
153241,100,100,,100,,,,,,,,,100,,,100
153250,70,75,75,74,,67,0,83,36,76,,54,79,66,75,76
153269,73,80,76,83,80,80,,72,83,80,83,67,85,67,84,84
153278,28,43,38,50,100,50,50,30,41,49,16,31,100,35,48,56
153302,36,39,46,33,0,,100,0,20,40,100,67,,44,0,38
153320,26,40,43,38,,,,0,0,44,,,,27,25,21
153366,44,46,39,56,33,50,25,20,31,54,43,50,56,37,50,59
153375,43,55,46,64,50,67,,30,33,59,44,57,0,51,56,58
153384,85,89,85,91,100,97,,72,93,88,100,75,91,100,100,78
153603,47,74,71,78,77,64,67,55,60,77,63,72,70,65,71,78
153621,25,31,22,43,33,,,13,13,37,0,35,,21,33,52
153658,55,72,70,74,29,69,60,56,67,74,62,72,78,60,69,77
153825,59,67,61,73,,100,,25,58,69,57,36,75,56,66,73
153834,67,75,70,79,100,73,,50,54,76,83,,79,65,77,78
153861,44,67,78,56,100,100,,100,50,50,50,,67,56,100,71
153977,,,,,,,,,,,,,,6,10,0
154004,56,62,53,69,0,80,,50,33,66,42,43,0,55,67,63
154013,51,64,55,68,0,50,,33,100,67,0,100,54,83,69,39
154022,1,7,5,8,3,10,6,4,7,8,7,9,0,6,8,3
154095,43,67,63,70,100,80,50,41,63,68,65,61,75,64,60,72
154101,62,68,57,77,,0,,25,59,69,50,78,100,59,64,78
154235,55,64,56,69,0,78,,14,30,69,71,50,82,50,64,73
154350,70,72,73,70,0,100,,80,73,71,33,63,100,67,67,81
154493,41,47,42,54,0,0,,0,33,57,33,0,37,33,54,56
154518,22,30,35,24,0,50,50,10,13,32,,,38,22,35,38
154527,58,62,62,63,,100,,18,33,70,73,100,52,50,65,68
154590,25,33,24,49,,50,,22,25,36,22,30,50,27,34,42
154688,45,64,66,62,67,100,50,53,42,69,67,54,50,56,71,65
154712,50,65,53,75,0,0,,22,59,68,59,67,18,56,62,76
154721,30,34,32,35,,100,,33,29,33,27,36,,46,65,3
154749,37,44,35,59,0,,,12,23,59,0,100,100,32,40,67
154855,22,31,23,41,67,0,,11,43,41,17,17,0,23,35,54
155025,29,50,41,54,0,75,,37,41,53,35,20,57,39,54,59
155061,23,44,41,45,38,50,0,24,37,47,20,50,25,33,40,54
155070,23,47,46,47,,,,25,0,60,100,0,,38,80,18
155089,35,48,36,60,50,50,,29,43,51,64,17,47,56,42,43
155283,40,40,53,30,,33,100,33,33,35,75,0,,2,10,3
155317,48,67,65,68,64,74,0,47,57,69,54,72,86,52,63,73
155335,48,52,52,52,100,67,,14,48,52,50,,70,35,53,58
155399,37,65,61,69,40,57,,39,47,69,52,62,52,51,63,71
155414,34,42,42,42,0,0,,47,38,46,25,,0,39,47,41
155496,38,45,40,53,,,0,0,0,40,100,68,0,31,39,60
155511,35,41,40,41,,0,0,24,47,45,25,,100,36,68,23
155520,34,43,35,50,0,,0,20,30,49,,38,,35,57,50
155627,43,51,51,51,60,100,0,25,43,53,100,44,,51,44,56
155681,29,52,49,55,42,30,0,31,43,55,46,0,50,39,51,65
155812,36,51,38,64,100,,0,45,48,57,0,50,,46,53,55
155900,37,42,36,50,25,0,,50,40,48,25,,9,32,57,37
155937,44,53,52,54,0,100,,54,69,53,17,45,,53,49,61
155973,33,43,36,54,0,,0,11,25,52,57,50,25,37,39,54
156082,18,38,33,42,0,100,0,3,25,42,15,42,45,26,40,48
156125,23,50,44,56,17,52,0,38,44,53,37,50,53,39,48,58
156189,31,44,41,47,,,,0,,45,0,50,0,44,37,49
156213,57,68,66,70,,100,100,45,,69,59,60,75,57,67,80
156286,57,66,61,70,100,47,,57,62,68,59,83,29,59,67,71
156295,55,68,59,76,100,100,100,73,55,64,59,100,93,67,0,89
156356,22,30,21,37,100,50,,44,40,26,0,44,50,24,38,36
156365,28,37,30,45,33,,,20,22,38,31,33,52,27,34,48
156408,82,84,83,85,,86,,95,83,84,77,100,79,83,79,86
156417,20,20,20,,,,,,,20,,,,20,,
156541,36,44,33,58,50,100,,8,23,51,23,33,36,40,39,55
156620,30,50,44,54,20,56,0,34,47,51,30,66,69,33,45,62
156745,38,45,38,50,0,50,,27,0,49,36,67,0,40,47,52
157030,25,25,14,40,,,,,0,27,,,,30,100,0
157058,12,26,18,32,0,0,,25,27,36,12,26,,22,18,32
157076,35,45,38,55,,100,,27,50,50,,50,,42,33,59
157085,45,66,62,69,67,78,100,52,60,68,60,75,70,54,60,72
157100,26,35,32,41,,,,20,0,38,,39,50,28,49,29
157216,31,38,32,44,0,100,0,23,67,41,27,36,,32,40,56
157289,37,59,55,62,50,66,100,56,58,59,48,45,61,48,55,66
157377,35,37,25,38,,,,25,100,34,,,0,37,27,40
157386,28,46,44,48,25,25,0,43,50,46,48,60,83,36,41,61
157401,31,55,51,57,50,71,,34,49,57,39,57,53,39,53,67
157447,26,48,41,53,67,65,0,38,48,49,22,33,38,34,42,56
157535,19,28,21,38,0,100,,6,33,33,,,45,20,27,39
157748,27,31,34,28,0,50,,0,,32,,,,,,28
157757,23,40,31,44,,50,,19,67,45,20,17,,21,18,61
157809,38,54,45,64,,100,,29,38,58,15,50,100,42,49,66
157818,66,70,65,75,100,56,,73,94,70,62,60,,65,69,72
157863,26,39,36,42,,,100,35,25,38,0,,55,33,44,51
157951,31,52,45,57,50,48,50,30,43,56,41,47,45,34,45,61
158477,50,59,50,66,50,75,,71,50,55,75,,0,50,64,
158802,30,51,52,50,,,,50,50,,0,55,89,47,44,86
159009,11,35,29,40,0,,,36,11,25,14,,43,36,0,
159382,18,30,24,35,50,0,,14,43,31,67,,0,25,14,17
159391,41,65,62,68,56,67,56,54,64,68,58,100,66,54,61,70
159416,14,31,29,34,0,50,0,17,31,37,31,25,43,24,40,37
159568,24,36,26,50,50,,,20,0,43,100,100,43,29,30,57
159647,39,60,54,67,75,50,,43,61,63,47,59,70,49,45,65
159656,51,62,60,64,100,71,100,61,61,65,47,45,86,53,69,66
159717,24,45,41,48,20,67,100,30,45,49,36,0,63,36,36,53
159939,25,42,39,46,100,61,,33,45,39,37,46,65,42,31,44
159948,4,29,29,29,,,,0,0,43,,33,0,,,26
159966,24,48,41,53,36,80,100,32,41,53,49,67,63,37,39,56
159993,41,46,45,47,100,53,0,41,50,49,42,28,49,39,39,53
160038,28,45,39,48,64,33,,34,46,50,51,35,45,36,39,52
160065,14,40,33,41,,100,,13,0,50,,56,,21,75,54
160074,11,27,30,26,0,50,,17,33,28,,0,,0,13,39
160409,50,64,64,,,,,0,67,71,,,,67,,63
160612,18,39,32,44,17,31,0,27,42,43,33,26,53,30,44,47
160621,9,31,26,35,100,100,0,32,29,22,35,0,0,29,,39
160630,6,21,14,25,,0,,22,25,50,,15,,21,,29
160658,23,51,46,56,63,64,100,41,50,55,38,62,71,42,42,59
160755,77,86,83,88,67,86,100,87,79,87,87,65,84,80,84,88
160904,38,51,48,53,,43,,52,62,75,39,50,70,36,46,53
160959,45,52,43,58,,33,,0,10,57,0,,81,45,52,65
160977,87,91,90,91,,90,0,95,86,92,89,100,84,91,95,90
161004,89,95,93,97,100,100,,96,86,97,97,100,85,94,97,95
161086,86,89,86,92,100,93,,94,87,87,96,92,88,92,95,88
161217,9,13,10,15,0,0,,0,0,14,0,17,,8,10,15
161226,46,58,51,62,43,33,,67,46,58,,68,,54,60,66
161235,21,36,33,37,0,,,0,50,32,100,50,75,22,28,53
161244,19,31,15,43,50,,,0,25,32,0,40,0,29,26,35
161253,38,57,55,59,12,65,,33,42,59,43,58,69,48,56,65
161299,50,70,70,73,100,67,,100,25,71,,71,,66,74,68
161341,25,36,30,41,0,,,0,50,38,50,43,33,25,35,49
161457,63,68,62,70,50,71,,71,0,66,33,72,33,60,69,64
161509,50,54,52,55,,100,,0,40,59,43,0,,50,57,56
161518,62,67,69,66,100,67,,100,0,97,,47,,51,72,85
161554,20,40,39,41,25,57,,29,29,41,42,42,33,36,43,44
161563,43,51,47,56,0,100,,23,42,53,55,67,45,50,54,51
161572,46,57,49,66,,100,,50,67,57,25,50,,51,60,68
161873,16,41,39,43,,73,100,40,38,41,27,0,67,34,43,54
162007,16,43,36,48,100,67,0,44,29,40,26,25,60,38,47,49
162061,37,50,48,60,,100,,32,57,57,100,,,42,67,50
162210,17,41,46,38,100,40,,42,29,43,33,41,100,42,44,36
162283,12,25,24,26,,,,25,33,0,30,23,32,25,22,32
162584,25,49,43,58,100,42,0,48,47,53,36,29,40,50,50,48
162654,55,66,63,68,0,76,,66,48,67,67,79,67,61,68,68
162760,55,65,59,68,0,67,,49,73,73,47,29,63,58,61,74
162928,87,93,90,96,100,97,100,78,95,92,92,94,92,90,94,93
163046,79,83,80,85,100,88,100,83,82,83,83,100,67,82,82,84
163204,3,15,19,11,,33,,13,22,14,14,13,,10,22,18
163268,42,70,66,74,33,71,100,72,67,69,67,76,65,68,68,71
163286,69,87,84,90,,90,50,81,82,89,88,84,82,81,85,89
163295,67,72,66,74,,82,100,65,76,69,76,80,76,66,68,77
163338,22,41,35,46,100,10,0,41,0,51,41,25,42,42,45,39
163453,17,43,40,46,0,50,0,44,47,60,21,17,68,38,42,59
163462,62,69,65,71,,80,50,55,65,71,61,33,100,65,69,71
163532,33,48,48,,,,,,,48,,,,50,,47
163578,56,63,,63,50,74,,40,50,70,100,50,100,65,67,61
163851,52,70,64,74,,85,50,66,55,72,64,67,53,65,67,73
163912,68,77,76,77,100,60,,70,70,78,71,93,100,69,90,76
163976,67,69,63,77,,50,,0,67,73,75,100,53,70,71,66
164076,48,71,68,73,75,66,50,73,69,71,70,70,65,68,73,71
164155,90,92,92,92,100,93,100,87,93,92,88,92,100,,,92
164173,49,60,51,66,,60,100,56,58,64,48,57,,54,61,66
164216,68,73,72,74,100,50,,78,71,75,62,73,68,72,72,75
164270,60,69,61,77,0,63,100,56,75,71,75,70,,66,70,70
164447,34,44,38,49,0,0,50,36,38,54,32,48,,27,78,
164465,88,95,95,96,,98,,97,97,94,96,100,93,95,94,96
164492,36,46,33,54,,60,0,28,29,51,25,50,,34,55,52
164562,68,70,64,74,100,77,,59,51,71,86,78,86,60,67,81
164580,90,93,90,97,100,95,,86,98,93,100,88,93,91,94,93
164614,,31,50,14,,,,,,33,,0,,25,50,
164632,50,54,,54,,33,,21,53,64,67,38,67,39,69,100
164641,17,31,47,19,,50,,100,40,18,50,0,,20,20,9
164720,37,45,43,48,,25,,39,31,50,15,47,0,35,48,36
164739,85,90,86,95,0,92,,88,88,92,65,86,84,87,90,90
164748,54,65,64,68,50,63,100,40,56,65,63,63,74,55,62,70
164872,,13,9,25,,,,0,20,0,0,0,50,0,0,29
164924,90,94,94,94,100,94,,93,93,95,89,97,89,96,95,93
164988,84,88,87,89,67,92,100,85,89,88,84,86,89,90,89,88
165015,81,87,86,88,100,86,,84,84,88,78,90,90,83,91,87
165024,37,61,55,65,50,38,100,57,50,63,72,17,100,57,64,63
165167,,8,14,0,,,,0,,0,0,0,20,0,0,14
165264,,,,,,,,,,,,,,,,0
165334,73,79,76,80,,73,100,77,71,79,95,76,82,72,77,83
165529,46,52,46,57,0,45,,41,26,55,45,57,79,40,57,58
165574,42,44,18,55,50,,,47,25,47,50,45,14,19,28,16
165644,31,40,42,39,,20,0,34,35,46,29,33,50,33,39,58
165662,79,82,80,83,,71,100,63,76,84,88,86,81,74,86,81
165671,59,66,53,70,0,50,100,85,59,68,58,64,43,62,71,62
165699,70,74,69,77,100,55,,82,75,74,80,75,75,64,74,76
165802,26,34,36,32,,0,,20,78,24,100,34,33,22,32,15
165820,38,58,53,62,,50,,63,54,59,37,50,40,49,65,62
165866,48,61,56,63,50,56,,54,45,65,52,80,67,53,67,64
165936,60,69,68,70,50,67,100,79,73,68,62,,80,63,72,71
166018,51,63,59,65,0,63,100,63,70,61,73,63,73,62,65,62
166027,85,97,97,98,83,97,100,96,96,98,96,90,97,95,100,97
166054,63,63,50,83,,,,,,57,,,100,100,71,43
166124,87,90,90,90,100,91,,100,86,91,90,80,89,88,93,89
166391,55,59,46,66,,86,,39,50,61,50,100,43,49,63,66
166452,51,60,62,59,,50,100,60,59,61,73,55,33,55,67,54
166513,41,66,62,73,,70,,50,62,68,57,62,80,59,68,69
166629,74,82,80,84,100,84,67,74,70,84,77,82,76,77,82,84
166638,24,49,43,55,,61,,43,45,49,45,44,46,48,50,50
166656,53,66,62,68,33,70,,42,46,71,0,67,67,63,78,80
166674,54,71,72,70,,71,,80,66,69,50,74,95,67,72,72
166683,87,95,94,97,75,97,,98,92,95,100,100,98,91,94,96
166692,63,76,75,83,73,56,,80,0,77,,85,100,73,76,77
166850,68,75,75,75,100,39,,77,58,77,61,76,77,67,79,75
166911,51,58,64,56,0,100,,67,44,61,0,50,,53,61,69
166939,79,83,,83,100,81,,72,78,82,87,33,90,86,78,84
167057,67,78,76,82,,78,,50,43,81,75,,87,67,70,88
167260,55,59,51,72,,80,,45,38,62,53,,25,48,64,62
167288,52,61,58,63,100,60,,54,68,62,50,62,,52,72,66
167358,,89,86,91,,92,,81,89,91,89,91,82,87,91,89
167394,65,73,80,70,0,100,,60,52,77,,79,100,70,77,73
167455,16,34,100,33,0,0,,48,50,0,67,30,,40,25,11
167598,63,68,67,68,0,88,100,60,61,72,63,67,33,65,67,73
167729,40,57,52,60,50,60,,61,51,58,45,52,47,55,58,60
167783,72,81,,81,100,78,,89,77,82,100,75,0,80,86,76
167835,83,89,,89,0,91,,88,89,86,93,95,90,90,89,88
167899,70,74,66,82,100,100,0,47,60,78,41,50,50,64,77,75
167987,37,59,55,65,100,53,0,53,56,62,59,54,75,54,63,63
167996,77,82,78,86,,75,,70,74,84,69,88,100,72,85,84
168005,42,58,54,60,50,66,,53,55,58,61,59,54,57,63,55
168148,88,94,94,95,,94,,94,92,94,97,94,95,95,95,94
168218,84,91,,91,,90,,93,89,93,88,60,93,88,89,92
168227,60,73,72,77,80,78,,63,40,74,,71,78,71,73,74
168254,57,65,60,72,,55,,53,51,69,50,50,44,61,68,65
168263,50,61,57,65,0,69,,58,51,62,65,71,50,55,63,64
168281,69,75,74,76,0,73,100,76,73,75,69,78,82,77,78,72
168342,88,95,94,96,100,95,,85,92,97,100,,94,94,100,95
168421,82,89,88,92,100,90,,77,89,91,89,85,87,85,91,89
168430,41,58,51,62,67,77,0,59,45,59,58,54,33,48,62,62
168528,35,46,35,60,0,50,,19,48,54,29,34,100,35,49,60
168546,61,70,65,75,100,57,100,40,87,71,38,67,100,63,68,77
168591,57,67,56,76,0,71,,71,78,68,50,63,50,61,72,67
168740,37,59,52,64,100,87,0,63,74,64,56,50,16,47,52,69
168786,40,60,59,61,0,40,,64,44,62,42,67,100,55,62,63
168847,8,15,13,16,0,20,,2,0,17,14,100,,3,8,10
169080,64,76,75,77,50,74,,46,49,80,50,76,85,66,78,81
169248,28,61,57,64,47,71,0,51,50,63,51,63,50,52,65,68
169327,12,12,4,20,,,,100,0,11,,0,0,33,0,
169363,27,39,36,43,50,,,21,67,43,25,25,,28,44,49
169442,44,70,68,72,,77,100,54,64,73,75,64,78,63,71,77
169479,39,51,52,49,33,50,,29,25,54,33,33,67,25,43,53
169716,50,67,67,67,,93,,37,50,73,47,100,61,60,74,68
169798,19,46,37,52,33,59,,30,43,53,36,41,51,42,52,49
169910,30,53,48,57,29,83,,18,46,55,37,36,38,32,48,57
169983,8,63,63,65,,71,,40,58,64,78,70,56,50,66,69
170000,20,38,30,46,,0,,33,0,39,50,,,29,33,47
170037,51,62,55,66,,50,0,47,44,65,0,,42,53,66,64
170082,38,67,63,70,67,67,50,51,68,69,53,67,61,58,68,74
170091,16,19,13,29,,,,0,,27,0,,,9,45,0
170286,74,86,86,85,,,,,,,,86,,,,86
170301,72,81,75,84,,79,,59,53,85,60,33,71,70,79,86
170532,76,86,79,91,100,87,,79,77,86,88,91,87,85,82,88
170639,33,48,49,48,24,50,,29,67,50,,43,68,38,50,55
170675,22,59,56,66,,60,,8,55,64,50,83,60,42,65,64
170806,30,59,41,70,,100,,21,71,66,43,,75,42,63,68
170967,29,50,44,58,0,0,,21,100,54,50,,67,44,54,56
170976,80,93,91,96,100,95,67,84,91,94,92,95,92,88,93,94
171100,56,81,78,84,64,80,67,61,69,85,79,79,79,69,81,83
171128,30,70,67,76,0,86,0,100,55,70,67,66,71,59,66,78
171137,22,56,55,57,25,67,,29,58,57,53,63,69,50,50,62
171146,16,40,42,38,50,40,,26,46,42,37,22,55,35,34,48
171456,29,53,46,57,45,71,100,26,39,54,42,43,69,31,51,56
171492,44,54,49,61,0,50,57,13,23,71,43,15,38,37,58,64
171571,30,57,53,60,50,60,75,32,42,60,53,57,72,47,53,64
171599,31,45,41,51,0,40,,23,56,48,57,,50,39,45,62
171881,27,43,56,33,,0,,0,100,43,50,0,100,33,33,86
172033,,,,,,,,,,,,,,,,0
172051,15,44,36,49,20,50,,17,40,48,45,49,73,34,41,57
172264,33,48,39,58,0,100,,33,40,51,17,80,20,44,48,50
172334,39,58,52,62,50,75,,37,33,62,43,71,33,51,64,66
172440,19,31,21,45,,,,17,0,33,0,25,100,19,43,30
172644,20,48,46,49,0,63,50,24,39,53,32,56,63,42,42,58
172699,27,57,53,60,38,69,80,37,45,62,38,46,68,46,59,65
173045,47,57,51,63,0,82,,53,41,57,46,62,60,53,63,60
173124,29,47,42,51,19,57,,33,28,48,28,71,75,41,42,54
173142,43,54,45,61,50,0,,0,75,53,60,78,100,49,54,61
173160,64,73,75,72,100,64,,33,55,75,55,100,100,66,75,77
173258,88,92,91,93,100,93,100,91,79,93,100,100,85,92,97,91
173300,69,72,65,77,63,36,,46,53,75,67,54,82,62,71,80
173328,39,51,50,53,,39,,44,27,57,18,60,71,37,52,70
173452,39,69,73,66,,100,,20,100,72,100,,20,79,71,58
173647,73,78,75,81,,84,,67,55,81,57,100,55,75,81,78
173665,63,70,65,73,50,55,,52,62,75,58,17,100,62,75,74
173902,86,91,89,92,100,86,,93,89,92,88,,89,91,91,91
173920,26,49,47,51,38,36,100,28,43,52,40,74,52,40,50,55
174020,13,34,35,33,,27,,60,0,42,33,0,50,24,57,50
174066,69,83,81,85,50,84,100,72,75,84,73,100,85,77,81,86
174075,43,50,41,60,0,,0,17,0,56,43,50,0,43,62,54
174127,52,64,63,64,100,78,,100,67,63,,50,100,60,63,70
174154,100,100,,100,,100,,,,,,,,0,50,
174233,38,62,63,60,25,49,100,57,59,62,56,100,68,51,64,65
174251,47,58,53,62,39,58,,55,44,61,57,,50,52,60,63
174358,34,53,45,58,22,33,,30,44,56,33,63,45,43,55,59
174437,41,50,45,54,,67,100,17,48,51,22,67,,45,49,59
174491,56,68,61,73,,23,,60,0,71,50,67,33,62,70,71
174507,50,50,0,100,100,0,,0,,100,,,,0,,33
174525,28,33,10,63,,,,,,33,,,,26,33,0
174747,75,80,,80,,71,0,60,69,82,69,,88,72,84,81
174783,24,47,45,49,22,46,0,30,34,49,34,44,60,40,46,54
174792,70,75,75,,,63,0,69,47,79,73,,56,66,77,78
174817,60,64,59,69,100,75,,25,39,67,50,79,27,53,73,67
174844,81,86,85,88,,85,,78,83,86,93,83,90,86,85,87
174862,41,48,42,55,100,70,,13,39,50,100,,80,42,52,51
174899,59,69,63,72,33,73,,77,64,70,70,,60,66,71,71
174914,66,76,76,76,0,67,,67,81,77,67,72,74,71,74,79
175005,48,62,,62,50,48,100,56,60,67,73,55,67,44,63,68
175014,30,30,24,38,,,,50,0,30,,33,,6,6,0
175078,35,49,40,56,0,54,,24,41,53,23,43,44,40,52,57
175227,,,,,,,,,,,,,,0,0,0
175272,37,58,52,62,100,53,,39,47,60,48,79,42,47,58,64
175342,22,40,34,45,0,,100,40,67,57,33,,50,39,41,49
175421,40,50,36,62,,20,,26,44,57,50,92,,37,39,67
175430,37,48,38,57,,100,,86,,45,0,,0,40,50,61
175616,20,39,32,43,,100,100,29,30,46,50,,38,34,36,47
175856,20,38,35,40,100,67,,37,25,37,25,,72,35,39,51
175980,63,72,59,87,100,86,,67,63,71,100,,100,89,89,61
176017,46,66,60,71,56,78,83,44,62,70,54,,70,51,61,73
176035,24,40,42,40,,50,,36,0,46,,,20,40,40,39
176044,19,32,25,38,,,,36,33,9,,4,,32,45,26
176053,45,57,49,65,50,62,,32,50,63,47,80,67,42,53,67
176080,35,61,57,65,58,68,75,40,58,69,41,86,58,45,58,72
176318,16,27,14,34,,,,28,,,,0,40,27,50,33
176336,,29,40,0,,,,33,,25,,,,67,,0
176372,28,49,44,51,25,57,100,36,56,60,34,,67,36,52,67
176406,27,50,39,56,0,,,51,,0,,,,64,35,27
176479,30,45,39,51,33,33,,33,50,47,,50,47,26,36,69
176628,40,55,44,60,100,100,,24,47,59,60,,25,43,50,70
176664,15,33,30,36,100,,,0,33,31,,,,32,0,53
176770,,,,,,,,,,,,,,0,0,
176789,9,27,23,30,,,,40,,23,,50,,31,,24
176910,18,29,41,19,,,,0,100,27,50,,,33,0,27
176947,22,47,34,61,100,,,26,20,50,36,33,33,34,56,58
176965,30,51,46,55,67,58,,37,48,55,35,33,50,38,54,63
177065,17,25,24,25,0,67,0,4,26,34,13,9,50,12,39,32
177083,53,53,53,,,,,,0,38,,78,,60,100,36
177117,55,64,,64,,,,100,71,50,0,,80,13,5,13
177144,45,52,47,56,0,50,0,32,44,56,17,,100,37,62,77
177214,39,58,52,63,0,50,,31,71,61,43,,52,50,65,61
177339,44,53,47,57,0,75,,24,39,56,53,50,,44,51,69
177418,44,54,42,63,,100,,50,67,56,50,,20,51,46,64
177542,33,40,30,51,0,,0,11,0,45,40,,35,30,29,39
177551,3,17,16,18,0,100,,15,50,33,0,38,50,16,67,20
177746,50,61,61,61,,0,,67,64,59,65,67,,60,62,62
177816,88,88,88,,,,,,,88,,,,0,,100
177940,8,26,25,27,,,,19,0,40,67,20,25,20,33,45
177968,32,50,45,55,40,25,0,42,38,54,48,36,54,43,47,56
178059,58,71,64,76,100,80,100,40,60,73,69,81,,82,71,65
178208,13,50,50,50,,,,,0,57,,,,43,100,52
178244,31,44,33,57,100,50,,23,40,51,18,25,86,31,43,58
178341,15,33,31,34,22,19,33,20,37,35,20,22,100,23,38,45
178369,11,21,17,28,25,0,50,17,31,17,31,0,42,18,24,24
178387,14,36,34,38,25,70,50,22,38,38,26,33,71,28,30,49
178396,48,71,65,77,46,70,100,58,67,74,62,73,71,59,69,77
178402,23,47,44,49,25,68,,32,47,49,35,57,62,36,49,56
178411,24,66,63,75,,74,0,35,64,67,63,75,53,56,66,70
178420,32,52,50,54,43,67,100,31,44,55,38,57,62,45,43,63
178615,60,75,71,78,0,83,100,63,68,77,71,50,64,67,77,78
178624,33,51,48,53,33,100,0,30,40,54,40,64,31,41,55,53
178679,22,52,54,48,,100,,0,71,52,40,0,,39,45,43
178697,58,71,66,77,50,100,,100,14,72,80,100,100,69,,74
178721,26,34,27,44,,,,33,100,32,100,25,32,8,14,33
178767,100,100,,100,,,,100,,,,,,100,100,
178891,29,35,50,0,,,,25,,38,,,,5,0,1
179043,70,76,76,76,,80,100,55,76,79,84,56,100,66,71,83
179159,71,79,75,82,0,81,,58,83,81,62,86,72,67,82,81
179256,23,46,38,60,,,,100,,45,0,,,50,50,0
179326,33,43,42,43,33,50,0,18,29,47,29,38,0,36,47,51
179548,42,45,,45,,100,100,17,0,51,33,,,31,52,69
179557,30,50,46,53,43,69,,36,31,52,,46,51,38,50,59
179566,33,56,51,59,25,61,50,42,48,58,48,39,65,45,59,64
179867,89,95,94,95,0,97,0,94,93,94,97,98,92,95,94,95
179894,38,58,56,60,,75,0,41,55,61,43,63,64,48,54,76
179946,46,59,57,62,75,17,,14,83,62,,43,66,54,62,
179955,53,60,62,59,0,40,,35,50,64,50,69,75,55,53,68
179964,47,58,54,59,0,,,100,100,65,100,8,67,42,62,66
180106,49,63,59,66,50,50,,67,71,65,33,64,50,52,53,72
180179,11,24,19,27,17,25,,0,18,26,11,50,25,13,16,20
180258,28,38,35,40,0,,,33,57,39,,13,75,21,37,52
180416,24,52,51,56,80,100,,,0,50,,80,50,46,40,56
180461,27,56,52,62,35,59,100,19,49,57,33,60,60,48,50,60
180489,30,49,41,55,17,48,0,29,43,50,53,41,63,24,42,50
180522,19,27,26,29,0,,,,25,29,40,29,50,16,12,19
180595,31,49,53,43,33,0,100,38,45,49,23,100,90,36,45,61
180647,14,25,17,29,21,,,,0,43,,,,8,12,7
180692,20,45,40,50,,0,,50,100,46,0,0,,32,40,42
180814,9,24,26,23,,100,,0,14,39,33,12,100,19,67,27
180832,32,32,0,33,,,,,100,28,,,,33,30,31
180878,51,57,40,60,,,,,,56,100,,,56,42,67
180948,27,45,40,50,0,50,,14,37,49,35,34,89,39,34,53
180984,46,64,55,75,50,,,53,50,66,0,75,67,59,58,72
181002,69,78,74,80,25,71,100,67,76,80,67,92,47,77,79,77
181020,44,54,47,62,67,50,100,17,43,56,40,57,67,41,59,62
181127,49,59,52,68,100,71,33,50,50,62,56,67,0,53,59,64
181215,27,52,48,56,0,50,100,19,45,57,27,0,29,47,57,52
181297,44,60,0,68,,,,,100,61,0,,,100,33,67
181330,36,40,31,52,,50,50,22,35,43,42,31,20,32,40,52
181376,37,40,36,47,,,,,,40,,,,22,13,100
181394,24,51,46,56,25,56,50,27,42,54,43,59,74,45,49,53
181446,55,65,57,71,,63,,0,55,67,67,0,50,54,67,69
181464,41,65,60,70,14,63,100,50,57,67,51,60,71,56,62,67
181534,21,34,22,44,0,33,0,4,31,39,19,67,,22,35,51
181543,67,67,50,100,,,,0,,100,,,,,,67
181604,47,56,,56,,100,,40,60,60,0,,,24,42,58
181738,25,47,43,49,0,80,0,47,55,46,29,,39,45,43,46
181783,34,51,49,53,25,100,50,38,51,53,16,65,0,44,59,55
181853,22,43,31,57,50,0,,31,35,48,,56,,29,55,43
182281,17,45,40,48,0,54,31,26,41,49,37,48,75,40,24,63
182290,33,61,57,65,29,69,57,49,53,64,61,63,45,54,54,66
182306,3,3,0,4,,,,0,25,0,0,0,0,3,,6
182458,41,45,47,41,0,50,100,0,,48,,44,,41,25,57
182634,53,60,61,59,100,67,0,67,48,57,33,64,70,60,62,57
182670,87,95,94,96,83,96,100,92,96,97,89,95,92,93,96,96
182795,41,49,44,54,,58,,50,50,51,14,39,63,47,51,49
182917,100,100,100,100,,,,,,100,,,,,,88
182980,23,32,33,32,20,60,,20,21,39,45,16,58,20,46,27
183026,40,45,43,46,33,69,100,19,40,52,63,29,57,26,57,46
183044,68,77,73,79,67,74,,59,72,78,57,76,67,70,74,79
183062,55,63,60,64,0,62,,75,47,63,57,64,,57,65,65
183071,52,67,76,59,,100,,,33,68,100,50,,38,39,56
183080,45,54,52,57,100,63,,45,60,54,36,62,60,50,58,57
183211,37,45,49,44,,50,0,0,54,48,17,38,,34,50,58
183239,74,78,72,82,0,60,,86,53,80,100,63,100,76,80,77
183257,11,21,33,19,,100,,,,23,,0,,10,33,15
183275,64,64,57,71,,,,0,100,67,,100,50,100,0,40
183789,23,33,26,37,0,42,,19,39,44,0,29,100,18,22,19
183822,19,35,28,39,,50,50,30,44,40,33,14,31,34,32,42
183910,54,69,61,71,,83,100,64,57,77,100,54,79,61,67,79
183974,50,56,53,58,50,0,,33,52,67,,50,40,46,65,56
184348,66,69,67,71,,71,100,54,76,71,86,61,68,74,69,66
184603,38,50,51,50,100,52,40,43,45,55,33,56,74,37,51,53
184612,26,47,48,46,100,71,33,39,42,59,14,17,100,44,40,67
184694,46,63,59,66,,57,100,59,56,67,47,59,75,58,64,67
184773,39,54,56,53,0,67,,36,31,74,57,50,89,41,75,64
184782,49,73,72,74,50,71,100,55,63,77,60,68,64,63,73,78
185129,13,41,39,42,100,50,,29,43,44,40,40,33,40,39,42
185262,21,47,42,50,33,57,71,39,48,53,37,40,40,44,55,48
185572,60,73,75,72,100,76,,67,69,75,70,62,45,69,72,77
185590,45,67,61,70,50,63,75,67,65,68,63,70,63,66,67,68
185828,37,67,64,81,,74,0,56,51,71,68,74,80,63,66,71
186131,90,98,97,99,100,99,100,97,97,98,92,96,98,87,100,100
186186,,12,12,,,,,,,13,,,0,33,,7
186201,59,72,68,76,67,63,100,66,69,76,33,60,63,62,71,77
186283,59,67,68,67,67,64,100,58,57,72,60,78,70,47,69,94
186371,34,65,58,71,0,78,100,53,61,67,48,64,71,64,69,63
186380,65,84,81,87,100,88,84,80,79,83,76,82,84,78,83,83
186399,40,69,61,78,100,77,50,64,64,69,61,66,67,71,63,69
186432,47,60,53,65,,68,0,47,62,72,64,33,54,56,68,65
186584,67,73,69,76,50,73,0,58,71,78,63,63,58,67,77,74
186618,47,53,,53,0,25,,53,74,52,25,40,80,53,46,70
186867,46,85,82,91,,83,,80,78,85,,91,80,77,89,85
186876,61,77,73,80,,79,100,65,72,78,82,84,100,73,78,80
186900,,6,6,,,,,,,6,,,,6,,0
187134,75,86,81,89,100,83,100,76,79,88,50,88,67,77,88,87
187444,34,55,47,64,0,54,,46,52,62,50,38,67,53,58,57
187596,,25,22,33,27,,,,0,,,,,1,,4
187648,22,33,26,39,6,50,50,33,28,38,35,67,33,26,28,41
187745,14,36,50,25,42,,,,0,,,,0,40,,17
187897,11,22,17,28,20,0,50,14,23,20,14,33,30,21,26,24
187967,27,50,47,62,36,50,,33,49,49,79,,,39,55,56
187985,29,53,50,56,25,72,0,42,53,56,54,54,78,43,53,61
188030,22,48,44,52,38,43,60,48,45,54,39,50,57,41,39,56
188058,11,17,19,16,67,,0,0,20,0,,0,0,19,,4
188182,23,32,19,42,0,,100,100,29,36,0,33,,29,,38
188304,14,27,26,29,20,33,,24,24,33,,0,67,17,12,42
188340,13,34,30,60,,56,100,8,25,28,58,25,0,9,18,18
188429,61,73,64,77,,71,,66,68,76,45,74,73,64,77,78
188526,38,43,43,43,,33,,0,50,49,50,0,0,17,16,15
188641,43,57,50,66,100,88,,47,49,62,53,40,100,54,55,66
188854,61,64,70,62,100,100,100,69,61,65,54,33,100,22,20,21
189088,64,77,75,79,100,92,,78,50,77,,73,73,71,80,78
189097,84,92,,92,,95,,83,96,92,90,,92,92,92,92
189228,25,33,27,37,25,30,,29,30,33,,41,32,25,37,28
189273,,,,,,,,,,,,,,0,,0
189413,16,17,20,16,,0,,12,19,33,,,,37,0,0
189565,,,,,,,,,,,,,,3,0,4
189583,,,,,,,,,,,,,,1,0,0
189705,68,73,69,77,0,44,100,55,64,77,80,72,67,64,82,77
189848,57,58,48,62,0,25,,42,47,64,67,49,,55,60,64
189857,,7,7,,,,,,,7,,,0,8,,0
190044,61,78,77,81,,67,100,75,76,80,65,68,53,75,81,77
190099,88,91,90,91,100,81,,86,92,92,78,97,91,88,93,91
190114,17,17,33,12,0,,,17,25,,,0,25,16,0,0
190150,86,95,95,96,67,98,0,98,94,95,92,100,97,93,90,97
190248,37,46,38,51,100,40,,36,33,54,,,67,38,68,49
190372,69,91,92,91,,100,,100,95,90,67,92,84,89,100,92
190415,87,95,93,96,85,96,,92,91,96,95,96,92,92,94,95
190512,44,70,63,79,60,78,,52,60,67,,,63,71,74,69
190549,27,54,46,60,33,53,,50,41,61,,,45,52,43,57
190558,21,47,41,51,100,31,,40,32,57,,,20,24,33,39
190567,22,56,51,61,67,58,,57,55,58,,,45,55,50,59
190594,25,57,49,62,,61,,52,51,59,,,52,58,48,57
190600,30,52,48,55,63,52,,47,52,54,,,37,52,48,51
190637,24,53,47,57,,51,,53,54,51,,,54,54,40,50
190646,7,26,13,33,,33,,24,20,,,,100,12,3,9
190655,6,31,30,34,0,37,,21,24,46,,,41,13,20,13
190664,27,56,48,64,100,56,,39,54,62,,,43,54,41,60
190691,9,35,27,39,30,39,,37,32,27,,,15,35,60,32
190716,26,52,52,52,0,57,,17,60,54,33,67,50,44,59,57
190725,45,62,65,60,,67,50,48,55,66,25,55,50,46,72,73
190752,17,17,17,,,,,,,17,,,,0,,22
190761,35,47,37,56,,60,0,52,39,59,0,41,0,42,48,55
190983,62,68,52,73,25,43,,64,53,78,63,11,71,66,99,0
191205,36,48,48,47,0,0,,45,37,59,38,0,0,43,58,40
191241,78,83,82,84,67,76,100,89,84,86,85,82,61,80,84,83
191515,89,93,93,94,,94,,89,90,94,100,85,100,95,93,93
191533,59,65,57,71,20,43,,60,53,68,,67,67,57,66,72
191621,48,50,57,45,25,0,,38,40,56,17,50,33,41,55,69
191630,73,77,76,78,100,88,100,88,65,79,62,78,71,76,80,76
191649,55,65,60,68,33,70,80,50,59,71,38,56,58,58,65,68
191676,66,75,71,77,,75,,50,67,77,63,20,85,65,77,87
191931,59,64,59,69,25,57,100,45,56,73,44,66,43,56,68,69
191968,70,74,69,79,67,74,,65,61,77,71,74,77,68,74,79
192040,70,91,100,83,,,,,,100,,60,50,,100,88
192110,93,96,95,98,,94,,100,100,100,83,100,91,94,96,95
192165,,43,43,,,,,,,43,,,,59,,0
192192,47,56,52,57,33,0,100,47,33,62,17,50,20,48,66,13
192271,40,53,33,55,25,62,100,43,56,58,,0,71,56,58,45
192323,65,74,69,78,50,59,0,75,61,76,85,78,50,66,76,81
192448,27,46,42,48,50,41,,35,40,61,49,32,52,40,50,54
192624,,26,26,,,,,,,26,,,,25,,26
192703,56,71,71,71,0,69,,53,66,76,65,63,40,66,75,71
192712,85,88,81,92,,100,,100,60,82,100,100,89,100,100,76
192749,54,60,63,59,0,83,100,44,59,62,43,64,73,62,58,64
192819,77,84,82,86,100,73,100,60,84,86,74,83,79,82,85,84
192864,44,53,47,55,44,62,0,36,57,56,,42,52,46,59,55
192925,31,34,31,36,50,14,,27,38,45,18,24,,28,57,20
193016,28,44,43,44,100,55,33,41,43,49,33,39,0,43,42,49
193052,,29,29,,,,,,,29,,,,42,,0
193061,,25,25,,,,,,,25,,,,0,,33
193070,,50,50,,,,,,,50,,,,50,,50
193247,,14,14,,,,,,,14,,,,13,,15
193292,48,74,67,77,50,71,100,65,65,79,100,53,,65,74,83
193308,62,71,69,71,100,78,100,71,71,67,,,61,29,31,27
193353,49,63,58,64,100,63,33,48,67,65,40,20,,57,69,61
193399,31,50,45,52,0,68,0,42,44,52,76,43,50,46,53,55
193584,61,71,72,71,0,64,,50,65,77,55,62,71,58,74,80
193654,57,70,62,73,,80,,57,64,64,46,67,83,61,63,73
193900,76,85,84,86,44,88,100,80,83,84,85,87,87,80,86,86
193973,66,73,69,75,63,58,,59,70,76,63,83,47,65,76,76
194091,32,54,49,64,100,59,50,52,48,56,50,54,51,47,55,59
194116,78,78,,78,,,,50,,67,,,100,67,50,62
194161,25,38,30,46,50,40,100,30,45,38,20,17,56,31,42,47
194189,,,,,,,,,,,,,,,,0
194310,44,57,55,58,71,61,100,47,53,59,59,59,58,48,61,63
194392,39,45,42,52,0,,,0,50,49,50,31,,25,47,42
194569,36,44,20,60,,,,0,,43,100,,50,29,60,38
194578,45,70,68,71,,77,100,55,69,72,100,8,71,62,65,71
194657,2,32,32,,,,,,,32,,,,31,,32
194666,,89,89,,,,,,,89,,,,94,,50
194693,,,,,,,,,,,,,,0,,0
194763,12,38,38,,,,,,,38,,,,29,,40
194824,66,85,82,90,33,89,,67,84,85,79,91,87,81,84,86
194958,54,62,53,67,,100,0,31,50,69,40,,50,56,62,70
195003,25,69,64,80,50,69,,62,55,71,67,69,71,61,69,62
195030,80,87,87,88,50,87,,85,87,87,94,90,87,86,86,89
195128,60,71,62,73,,79,,64,54,77,60,63,,69,76,67
195164,69,74,70,79,0,83,,58,56,80,64,60,78,56,82,84
195173,33,57,48,64,67,50,65,44,57,63,57,50,57,54,63,59
195216,79,84,83,85,50,100,100,86,81,85,64,,77,80,80,87
195234,46,61,60,62,100,38,,42,46,68,58,51,63,51,68,70
195243,48,58,56,60,100,67,,48,54,61,63,59,80,54,59,64
195304,68,78,74,80,,70,,79,78,78,64,85,81,74,79,79
195438,8,8,8,,,,,,,8,,,,,,8
195474,75,80,77,82,,82,100,75,72,81,87,83,33,73,82,83
195526,85,88,84,91,,83,,75,86,90,88,83,87,90,90,88
195544,55,62,61,62,,60,,40,61,70,0,44,,61,46,69
195562,63,72,70,73,,30,,40,71,75,80,73,,64,72,78
195720,67,75,75,76,100,72,100,56,69,77,44,83,0,74,75,76
195809,43,63,58,67,88,67,77,53,59,67,59,61,66,57,62,71
196006,53,68,60,85,,100,,100,50,68,40,100,,18,18,32
196015,44,53,51,56,0,33,,53,75,55,0,33,100,21,33,25
196024,21,37,42,27,,0,,62,27,33,50,0,100,13,15,15
196033,39,52,46,57,,60,,62,29,55,,0,,25,22,34
196042,35,56,54,62,,50,0,63,55,58,20,100,33,42,44,45
196051,42,46,43,52,,100,,41,10,54,,,,15,21,15
196060,56,63,58,68,50,65,100,68,62,62,58,60,57,63,62,64
196079,72,82,78,86,67,82,,80,78,83,80,79,75,81,81,82
196088,59,75,72,80,75,78,50,64,64,75,70,82,79,71,75,78
196097,59,76,72,83,67,82,100,76,72,73,72,77,75,80,73,75
196103,64,75,73,78,,83,,25,50,76,100,70,78,73,71,79
196112,45,57,55,67,,69,,68,54,56,78,,43,58,57,57
196121,47,64,58,69,50,62,,57,56,66,38,68,33,61,66,66
196130,28,46,37,54,0,43,33,49,44,47,43,0,45,46,50,45
196149,55,71,66,74,100,40,,69,58,74,74,75,33,65,73,72
196158,49,64,61,66,0,62,0,54,50,67,67,63,36,62,64,67
196167,72,80,75,83,100,76,100,83,74,81,78,79,73,81,80,79
196176,62,77,74,78,75,81,,75,75,78,,66,50,73,77,79
196185,66,76,74,77,67,73,,74,72,77,,64,67,69,80,77
196194,52,67,65,68,67,73,100,61,59,69,59,100,40,61,68,71
196200,45,61,55,64,33,46,0,51,54,64,38,67,50,52,65,68
196219,53,61,55,65,50,66,50,54,62,61,69,57,58,60,63,61
196237,33,48,46,50,33,45,100,51,43,55,33,27,55,47,51,49
196246,51,68,64,71,25,58,100,56,68,71,67,76,50,66,68,71
196264,14,24,25,23,,33,100,19,23,30,17,0,0,20,20,15
196291,41,75,74,82,,64,,75,65,77,57,100,67,77,77,72
196413,72,83,80,85,75,81,0,80,80,85,79,80,79,81,83,84
196431,7,15,15,,,,,,,15,,,,13,,20
196440,,14,14,,,,,,,20,,,0,0,,25
196583,15,15,15,,,,,,,15,,,,9,,17
196592,48,62,65,62,,,,0,38,64,50,0,65,47,50,66
196866,78,82,79,86,,91,,92,80,84,77,,61,88,86,79
197018,,48,48,,,,,,,49,,,7,51,,36
197027,75,80,78,92,100,93,,63,70,81,,100,,61,80,82
197036,80,85,84,87,88,88,60,71,85,86,90,67,71,,,85
197045,37,54,49,59,33,77,100,46,53,59,36,30,46,51,66,46
197133,86,91,91,92,,95,,90,80,91,98,,94,90,97,89
197142,14,35,39,33,0,50,,14,40,49,50,,,26,21,33
197151,58,70,64,73,33,75,25,65,63,68,,64,75,64,73,71
197197,70,70,63,75,100,62,,64,62,75,70,54,61,64,70,72
197221,77,81,86,50,,100,,,,85,50,,,100,67,87
197230,54,55,53,57,,25,,45,47,59,67,82,17,51,67,48
197285,51,54,55,53,,,0,71,54,40,,50,,16,26,19
197601,,50,50,,,,,,,50,,,,50,,50
197647,,37,37,,,,,,,32,,,100,50,,27
197674,,14,14,,,,,,,15,,,0,16,,6
197692,13,25,25,,,,,,,25,,,,,,25
197708,71,82,79,85,,,,,67,82,100,,85,79,76,84
197735,,74,74,,,,,,,76,,,25,84,,55
197744,,,,,,,,,,,,,,0,,0
197869,53,73,68,77,43,77,100,61,65,74,74,57,56,66,74,76
197911,45,55,57,54,50,100,0,22,83,61,75,63,100,49,62,59
197984,36,45,36,54,0,60,,23,100,48,,44,67,36,43,56
197993,28,63,,63,0,,,76,0,,0,10,50,71,0,5
198066,34,40,33,53,25,,,27,25,42,40,50,47,41,35,44
198136,38,53,48,57,40,45,,47,44,61,36,17,56,47,50,62
198215,41,51,44,57,67,57,,33,54,55,46,,75,44,47,66
198303,12,27,23,32,20,0,,26,40,32,27,55,25,23,37,70
198385,87,91,90,92,100,93,,91,97,91,84,80,97,94,93,91
198419,88,95,95,95,83,95,,92,97,95,95,89,93,90,98,95
198464,41,66,61,70,61,64,80,64,67,67,59,72,83,59,66,72
198507,18,39,27,49,100,0,0,43,0,14,15,100,,37,48,37
198516,82,85,84,86,67,79,100,87,88,85,76,100,85,88,82,86
198543,16,34,31,36,42,20,0,34,36,27,,32,60,35,33,30
198561,49,59,59,60,100,50,,39,56,61,,73,70,49,65,51
198598,26,31,22,43,0,20,,20,22,40,14,30,,24,40,31
198613,48,56,50,64,,60,100,39,48,60,50,100,75,52,58,58
198677,17,17,25,0,,,,50,,0,,,,20,,0
198695,61,65,63,67,11,64,,74,70,65,79,,50,59,64,67
198756,35,49,35,59,,100,,46,75,100,22,36,100,47,50,56
198808,40,46,43,50,100,100,100,36,50,48,50,40,60,41,59,43
198835,41,52,44,60,0,50,,44,59,54,50,75,100,46,61,56
198862,14,24,18,31,33,,,24,40,,,21,,23,39,5
198899,21,30,25,37,14,67,100,16,39,35,,22,,29,37,28
198950,57,66,,66,0,78,0,54,64,68,47,63,70,60,67,70
198969,28,48,44,56,29,40,,36,30,53,27,48,74,34,49,61
198978,27,27,33,26,0,,,24,60,35,0,0,,3,5,0
199032,24,34,33,36,0,33,,8,0,43,0,43,30,31,28,42
199069,37,53,54,52,50,0,,38,50,56,57,48,73,45,71,48
199102,25,51,45,56,50,40,,52,48,49,40,60,38,47,57,59
199111,39,59,52,64,40,100,,72,58,58,68,58,50,57,59,61
199120,84,91,88,92,100,93,100,86,90,91,89,92,73,89,91,91
199139,37,64,60,68,57,67,0,67,63,64,59,61,64,63,64,65
199148,38,59,55,60,80,71,,64,57,55,54,67,72,57,61,60
199157,25,49,43,52,33,50,,50,50,25,51,43,100,48,54,55
199184,72,75,80,69,,100,,54,71,78,71,40,100,64,81,79
199193,57,83,79,87,45,89,80,78,83,83,79,88,76,74,81,82
199209,36,41,36,49,,50,,26,25,60,33,41,42,34,45,54
199218,56,72,68,74,92,69,33,67,67,73,68,70,73,67,73,73
199272,31,42,39,45,0,67,,32,33,51,50,32,,40,48,42
199281,24,41,34,46,44,36,0,41,36,41,50,38,20,39,44,45
199306,37,44,36,52,0,50,,23,58,48,25,,40,37,51,49
199412,51,59,56,61,50,40,,54,70,63,50,40,68,49,53,69
199458,15,24,11,29,,0,,0,,30,,,,21,43,0
199582,13,16,12,22,,,,17,0,0,,0,,17,13,19
199607,58,59,,59,,100,,62,56,55,100,50,0,52,67,65
199643,8,17,11,23,0,,33,22,50,0,0,14,0,17,16,26
199698,34,39,28,52,0,100,,26,33,42,0,37,44,35,37,43
199759,34,63,63,62,,100,,0,100,62,,,,,,60
199847,84,88,87,89,50,90,,91,88,88,86,,92,86,83,90
199865,36,43,39,45,0,50,,50,50,42,50,56,40,48,39,42
199962,41,50,49,51,,50,50,51,72,50,29,47,71,48,43,56
199971,,100,100,,,100,,100,,,,,,100,,
199999,27,51,44,54,50,,,53,38,40,43,33,43,51,63,44
200004,43,62,61,63,71,67,100,59,59,63,56,50,75,58,61,67
200013,60,60,75,0,,,,,,67,,50,,6,0,11
200059,17,40,32,51,,0,,50,46,41,13,50,44,33,42,39
200156,31,45,41,49,,50,,27,37,46,50,,50,43,40,48
200217,50,60,50,66,0,33,,20,76,62,36,50,33,48,61,66
200226,17,34,29,42,0,,0,18,7,42,25,,0,24,50,35
200253,24,45,33,53,33,75,100,50,19,45,41,0,59,35,34,51
200280,32,61,56,67,30,57,0,28,47,63,47,55,57,48,58,66
200332,35,60,60,61,25,47,100,39,54,62,38,67,44,47,56,67
200484,42,45,33,67,20,,,33,50,50,,,100,46,20,100
200527,17,17,0,20,17,,,,,,,,,1,,0
200572,31,50,47,54,0,50,,25,45,54,0,,50,40,38,62
200800,25,51,47,56,50,65,,26,35,55,41,46,31,30,47,55
200873,13,38,50,33,0,,,,,40,,,,46,,0
201061,44,48,33,58,100,100,,40,33,49,,0,,8,64,94
201104,54,65,55,71,0,,0,43,57,66,40,,83,56,67,74
201195,51,65,60,70,100,80,100,45,56,69,50,,71,56,67,74
201371,45,54,48,65,,0,,35,27,58,50,60,,51,47,78
201441,42,60,55,63,20,50,50,45,48,64,43,56,48,47,63,69
201469,,,,,,,,,,,,,,0,0,0
201548,54,62,56,67,,75,,45,66,63,56,78,40,48,71,61
201645,68,84,82,87,,89,,70,78,87,85,80,78,82,84,86
201654,62,75,74,76,100,82,,71,68,76,59,100,62,63,77,79
201690,15,28,24,32,,,,28,0,75,50,33,100,27,29,34
201885,35,71,69,73,78,74,,62,63,72,56,68,73,60,70,77
201964,35,41,38,42,100,50,,38,67,38,,0,83,20,38,27
202046,51,60,63,57,,100,,38,14,64,25,100,83,48,70,63
202073,74,85,75,92,,100,,100,50,100,100,78,100,92,90,82
202134,27,46,46,47,20,54,50,20,35,54,37,52,60,37,52,58
202170,60,65,54,71,67,78,,50,63,70,80,50,38,60,74,66
202480,65,82,78,86,,86,,72,69,84,63,74,71,76,80,83
202514,30,34,33,37,29,0,,12,27,39,50,60,100,27,31,60
202523,78,82,81,84,,83,,82,84,83,63,100,78,78,85,83
202763,55,65,63,66,0,25,,35,44,67,45,100,,61,65,68
202806,22,28,28,30,0,,,0,0,35,0,46,60,17,34,46
202903,17,42,25,63,,0,,0,0,43,,,60,38,29,
203085,44,51,39,63,50,33,100,23,15,57,57,45,,44,47,71
203128,45,54,49,60,,80,50,35,40,62,40,47,50,45,63,64
203368,68,76,71,82,0,85,,68,69,77,64,50,75,67,79,80
203447,3,4,7,2,,0,,0,0,4,0,0,,2,0,8
203456,5,5,3,5,,0,,0,0,6,0,0,,4,0,6
203465,12,21,18,23,0,50,,10,14,21,26,25,,16,25,25
203474,3,7,5,8,,0,0,0,0,8,0,0,,4,12,12
203483,9,13,13,13,,0,,0,0,14,0,0,,10,14,15
203492,12,17,10,20,,,0,0,0,17,33,0,,9,23,22
203517,51,61,54,66,50,77,33,54,58,64,43,59,57,52,62,69
203526,4,7,5,9,,0,,5,13,7,0,9,,6,8,7
203535,87,90,89,92,,90,,89,92,91,89,86,91,97,95,89
203544,37,43,67,41,,,,0,100,44,0,100,,35,38,50
203580,37,47,45,49,100,,,38,67,47,40,40,71,42,44,57
203757,22,35,34,35,,100,,28,20,43,9,0,,27,43,48
203775,45,54,45,61,,67,,14,36,58,38,100,0,42,64,57
203845,52,58,51,71,0,88,,32,50,62,44,65,38,63,54,58
203960,31,46,50,45,,,,,0,50,,,,27,25,27
204006,3,10,8,12,0,0,,8,6,11,18,0,0,9,10,11
204015,6,17,11,22,,0,,9,13,18,18,0,,16,15,20
204024,71,81,77,85,80,81,,72,80,82,81,75,74,75,77,83
204176,66,74,43,77,,,,83,100,74,67,,,78,75,64
204185,58,66,57,75,33,100,,60,47,70,38,45,40,58,66,78
204194,57,68,69,67,,100,0,40,67,70,,44,80,59,69,79
204200,33,45,37,54,,67,,15,0,51,20,27,,34,48,57
204264,39,53,42,63,,67,,8,70,58,27,,65,42,55,70
204468,22,37,32,45,50,40,0,27,54,42,33,36,100,26,47,54
204486,25,36,39,33,,,,20,50,34,,33,46,3,5,10
204501,76,86,84,88,,86,100,80,87,87,86,100,84,83,85,87
204617,39,46,46,47,0,33,0,33,13,54,30,0,,36,51,55
204635,59,71,67,76,,67,,33,78,73,67,0,64,52,54,56
204671,7,11,5,17,0,17,,10,7,12,0,0,,8,14,11
204680,4,7,4,11,0,9,,2,7,8,11,0,,7,9,6
204699,3,8,4,12,100,3,,6,8,8,12,5,,10,10,4
204705,2,5,3,8,0,2,0,3,2,7,0,8,,4,7,6
204796,62,86,83,89,91,89,,74,79,87,77,88,83,79,84,88
204802,23,43,45,41,,,,0,,44,50,0,,41,38,43
204820,10,22,19,24,,,,0,,22,40,0,,14,22,26
204839,9,18,12,21,,0,,100,0,19,0,0,,12,5,33
204848,16,31,29,32,,,,10,20,32,24,20,,25,24,35
204857,45,65,61,69,0,67,0,59,54,66,60,70,60,54,67,70
204866,23,32,22,39,,,,17,0,35,13,0,,23,21,42
204909,59,65,61,68,,71,,56,65,68,52,33,71,58,66,70
204936,57,66,60,69,0,70,,43,81,68,28,68,33,52,67,75
205027,54,62,62,,,100,,,100,44,,,,50,25,100
205124,19,19,19,,,,,,,19,,,,11,,29
205203,17,26,27,25,0,,,13,100,26,,31,50,30,18,0
205443,10,31,28,34,67,0,50,15,20,34,12,26,33,16,32,48
205957,68,77,69,81,100,88,,0,70,78,50,60,100,73,72,80
206048,34,39,35,45,,,,31,50,50,44,35,65,25,48,53
206084,28,51,50,53,38,57,0,26,40,59,33,42,64,36,50,65
206154,,100,100,,,,,100,,,,,,,,100
206279,42,58,25,75,,,,40,50,80,,,,58,,
206349,35,53,67,53,,,,43,75,56,0,67,,43,70,56
206437,43,62,52,69,,100,,50,44,63,47,61,70,54,62,70
206491,9,20,10,28,0,,,21,0,,,,,22,0,0
206507,50,55,44,64,,0,,39,0,58,45,40,0,50,57,63
206525,58,63,55,69,0,80,,38,37,67,50,67,90,53,67,71
206589,75,77,74,80,80,85,100,70,71,77,,80,79,71,75,80
206604,25,45,42,47,0,66,67,21,44,50,29,67,59,31,41,60
206613,21,26,31,21,,0,,0,0,28,0,,,11,29,34
206622,67,73,71,75,0,70,100,61,68,75,60,79,75,59,73,78
206695,19,41,37,45,17,83,50,14,28,47,27,47,64,28,47,60
206817,7,18,15,23,7,63,,19,43,19,0,7,,13,17,11
206835,27,35,31,40,13,,,28,20,40,35,,43,35,28,38
206862,54,55,47,64,80,80,100,19,42,63,53,,29,42,61,67
206914,10,26,26,26,18,50,0,18,21,26,27,11,77,11,16,32
206941,14,36,29,40,36,43,67,21,38,35,40,0,45,30,37,40
207041,22,37,27,45,29,33,100,11,32,45,31,33,9,28,38,49
207157,35,40,38,44,75,0,,0,100,30,,,,50,71,31
207209,17,31,23,35,0,100,0,32,25,11,,,0,16,,22
207263,15,33,28,37,26,55,,18,33,37,31,38,48,27,28,44
207306,17,31,27,35,22,,33,24,28,34,40,27,20,23,34,36
207324,41,55,50,61,80,50,,33,50,56,,,,41,,61
207351,32,46,42,49,50,,,0,55,49,50,50,0,24,29,27
207388,41,65,62,67,57,71,,40,47,69,60,60,75,49,73,56
207403,48,55,47,60,41,75,,52,34,60,52,33,27,46,56,65
207458,52,64,57,69,36,60,,50,64,69,59,,50,54,64,69
207500,44,70,66,75,61,72,75,67,70,72,60,84,72,59,65,75
207582,46,55,53,58,36,43,,52,59,56,48,57,64,50,61,59
207661,20,30,27,33,24,50,,0,25,32,33,33,0,14,10,27
207722,28,38,29,42,35,,,50,36,37,40,,50,30,33,47
207847,16,35,34,36,42,0,,21,21,37,31,,67,25,43,47
207856,12,23,26,18,22,0,,6,21,28,0,,47,13,24,40
207865,17,36,35,37,24,71,0,26,25,40,22,25,50,28,30,40
207971,49,72,69,77,60,80,50,54,61,74,100,63,75,57,68,76
208488,30,44,30,48,,55,,50,32,50,46,13,40,40,46,45
208646,17,27,20,33,14,40,9,31,25,29,25,0,0,18,32,42
208725,45,48,64,37,,100,,0,50,50,33,,,39,75,43
208822,57,68,60,75,33,70,80,43,73,69,70,67,32,63,70,72
209056,70,77,71,80,67,79,100,43,69,78,80,84,76,63,77,84
209065,63,74,71,76,75,70,0,67,76,76,73,43,77,69,76,76
209241,50,50,50,,,,,,50,33,,,100,50,,50
209287,51,55,52,57,,100,,,50,55,67,,0,45,59,67
209409,45,52,60,51,75,67,0,0,78,50,50,0,,50,56,55
209506,22,46,44,49,67,40,33,20,33,49,48,50,100,34,58,51
209542,35,67,63,71,38,75,50,56,58,68,61,67,75,56,67,73
209551,56,74,72,77,65,82,75,66,70,75,72,66,76,67,72,78
209603,23,43,31,48,,100,,,33,43,40,,50,45,23,52
209612,61,69,63,73,40,79,50,36,63,71,68,67,80,61,71,75
209807,22,48,46,50,50,58,33,42,46,48,42,56,43,47,48,49
209825,72,81,79,83,67,84,58,100,79,83,87,77,52,79,83,81
209922,64,76,71,80,0,74,,75,86,75,75,60,76,83,79,72
210076,25,25,15,67,,,,0,33,25,,,,5,0,0
210146,25,46,45,46,33,73,33,43,43,47,48,33,33,37,50,52
210304,36,45,38,51,0,50,,29,38,50,29,83,,43,45,60
210331,61,66,63,68,100,40,50,50,100,65,84,33,67,60,64,73
210401,61,69,63,75,38,76,33,40,66,72,68,57,63,68,71,68
210429,24,41,29,49,41,53,39,32,40,41,100,47,28,42,36,43
210492,56,62,58,66,,33,0,56,67,67,,100,50,52,59,57
210571,49,57,51,62,100,75,0,44,46,67,46,75,15,44,73,68
210669,66,74,72,76,,64,,71,68,76,54,100,73,66,77,76
210739,0,69,66,72,0,44,,56,59,71,100,100,,69,69,72
210775,43,62,53,66,0,56,,25,57,68,31,,,60,62,69
211024,73,87,91,84,,,,100,100,86,,,100,94,89,60
211088,61,66,58,69,50,73,100,57,63,69,45,57,86,57,66,78
211158,40,60,54,64,0,67,100,38,49,64,55,45,75,54,62,63
211273,77,84,,84,100,71,,88,79,86,82,83,87,86,84,84
211291,86,90,89,91,100,89,,87,86,91,75,67,90,89,93,89
211352,49,55,45,61,0,50,100,42,37,61,70,54,,51,61,40
211361,36,50,45,54,0,57,0,37,31,55,48,20,50,42,55,53
211431,45,57,64,57,,80,,41,44,58,69,86,,52,57,81
211440,76,90,88,93,100,93,,80,82,91,92,90,92,91,91,90
211468,40,50,0,51,,33,,43,36,56,,100,100,46,61,47
211477,35,35,42,26,,100,,30,0,50,33,0,,13,36,33
211556,66,70,,70,0,100,,50,0,72,0,100,80,62,85,73
211583,47,56,51,60,0,75,,52,57,59,36,40,80,54,58,59
211608,12,26,22,31,50,0,,27,7,50,21,25,,24,31,33
211644,39,54,47,58,0,100,0,38,40,56,50,25,75,42,55,56
211893,30,90,83,100,,75,,,,100,,,86,100,100,44
211981,54,60,55,63,60,67,100,21,58,64,,67,33,47,66,67
212009,80,83,79,86,100,100,,89,78,84,76,73,74,84,88,81
212054,26,69,67,72,80,72,81,53,55,71,58,75,72,62,66,74
212106,71,80,76,82,100,56,100,57,77,82,69,76,50,66,71,76
212115,37,52,46,58,50,47,67,28,36,59,43,33,50,44,57,56
212133,54,62,52,66,33,33,,51,47,67,,47,50,37,60,62
212160,33,49,42,54,,67,,38,30,51,43,33,39,36,48,50
212197,65,69,67,71,100,44,0,43,76,71,50,,69,61,69,75
212452,,,,,,,,,,,,,,,,0
212577,78,85,85,85,,83,,88,84,87,82,83,80,84,87,85
212601,51,68,66,69,,85,100,41,55,69,82,100,59,56,72,71
212656,62,72,69,75,,,,10,67,75,57,,100,66,73,78
212674,77,81,76,85,,100,,86,74,81,87,69,78,76,86,79
212805,82,85,82,88,,85,,75,75,86,63,,67,,,85
212832,49,62,60,63,,50,,13,67,70,,75,,41,60,59
212911,83,90,86,92,100,91,,89,88,89,100,100,88,91,85,90
212984,40,57,41,63,,58,,36,42,62,,59,,48,68,62
213011,56,67,61,71,,80,,46,31,72,45,50,100,54,74,69
213020,40,56,48,61,100,64,33,33,47,60,39,31,39,40,61,64
213251,77,78,74,81,,93,,56,63,79,77,84,69,97,97,49
213303,35,46,44,48,0,0,0,27,36,53,33,33,0,36,41,55
213321,55,64,61,67,100,77,,36,49,68,44,53,100,54,67,68
213349,38,54,48,58,100,67,33,41,39,56,46,50,63,48,56,59
213358,38,54,48,58,,100,,53,56,57,50,57,41,55,63,46
213367,57,66,61,69,0,77,,53,57,72,61,48,61,52,69,70
213385,84,88,85,91,,67,,84,85,90,70,92,85,89,91,87
213400,51,59,46,68,,67,,70,,58,33,,,40,53,67
213507,73,78,72,82,100,100,,53,55,81,82,63,,71,80,82
213543,80,90,90,90,,90,,83,85,92,76,88,87,83,92,90
213598,31,47,33,57,100,,,47,33,100,33,43,64,43,48,66
213613,40,54,51,56,100,64,0,31,50,56,50,50,100,43,62,59
213668,57,67,62,71,100,50,,57,47,70,67,36,83,65,70,66
213783,39,54,54,54,0,60,100,29,50,56,17,57,100,40,55,54
213826,52,68,56,74,0,75,0,13,54,73,42,65,0,57,77,69
213987,59,68,65,69,33,38,,48,65,68,,71,76,59,100,71
213996,75,79,80,79,100,80,,63,74,80,72,100,78,68,83,82
214041,37,57,53,59,,53,,35,48,61,50,0,22,45,63,61
214069,61,68,55,76,0,86,,75,25,69,44,,100,56,69,78
214148,69,72,,72,,100,,62,50,74,75,50,100,63,83,75
214157,66,69,67,71,0,83,,45,66,72,67,100,0,63,72,73
214166,40,49,47,51,,100,,27,50,52,,47,29,19,31,42
214175,80,84,81,86,,90,,73,90,84,71,87,86,91,83,84
214272,36,52,43,57,,60,0,50,56,56,31,49,29,47,57,56
214777,53,72,70,74,33,73,63,46,60,75,66,77,78,53,71,78
214883,,100,100,100,,,,100,,100,,,,18,,100
214971,62,68,69,67,,75,,33,100,65,0,100,100,73,57,64
215053,44,44,53,39,100,,,40,,44,25,50,,55,36,40
215062,86,96,94,97,100,97,50,94,96,96,90,96,95,92,98,96
215105,55,62,56,65,,70,50,44,68,66,42,0,63,52,65,64
215114,28,60,49,68,0,100,,22,44,63,75,,,55,64,63
215132,69,78,74,80,,82,,66,63,75,50,92,100,76,81,77
215266,34,43,45,42,0,36,0,41,22,49,43,86,8,37,36,38
215275,25,34,26,41,0,7,100,26,43,35,45,50,0,35,31,36
215284,40,57,57,56,,50,100,30,43,59,57,56,17,49,60,58
215293,65,83,79,86,100,86,100,78,76,83,79,81,76,75,83,85
215442,53,60,59,60,100,20,,43,52,62,59,,83,51,66,64
215637,11,11,8,13,,25,,1,14,13,0,43,,10,16,7
215655,52,65,65,64,100,50,0,36,67,68,58,69,66,55,71,67
215691,41,49,44,52,,86,,48,47,44,67,0,100,49,55,41
215743,63,73,69,76,,75,100,41,11,80,67,64,31,92,,67
215770,75,81,79,83,100,86,,54,72,83,76,82,60,71,83,82
215798,66,69,62,76,100,47,0,42,35,74,67,83,33,63,72,72
215929,79,83,79,86,100,84,,83,79,84,78,71,75,76,84,86
215947,52,66,56,71,,50,0,40,62,72,38,33,44,58,67,77
216010,40,58,55,62,67,46,100,40,63,62,46,58,50,53,58,64
216038,54,68,67,68,33,100,,59,33,69,59,85,43,60,70,74
216047,40,40,40,,,,,,0,50,,,,0,100,38
216278,68,72,64,78,,75,,64,53,74,76,,67,67,72,75
216287,86,94,94,94,,97,,85,93,97,94,94,81,95,94,94
216311,62,62,62,,,,,,,64,,,0,82,,45
216339,52,74,71,76,50,72,60,67,66,76,65,81,74,65,78,77
216357,42,52,44,60,100,33,,42,25,63,80,13,,48,58,50
216366,56,70,65,72,,70,,73,51,72,67,72,59,59,73,74
216524,77,81,77,86,,81,,62,62,85,67,80,88,75,83,83
216542,31,43,36,49,,0,100,33,50,47,0,33,,41,42,48
216597,87,90,89,90,,92,0,84,81,91,85,83,88,88,90,90
216667,67,75,74,77,0,75,,67,90,77,67,63,50,63,78,81
216694,60,66,65,67,,100,,38,0,69,36,0,,55,71,72
216764,54,77,68,82,100,83,0,56,67,80,70,,100,71,79,78
216807,60,70,68,71,0,100,,36,33,72,78,69,,66,75,70
216852,55,65,61,69,100,62,,48,58,69,50,75,64,54,69,73
216931,52,63,61,66,50,72,,39,48,66,43,33,74,51,71,71
217013,53,64,50,65,,0,,100,0,71,,52,100,53,65,82
217040,,,,,,,,,,,,,,0,0,0
217059,45,63,60,65,0,69,,39,45,68,45,50,33,56,63,68
217156,83,96,94,97,57,97,100,94,94,96,99,95,95,92,97,96
217165,77,81,81,81,100,78,100,75,70,84,100,50,63,78,84,80
217235,55,63,56,67,100,67,,60,63,64,53,50,71,50,60,63
217402,84,87,85,89,100,83,67,85,85,88,76,81,94,85,89,86
217420,22,49,45,51,25,31,50,31,40,55,52,55,100,45,52,54
217484,52,69,66,71,29,71,,56,56,71,65,68,52,62,66,74
217493,72,89,83,92,100,92,,77,84,89,89,83,91,92,99,85
217518,60,67,64,70,50,64,,50,63,69,69,66,57,60,69,68
217536,73,78,76,79,,71,,80,81,77,79,87,67,80,78,76
217606,35,42,42,42,,,100,0,60,28,,100,,50,38,42
217624,13,22,15,27,,0,,23,,0,,,,24,33,6
217633,63,66,56,72,100,100,,46,52,68,33,89,50,58,44,98
217688,28,41,34,46,44,63,50,37,35,44,24,50,60,38,45,43
217721,14,24,17,34,,40,100,23,100,50,,100,,22,31,43
217749,54,66,66,67,50,80,43,50,52,69,47,50,61,59,,68
217776,45,54,50,58,100,0,,31,60,64,33,67,100,45,57,72
217819,57,66,61,68,50,60,100,67,61,66,56,94,79,57,63,69
217864,66,74,74,80,60,79,0,65,74,75,76,,75,71,69,79
217873,39,51,48,53,0,0,,51,0,0,,0,89,50,42,71
217882,60,84,80,88,80,91,,63,89,85,80,75,64,72,83,87
217891,13,24,21,28,,,,25,,,0,,,24,,
217907,34,39,37,41,50,,100,36,20,41,20,50,33,32,50,45
217925,46,50,43,58,,100,,40,25,52,25,0,50,44,46,59
217934,54,60,,60,0,100,,52,70,62,50,0,100,56,52,72
217961,35,58,,58,,,,43,0,71,40,43,0,68,56,30
217998,40,45,33,57,100,50,0,31,27,45,,76,,41,51,46
218061,20,44,40,46,67,50,,39,20,49,40,67,29,40,31,58
218070,77,83,79,86,,70,,85,79,83,81,78,84,78,80,84
218229,27,45,37,48,33,100,,38,71,49,38,31,29,38,46,54
218238,26,33,27,49,,,,19,21,41,25,50,70,35,55,3
218399,4,25,25,26,,0,0,26,0,,25,,,25,27,25
218414,31,54,52,55,0,50,,54,50,54,50,71,50,53,48,60
218441,46,59,56,62,25,0,33,34,71,59,56,81,100,56,56,63
218539,62,68,67,69,,75,,63,83,69,33,50,50,69,55,72
218645,21,39,28,45,0,50,0,38,30,42,28,13,50,35,40,44
218654,20,31,32,31,,60,100,26,27,32,27,31,100,27,31,35
218663,64,76,72,80,89,79,50,69,74,77,68,77,81,67,72,81
218724,33,47,43,50,36,54,0,45,37,49,44,11,33,43,49,49
218733,14,35,29,42,0,50,,35,50,14,,50,33,35,35,45
218742,27,48,42,52,50,63,,47,43,50,42,40,47,45,47,55
218919,33,41,39,43,,,,43,0,0,,,0,42,36,
218964,44,63,57,66,0,65,67,60,60,66,65,50,67,56,63,73
218973,82,85,86,84,,100,,83,73,88,33,100,71,88,90,83
219000,69,71,67,74,,0,,50,67,74,44,,59,64,52,81
219046,19,39,34,42,24,50,50,80,22,41,32,0,,25,38,44
219082,29,43,43,45,0,50,100,0,23,46,50,20,0,31,46,51
219091,46,54,44,67,50,,,0,40,57,17,0,60,47,59,52
219198,47,56,56,56,40,,50,,50,57,67,,,45,72,54
219204,9,27,0,30,0,,0,0,,50,,0,,100,100,0
219213,,,,,,,,,,,,,,,,0
219259,31,52,45,58,29,0,,40,42,55,20,,33,35,42,61
219277,1,5,3,7,5,,,0,,0,,,,2,,0
219295,21,28,20,38,25,,,12,27,33,,0,,22,27,40
219347,16,49,47,56,40,50,,33,48,50,32,13,57,41,47,52
219356,36,56,54,59,10,45,40,30,26,59,43,33,45,41,56,63
219374,17,17,0,20,0,,,,,100,,,,1,,0
219383,47,62,57,64,0,100,,63,40,63,64,,100,59,58,67
219471,42,59,56,61,25,50,100,33,34,62,53,55,50,48,58,67
219505,,25,25,25,,,,29,0,,,,,22,,
219602,23,41,35,46,0,60,0,41,35,41,39,48,50,34,37,51
219639,34,56,55,56,,,,52,100,57,,,,53,61,55
219709,60,72,67,74,57,66,100,61,69,73,66,70,83,63,71,74
219718,20,32,29,35,50,0,100,20,50,34,0,25,80,32,32,
219790,38,45,38,51,0,100,0,43,100,45,25,,67,44,47,45
219806,49,57,54,59,50,,,38,29,60,33,0,60,47,58,72
219833,36,61,63,58,0,79,,44,65,63,70,100,73,57,55,68
219949,32,43,35,56,0,100,,42,75,39,,47,86,34,36,59
219976,57,68,63,71,0,58,,39,68,72,75,29,53,58,73,69
220002,50,50,0,100,,,,100,,0,,,,0,100,
220075,30,50,42,55,67,68,100,39,46,51,42,8,59,38,54,62
220181,38,47,48,46,,100,,49,33,0,25,39,,42,50,55
220206,37,59,63,55,,50,,50,100,59,,,,49,42,38
220215,50,58,59,57,,100,,20,100,60,44,33,75,45,63,66
220473,50,60,55,64,,,,50,50,60,33,,80,55,60,60
220516,48,58,56,60,0,,,63,57,57,43,43,86,58,47,69
220552,24,24,19,25,,,,0,50,25,,,,14,5,0
220598,12,22,15,31,,,,22,,,,,,21,22,56
220604,5,14,7,20,,,,14,100,,,,0,13,50,0
220613,41,60,52,64,100,88,100,31,41,63,46,35,59,51,54,68
220631,45,56,58,55,33,,,23,0,62,,71,,40,38,55
220701,26,35,33,35,0,,,20,46,37,,40,47,29,37,49
220710,41,51,41,60,33,33,100,34,67,53,50,,43,44,58,57
220808,35,54,45,57,100,50,,50,67,52,67,,,52,48,65
220862,28,53,50,56,0,66,50,43,55,58,49,100,83,46,46,64
220978,25,47,40,52,67,48,0,41,45,49,39,50,59,41,40,56
221351,73,80,77,82,100,83,,77,79,80,74,71,83,67,83,81
221519,72,79,72,86,,90,,66,83,80,78,,82,76,75,81
221661,27,55,54,55,0,72,67,51,53,55,62,,33,55,58,30
221731,33,41,34,47,,,0,23,0,41,50,33,73,38,28,57
221740,28,48,44,52,0,53,0,39,32,50,54,43,20,40,46,55
221759,52,72,69,76,70,80,50,64,65,73,69,78,71,62,67,79
221768,26,47,45,49,0,33,,32,41,51,47,,48,39,45,59
221838,13,33,27,37,0,71,,31,38,35,23,0,61,27,38,52
221847,31,54,50,61,0,66,,37,54,56,48,25,49,46,52,62
221892,49,54,46,60,67,33,,13,20,58,0,100,100,40,57,60
221953,31,41,33,50,0,100,,27,33,43,0,,67,33,48,51
221971,61,68,64,71,100,67,,43,29,74,,67,0,58,69,75
221999,88,93,91,95,90,95,67,89,92,94,95,90,94,90,97,93
222178,47,61,56,65,25,58,,53,50,67,54,0,57,52,62,68
222831,28,40,37,42,100,29,,26,35,45,41,,83,33,37,48
222877,10,16,8,43,,,,20,25,14,,,,19,13,14
222938,16,21,18,24,0,25,,12,25,29,0,9,60,13,11,18
222983,68,72,67,78,71,75,,59,69,73,,0,82,66,72,76
223232,63,78,75,80,91,77,,69,71,82,69,100,74,66,76,84
223463,67,67,67,67,,,,75,100,40,0,,,1,0,5
224004,38,49,45,52,100,50,,32,42,55,,48,100,33,64,53
224147,19,37,33,41,71,48,,32,36,37,39,13,67,29,41,44
224226,43,58,53,61,40,45,50,48,48,61,,,,50,52,62
224244,2,9,9,10,,,,10,8,5,100,,,14,0,7
224323,68,71,65,77,100,78,100,43,66,73,62,67,90,58,76,74
224527,37,44,37,50,100,0,100,21,45,49,39,,100,38,46,53
224545,26,34,26,40,,100,,23,19,40,0,20,100,30,38,35
224554,25,43,33,52,50,41,,35,45,49,48,27,40,40,44,48
224776,14,20,20,19,,0,,22,24,61,,8,0,9,11,29
225201,39,39,39,40,,100,,33,43,35,20,,,4,2,6
225247,38,51,42,60,100,100,0,45,39,54,64,,29,40,54,56
225399,30,44,40,47,50,46,,35,42,54,24,46,37,38,36,56
225432,8,29,22,34,0,25,33,18,32,24,20,60,33,31,22,25
225502,8,19,21,18,100,33,100,17,18,20,0,0,40,15,35,25
225511,32,61,56,66,100,71,70,51,55,59,60,77,69,58,61,64
225548,23,35,28,46,0,50,,7,43,39,,13,,28,36,46
225575,14,28,20,34,,,,26,32,14,,50,67,23,34,46
225627,26,51,49,53,0,57,0,51,52,49,26,65,61,47,50,59
225885,5,11,4,20,0,,,12,0,33,,0,0,11,18,0
226091,15,34,32,35,50,44,,17,36,44,29,29,68,24,25,47
226152,25,47,40,53,,50,,0,47,30,0,,50,48,45,42
226231,49,63,60,69,50,50,,62,62,64,80,50,45,70,55,62
226383,33,50,48,51,33,0,,42,35,54,,,100,36,52,60
226471,34,51,39,59,33,83,75,33,47,57,33,88,14,45,53,58
226587,28,33,17,52,0,0,0,20,34,39,25,,0,33,30,36
226833,21,45,38,51,33,73,,41,39,49,33,67,45,43,44,50
226879,50,50,,50,,,,,100,0,,,,3,0,0
227216,35,56,48,63,58,60,33,52,53,56,69,50,44,20,54,90
227331,29,42,35,46,33,0,0,28,44,48,50,40,100,41,48,40
227368,22,46,39,51,0,63,67,47,46,36,50,22,63,44,46,50
227429,9,20,11,28,,,,19,25,0,,,,10,,100
227526,11,36,32,39,0,36,,36,39,50,44,0,100,31,42,53
227757,84,93,90,95,,97,,81,91,93,93,83,93,89,94,93
227845,50,64,56,69,0,83,0,63,65,62,74,64,56,65,66,62
227863,37,68,61,71,,74,100,43,65,71,100,50,75,62,73,71
227881,32,54,50,57,29,59,67,47,54,58,59,44,61,51,60,56
228042,38,45,43,47,0,33,,73,43,46,33,,100,41,53,45
228149,48,60,54,64,,86,0,44,60,61,,61,50,56,65,66
228246,72,81,78,84,50,84,,73,79,82,81,50,80,73,80,83
228325,34,53,44,60,50,100,0,45,47,55,60,33,0,36,46,54
228343,63,69,64,74,0,75,100,68,57,73,67,100,78,57,63,79
228431,32,52,44,56,75,52,0,45,47,57,41,44,36,45,55,59
228459,29,54,47,59,45,58,100,52,51,57,51,33,80,47,57,60
228468,32,40,36,43,0,100,100,21,44,32,60,0,38,42,35,
228501,13,25,20,31,0,0,0,15,28,26,0,0,67,25,23,25
228529,30,49,46,52,64,60,0,36,43,52,41,50,100,43,52,53
228705,21,39,38,41,,38,100,36,37,45,31,67,60,34,41,50
228723,55,82,78,86,56,81,70,71,75,85,82,79,86,73,79,85
228769,26,51,49,54,75,58,50,46,51,48,49,50,70,50,43,54
228778,66,86,82,88,100,88,83,75,79,88,87,91,86,79,80,89
228787,52,70,66,76,50,80,100,57,62,69,63,60,43,66,68,72
228796,13,37,32,42,17,35,0,20,37,32,24,36,61,34,36,45
228802,25,42,32,49,0,28,100,43,37,43,48,67,100,39,33,45
228875,71,83,78,85,71,81,75,67,81,84,60,79,81,84,77,83
228884,6,12,9,20,,,,11,17,0,,,,13,9,
228981,38,55,44,69,,67,,41,49,64,,33,,51,54,62
229018,26,40,32,47,0,30,100,30,43,40,,0,20,62,17,39
229027,22,42,39,45,25,32,38,45,46,37,43,48,47,44,37,42
229063,10,23,18,26,25,9,,22,33,36,,0,33,20,29,38
229115,36,61,57,65,50,56,33,50,54,65,57,50,60,53,58,65
229160,18,30,24,37,,75,,32,39,39,24,50,14,29,36,28
229179,22,43,38,43,0,60,100,31,40,50,45,100,33,36,46,53
229267,66,76,73,80,100,76,,65,66,77,88,86,85,48,72,83
229780,7,21,21,21,33,0,,15,13,29,27,13,27,17,19,29
229814,28,45,38,51,50,45,,24,40,51,26,24,50,37,45,53
229887,22,31,23,41,,100,,26,15,,100,,95,16,25,49
230038,22,78,67,81,41,77,68,58,66,79,78,74,70,72,68,80
230047,31,51,51,51,100,65,38,0,59,41,46,,82,43,56,53
230056,,,,,,,,,,,,,,6,0,0
230171,11,21,19,22,13,13,0,32,17,22,12,0,14,15,15,20
230366,40,40,0,67,,,,,,25,,100,,0,13,14
230597,60,90,100,80,,,,,,89,,,100,1,0,1
230603,27,44,42,45,22,58,29,18,48,44,100,41,51,39,36,47
230621,22,22,25,18,,,0,0,10,25,,21,,10,15,8
230630,41,41,38,47,0,,,,20,50,50,33,,13,12,33
230728,28,54,48,57,40,38,67,30,39,53,46,74,52,31,35,54
230737,13,29,22,36,0,30,11,14,22,32,24,25,43,18,17,29
230764,33,70,69,70,44,76,59,60,56,70,70,57,85,55,67,75
230782,12,34,28,39,20,30,14,16,23,37,26,39,46,20,20,31
230807,44,58,57,59,100,71,,60,44,62,31,45,61,52,47,66
230816,66,76,85,73,80,86,,100,63,77,75,80,75,86,72,75
230834,42,53,49,58,100,40,,56,25,52,25,66,71,48,55,57
230852,57,65,65,65,100,100,100,31,60,66,52,71,30,50,69,67
230889,50,50,100,0,,,,0,,100,,,,0,,100
230913,31,40,34,47,0,100,0,26,29,40,25,57,0,31,45,46
230940,26,46,50,40,,0,,,0,48,,50,,18,67,59
230959,85,93,92,94,100,94,,90,94,95,94,75,84,92,95,93
230977,44,44,38,50,,,,0,0,46,100,,,6,7,9
230995,50,61,58,68,0,55,50,63,58,61,58,67,67,53,60,71
231059,77,83,81,84,,88,,60,68,84,83,0,73,77,84,84
231095,75,75,71,78,,,,100,,71,,100,,60,100,100
231165,20,35,38,26,,100,,,100,29,0,100,50,22,31,38
231174,65,77,73,79,50,67,,77,73,77,71,81,72,68,78,79
231420,36,42,32,58,25,0,,29,55,50,,,27,38,42,53
231554,29,34,19,56,,100,,7,50,42,0,50,75,20,55,42
231581,53,59,56,62,,17,,54,67,59,63,71,100,51,56,68
231624,85,90,86,93,67,92,,88,89,90,96,86,90,92,92,90
231651,43,59,56,61,0,60,0,54,36,61,73,63,100,49,65,63
231712,68,78,76,80,60,76,50,69,73,80,77,69,100,73,77,79
231837,33,49,42,51,,,,40,0,55,33,0,,33,45,41
232025,48,54,39,72,100,,,30,43,58,44,53,71,45,51,66
232043,44,58,58,57,,0,,39,52,64,38,75,38,38,64,70
232089,20,29,23,39,0,67,50,14,30,40,30,33,0,23,38,
232186,50,71,65,75,50,73,45,74,69,70,65,75,74,67,68,73
232256,61,68,68,,100,50,,41,67,69,81,50,,62,67,70
232265,41,62,54,66,100,67,,62,75,67,,,38,50,62,74
232308,63,66,,66,100,83,,67,67,63,60,,100,60,68,71
232423,69,84,80,87,60,87,60,74,81,85,85,82,71,81,82,85
232557,32,52,50,53,38,79,50,22,13,60,42,51,64,29,56,60
232566,50,66,55,71,67,64,100,63,56,68,65,53,29,61,66,68
232609,51,58,54,61,33,40,,50,53,61,44,73,67,51,53,74
232672,38,38,,38,0,33,0,38,29,43,20,100,,29,51,52
232681,55,65,58,68,50,60,,63,56,65,66,70,67,68,61,65
232706,47,58,49,64,100,45,,48,49,66,72,57,52,51,61,61
232937,20,36,30,40,50,0,100,36,43,43,38,8,100,39,62,9
232982,29,53,48,57,56,56,44,53,46,55,46,50,48,47,53,57
233277,40,55,48,61,67,33,25,57,50,57,45,60,50,53,57,56
233295,65,68,64,72,,100,,49,75,71,50,33,60,63,64,73
233301,44,51,44,55,25,40,,50,50,53,0,,100,42,46,67
233356,33,67,,67,,,,,,67,,,,,100,50
233374,84,89,87,91,100,87,,83,85,90,95,89,82,89,92,88
233426,63,70,69,70,100,80,100,63,58,72,40,,60,57,74,72
233541,47,59,50,66,50,63,,46,43,66,36,25,53,52,57,66
233602,59,67,57,77,,,,,50,68,,,,,,62
233611,18,31,17,40,0,33,0,14,14,37,,0,50,0,0,69
233684,45,45,60,0,,,,33,100,22,,,71,20,33,47
233718,31,34,,34,,10,,15,22,40,33,0,,32,35,34
233897,24,44,40,47,,0,,48,40,45,0,28,,44,42,44
233921,65,86,84,88,89,89,60,77,78,87,84,85,76,81,81,87
234030,45,67,61,72,60,75,13,67,64,67,60,67,65,63,68,69
234076,89,95,93,96,67,96,100,90,93,95,95,94,91,93,92,95
234085,67,79,80,76,,72,100,80,73,81,63,,,78,82,79
234137,,6,11,0,,,,3,100,0,,,,4,0,0
234155,24,38,34,41,11,38,,39,42,50,,32,,36,48,43
234164,15,29,20,35,0,,0,29,40,0,0,0,,32,34,12
234173,43,48,45,50,40,50,,43,47,50,51,50,50,44,46,55
234207,92,94,94,95,,94,,86,100,94,100,100,91,91,93,95
234827,35,57,54,60,36,78,75,46,54,59,51,56,29,52,62,56
234915,40,40,40,,,,,0,,50,,,50,0,,40
235024,51,54,48,57,100,67,100,20,35,61,43,50,100,49,55,63
235097,27,54,53,54,31,45,40,36,50,57,40,69,55,46,57,59
235167,37,50,42,56,33,54,100,40,42,53,38,50,67,42,48,55
235316,75,85,84,85,80,84,67,86,82,86,83,77,53,85,82,85
235422,14,43,50,41,0,,,0,51,27,,,,37,67,75
236133,51,57,53,59,,20,50,50,64,57,89,,100,47,52,69
236230,59,69,65,71,0,67,0,29,66,73,69,50,83,57,75,74
236328,65,76,70,81,100,74,,100,77,76,78,86,50,65,74,79
236452,58,67,63,70,,64,25,50,79,69,53,75,100,60,73,68
236577,53,68,60,71,0,69,0,62,63,69,65,100,58,60,65,76
236595,61,74,67,78,67,78,56,60,69,75,73,79,59,68,77,74
236896,29,60,56,64,75,68,,71,46,61,74,100,58,54,51,66
236939,37,60,56,64,42,62,47,43,50,63,61,81,63,50,63,66
236948,66,84,81,87,67,87,83,75,78,85,83,90,84,78,81,87
237011,37,68,64,71,56,65,67,74,57,70,65,50,78,57,69,72
237057,80,90,90,90,50,76,,100,85,91,90,100,94,87,87,91
237066,63,75,73,77,60,70,40,90,64,78,68,100,60,67,76,80
237118,29,38,33,45,25,0,,18,24,45,0,,44,30,43,49
237136,49,53,43,63,,,,,,53,,,,48,50,53
237181,35,46,33,65,,,,26,40,55,20,60,100,40,51,69
237215,18,28,30,27,,,,36,0,28,0,,100,15,30,33
237312,27,37,33,40,60,0,,20,33,44,,0,58,28,39,47
237330,24,40,36,42,33,50,,29,29,41,,0,45,30,31,53
237358,31,41,38,46,0,0,,50,43,48,0,27,24,26,38,45
237367,26,42,43,41,0,25,0,22,28,44,50,50,20,35,27,53
237385,26,49,42,56,0,,,27,0,52,100,17,,33,35,49
237525,27,49,46,51,50,25,,44,55,49,44,35,73,40,46,59
237640,19,36,26,53,,0,,13,100,35,0,50,50,17,68,29
237686,,,,,,,,,,,,,,7,0,18
237783,13,14,12,15,,0,,10,0,12,,21,11,11,0,21
237792,31,49,40,55,0,60,0,32,47,51,50,40,0,37,55,55
237899,15,31,29,33,11,,,19,28,32,45,22,33,22,27,46
237932,30,45,49,43,50,100,,56,17,46,50,20,27,44,37,84
237950,12,21,21,22,,0,,22,15,22,25,0,29,18,22,26
237969,41,54,51,57,,,,44,60,54,48,75,57,47,48,64
238032,39,60,57,63,40,61,75,46,51,61,52,44,68,49,55,66
238078,45,52,48,60,50,100,,45,75,53,,23,88,51,62,44
238193,22,48,,48,0,27,,22,47,62,75,,100,35,69,67
238324,81,86,100,86,,,,,100,86,,,,,,86
238333,68,75,67,81,67,86,100,48,73,77,100,50,79,74,76,75
238430,30,50,46,52,,73,,29,57,51,13,100,64,36,52,64
238458,56,67,67,67,,52,0,18,45,71,55,50,71,51,71,76
238476,59,66,59,73,0,33,,53,46,69,52,31,100,55,71,70
238616,48,64,60,67,40,44,100,34,50,68,33,,47,45,68,70
238661,41,64,50,70,,67,,50,58,68,50,58,44,55,72,70
238980,43,47,43,53,50,100,,24,33,50,,40,60,40,53,55
239017,62,79,77,80,33,85,0,86,81,81,69,33,73,68,78,84
239071,37,52,48,56,,50,100,0,0,52,83,63,50,51,42,59
239080,43,56,51,58,50,33,,21,62,59,67,,80,42,64,73
239105,64,82,80,83,80,86,100,65,78,83,74,80,77,77,81,83
239309,51,59,56,60,0,86,,36,52,61,58,100,100,53,61,67
239318,46,65,62,75,0,54,100,33,53,73,71,56,20,63,70,61
239390,42,65,,65,,50,100,57,70,67,67,100,100,66,54,75
239512,47,54,47,61,0,0,,50,33,58,0,58,,49,48,64
239628,58,67,65,69,,33,,50,48,70,67,0,73,60,64,77
239716,70,74,71,76,50,75,,33,62,76,69,0,86,74,73,66
239743,28,40,36,41,,,,38,0,48,,0,,38,40,50
240107,41,54,45,57,,25,,20,22,57,58,,0,46,57,59
240189,36,62,59,66,100,64,,45,51,65,42,50,58,55,65,66
240268,40,67,65,68,22,62,100,25,44,68,50,50,50,59,67,71
240277,33,53,55,52,29,50,0,25,45,54,52,0,56,48,56,55
240329,40,69,67,71,67,48,0,27,58,71,58,0,56,63,69,72
240338,45,59,49,67,,50,,27,41,62,63,100,50,46,68,62
240365,24,61,60,62,25,56,100,28,54,63,49,,67,57,60,65
240374,18,44,45,44,,63,50,32,26,48,33,,45,40,42,50
240392,13,13,16,12,,,,0,0,16,0,18,,6,14,20
240417,29,60,57,63,25,47,50,36,46,62,46,0,35,51,61,65
240426,27,48,45,51,0,0,,0,36,51,40,50,40,46,48,50
240444,62,88,85,90,75,85,83,76,79,89,88,93,89,79,86,90
240453,19,44,42,46,33,48,50,25,36,48,42,67,37,37,47,49
240462,21,56,54,60,100,41,67,42,47,57,58,100,31,50,54,60
240471,37,58,52,61,0,35,0,50,19,61,43,,55,52,57,63
240480,34,60,56,64,27,54,100,34,51,63,44,100,60,52,64,64
240727,31,60,56,63,29,79,100,29,54,60,69,63,67,44,48,67
240754,12,38,32,41,,45,32,0,40,14,,40,0,36,40,40
240790,4,17,14,18,,14,8,,,,50,0,,1,,3
241100,3,36,29,50,,,,,36,,,,,27,0,14
241128,3,33,30,36,,,,,33,,,,,21,0,0
241191,17,42,39,44,,,,67,42,100,,,0,42,33,43
241216,32,45,41,53,,,,,45,,,,,40,67,57
241225,2,25,24,26,,,,,25,,,,,24,0,13
241304,,,,,,,,,,,,,,13,,0
241377,2,3,0,6,,,,,3,,,,,1,,0
241386,,,,,,,,,,,,,,0,,
241395,1,35,26,40,,,,,35,,,33,,33,100,18
241410,8,46,38,50,,,,,45,100,,100,60,44,56,53
241517,57,57,50,60,,,,,57,,,,,3,,0
241614,,31,29,33,,,,,31,,,,,31,,
241720,7,29,32,27,,,,,29,,,,,7,,14
241739,3,29,19,36,,,,,29,,,,,21,17,19
241766,13,63,55,69,,,,,61,,,,100,75,,0
241836,27,27,33,17,,,,,27,,,,,29,5,
241951,1,38,38,39,,,,,39,,,,0,39,,33
242121,29,35,29,40,,,,,35,,,,,4,,
242617,12,46,40,51,50,0,,0,46,60,,,,33,25,47
242626,11,34,28,39,,,,,34,100,,,,25,0,19
242635,11,36,25,44,,,,,36,,,,,26,38,44
242644,30,55,52,57,,,,,55,,,,,31,0,80
242653,21,35,29,39,0,100,,100,34,25,,,,31,0,31
242662,11,39,31,45,,,,,39,,,,,25,0,28
242680,9,33,22,39,,,,,33,,,,,26,,14
242699,14,37,31,40,100,,,100,36,,,,,25,0,33
242705,8,29,21,40,50,,,0,29,27,,,,24,33,25
242972,4,22,23,22,,,,,22,,,,,7,0,3
243106,6,47,43,50,,,,,48,50,,37,,38,0,41
243115,9,49,39,57,,,,,49,,,,,41,,72
243133,10,33,27,39,,,,,33,,,,,81,0,0
243142,22,46,40,48,,,,,45,75,62,47,,33,,32
243151,6,52,45,56,,,,,52,,,,,49,,60
243179,14,56,42,63,0,,,50,57,38,50,47,,49,,51
243188,10,17,5,34,0,,,,21,15,17,27,,4,50,11
243197,5,49,40,60,,,,,49,,,,,47,41,54
243212,14,52,38,60,,,,,52,,,,,39,,47
243221,10,56,46,61,50,33,,75,56,47,43,10,,88,33,1
243346,2,27,22,30,,,,,27,,,,,16,24,18
243443,6,40,30,46,,,,,40,,,,,39,44,38
243568,29,71,,71,,,,,71,,,,,40,,50
243577,11,13,12,19,,,,,13,0,,,,12,4,21
243586,,36,28,41,,,,,36,,,,,33,0,44
243601,4,30,24,36,,,,,30,,,,,19,28,33
243665,11,32,28,34,,0,,33,33,27,,20,20,28,19,44
243744,73,94,94,95,100,93,100,94,93,96,93,83,95,91,96,95
243780,58,82,80,85,78,85,83,72,74,83,79,81,82,72,80,85
243832,26,61,50,65,,,,,61,,,,,15,100,0
245652,54,61,68,56,0,100,,0,40,70,29,0,65,48,68,65
245883,,,,,,,,,,,,,,0,0,0
245953,19,23,29,19,18,,,16,21,28,0,0,50,16,44,10
246789,,,,,,,,,,,,,,,0,0
247065,,,,,,,,,,,,,,0,0,0
247649,,,,,,,,,,,,,,7,10,4
247773,,20,20,,,,,,,20,,,,20,,20
248934,33,34,38,29,,40,,32,27,39,9,50,,10,13,12
251312,12,15,50,9,,,,18,0,20,,0,,12,50,0
260813,100,100,,100,,,,,,100,,,,100,,100
262129,54,64,64,63,,86,,67,71,62,56,0,100,62,50,66
262165,,50,100,0,,,,,,50,,,,,,11
363439,40,40,,40,,,,,,40,,,,4,25,
363712,,,,,,,,,,,,,,0,,0
363907,,,,,,,,,,,,,,0,,
363916,,,,,,,,,,,,,,0,,
363934,32,39,35,58,50,100,,9,31,47,30,33,,48,27,18
366003,18,53,60,43,,,,83,,50,,,20,0,,56
366252,39,52,51,54,0,0,0,0,21,56,31,75,,15,24,23
366553,8,31,50,14,,0,0,100,0,33,50,0,,1,4,0
366711,15,54,48,57,9,61,78,37,54,56,53,46,42,53,51,56
367884,4,15,11,16,,33,,40,4,17,,,,6,23,13
368443,50,50,50,50,,,,33,50,100,,,,2,18,
368452,40,48,42,54,,100,,25,0,56,,,,44,0,10
369516,,,,,,,,,,,,,,0,0,0
372958,61,61,64,57,,50,50,100,,100,71,,,5,0,25
375230,,60,60,,,,,,,60,,,,60,,
376224,50,55,60,53,,,,,55,,,,,6,,
376385,50,50,,50,,,,,50,,,,,7,,0
377342,48,48,38,53,0,,,40,60,75,,0,,4,4,5
377546,33,52,30,61,50,,,0,33,53,67,60,,33,59,75
377555,45,69,68,70,0,72,73,70,63,71,65,56,66,66,70,72
377564,41,56,60,52,67,64,53,46,54,51,62,54,57,55,45,60
380377,5,10,9,10,10,,,,,,0,,,8,,13
380438,33,67,50,100,,,,,100,0,,100,,4,0,0
380465,,7,0,14,,,0,,0,11,,0,,11,0,0
384254,45,67,71,58,,100,,78,100,56,67,,50,57,67,50
384412,42,42,40,43,,,,50,,0,0,100,,60,67,0
384421,,6,6,,,,,,,6,,,0,9,,5
385619,48,52,53,52,29,57,50,45,44,57,56,17,,50,63,58
386472,,,,,,,,,,,,,,0,0,
388520,,,,,,,,,,,,,,0,,0
392257,50,50,100,29,,,,75,,33,50,0,,0,0,4
392840,17,40,38,41,,0,100,25,40,45,33,,,27,36,64
399869,43,50,51,38,,53,50,50,43,55,100,,,15,25,8
399911,88,89,93,87,100,94,,100,88,77,,89,93,89,86,91
401223,,,,,,,,,,,,,,,,0
402776,14,19,31,0,50,,,100,11,11,,,,22,0,
404338,38,38,30,45,,,,33,20,0,,60,0,33,0,60
405058,,,,,,,,,,,,,,0,,0
405854,,44,44,,,,,,,44,,,,64,,23
405997,,13,14,11,,,,,9,25,0,17,,10,0,33
407009,41,48,43,51,50,86,0,36,42,51,45,50,22,47,48,50
408844,68,68,64,70,,,,25,74,60,,,100,12,19,0
409315,9,15,28,0,,,,,15,0,,,,1,,2
409698,30,63,61,64,67,74,0,47,64,67,62,63,54,62,56,67
412599,52,52,63,47,,,,55,,0,,,,1,0,13
413413,,,,,,,,,,,,,,0,,
414823,39,44,38,48,,0,,37,47,47,41,50,68,34,44,47
414878,,,,,,,,,,,,,,,,0
417752,11,11,0,17,,,,,0,17,,,,0,0,100
420042,5,27,36,24,,100,0,50,17,25,63,10,,24,0,33
420325,,100,100,,,,,,,100,,,,100,,100
420574,32,45,42,54,29,50,100,27,38,54,27,100,31,47,39,46
421832,42,42,36,55,0,50,,27,0,54,100,67,,10,54,11
426314,15,28,27,41,0,67,20,22,36,27,23,29,43,26,30,26
430184,,,,,,,,,,,,,,0,,0
430670,17,33,0,100,,,,,33,,,,,33,33,
431983,,,,,,,,,,,,,,0,,0
432223,,8,0,10,,,,,0,25,0,0,,13,0,0
433004,33,33,0,50,,33,,,,,,,,50,,0
433387,5,21,24,18,0,50,,33,14,21,33,0,,18,14,27
433420,20,20,0,50,,,,,33,,,,0,5,0,0
433536,33,33,,33,,,,50,0,,,,,19,0,
433660,23,50,43,55,40,42,33,49,40,53,41,47,58,47,34,63
434900,9,10,6,14,,,,,10,,,,,10,13,
434937,,,,,,,,,,,,,,,,0
436429,59,61,62,57,100,82,,58,60,61,70,55,67,10,21,15
436614,63,100,100,100,100,,,,100,100,,,,100,0,0
436818,22,64,66,61,,37,,45,63,70,60,74,100,63,52,67
436827,17,61,58,66,100,75,,22,56,64,58,58,100,55,59,66
436836,23,64,55,72,0,66,,69,53,66,70,63,77,66,71,59
437097,,,,,,,,,,,,,,0,,0
438151,19,19,16,24,0,0,100,11,15,24,12,12,,10,27,7
438179,53,53,62,48,50,,100,50,48,60,,,,2,0,14
438498,11,21,25,17,,50,,20,20,25,0,0,,22,20,
438586,12,24,21,29,,,,29,0,33,,0,,22,20,33
439288,38,45,45,45,100,100,,41,45,43,48,50,50,25,38,55
439701,5,16,11,20,,,,,0,17,33,,,,100,13
439862,13,25,25,25,,,25,,,,,,,11,,
439969,6,31,20,36,,,,0,44,20,,,0,36,,20
440396,46,54,56,52,,,,,100,48,,50,75,,,53
440651,29,34,19,39,,,,,34,,,,,10,,0
440749,,,,,,,,,,,,,,0,,
440794,3,3,6,0,,,,0,8,0,0,,0,0,25,0
441511,20,50,59,38,,,,50,,,,,,43,,19
441690,,38,20,67,,,,,38,,,,,42,,
441900,6,21,29,18,,15,0,11,21,24,27,0,,16,11,30
441937,22,54,52,55,50,50,33,38,50,62,52,66,,53,53,56
441982,80,96,97,96,,100,,,100,95,100,100,83,100,100,94
442161,3,10,6,14,,,,13,25,0,,0,,8,33,0
442356,,33,,33,,100,,0,,0,,,,0,2,0
442569,18,19,28,12,,,67,15,38,25,20,18,,5,17,36
442639,33,33,0,100,,,,100,,0,0,,,,,33
442930,48,64,55,71,,,,64,68,47,56,100,,9,0,0
443049,40,40,50,0,,33,,0,,100,,,,40,,
443058,,50,,50,0,,,,,100,,,,50,,
443331,38,38,33,43,,20,,,,44,100,,0,10,75,100
443340,56,56,0,63,,,,50,,57,,,,50,100,0
443410,41,56,57,53,,60,0,,60,55,75,46,68,47,63,57
443562,11,33,39,31,,,,,33,,,,,33,41,
443766,,,,,,,,,,,,,,,,0
443784,50,50,50,,,,,100,0,50,,,,0,,67
444088,48,48,50,47,13,,,50,54,58,,,,3,12,32
444255,100,100,,100,,,,100,,100,,,,5,33,
444398,24,35,33,38,,,,,27,33,,,67,22,,50
444413,16,34,34,,,,,,,34,,,,33,,34
444778,33,33,33,,,,,33,,,,,,50,,0
445027,12,15,13,16,0,40,50,16,32,11,33,0,,12,28,14
445133,26,26,25,27,,,,20,50,,,25,,15,,19
445188,45,69,64,75,80,73,86,73,68,70,63,83,68,68,68,75
445300,6,18,0,38,,100,,14,25,0,0,9,,14,100,20
445692,52,54,53,60,100,67,,60,46,52,33,65,,50,54,64
445708,40,47,45,48,,,,34,47,62,39,41,100,33,45,52
446048,48,58,52,63,100,80,,26,62,55,,68,100,46,68,56
446233,15,25,26,21,0,,0,0,17,24,0,0,80,21,,26
446394,28,51,41,56,,,,51,,,,,,59,35,37
446525,,,,,,,,,,,,,,0,0,0
446604,,76,76,,,,,,,76,,,,84,,50
446640,20,31,37,26,,50,,19,33,43,36,0,,28,40,35
446677,25,25,24,33,,,0,,0,29,0,40,,12,0,6
447050,,,,,,,,,,,,,,0,,
447421,50,50,,50,,,,,,50,,,,3,0,0
447458,98,98,100,93,,100,,50,100,100,100,100,,50,45,67
447689,4,21,19,24,33,29,50,13,27,23,17,7,38,21,20,24
447953,38,38,45,29,,33,,30,35,48,0,,,35,40,50
448673,13,13,20,0,,,,,33,0,,0,,1,0,0
448752,29,29,17,50,0,,,25,0,43,0,20,,7,0,6
448761,16,16,24,10,0,,,,0,35,0,0,,14,0,0
448840,30,44,45,43,,37,,27,40,48,36,50,,40,46,48
448886,49,58,56,58,33,73,50,41,52,59,68,100,72,49,55,67
449038,,,,,,,,,,,,,,0,,50
449135,14,18,28,13,,,,,18,,,,,17,33,
449339,23,32,33,30,0,18,33,21,38,33,55,25,25,17,29,35
449348,,,,,,,,,,,,,,0,,
449658,,14,14,,,,,,,11,,,100,100,,11
449764,30,43,41,67,,,,40,,46,,0,,100,,0
449870,,11,18,0,,100,,0,9,,,0,0,10,0,14
449898,5,10,17,7,,0,,0,29,0,,,,10,0,0
449931,100,100,100,,,,,,100,100,,,,,,100
450298,,,,,,,,,,,,,,,,0
450377,,,,,,,,,,,,,,,,0
450571,33,33,20,100,,,,,,25,,50,,4,0,0
450933,11,17,18,16,17,11,0,9,25,23,10,11,100,10,23,13
450979,8,11,11,11,100,100,33,9,22,8,0,5,50,24,0,7
451370,,,,,,,,,,,,,,0,,0
451398,17,17,17,,,,,,,17,,,,22,,11
451404,,50,50,,,,,,,50,,,,48,,100
451556,55,55,57,53,,,,100,52,75,,,,10,0,0
451671,35,47,46,48,,100,,33,40,48,25,0,,53,31,48
451741,41,41,33,43,,,,,41,,,,,6,,0
451750,50,50,0,100,,,,0,,100,,,,1,0,0
451820,18,23,22,23,0,50,0,24,26,32,,3,100,19,22,23
451927,57,64,61,68,,100,,0,80,64,,67,,,,64
453163,50,50,100,0,,,,100,,0,,,,,,50
453215,,,,,,,,,,,,,,0,,
454184,41,53,51,54,,33,100,0,54,54,75,,60,30,66,65
454227,46,46,33,50,,0,,100,100,40,,50,,50,33,50
454236,8,15,0,20,,0,,0,,10,,100,,0,33,0
454245,40,40,100,25,0,100,,,50,0,,,,33,100,0
454829,,,,,,,,,,,,,,0,,0
455257,,58,58,,,,,,,58,,,,63,,48
455770,41,41,17,55,,,,,0,,,54,,30,100,50
456481,50,50,,50,,,,,50,,,,,50,,
456490,,,,,,,,,,,,,,0,,
456959,55,59,50,62,,93,,44,50,55,75,,100,56,55,63
457129,50,50,0,100,,,,,50,,,,,0,100,
457226,,33,33,,,,,,,50,,0,,50,,0
457299,67,67,50,100,,67,,,,,,,,0,0,9
457484,,17,0,33,,,0,0,,0,100,,0,40,0,0
457688,56,56,56,,,,,33,100,75,,0,,0,0,1
458113,,,,,,,,,,,,,,0,0,
458210,72,72,40,85,,67,,,0,100,67,100,,43,86,100
458229,40,40,33,43,0,67,,0,0,100,,0,,50,25,50
458496,44,48,50,47,33,0,100,35,67,55,,100,,34,50,54
458575,58,58,50,75,,80,,0,,50,67,,,,,58
458919,25,25,33,0,,,,0,,50,,,100,0,,40
458964,33,33,33,,,,,0,,0,,,100,0,,33
458973,,,,,,,,,,,,,,,0,0
458982,20,21,20,21,,,25,27,13,31,,0,0,21,10,15
459259,27,27,20,29,,,,20,,33,,,,23,40,29
459268,17,25,17,33,,0,,40,,17,,,,20,100,0
459727,75,100,,100,,,,,,100,,,100,100,,100
459842,25,25,17,33,,,,0,50,22,,,,4,43,0
459851,22,22,0,29,,,,0,,40,,0,,3,10,0
459994,100,100,100,,,,,,,100,,,,0,100,
460376,,15,20,0,,,,,,,,,15,,,15
460783,34,34,31,35,,0,67,35,30,33,50,,,15,0,30
460871,50,50,,50,,,,,,100,0,,,,,50
460899,34,34,38,29,0,100,0,,25,42,23,20,,5,0,31
461023,32,35,50,32,,,,,0,8,,56,,14,25,3
461032,,50,,50,,,,50,,,,,,25,,0
461148,60,60,54,69,,100,,33,67,58,80,40,61,11,21,16
461528,,20,0,33,,,,33,,0,,,,25,0,0
461759,,,,,,,,,,,,,,0,,
461795,38,45,34,68,,60,,20,22,50,0,,65,32,0,60
461847,14,14,14,,,,,,,14,,,,20,,0
461883,,,,,,,,,,,,,,,,0
462354,58,58,58,58,,43,,,57,68,,33,0,54,74,36
463056,24,66,57,76,,74,,56,57,67,80,71,60,67,58,66
465812,9,9,9,8,8,75,0,6,9,11,11,7,,2,7,5
466189,,,,,,,,,,,,,,,,0
466921,50,50,,50,,,,,,50,,,,0,100,
469416,16,50,40,55,,,,,50,,,,,50,50,
474863,29,43,25,67,,,,0,33,67,,,,29,0,100
474890,50,50,100,20,,,,0,33,75,,,,1,0,1
474906,23,23,22,23,,,,,25,20,0,100,,7,0,6
475121,2,4,2,5,0,57,14,4,8,2,,1,0,2,5,0
475608,23,31,30,33,,,,,0,30,,100,,14,0,60
475635,67,67,,67,,,,,100,,,,0,0,,100
475732,50,50,,50,,,,,,100,,0,,,50,
475741,25,25,100,0,,,,50,,0,,,,33,0,
476601,38,38,38,,,,,,,38,,,,46,,27
476692,33,33,33,,,,,,,33,,,,,,33
476717,,44,44,,,,,,,44,,,,48,,22
478634,35,35,40,20,,0,,100,0,43,,,,2,0,11
480073,,,,,,,,,,,,,,0,0,
480091,100,100,100,,,,,,,100,,,,6,0,0
480657,50,50,50,,,,,0,,100,,,,0,0,50
480781,100,100,100,,,,,,,100,,,,,,100
481058,,77,77,77,,80,,,,,,,67,92,,76
481225,50,50,100,0,,,,0,100,,,,,50,,
481410,25,25,25,,,,,,,25,,,,0,,27
481438,30,30,30,,,,,,,30,,,,,,30
481720,12,12,0,19,,,,0,100,0,,0,,12,25,0
482149,15,40,33,44,29,46,50,43,23,39,40,50,78,37,44,41
482158,10,27,24,29,,31,,17,50,29,29,0,33,16,11,25
482228,,,,,,,,,,,,,,,,0
482413,17,21,19,26,,50,,18,5,33,,26,67,15,17,50
482422,21,32,25,59,0,50,,67,33,32,0,,0,25,36,43
482431,22,28,28,27,0,57,25,17,27,22,0,15,45,22,33,28
482440,15,15,20,0,,,,0,0,20,,50,,0,0,67
482459,21,30,31,29,,50,,24,40,25,,25,50,18,58,35
482468,11,15,20,6,,0,,13,20,18,0,33,,7,0,30
482477,24,28,29,28,100,70,0,29,30,30,33,17,0,18,42,27
482486,9,27,25,33,,,,50,0,25,,,,20,100,
482538,4,22,22,20,,,,0,,27,,17,,23,25,20
482547,,,,,,,,,,,,,,14,,0
482556,18,24,24,22,,100,,7,14,30,,20,,14,28,33
482565,8,15,20,13,,,,14,0,33,,,0,17,0,0
482574,33,34,38,19,,33,,43,50,31,0,44,,29,36,35
482608,15,17,19,11,,,,20,50,8,0,13,,14,40,0
482617,,,,,,,,,,,,,,0,,0
482635,16,19,20,15,,0,,7,11,33,,23,50,11,0,40
482653,15,15,24,0,,0,,11,0,0,,33,0,6,0,21
482680,35,58,52,63,,76,0,52,59,59,64,0,38,29,37,37
483018,62,78,81,76,,50,0,67,80,79,100,71,,,,78
483124,2,4,1,6,5,0,11,1,3,5,5,9,0,6,2,3
483586,14,86,86,86,,,,,,,,,86,,,38
484613,0,10,9,11,9,15,10,9,14,12,9,6,0,6,13,6
484631,1,22,17,26,0,40,44,18,23,22,11,20,,22,20,23
484640,,26,31,20,,,0,50,0,50,,13,,35,,0
484668,6,28,32,26,,,100,20,27,43,0,25,,24,67,44
484677,,10,6,14,0,0,0,21,0,0,0,4,,12,0,0
484695,,13,13,13,,,0,23,0,0,0,9,,11,100,0
484710,,22,19,24,,,0,25,15,45,33,16,,15,40,32
484729,,12,6,19,,,,33,0,13,,0,,12,0,17
484747,,12,8,14,,,0,12,0,18,0,7,,10,0,29
484756,1,19,15,21,0,50,,30,16,26,25,6,,15,38,25
484765,,20,22,17,,,,0,50,0,,29,,23,0,0
484783,,7,8,7,,,,8,0,0,,14,,8,0,0
484835,20,20,0,25,,,,,20,,,,,6,,0
484871,,68,68,,,,,,,68,,,,,,68
484905,18,28,23,30,,33,,5,35,0,0,0,25,27,0,31
485263,38,38,44,33,,60,,35,48,39,0,30,,5,11,12
485698,40,40,36,50,,,,,,40,,,,,,40
485999,,53,53,,,,,,,53,,,,,,53
486017,25,25,25,,,,,,,25,,,,,,25
486026,8,8,8,,,,,,,8,,,,,,8
486053,29,71,71,,,,,,,71,,,,,,38
486196,,6,6,,,,,,,6,,,,,,6
486284,7,14,0,17,,,,0,33,13,,0,,,,13
486488,,,,,,,,,,,,,,,,0
486840,16,46,41,51,50,43,67,46,46,46,44,52,54,41,46,50
486901,56,63,47,75,,67,,50,90,62,67,,60,57,,71
487524,33,57,45,65,50,0,,42,50,59,40,,50,50,66,60
487746,,20,20,,,,,,,20,,,,,,20
488101,,57,57,,,,,,,57,,,,,,57
488350,13,13,13,,,,,,,13,,,,,,13
488785,7,7,3,15,,,,0,0,7,25,0,,0,,7
488846,3,13,13,12,,,,,,0,0,13,,,,8
489779,5,10,7,11,,,,0,0,12,,0,0,5,10,15
489937,22,44,40,50,,,,0,,48,,,,18,67,44
490045,40,60,50,67,,,,,,,,,60,,,60
490063,30,50,40,60,,,,,,,,,50,,,50
490081,40,60,67,50,,60,,,,,,,,,,60
490276,,23,23,,,,,,,23,,,,,,23
490319,,7,7,,,,,,,7,,,,,,7
490805,18,38,37,39,0,27,,20,40,39,39,50,43,31,38,44
491525,,,,,,,,,,,,,,,,0
491613,17,22,22,,,,,,,22,,,,,,22
491631,20,20,,20,,,,,,20,,,,,,20
491640,,,,,,,,,,,,,,,,0
491710,33,48,48,,,,,,,48,,,,,,48
492801,,10,6,12,,,,,,10,,,,5,0,22
492962,8,19,30,13,,100,0,18,25,24,0,0,,7,30,0
494597,51,73,75,70,,,,86,82,57,,,,,,49
494603,26,33,38,19,50,0,100,0,0,36,,,50,,,33
494685,16,26,25,27,,,,,0,29,,0,100,,,23
